ticker,date,shares
AAPL,2019-01-05,4745399808
AAPL,2019-01-07,4745399808
AAPL,2019-01-09,4745399808
AAPL,2019-01-10,4729800192
AAPL,2019-01-12,4729800192
AAPL,2019-01-14,4729800192
AAPL,2019-01-16,4729800192
AAPL,2019-01-20,4729800192
AAPL,2019-01-22,4729800192
AAPL,2019-01-24,4729800192
AAPL,2019-01-25,4729800192
AAPL,2019-01-28,4729800192
AAPL,2019-01-30,4729800192
AAPL,2019-02-07,4715279872
AAPL,2019-02-15,4715279872
AAPL,2019-02-17,4715279872
AAPL,2019-02-20,4715279872
AAPL,2019-02-28,4715279872
AAPL,2019-03-07,4715279872
AAPL,2019-03-10,4715279872
AAPL,2019-03-14,4715279872
AAPL,2019-03-17,4715279872
AAPL,2019-03-26,4715279872
AAPL,2019-03-29,4715279872
AAPL,2019-04-01,4715279872
AAPL,2019-04-05,4715279872
AAPL,2019-04-09,4715279872
AAPL,2019-04-14,4715279872
AAPL,2019-04-17,4715279872
AAPL,2019-04-21,4715279872
AAPL,2019-04-29,4715279872
AAPL,2019-05-02,4607280128
AAPL,2019-05-05,4601079808
AAPL,2019-05-07,4601079808
AAPL,2019-05-09,4601079808
AAPL,2019-05-11,4601079808
AAPL,2019-05-12,4601079808
AAPL,2019-05-13,4601079808
AAPL,2019-05-19,4601079808
AAPL,2019-05-20,4601079808
AAPL,2019-05-22,4601079808
AAPL,2019-05-23,4601079808
AAPL,2019-05-28,4601079808
AAPL,2019-06-01,4601079808
AAPL,2019-06-03,4601079808
AAPL,2019-06-05,4601079808
AAPL,2019-06-06,4601079808
AAPL,2019-06-10,4601079808
AAPL,2019-06-11,4601079808
AAPL,2019-06-12,4601079808
AAPL,2019-06-17,4601079808
AAPL,2019-06-19,4601079808
AAPL,2019-06-21,4601079808
AAPL,2019-06-23,4601079808
AAPL,2019-06-24,4601079808
AAPL,2019-06-26,4601079808
AAPL,2019-07-05,4563259904
AAPL,2019-07-06,4601079808
AAPL,2019-07-10,4502260224
AAPL,2019-07-11,4646569984
AAPL,2019-07-12,4567569920
AAPL,2019-07-13,4601079808
AAPL,2019-08-01,4531400192
AAPL,2019-08-02,4519179776
AAPL,2019-08-07,4768820224
AAPL,2019-08-08,4652409856
AAPL,2019-08-09,4618849792
AAPL,2019-08-10,4519179776
AAPL,2019-08-30,4443939840
AAPL,2019-09-02,4449679872
AAPL,2019-09-04,4519179776
AAPL,2019-09-06,4422980096
AAPL,2019-09-09,4423399936
AAPL,2019-09-11,4519179776
AAPL,2019-09-20,4482460160
AAPL,2019-09-21,4519179776
AAPL,2019-10-04,4481110016
AAPL,2019-10-08,4519199744
AAPL,2019-12-23,4443270144
AAPL,2019-12-24,4443270144
AAPL,2020-01-07,4486889984
AAPL,2020-01-08,4451420160
AAPL,2020-01-09,4433600000
AAPL,2020-01-11,4454550016
AAPL,2020-01-12,4384030208
AAPL,2020-01-31,4375479808
AAPL,2020-02-07,4426659840
AAPL,2020-02-08,4375479808
AAPL,2020-02-12,4349080064
AAPL,2020-02-13,4375479808
AAPL,2020-03-09,4317369856
AAPL,2020-03-10,4375479808
AAPL,2020-05-05,4334329856
AAPL,2020-08-03,4283940096
AAPL,2020-08-04,4275630080
AAPL,2020-08-28,4275630080
AAPL,2020-08-31,4275630080
AAPL,2020-10-22,17102499840
AAPL,2020-11-03,17001799680
AAPL,2020-11-26,17001799680
AAPL,2021-01-07,16823300096
AAPL,2021-01-29,16788100096
AAPL,2021-03-17,16181099520
AAPL,2021-04-14,16389699584
AAPL,2021-04-23,16986600448
AAPL,2021-04-25,16685599744
AAPL,2021-04-27,16788100096
AAPL,2021-05-04,16687599616
AAPL,2021-07-30,16530199552
AAPL,2021-10-12,16530199552
AAPL,2021-11-02,16406400000
AAPL,2021-11-05,16464000000
AAPL,2021-11-06,16406400000
AAPL,2021-12-03,16507599872
AAPL,2021-12-04,16406400000
AAPL,2022-01-10,16334399488
AAPL,2022-01-31,16319399936
AAPL,2022-02-04,16596899840
AAPL,2022-02-05,16319399936
AAPL,2022-02-11,16319399936
AAPL,2022-03-04,16351800320
AAPL,2022-03-05,16319399936
AAPL,2022-03-15,16764800000
AAPL,2022-03-17,16319399936
AAPL,2022-04-01,16614800384
AAPL,2022-04-02,16347499520
AAPL,2022-05-04,16185199616
AAPL,2022-06-09,16267200512
AAPL,2022-06-13,16185199616
AAPL,2022-07-29,16243000320
AAPL,2022-07-30,16185199616
AAPL,2022-08-01,16070800384
AAPL,2022-09-02,16070800384
AAPL,2022-09-15,15918600192
AAPL,2022-09-16,16380800000
AAPL,2022-09-17,16070800384
AAPL,2022-11-01,15908100096
AAPL,2022-11-04,16612599808
AAPL,2022-11-05,15965599744
AAPL,2022-12-06,16036100096
AAPL,2022-12-07,15908100096
AAPL,2023-01-04,16526300160
AAPL,2023-01-06,15908100096
AAPL,2023-01-19,15836199936
AAPL,2023-02-05,15821899776
AAPL,2023-03-18,15903599616
AAPL,2023-03-21,15821899776
AAPL,2023-03-30,16135100416
AAPL,2023-04-01,16063599616
AAPL,2023-04-06,16002599936
AAPL,2023-04-07,15915200512
AAPL,2023-04-25,15851700224
AAPL,2023-04-27,15821899776
AAPL,2023-05-04,15924899840
AAPL,2023-05-06,15821899776
AAPL,2023-05-09,15728700416
AAPL,2023-05-10,15728700416
AAPL,2023-05-11,15728700416
AAPL,2023-05-13,15818500096
AAPL,2023-05-16,15728700416
AAPL,2023-06-15,15783600128
AAPL,2023-06-16,15728700416
AAPL,2023-06-23,15818500096
AAPL,2023-06-24,15728700416
AAPL,2023-07-05,15838199808
AAPL,2023-07-06,15945700352
AAPL,2023-07-07,15728700416
AAPL,2023-08-22,15634199552
AAPL,2023-10-10,15634199552
AAPL,2023-10-11,15634199552
AAPL,2023-10-12,15634199552
AAPL,2023-10-13,15634199552
AAPL,2023-10-14,15634199552
AAPL,2023-10-15,15634199552
AAPL,2023-10-17,15772800000
AAPL,2023-10-18,15634199552
AAPL,2023-10-19,15634199552
AAPL,2023-10-20,15668100096
AAPL,2023-10-22,15634199552
AAPL,2023-10-27,15634199552
AAPL,2023-10-28,15634199552
AAPL,2023-11-03,15634199552
AAPL,2023-11-04,15634199552
AAPL,2023-11-09,15552799744
AAPL,2023-11-10,15552799744
AAPL,2023-11-22,15552799744
AAPL,2023-11-23,15552799744
AAPL,2023-12-19,15552799744
AAPL,2023-12-20,15552799744
AAPL,2023-12-22,15564699648
AAPL,2023-12-23,15639499776
AAPL,2023-12-26,15552799744
AAPL,2024-01-03,15552799744
AAPL,2024-01-04,15552799744
AAPL,2024-01-05,15752800256
AAPL,2024-01-10,15552799744
AAPL,2024-01-11,15552799744
AAPL,2024-01-13,15461900288
AAPL,2024-01-16,15461900288
AAPL,2024-02-01,15770500096
AAPL,2024-02-03,15441899520
AAPL,2024-02-29,15441899520
AAPL,2024-03-01,15441899520
AAPL,2024-03-05,15441899520
AAPL,2024-03-06,15441899520
AAPL,2024-03-07,15441899520
AAPL,2024-03-13,15631399936
AAPL,2024-03-14,15441899520
AAPL,2024-03-16,15441899520
AAPL,2024-03-19,15441899520
AAPL,2024-03-21,15441899520
AAPL,2024-03-22,15441899520
AAPL,2024-03-26,15568400384
AAPL,2024-03-27,15441899520
AAPL,2024-03-29,15441899520
AAPL,2024-04-10,15441899520
AAPL,2024-04-11,15441899520
AAPL,2024-04-17,15441899520
AAPL,2024-04-18,15441899520
AAPL,2024-04-26,15441899520
AAPL,2024-04-27,15441899520
AAPL,2024-05-01,15759800320
AAPL,2024-05-04,15334099968
AAPL,2024-05-07,15334099968
AAPL,2024-05-08,15334099968
AAPL,2024-05-10,15334099968
AAPL,2024-05-11,15334099968
AAPL,2024-05-23,15450600448
AAPL,2024-05-24,15663899648
AAPL,2024-06-08,15334099968
AAPL,2024-06-11,15334099968
AAPL,2024-06-15,15334099968
AAPL,2024-06-21,15680199680
AAPL,2024-06-25,15334099968
AAPL,2024-06-26,15334099968
AAPL,2024-07-18,15334099968
AAPL,2024-07-25,15410899968
AAPL,2024-07-26,15334099968
AAPL,2024-08-03,15204100096
AAPL,2024-08-31,15256599552
AAPL,2024-09-07,15309500416
AAPL,2024-09-11,15259400192
AAPL,2024-09-17,15204100096
AAPL,2024-09-21,15250799616
AAPL,2024-10-12,15204100096
AAPL,2024-10-18,15228399616
AAPL,2024-10-24,15216700416
AAPL,2024-10-26,15204100096
AAPL,2024-10-31,15204100096
AAPL,2024-11-02,15115799552
AAPL,2024-11-05,15169599488
AAPL,2024-11-16,15115799552
AAPL,2024-12-27,15115799552
AAPL,2024-12-28,15115799552
AAPL,2025-01-04,15146300416
AAPL,2025-01-14,15037899776
AAPL,2025-01-17,15671000064
AAPL,2025-01-22,15533599744
AAPL,2025-02-01,15139200000
AAPL,2025-02-08,15022100480
AAPL,2025-03-04,15022100480
AAPL,2025-03-11,15787400192
AAPL,2025-03-27,15022100480
AAPL,2025-04-09,15022100480
AAPL,2025-04-10,15687100416
AAPL,2025-04-11,15022100480
AAPL,2025-04-12,15022100480
AAPL,2025-04-16,15022100480
AAPL,2025-04-17,15022100480
AAPL,2025-04-22,15319199744
AAPL,2025-04-23,15022100480
AAPL,2025-04-29,15022100480
AAPL,2025-04-30,15022100480
AAPL,2025-05-03,14935799808
AAPL,2025-05-06,14935799808
AAPL,2025-05-07,14935799808
AAPL,2025-05-14,14977999872
AAPL,2025-05-15,14935799808
AAPL,2025-05-16,14935799808
AAPL,2025-05-17,14935799808
AAPL,2025-05-30,14935799808
AAPL,2025-06-06,14935799808
AAPL,2025-06-10,14935799808
AAPL,2025-06-18,14935799808
AAPL,2025-06-19,14935799808
AAPL,2025-06-27,14977399808
AAPL,2025-07-08,14935799808
AAPL,2025-07-10,14935799808
AAPL,2025-07-11,15025699840
AAPL,2025-07-12,14935799808
AAPL,2025-08-02,15318899712
AAPL,2025-09-17,14840390000
AAPL,2025-09-30,14900467828
AAPL,2025-10-01,14888764205
AAPL,2025-10-02,14840390000
AAPL,2025-10-08,14840390000
AAPL,2025-10-31,14840390000
AAPL,2025-11-01,14776353000
AAPL,2025-11-04,14776353000
AAPL,2025-11-07,14776353000
AAPL,2025-11-08,14776353000
AAPL,2025-11-15,14805644254
AAPL,2025-11-17,14840390000
AAPL,2026-01-10,14776353000
AAPL,2026-01-31,14697926000
AAPL,2026-04-23,14681140000
AAPL,2026-05-02,14667688000
AAPL,2026-05-05,14687356000
AAPL,2026-08-04,14594180000
AAPL,2026-08-05,14594180000
MSFT,2019-01-05,7677510144
MSFT,2019-01-07,7677510144
MSFT,2019-01-09,7677510144
MSFT,2019-01-10,7677510144
MSFT,2019-01-12,7677510144
MSFT,2019-01-14,7677510144
MSFT,2019-01-16,7677510144
MSFT,2019-01-17,7677510144
MSFT,2019-01-18,7677510144
MSFT,2019-01-24,7677510144
MSFT,2019-01-25,7677510144
MSFT,2019-01-26,7677510144
MSFT,2019-01-28,7677510144
MSFT,2019-01-30,7677510144
MSFT,2019-02-04,7672209920
MSFT,2019-02-07,7672209920
MSFT,2019-02-11,7672209920
MSFT,2019-02-13,7672209920
MSFT,2019-02-14,7672209920
MSFT,2019-02-15,7672209920
MSFT,2019-02-17,7672209920
MSFT,2019-02-18,7672209920
MSFT,2019-02-20,7672209920
MSFT,2019-02-28,7672209920
MSFT,2019-03-01,7672209920
MSFT,2019-03-07,7672209920
MSFT,2019-03-09,7672209920
MSFT,2019-03-10,7672209920
MSFT,2019-03-11,7672209920
MSFT,2019-03-14,7672209920
MSFT,2019-03-15,7672209920
MSFT,2019-03-17,7672209920
MSFT,2019-03-18,7672209920
MSFT,2019-03-26,7672209920
MSFT,2019-03-27,7672209920
MSFT,2019-03-29,7672209920
MSFT,2019-03-30,7672209920
MSFT,2019-04-01,7672209920
MSFT,2019-04-02,7672209920
MSFT,2019-04-05,7672209920
MSFT,2019-04-09,7672209920
MSFT,2019-04-14,7672209920
MSFT,2019-04-15,7672209920
MSFT,2019-04-17,7672209920
MSFT,2019-04-19,7672209920
MSFT,2019-04-21,7672209920
MSFT,2019-04-29,7662819840
MSFT,2019-05-02,7662819840
MSFT,2019-05-03,7662819840
MSFT,2019-05-05,7662819840
MSFT,2019-05-07,7662819840
MSFT,2019-05-09,7662819840
MSFT,2019-05-12,7662819840
MSFT,2019-05-13,7662819840
MSFT,2019-05-19,7662819840
MSFT,2019-05-20,7662819840
MSFT,2019-05-22,7662819840
MSFT,2019-05-23,7662819840
MSFT,2019-05-28,7662819840
MSFT,2019-06-01,7662819840
MSFT,2019-06-03,7662819840
MSFT,2019-06-04,7662819840
MSFT,2019-06-05,7662819840
MSFT,2019-06-07,7662819840
MSFT,2019-06-10,7662819840
MSFT,2019-06-11,7662819840
MSFT,2019-06-13,7662819840
MSFT,2019-06-17,7662819840
MSFT,2019-06-19,7662819840
MSFT,2019-06-21,7662819840
MSFT,2019-06-23,7662819840
MSFT,2019-06-25,7662819840
MSFT,2019-06-26,7662819840
MSFT,2019-07-05,7613760000
MSFT,2019-07-06,7662819840
MSFT,2019-07-22,7642999808
MSFT,2019-08-06,7635409920
MSFT,2019-08-07,7906270208
MSFT,2019-08-08,7635409920
MSFT,2019-08-09,7873500160
MSFT,2019-08-10,7635409920
MSFT,2019-08-14,7793410048
MSFT,2019-08-15,7635409920
MSFT,2019-08-20,7763290112
MSFT,2019-08-21,7635409920
MSFT,2019-08-22,7720520192
MSFT,2019-08-23,7635409920
MSFT,2019-08-28,7651760128
MSFT,2019-08-29,7635409920
MSFT,2019-08-30,7493890048
MSFT,2019-09-02,7508020224
MSFT,2019-09-04,7635409920
MSFT,2019-09-06,7516009984
MSFT,2019-09-09,7567340032
MSFT,2019-09-11,7654289920
MSFT,2019-09-12,7635409920
MSFT,2019-09-13,7713939968
MSFT,2019-09-14,7635409920
MSFT,2019-09-18,7694779904
MSFT,2019-09-19,7698209792
MSFT,2019-09-20,7775969792
MSFT,2019-09-21,7635409920
MSFT,2019-09-24,7618979840
MSFT,2019-09-25,7635409920
MSFT,2019-09-27,7645270016
MSFT,2019-09-28,7635409920
MSFT,2019-10-03,7500599808
MSFT,2019-10-04,7635409920
MSFT,2019-10-05,7544079872
MSFT,2019-10-08,7588630016
MSFT,2019-10-09,7635409920
MSFT,2019-10-10,7780049920
MSFT,2019-10-11,7635409920
MSFT,2019-10-17,7572579840
MSFT,2019-10-22,7752470016
MSFT,2019-10-23,7580839936
MSFT,2019-10-24,7744450048
MSFT,2019-10-25,7778890240
MSFT,2019-11-06,7566530048
MSFT,2019-11-07,7584999936
MSFT,2019-11-08,7624059904
MSFT,2019-11-09,7628810240
MSFT,2019-11-14,7641249792
MSFT,2019-11-15,7628810240
MSFT,2019-11-22,7635950080
MSFT,2019-11-23,7628810240
MSFT,2019-11-27,7669159936
MSFT,2019-11-28,7628810240
MSFT,2019-12-05,7656399872
MSFT,2019-12-06,7628810240
MSFT,2019-12-09,7721410048
MSFT,2019-12-10,7628810240
MSFT,2019-12-11,7617209856
MSFT,2019-12-12,7628810240
MSFT,2019-12-13,7706250240
MSFT,2019-12-14,7628810240
MSFT,2019-12-18,7587599872
MSFT,2019-12-19,7628810240
MSFT,2020-01-08,7725000192
MSFT,2020-01-09,7609140224
MSFT,2020-01-10,7679649792
MSFT,2020-01-12,7628810240
MSFT,2020-01-13,7724109824
MSFT,2020-01-14,7628810240
MSFT,2020-01-17,7768589824
MSFT,2020-01-18,7628810240
MSFT,2020-01-23,7592150016
MSFT,2020-01-24,7675769856
MSFT,2020-01-30,7511680000
MSFT,2020-01-31,7606049792
MSFT,2020-02-04,7425030144
MSFT,2020-02-05,7606049792
MSFT,2020-02-08,7763749888
MSFT,2020-02-09,7606049792
MSFT,2020-02-12,7434339840
MSFT,2020-02-13,7445219840
MSFT,2020-02-14,7564870144
MSFT,2020-02-15,7606049792
MSFT,2020-02-19,7683189760
MSFT,2020-02-21,7606049792
MSFT,2020-02-25,7278110208
MSFT,2020-02-26,7606049792
MSFT,2020-03-04,7988870144
MSFT,2020-03-05,7988870144
MSFT,2020-03-06,7525539840
MSFT,2020-03-07,7606049792
MSFT,2020-05-01,7583439872
MSFT,2020-05-21,7500519936
MSFT,2020-05-22,7583439872
MSFT,2020-07-24,7570999808
MSFT,2020-08-04,7567649792
MSFT,2020-08-28,7567649792
MSFT,2020-09-05,8067400192
MSFT,2020-09-06,7567649792
MSFT,2020-09-21,7662819840
MSFT,2020-09-22,7567649792
MSFT,2020-10-21,7562829824
MSFT,2020-10-29,7560500224
MSFT,2020-11-26,7560500224
MSFT,2021-01-28,7542219776
MSFT,2021-03-17,7542219776
MSFT,2021-04-10,7542219776
MSFT,2021-04-23,7642220032
MSFT,2021-04-25,7525749760
MSFT,2021-04-27,7542219776
MSFT,2021-04-28,7542219776
MSFT,2021-04-29,7531570176
MSFT,2021-07-30,7519000064
MSFT,2021-08-02,7514890240
MSFT,2021-09-11,7514890240
MSFT,2021-10-12,7514890240
MSFT,2021-10-19,7507899904
MSFT,2021-10-28,7507979776
MSFT,2021-12-02,7519580160
MSFT,2021-12-03,7521419776
MSFT,2021-12-04,7658599936
MSFT,2022-01-27,7496869888
MSFT,2022-02-04,7800719872
MSFT,2022-02-05,7496869888
MSFT,2022-02-11,7496869888
MSFT,2022-03-04,7605040128
MSFT,2022-03-05,7496869888
MSFT,2022-03-16,7595310080
MSFT,2022-03-17,7496869888
MSFT,2022-03-28,7507230208
MSFT,2022-03-31,7496869888
MSFT,2022-04-01,7631819776
MSFT,2022-04-02,7496869888
MSFT,2022-04-29,7479029760
MSFT,2022-06-09,7536840192
MSFT,2022-06-13,7479029760
MSFT,2022-07-28,7464000000
MSFT,2022-08-01,7457889792
MSFT,2022-08-25,7475469824
MSFT,2022-08-26,7457889792
MSFT,2022-09-01,7457889792
MSFT,2022-09-02,7457889792
MSFT,2022-09-10,7290379776
MSFT,2022-09-12,7457889792
MSFT,2022-09-15,7457889792
MSFT,2022-09-16,7457889792
MSFT,2022-09-17,7477389824
MSFT,2022-10-29,7454470144
MSFT,2023-01-04,7461940224
MSFT,2023-01-06,7454470144
MSFT,2023-01-27,7443800064
MSFT,2023-03-08,7443800064
MSFT,2023-03-10,7484519936
MSFT,2023-03-30,7586610176
MSFT,2023-04-01,7555180032
MSFT,2023-04-04,7471529984
MSFT,2023-04-05,7443800064
MSFT,2023-04-06,7518150144
MSFT,2023-04-07,7443800064
MSFT,2023-04-27,7435489792
MSFT,2023-05-04,7460160000
MSFT,2023-05-06,7435489792
MSFT,2023-05-14,7515870208
MSFT,2023-05-16,7435489792
MSFT,2023-06-14,7435489792
MSFT,2023-06-23,7535580160
MSFT,2023-06-24,7435489792
MSFT,2023-07-05,7491590144
MSFT,2023-07-06,7488039936
MSFT,2023-07-07,7435489792
MSFT,2023-07-12,7449829888
MSFT,2023-07-13,7435489792
MSFT,2023-07-19,7731420160
MSFT,2023-07-21,7435489792
MSFT,2023-08-21,7429760000
MSFT,2023-10-10,7429760000
MSFT,2023-10-11,7462119936
MSFT,2023-10-12,7520940032
MSFT,2023-10-13,7429760000
MSFT,2023-10-14,7507520000
MSFT,2023-10-15,7429760000
MSFT,2023-10-17,7429760000
MSFT,2023-10-18,7429760000
MSFT,2023-10-19,7429760000
MSFT,2023-10-22,7429760000
MSFT,2023-10-24,7429029888
MSFT,2023-10-26,7432260096
MSFT,2023-10-28,7432260096
MSFT,2023-11-01,7432260096
MSFT,2023-11-03,7432260096
MSFT,2023-11-09,7432260096
MSFT,2023-11-10,7432260096
MSFT,2023-11-14,7432260096
MSFT,2023-11-16,7432260096
MSFT,2023-11-17,7432260096
MSFT,2023-11-22,7432260096
MSFT,2023-11-23,7432260096
MSFT,2023-11-25,7432260096
MSFT,2023-11-28,7432260096
MSFT,2023-11-29,7432260096
MSFT,2023-11-30,7432260096
MSFT,2023-12-01,7432260096
MSFT,2023-12-02,7432260096
MSFT,2023-12-06,7432260096
MSFT,2023-12-08,7432260096
MSFT,2023-12-13,7432260096
MSFT,2023-12-15,7603060224
MSFT,2023-12-16,7432260096
MSFT,2023-12-19,7432260096
MSFT,2023-12-20,7432260096
MSFT,2023-12-22,7432260096
MSFT,2023-12-23,7432260096
MSFT,2023-12-26,7432260096
MSFT,2023-12-27,7432260096
MSFT,2024-01-04,7432260096
MSFT,2024-01-05,7432260096
MSFT,2024-01-06,7432260096
MSFT,2024-01-09,7432260096
MSFT,2024-01-10,7432260096
MSFT,2024-01-11,7432260096
MSFT,2024-01-13,7432260096
MSFT,2024-01-19,7432260096
MSFT,2024-01-20,7432260096
MSFT,2024-01-24,7432260096
MSFT,2024-01-27,7449560064
MSFT,2024-01-30,7432260096
MSFT,2024-02-01,7639620096
MSFT,2024-02-02,7430439936
MSFT,2024-02-06,7430439936
MSFT,2024-02-07,7432640000
MSFT,2024-02-14,7430439936
MSFT,2024-02-15,7430439936
MSFT,2024-02-17,7430439936
MSFT,2024-02-23,7430439936
MSFT,2024-02-27,7430439936
MSFT,2024-03-01,7430439936
MSFT,2024-03-02,7430439936
MSFT,2024-03-05,7440820224
MSFT,2024-03-06,7430439936
MSFT,2024-03-07,7430439936
MSFT,2024-03-08,7430439936
MSFT,2024-03-09,7430439936
MSFT,2024-03-12,7460740096
MSFT,2024-03-13,7431329792
MSFT,2024-03-14,7430439936
MSFT,2024-03-15,7430439936
MSFT,2024-03-20,7430439936
MSFT,2024-03-21,7430439936
MSFT,2024-03-22,7430439936
MSFT,2024-03-23,7446219776
MSFT,2024-03-26,7528840192
MSFT,2024-03-27,7430439936
MSFT,2024-03-29,7443680256
MSFT,2024-04-04,7447220224
MSFT,2024-04-05,7430439936
MSFT,2024-04-06,7430439936
MSFT,2024-04-11,7430439936
MSFT,2024-04-12,7532709888
MSFT,2024-04-13,7430439936
MSFT,2024-04-16,7430439936
MSFT,2024-04-17,7430439936
MSFT,2024-04-18,7481690112
MSFT,2024-04-19,7430439936
MSFT,2024-04-20,7430439936
MSFT,2024-04-23,7430439936
MSFT,2024-04-25,7430439936
MSFT,2024-04-26,7430439936
MSFT,2024-04-27,7432309760
MSFT,2024-04-30,7432309760
MSFT,2024-05-01,7678949888
MSFT,2024-05-07,7432309760
MSFT,2024-05-10,7432309760
MSFT,2024-05-11,7432309760
MSFT,2024-05-15,7432309760
MSFT,2024-05-16,7432309760
MSFT,2024-05-17,7432309760
MSFT,2024-05-18,7432309760
MSFT,2024-05-20,7432309760
MSFT,2024-05-21,7432309760
MSFT,2024-05-22,7432309760
MSFT,2024-05-23,7432309760
MSFT,2024-05-24,7493570048
MSFT,2024-05-30,7432309760
MSFT,2024-05-31,7698290176
MSFT,2024-06-01,7432309760
MSFT,2024-06-05,7432309760
MSFT,2024-06-11,7432309760
MSFT,2024-06-12,7432309760
MSFT,2024-06-13,7432309760
MSFT,2024-06-14,7432309760
MSFT,2024-06-15,7432309760
MSFT,2024-06-21,7442979840
MSFT,2024-06-22,7432309760
MSFT,2024-06-26,7432309760
MSFT,2024-06-27,7432309760
MSFT,2024-06-28,7432309760
MSFT,2024-06-29,7432309760
MSFT,2024-07-02,7432309760
MSFT,2024-07-03,7432309760
MSFT,2024-07-06,7432309760
MSFT,2024-07-10,7540669952
MSFT,2024-07-11,7432309760
MSFT,2024-07-18,7532850176
MSFT,2024-07-19,7487739904
MSFT,2024-07-20,7432309760
MSFT,2024-07-24,7432309760
MSFT,2024-07-25,7617189888
MSFT,2024-07-26,7432309760
MSFT,2024-07-30,7432309760
MSFT,2024-07-31,7432309760
MSFT,2024-08-01,7433039872
MSFT,2024-08-02,7433039872
MSFT,2024-08-06,7433039872
MSFT,2024-08-07,7433039872
MSFT,2024-08-10,7433039872
MSFT,2024-08-13,7433039872
MSFT,2024-08-16,7433039872
MSFT,2024-08-17,7433039872
MSFT,2024-08-20,7433039872
MSFT,2024-08-22,7433039872
MSFT,2024-08-24,7433039872
MSFT,2024-08-27,7490189824
MSFT,2024-08-29,7433039872
MSFT,2024-08-30,7433039872
MSFT,2024-08-31,7433039872
MSFT,2024-09-04,7433039872
MSFT,2024-09-06,7433039872
MSFT,2024-09-07,7433039872
MSFT,2024-09-10,7433039872
MSFT,2024-09-14,7433039872
MSFT,2024-09-16,7433039872
MSFT,2024-09-17,7433039872
MSFT,2024-09-18,7433039872
MSFT,2024-09-20,7433039872
MSFT,2024-09-21,7433039872
MSFT,2024-09-24,7433039872
MSFT,2024-09-26,7433039872
MSFT,2024-09-27,7433039872
MSFT,2024-09-28,7433039872
MSFT,2024-09-30,7433039872
MSFT,2024-10-03,7433039872
MSFT,2024-10-05,7441610240
MSFT,2024-10-09,7433039872
MSFT,2024-10-12,7433039872
MSFT,2024-10-15,7433039872
MSFT,2024-10-16,7433039872
MSFT,2024-10-17,7433039872
MSFT,2024-10-18,7433039872
MSFT,2024-10-19,7433039872
MSFT,2024-10-22,7433039872
MSFT,2024-10-24,7433039872
MSFT,2024-10-26,7434440192
MSFT,2024-10-31,7434880000
MSFT,2024-11-01,7434880000
MSFT,2024-11-02,7434880000
MSFT,2024-11-05,7469649920
MSFT,2024-11-06,7434880000
MSFT,2024-11-08,7434880000
MSFT,2024-11-09,7434880000
MSFT,2024-11-12,7434880000
MSFT,2024-11-13,7434880000
MSFT,2024-11-15,7434880000
MSFT,2024-11-16,7647889920
MSFT,2024-12-05,7434880000
MSFT,2024-12-06,7434880000
MSFT,2024-12-10,7434880000
MSFT,2024-12-11,7479989760
MSFT,2024-12-14,7434880000
MSFT,2024-12-20,7434880000
MSFT,2024-12-21,7434880000
MSFT,2024-12-24,7434880000
MSFT,2025-01-04,7434880000
MSFT,2025-01-07,7434880000
MSFT,2025-01-08,7434880000
MSFT,2025-01-09,7434880000
MSFT,2025-01-11,7534439936
MSFT,2025-01-14,7466250240
MSFT,2025-01-15,7434880000
MSFT,2025-01-17,7434880000
MSFT,2025-01-24,7434880000
MSFT,2025-01-29,7434880000
MSFT,2025-01-31,7433979904
MSFT,2025-02-01,7433979904
MSFT,2025-02-05,7433979904
MSFT,2025-02-06,7433979904
MSFT,2025-02-07,7433979904
MSFT,2025-02-08,7544110080
MSFT,2025-02-11,7433979904
MSFT,2025-02-12,7433979904
MSFT,2025-02-13,7477600256
MSFT,2025-02-14,7433979904
MSFT,2025-02-15,7433979904
MSFT,2025-02-20,7433979904
MSFT,2025-02-22,7433979904
MSFT,2025-02-26,7433979904
MSFT,2025-02-27,7433979904
MSFT,2025-03-04,7596630016
MSFT,2025-03-06,7433979904
MSFT,2025-03-07,7433979904
MSFT,2025-03-08,7433979904
MSFT,2025-03-11,7691129856
MSFT,2025-03-13,7433979904
MSFT,2025-03-14,7433979904
MSFT,2025-03-19,7433979904
MSFT,2025-03-20,7433979904
MSFT,2025-03-21,7433979904
MSFT,2025-03-25,7433979904
MSFT,2025-03-26,7433979904
MSFT,2025-03-27,7532919808
MSFT,2025-03-28,7433979904
MSFT,2025-04-01,7501510144
MSFT,2025-04-05,7433979904
MSFT,2025-04-09,7433979904
MSFT,2025-04-10,7612160000
MSFT,2025-04-11,7433979904
MSFT,2025-04-12,7433979904
MSFT,2025-04-15,7433979904
MSFT,2025-04-16,7433979904
MSFT,2025-04-17,7433979904
MSFT,2025-04-18,7511399936
MSFT,2025-04-22,7613250048
MSFT,2025-04-23,7433979904
MSFT,2025-04-24,7433979904
MSFT,2025-04-26,7433979904
MSFT,2025-04-29,7433979904
MSFT,2025-04-30,7433979904
MSFT,2025-05-02,7432540160
MSFT,2025-05-07,7481600000
MSFT,2025-05-08,7432540160
MSFT,2025-05-09,7432540160
MSFT,2025-05-13,7432540160
MSFT,2025-05-14,7432540160
MSFT,2025-05-17,7432540160
MSFT,2025-05-21,7432540160
MSFT,2025-05-23,7432540160
MSFT,2025-05-27,7432540160
MSFT,2025-05-28,7432540160
MSFT,2025-05-29,7486660096
MSFT,2025-06-05,7432540160
MSFT,2025-06-06,7432540160
MSFT,2025-06-07,7432540160
MSFT,2025-06-10,7432540160
MSFT,2025-06-11,7461429760
MSFT,2025-06-12,7432540160
MSFT,2025-06-13,7432540160
MSFT,2025-06-14,7493729792
MSFT,2025-06-18,7449650176
MSFT,2025-06-19,7432540160
MSFT,2025-06-21,7432540160
MSFT,2025-06-26,7432540160
MSFT,2025-06-27,7432540160
MSFT,2025-07-01,7513509888
MSFT,2025-07-02,7432540160
MSFT,2025-07-03,7432540160
MSFT,2025-07-08,7449010176
MSFT,2025-07-09,7432540160
MSFT,2025-07-12,7432540160
MSFT,2025-07-15,7432540160
MSFT,2025-07-18,7432540160
MSFT,2025-07-19,7432540160
MSFT,2025-07-22,7432540160
MSFT,2025-07-25,7432540160
MSFT,2025-07-29,7432540160
MSFT,2025-07-30,7432540160
MSFT,2025-07-31,7432540160
MSFT,2025-08-01,7433169920
MSFT,2025-08-06,7433169920
MSFT,2025-08-08,7491680256
MSFT,2025-08-12,7433169920
MSFT,2025-08-16,7433169920
MSFT,2025-08-19,7433169920
MSFT,2025-08-23,7433169920
MSFT,2025-08-26,7433169920
MSFT,2025-08-27,7433169920
MSFT,2025-08-29,7433169920
MSFT,2025-09-03,7433169920
MSFT,2025-09-04,7433169920
MSFT,2025-09-05,7627930112
MSFT,2025-09-06,7433169920
MSFT,2025-09-09,7433169920
MSFT,2025-09-10,7433169920
MSFT,2025-09-12,7433169920
MSFT,2025-09-13,7433169920
MSFT,2025-09-17,7433166379
MSFT,2025-09-18,7433166379
MSFT,2025-09-20,7433166379
MSFT,2025-09-23,7433166379
MSFT,2025-09-24,7433166379
MSFT,2025-09-25,7433166379
MSFT,2025-09-26,7433166379
MSFT,2025-10-03,7490384494
MSFT,2025-10-08,7498279997
MSFT,2025-10-10,7433166379
MSFT,2025-10-15,7433166379
MSFT,2025-10-16,7433166379
MSFT,2025-10-17,7433166379
MSFT,2025-10-18,7433166379
MSFT,2025-10-21,7433166379
MSFT,2025-10-23,7433087554
MSFT,2025-10-31,7432377655
MSFT,2025-11-01,7432377655
MSFT,2025-11-05,7471394278
MSFT,2025-11-06,7432377655
MSFT,2025-11-08,7432377655
MSFT,2025-11-13,7432377655
MSFT,2025-11-15,7432377655
MSFT,2025-11-17,7433166379
MSFT,2026-01-30,7425629076
MSFT,2026-02-04,7432377656
MSFT,2026-05-01,7428434704
MSFT,2026-07-31,7425545491
NVDA,2019-01-05,610000000
NVDA,2019-01-09,610000000
NVDA,2019-01-12,610000000
NVDA,2019-01-16,610000000
NVDA,2019-01-25,610000000
NVDA,2019-01-26,610000000
NVDA,2019-01-30,610000000
NVDA,2019-02-07,610000000
NVDA,2019-02-13,610000000
NVDA,2019-02-15,610000000
NVDA,2019-02-17,610000000
NVDA,2019-02-20,610000000
NVDA,2019-02-28,606000000
NVDA,2019-03-07,606000000
NVDA,2019-03-10,606000000
NVDA,2019-03-14,606000000
NVDA,2019-03-17,606000000
NVDA,2019-03-26,606000000
NVDA,2019-03-29,606000000
NVDA,2019-04-01,606000000
NVDA,2019-04-05,608494016
NVDA,2019-04-06,608494016
NVDA,2019-04-09,608494016
NVDA,2019-04-10,608494016
NVDA,2019-04-14,608494016
NVDA,2019-04-16,608494016
NVDA,2019-04-17,608494016
NVDA,2019-04-18,608494016
NVDA,2019-04-21,608494016
NVDA,2019-04-22,608494016
NVDA,2019-04-29,608494016
NVDA,2019-04-30,608494016
NVDA,2019-05-02,608494016
NVDA,2019-05-04,608494016
NVDA,2019-05-05,608494016
NVDA,2019-05-08,608494016
NVDA,2019-05-09,608494016
NVDA,2019-05-10,608494016
NVDA,2019-05-12,608494016
NVDA,2019-05-14,608494016
NVDA,2019-05-19,609000000
NVDA,2019-05-22,609000000
NVDA,2019-05-28,609000000
NVDA,2019-06-03,609000000
NVDA,2019-06-05,609000000
NVDA,2019-06-10,609000000
NVDA,2019-06-11,609000000
NVDA,2019-06-17,609000000
NVDA,2019-06-19,609000000
NVDA,2019-06-21,609000000
NVDA,2019-06-23,609000000
NVDA,2019-06-27,609000000
NVDA,2019-07-16,607764992
NVDA,2019-07-17,609000000
NVDA,2019-07-18,609000000
NVDA,2019-09-02,586131968
NVDA,2019-09-08,567561984
NVDA,2019-09-09,571025024
NVDA,2019-09-11,609000000
NVDA,2019-09-12,612822976
NVDA,2019-09-16,609000000
NVDA,2019-10-21,597334976
NVDA,2019-10-26,609000000
NVDA,2019-11-01,603059968
NVDA,2019-11-02,609000000
NVDA,2019-11-06,581572992
NVDA,2019-11-10,609000000
NVDA,2019-11-13,604844992
NVDA,2019-11-14,605977984
NVDA,2019-11-16,609000000
NVDA,2019-11-19,612000000
NVDA,2019-12-04,616686016
NVDA,2019-12-13,612000000
NVDA,2019-12-25,611486976
NVDA,2019-12-26,612000000
NVDA,2020-01-01,604249024
NVDA,2020-01-02,612000000
NVDA,2020-01-28,586883008
NVDA,2020-01-29,612000000
NVDA,2020-02-03,588646016
NVDA,2020-02-06,641990976
NVDA,2020-02-07,650913024
NVDA,2020-02-09,641990976
NVDA,2020-02-10,635286976
NVDA,2020-02-17,641990976
NVDA,2020-02-24,641990976
NVDA,2020-03-03,597617024
NVDA,2020-03-04,636582016
NVDA,2020-03-08,612000000
NVDA,2020-03-17,750478976
NVDA,2020-03-18,612000000
NVDA,2020-05-04,615134976
NVDA,2020-05-25,615000000
NVDA,2020-08-05,603086016
NVDA,2020-08-06,615000000
NVDA,2020-08-21,615000000
NVDA,2020-08-28,617000000
NVDA,2020-09-05,680096000
NVDA,2020-09-16,617713984
NVDA,2020-11-21,619000000
NVDA,2020-11-23,619000000
NVDA,2020-11-26,619000000
NVDA,2021-02-02,607438016
NVDA,2021-02-03,619000000
NVDA,2021-03-03,620000000
NVDA,2021-03-17,620000000
NVDA,2021-03-24,625478976
NVDA,2021-03-25,620000000
NVDA,2021-03-30,614780992
NVDA,2021-03-31,623684992
NVDA,2021-04-01,597868032
NVDA,2021-04-02,599193984
NVDA,2021-04-03,620000000
NVDA,2021-04-07,625635968
NVDA,2021-04-08,607638016
NVDA,2021-04-09,612486976
NVDA,2021-04-10,620000000
NVDA,2021-04-14,601395008
NVDA,2021-04-15,620000000
NVDA,2021-04-21,627785024
NVDA,2021-04-22,620000000
NVDA,2021-04-23,641302976
NVDA,2021-04-24,623868992
NVDA,2021-04-27,631057984
NVDA,2021-04-28,622384000
NVDA,2021-05-05,643438976
NVDA,2021-05-06,617766976
NVDA,2021-05-07,622384000
NVDA,2021-05-18,625788992
NVDA,2021-05-19,622384000
NVDA,2021-05-25,597657024
NVDA,2021-05-26,622384000
NVDA,2021-05-28,623000000
NVDA,2021-07-01,623000000
NVDA,2021-07-08,623000000
NVDA,2021-07-15,623000000
NVDA,2021-07-20,2492000000
NVDA,2023-04-10,2470000128
NVDA,2023-05-04,2506249984
NVDA,2023-05-05,2470000128
NVDA,2023-05-10,2473129984
NVDA,2023-05-13,2520689920
NVDA,2023-05-17,2473129984
NVDA,2023-05-31,2470000128
NVDA,2023-06-23,2513779968
NVDA,2023-06-24,2470000128
NVDA,2023-07-12,2483180032
NVDA,2023-07-13,2470000128
NVDA,2023-08-21,2470000128
NVDA,2023-08-23,2540260096
NVDA,2023-08-24,2470000128
NVDA,2023-10-10,2470000128
NVDA,2023-10-11,2470000128
NVDA,2023-10-12,2470000128
NVDA,2023-10-13,2470000128
NVDA,2023-10-14,2470000128
NVDA,2023-10-15,2470000128
NVDA,2023-10-17,2470000128
NVDA,2023-10-18,2470000128
NVDA,2023-10-19,2470000128
NVDA,2023-10-20,2470000128
NVDA,2023-10-21,2470000128
NVDA,2023-10-22,2470000128
NVDA,2023-12-03,2473169920
NVDA,2023-12-05,2470000128
NVDA,2023-12-22,2470000128
NVDA,2023-12-23,2478089984
NVDA,2023-12-26,2470000128
NVDA,2023-12-30,2470000128
NVDA,2024-01-06,2526560000
NVDA,2024-01-13,2475239936
NVDA,2024-01-16,2470000128
NVDA,2024-02-09,2485779968
NVDA,2024-02-23,2500000000
NVDA,2024-03-12,2500000000
NVDA,2024-03-16,2500000000
NVDA,2024-03-26,2565929984
NVDA,2024-03-27,2500000000
NVDA,2024-04-04,2500000000
NVDA,2024-04-09,2500000000
NVDA,2024-04-12,2568600064
NVDA,2024-04-13,2500000000
NVDA,2024-04-16,2500000000
NVDA,2024-04-25,2500000000
NVDA,2024-05-16,2459830016
NVDA,2024-05-23,2471130112
NVDA,2024-05-31,2554579968
NVDA,2024-06-08,24598300672
NVDA,2024-06-10,24598300672
NVDA,2024-06-12,24761100288
NVDA,2024-06-13,24598300672
NVDA,2024-06-21,25507000320
NVDA,2024-06-28,25070499840
NVDA,2024-07-03,24925200384
NVDA,2024-07-16,25003300864
NVDA,2024-07-17,24598300672
NVDA,2024-07-18,26343299072
NVDA,2024-07-19,25257500672
NVDA,2024-07-20,24598300672
NVDA,2024-07-24,24789000192
NVDA,2024-07-25,25016600576
NVDA,2024-07-26,24598300672
NVDA,2024-08-27,24598300672
NVDA,2024-08-30,24529999872
NVDA,2024-09-07,25579499520
NVDA,2024-09-17,25017300992
NVDA,2024-09-21,24925399040
NVDA,2024-10-09,24529999872
NVDA,2024-10-10,24529999872
NVDA,2024-10-12,24529999872
NVDA,2024-10-18,24748699648
NVDA,2024-10-31,24900100096
NVDA,2024-11-05,24529999872
NVDA,2024-11-06,24529999872
NVDA,2024-11-14,24529999872
NVDA,2024-11-16,24529999872
NVDA,2024-11-19,24850300928
NVDA,2024-11-20,24529999872
NVDA,2024-11-21,24529999872
NVDA,2024-11-22,24490000384
NVDA,2024-12-06,24490000384
NVDA,2024-12-11,25168099328
NVDA,2024-12-13,24841299968
NVDA,2024-12-14,25413099520
NVDA,2025-01-17,24979499008
NVDA,2025-02-01,24490000384
NVDA,2025-02-13,24800000000
NVDA,2025-02-28,24399998976
NVDA,2025-03-04,24399998976
NVDA,2025-03-11,25702299648
NVDA,2025-03-22,24399998976
NVDA,2025-03-27,24399998976
NVDA,2025-03-28,24399998976
NVDA,2025-04-01,24399998976
NVDA,2025-04-10,25933400064
NVDA,2025-04-11,24399998976
NVDA,2025-04-14,24448499712
NVDA,2025-04-15,24399998976
NVDA,2025-04-22,25553199104
NVDA,2025-04-23,24399998976
NVDA,2025-05-01,24399998976
NVDA,2025-05-07,24399998976
NVDA,2025-05-10,24399998976
NVDA,2025-05-15,24479799296
NVDA,2025-05-16,24387600384
NVDA,2025-05-29,24512399360
NVDA,2025-05-30,24387600384
NVDA,2025-05-31,25120299008
NVDA,2025-06-06,24387600384
NVDA,2025-06-18,24483999744
NVDA,2025-07-01,25133699072
NVDA,2025-07-02,24387600384
NVDA,2025-07-08,24557099008
NVDA,2025-07-11,24570200064
NVDA,2025-08-30,24347000832
NVDA,2025-09-05,25023399936
NVDA,2025-09-06,24347000832
NVDA,2025-09-16,24746600448
NVDA,2025-09-17,24347000000
NVDA,2025-09-23,25053817576
NVDA,2025-09-24,24347000000
NVDA,2025-10-06,24511804872
NVDA,2025-10-07,24347000000
NVDA,2025-10-08,24412788478
NVDA,2025-10-15,24347000000
NVDA,2025-10-21,24424317455
NVDA,2025-10-22,24623853720
NVDA,2025-10-23,24347000000
NVDA,2025-11-17,24387557065
NVDA,2025-11-21,24305000000
NVDA,2025-12-03,24347000000
NVDA,2026-02-28,24305000000
NVDA,2026-05-13,24220525225
NVDA,2026-05-21,24221000000
NVDA,2026-08-28,24147000000
AVGO,2019-01-05,407271008
AVGO,2019-01-07,407271008
AVGO,2019-01-09,407271008
AVGO,2019-01-10,407271008
AVGO,2019-01-12,407271008
AVGO,2019-01-14,407271008
AVGO,2019-01-16,407271008
AVGO,2019-01-17,407271008
AVGO,2019-01-20,407271008
AVGO,2019-01-22,407271008
AVGO,2019-01-24,407271008
AVGO,2019-01-25,407271008
AVGO,2019-01-26,407271008
AVGO,2019-01-28,407271008
AVGO,2019-01-30,407271008
AVGO,2019-02-04,407271008
AVGO,2019-02-07,407271008
AVGO,2019-02-10,407271008
AVGO,2019-02-11,407271008
AVGO,2019-02-13,407271008
AVGO,2019-02-14,407271008
AVGO,2019-02-15,407271008
AVGO,2019-02-17,407271008
AVGO,2019-02-18,407271008
AVGO,2019-02-20,396104000
AVGO,2019-02-28,396104000
AVGO,2019-03-01,396104000
AVGO,2019-03-07,396104000
AVGO,2019-03-09,396104000
AVGO,2019-03-11,396104000
AVGO,2019-03-15,396104000
AVGO,2019-03-17,395846016
AVGO,2019-03-18,395846016
AVGO,2019-03-26,395846016
AVGO,2019-03-27,395846016
AVGO,2019-03-29,395846016
AVGO,2019-03-30,395846016
AVGO,2019-04-01,395846016
AVGO,2019-04-02,395846016
AVGO,2019-04-05,395846016
AVGO,2019-04-11,395846016
AVGO,2019-04-14,395846016
AVGO,2019-04-15,395846016
AVGO,2019-04-17,395846016
AVGO,2019-04-19,395846016
AVGO,2019-04-21,395846016
AVGO,2019-04-29,395846016
AVGO,2019-05-01,395846016
AVGO,2019-05-02,395846016
AVGO,2019-05-05,395846016
AVGO,2019-05-07,395846016
AVGO,2019-05-09,395846016
AVGO,2019-05-12,395846016
AVGO,2019-05-13,395846016
AVGO,2019-05-20,395846016
AVGO,2019-05-22,395846016
AVGO,2019-05-23,395846016
AVGO,2019-06-01,395846016
AVGO,2019-06-03,395846016
AVGO,2019-06-04,395846016
AVGO,2019-06-05,395846016
AVGO,2019-06-06,395846016
AVGO,2019-06-10,395846016
AVGO,2019-06-11,395846016
AVGO,2019-06-12,395846016
AVGO,2019-06-17,398073984
AVGO,2019-06-19,398073984
AVGO,2019-06-21,398073984
AVGO,2019-06-23,398073984
AVGO,2019-06-24,398073984
AVGO,2019-06-26,401945984
AVGO,2019-06-27,398073984
AVGO,2019-07-04,412660992
AVGO,2019-07-06,398073984
AVGO,2019-07-10,384198016
AVGO,2019-07-11,396584992
AVGO,2019-07-12,400336000
AVGO,2019-07-13,398073984
AVGO,2019-08-07,414240000
AVGO,2019-08-08,401628000
AVGO,2019-08-09,399444000
AVGO,2019-08-10,398073984
AVGO,2019-08-30,387804992
AVGO,2019-09-02,388806016
AVGO,2019-09-04,398073984
AVGO,2019-09-06,386611008
AVGO,2019-09-09,385432000
AVGO,2019-09-11,382120000
AVGO,2019-09-12,398073984
AVGO,2019-09-17,396671008
AVGO,2019-09-20,400668992
AVGO,2019-09-21,396671008
AVGO,2019-10-04,390368992
AVGO,2019-10-08,396671008
AVGO,2019-11-05,391668992
AVGO,2019-11-07,396671008
AVGO,2019-11-08,405436992
AVGO,2019-11-09,396671008
AVGO,2019-11-14,394332000
AVGO,2019-11-15,390727008
AVGO,2019-11-16,396671008
AVGO,2019-12-18,397492992
AVGO,2019-12-19,396671008
AVGO,2019-12-24,397792000
AVGO,2020-01-07,408174016
AVGO,2020-01-09,408785984
AVGO,2020-01-12,392830016
AVGO,2020-01-13,397792000
AVGO,2020-02-07,400688000
AVGO,2020-02-08,397792000
AVGO,2020-02-12,405337984
AVGO,2020-02-14,397792000
AVGO,2020-02-20,399459008
AVGO,2020-03-05,383784992
AVGO,2020-03-06,399459008
AVGO,2020-03-09,392768000
AVGO,2020-03-10,399459008
AVGO,2020-03-17,399791008
AVGO,2020-05-09,399791008
AVGO,2020-06-16,402184992
AVGO,2020-08-28,402184992
AVGO,2020-09-05,402184992
AVGO,2020-09-06,402184992
AVGO,2020-09-15,404500992
AVGO,2020-09-21,411462016
AVGO,2020-09-22,404500992
AVGO,2020-11-26,404500992
AVGO,2020-12-22,406712992
AVGO,2021-02-23,408225984
AVGO,2021-03-17,408302016
AVGO,2021-04-23,412500992
AVGO,2021-04-24,402748992
AVGO,2021-04-27,408302016
AVGO,2021-05-18,408302016
AVGO,2021-06-15,410260992
AVGO,2021-06-17,414656000
AVGO,2021-06-18,410260992
AVGO,2021-06-19,417049984
AVGO,2021-07-01,410527008
AVGO,2021-07-03,411548992
AVGO,2021-07-08,413528000
AVGO,2021-07-13,410260992
AVGO,2021-09-11,411616000
AVGO,2021-09-13,411616000
AVGO,2021-12-03,413336992
AVGO,2021-12-04,411616000
AVGO,2021-12-21,412873984
AVGO,2022-02-04,428924000
AVGO,2022-02-05,412873984
AVGO,2022-02-11,412873984
AVGO,2022-02-23,409612992
AVGO,2022-03-04,414696000
AVGO,2022-03-05,409612992
AVGO,2022-03-14,408280992
AVGO,2022-03-15,415508000
AVGO,2022-03-17,408280992
AVGO,2022-05-28,421396992
AVGO,2022-06-01,421396992
AVGO,2022-06-07,422966016
AVGO,2022-06-08,421396992
AVGO,2022-06-15,403817984
AVGO,2022-06-28,406516992
AVGO,2022-07-01,407640992
AVGO,2022-07-02,403817984
AVGO,2022-07-20,404977984
AVGO,2022-09-02,404977984
AVGO,2022-09-13,405000992
AVGO,2022-09-14,405000992
AVGO,2022-09-15,405000992
AVGO,2022-09-17,405000992
AVGO,2022-09-20,405008000
AVGO,2022-10-12,411532992
AVGO,2022-10-14,405008000
AVGO,2022-12-06,412761984
AVGO,2022-12-07,405008000
AVGO,2022-12-21,417886016
AVGO,2023-01-04,422152000
AVGO,2023-01-05,417886016
AVGO,2023-02-21,416924000
AVGO,2023-02-25,416924000
AVGO,2023-02-28,416924000
AVGO,2023-03-02,416924000
AVGO,2023-03-03,416924000
AVGO,2023-03-04,416924000
AVGO,2023-03-05,416924000
AVGO,2023-03-10,416924000
AVGO,2023-03-18,420584000
AVGO,2023-03-21,416924000
AVGO,2023-03-23,416924000
AVGO,2023-03-30,417457984
AVGO,2023-03-31,416924000
AVGO,2023-04-01,416924000
AVGO,2023-04-04,416924000
AVGO,2023-04-06,420503008
AVGO,2023-04-07,416924000
AVGO,2023-04-14,416924000
AVGO,2023-04-15,416924000
AVGO,2023-04-18,416924000
AVGO,2023-04-24,416924000
AVGO,2023-04-25,418004000
AVGO,2023-04-27,416924000
AVGO,2023-05-02,416924000
AVGO,2023-05-04,416924000
AVGO,2023-05-06,416924000
AVGO,2023-05-11,416924000
AVGO,2023-05-19,416924000
AVGO,2023-06-01,416924000
AVGO,2023-06-02,416924000
AVGO,2023-06-04,416924000
AVGO,2023-06-09,412684992
AVGO,2023-06-23,422603008
AVGO,2023-06-24,412684992
AVGO,2023-07-06,415352000
AVGO,2023-07-07,412684992
AVGO,2023-07-08,412684992
AVGO,2023-07-12,414716992
AVGO,2023-07-13,412684992
AVGO,2023-08-21,412684992
AVGO,2023-08-23,417193984
AVGO,2023-08-24,412684992
AVGO,2023-09-08,412735008
AVGO,2023-09-12,412736000
AVGO,2023-09-13,419880992
AVGO,2023-09-15,412736000
AVGO,2023-09-19,412735008
AVGO,2023-09-20,412736000
AVGO,2023-09-21,412735008
AVGO,2023-09-27,412736000
AVGO,2023-09-28,412735008
AVGO,2023-10-04,412736000
AVGO,2023-10-07,412735008
AVGO,2023-10-10,412736000
AVGO,2023-10-12,412735008
AVGO,2023-10-20,412735008
AVGO,2023-10-21,412736000
AVGO,2023-10-25,412735008
AVGO,2023-11-01,412736000
AVGO,2023-11-03,412735008
AVGO,2023-11-04,412736000
AVGO,2023-11-07,412735008
AVGO,2023-11-09,412736000
AVGO,2023-11-11,412735008
AVGO,2023-11-14,412736000
AVGO,2023-11-16,412735008
AVGO,2023-11-18,412736000
AVGO,2023-11-21,412735008
AVGO,2023-11-22,412736000
AVGO,2023-11-23,412735008
AVGO,2023-11-24,521545984
AVGO,2023-11-25,521545984
AVGO,2023-12-01,521545984
AVGO,2023-12-03,521552000
AVGO,2023-12-05,521545984
AVGO,2023-12-06,527888992
AVGO,2023-12-08,467158016
AVGO,2023-12-09,467158016
AVGO,2023-12-12,467158016
AVGO,2023-12-13,467158016
AVGO,2023-12-14,467158016
AVGO,2023-12-16,468140992
AVGO,2023-12-19,468140992
AVGO,2023-12-22,468140992
AVGO,2023-12-23,470356000
AVGO,2023-12-26,468140992
AVGO,2023-12-27,468140992
AVGO,2023-12-28,468140992
AVGO,2023-12-29,468140992
AVGO,2024-01-04,468140992
AVGO,2024-01-05,468140992
AVGO,2024-01-06,468391008
AVGO,2024-01-09,468140992
AVGO,2024-01-10,468140992
AVGO,2024-01-12,468140992
AVGO,2024-01-13,468140992
AVGO,2024-01-16,468284000
AVGO,2024-01-17,468140992
AVGO,2024-01-18,468140992
AVGO,2024-01-24,468140992
AVGO,2024-02-02,468140992
AVGO,2024-02-03,468140992
AVGO,2024-02-06,468140992
AVGO,2024-02-08,468140992
AVGO,2024-02-13,468140992
AVGO,2024-02-17,468140992
AVGO,2024-02-21,468140992
AVGO,2024-02-22,468140992
AVGO,2024-02-24,468140992
AVGO,2024-02-28,463420992
AVGO,2024-02-29,463420992
AVGO,2024-03-02,463420992
AVGO,2024-03-04,463572992
AVGO,2024-03-05,463420992
AVGO,2024-03-07,463420992
AVGO,2024-03-09,463420992
AVGO,2024-03-12,463420992
AVGO,2024-03-13,463420992
AVGO,2024-03-15,463420992
AVGO,2024-03-16,463420992
AVGO,2024-03-20,463420992
AVGO,2024-03-26,470414016
AVGO,2024-03-27,463420992
AVGO,2024-04-12,463420992
AVGO,2024-04-16,463420992
AVGO,2024-04-17,463420992
AVGO,2024-04-18,463420992
AVGO,2024-04-19,463420992
AVGO,2024-04-20,463420992
AVGO,2024-04-26,463420992
AVGO,2024-04-30,465308000
AVGO,2024-05-01,463420992
AVGO,2024-05-02,463420992
AVGO,2024-05-03,463420992
AVGO,2024-05-09,463420992
AVGO,2024-05-10,470416992
AVGO,2024-05-11,463420992
AVGO,2024-05-15,463420992
AVGO,2024-05-17,463420992
AVGO,2024-05-21,463420992
AVGO,2024-05-22,463420992
AVGO,2024-05-23,463420992
AVGO,2024-05-24,463420992
AVGO,2024-05-25,463420992
AVGO,2024-05-29,463420992
AVGO,2024-05-30,463420992
AVGO,2024-05-31,463420992
AVGO,2024-06-01,463420992
AVGO,2024-06-04,463420992
AVGO,2024-06-05,463420992
AVGO,2024-06-07,463420992
AVGO,2024-06-11,463420992
AVGO,2024-06-13,463420992
AVGO,2024-06-14,465488000
AVGO,2024-06-15,465488000
AVGO,2024-06-18,465488000
AVGO,2024-06-21,483679008
AVGO,2024-06-25,465488000
AVGO,2024-06-27,465488000
AVGO,2024-06-28,467055008
AVGO,2024-06-29,465488000
AVGO,2024-07-03,465488000
AVGO,2024-07-04,465488000
AVGO,2024-07-06,465488000
AVGO,2024-07-10,468859008
AVGO,2024-07-11,465488000
AVGO,2024-07-13,4654879744
AVGO,2024-07-16,4654879744
AVGO,2024-07-18,5055280128
AVGO,2024-07-19,4654879744
AVGO,2024-07-20,4654879744
AVGO,2024-07-24,4654879744
AVGO,2024-07-25,4654879744
AVGO,2024-07-26,4654879744
AVGO,2024-07-30,4654879744
AVGO,2024-07-31,4869810176
AVGO,2024-08-01,4654879744
AVGO,2024-08-06,4654879744
AVGO,2024-08-07,4654879744
AVGO,2024-08-08,4654879744
AVGO,2024-08-13,4654879744
AVGO,2024-08-14,4654879744
AVGO,2024-08-15,4654879744
AVGO,2024-08-16,4654879744
AVGO,2024-08-17,4666399744
AVGO,2024-08-20,4654879744
AVGO,2024-08-23,4654879744
AVGO,2024-08-24,4654879744
AVGO,2024-08-27,4848399872
AVGO,2024-08-29,4691959808
AVGO,2024-08-30,4654879744
AVGO,2024-08-31,4654879744
AVGO,2024-09-04,4654879744
AVGO,2024-09-05,4654879744
AVGO,2024-09-06,4654879744
AVGO,2024-09-07,5192589824
AVGO,2024-09-12,4670580224
AVGO,2024-09-13,4670580224
AVGO,2024-09-16,4775079936
AVGO,2024-09-17,4670580224
AVGO,2024-09-18,4670580224
AVGO,2024-09-19,4670580224
AVGO,2024-09-21,4670580224
AVGO,2024-09-27,4670580224
AVGO,2024-09-28,4817710080
AVGO,2024-09-30,4675720192
AVGO,2024-10-01,4670580224
AVGO,2024-10-02,4670580224
AVGO,2024-10-03,4670580224
AVGO,2024-10-04,4670580224
AVGO,2024-10-05,4670580224
AVGO,2024-10-09,4670580224
AVGO,2024-10-12,4670580224
AVGO,2024-10-15,4670580224
AVGO,2024-10-16,4670580224
AVGO,2024-10-17,4670580224
AVGO,2024-10-18,4794990080
AVGO,2024-10-22,4670580224
AVGO,2024-10-23,4670580224
AVGO,2024-10-24,4670580224
AVGO,2024-10-25,4729449984
AVGO,2024-10-29,4670580224
AVGO,2024-10-31,4741179904
AVGO,2024-11-01,4670580224
AVGO,2024-11-02,4670580224
AVGO,2024-11-05,4670580224
AVGO,2024-11-06,4670580224
AVGO,2024-11-07,4670580224
AVGO,2024-11-08,4670580224
AVGO,2024-11-12,4670580224
AVGO,2024-11-13,4670580224
AVGO,2024-11-14,4741609984
AVGO,2024-11-15,4670580224
AVGO,2024-11-16,4670580224
AVGO,2024-11-19,4670580224
AVGO,2024-11-21,4670580224
AVGO,2024-11-22,4670580224
AVGO,2024-11-28,4670580224
AVGO,2024-11-30,4670580224
AVGO,2024-12-06,4673039872
AVGO,2024-12-07,4670580224
AVGO,2024-12-10,4670580224
AVGO,2024-12-11,4670580224
AVGO,2024-12-12,4670580224
AVGO,2024-12-13,4736240128
AVGO,2024-12-14,4670580224
AVGO,2024-12-20,4670580224
AVGO,2024-12-21,4670580224
AVGO,2024-12-24,4687360000
AVGO,2024-12-25,4687360000
AVGO,2025-01-03,4687360000
AVGO,2025-01-07,4687360000
AVGO,2025-01-09,4687360000
AVGO,2025-01-11,4687360000
AVGO,2025-01-17,4687360000
AVGO,2025-01-18,4687360000
AVGO,2025-01-22,4687360000
AVGO,2025-01-23,4687360000
AVGO,2025-01-25,4687360000
AVGO,2025-01-30,4687360000
AVGO,2025-02-01,4687360000
AVGO,2025-02-04,4687360000
AVGO,2025-02-05,4687360000
AVGO,2025-02-08,4687360000
AVGO,2025-02-11,4687360000
AVGO,2025-02-13,4687360000
AVGO,2025-02-15,4742870016
AVGO,2025-02-19,4687360000
AVGO,2025-02-21,4687360000
AVGO,2025-02-22,4687360000
AVGO,2025-02-25,4687360000
AVGO,2025-02-27,4687360000
AVGO,2025-03-01,4687360000
AVGO,2025-03-04,4687360000
AVGO,2025-03-05,4701929984
AVGO,2025-03-06,4701929984
AVGO,2025-03-08,4701929984
AVGO,2025-03-11,4969849856
AVGO,2025-03-14,4701949952
AVGO,2025-03-18,4701949952
AVGO,2025-03-19,4701949952
AVGO,2025-03-20,4701949952
AVGO,2025-03-21,4701949952
AVGO,2025-03-26,4776629760
AVGO,2025-03-27,4937739776
AVGO,2025-03-28,4900969984
AVGO,2025-03-29,4701949952
AVGO,2025-04-01,4749409792
AVGO,2025-04-02,4701949952
AVGO,2025-04-04,4701949952
AVGO,2025-04-05,4701949952
AVGO,2025-04-08,4701949952
AVGO,2025-04-09,4701949952
AVGO,2025-04-10,5052619776
AVGO,2025-04-11,4701949952
AVGO,2025-04-12,4701949952
AVGO,2025-04-15,4701949952
AVGO,2025-04-18,4801489920
AVGO,2025-04-22,4837170176
AVGO,2025-04-23,4701949952
AVGO,2025-04-24,4701949952
AVGO,2025-04-25,4701949952
AVGO,2025-04-26,4701949952
AVGO,2025-04-29,4701949952
AVGO,2025-04-30,4733920256
AVGO,2025-05-06,4701949952
AVGO,2025-05-07,4716749824
AVGO,2025-05-09,4701949952
AVGO,2025-05-13,4701949952
AVGO,2025-05-14,4701949952
AVGO,2025-05-16,4701949952
AVGO,2025-05-17,4701949952
AVGO,2025-05-20,4701949952
AVGO,2025-05-22,4701949952
AVGO,2025-06-06,4722749952
AVGO,2025-06-10,4752960000
AVGO,2025-06-11,4701949952
AVGO,2025-06-12,4701949952
AVGO,2025-06-13,4703470080
AVGO,2025-06-14,4842849792
AVGO,2025-06-17,4754959872
AVGO,2025-06-18,4703470080
AVGO,2025-06-19,4703470080
AVGO,2025-06-21,4703470080
AVGO,2025-06-24,4703470080
AVGO,2025-06-26,4703470080
AVGO,2025-06-28,4717790208
AVGO,2025-07-01,4703470080
AVGO,2025-07-08,4720629760
AVGO,2025-07-09,4703470080
AVGO,2025-07-11,4720960000
AVGO,2025-07-12,4703470080
AVGO,2025-07-17,4703470080
AVGO,2025-07-25,4703470080
AVGO,2025-07-29,4703470080
AVGO,2025-07-30,4703470080
AVGO,2025-07-31,4703470080
AVGO,2025-08-01,4703470080
AVGO,2025-08-02,4703470080
AVGO,2025-08-06,4703470080
AVGO,2025-08-07,4703470080
AVGO,2025-08-08,4703470080
AVGO,2025-08-09,4703470080
AVGO,2025-08-12,4703470080
AVGO,2025-08-13,4703470080
AVGO,2025-08-14,4703470080
AVGO,2025-08-16,4703470080
AVGO,2025-08-19,4703470080
AVGO,2025-08-20,4703470080
AVGO,2025-08-21,4703470080
AVGO,2025-08-27,4703470080
AVGO,2025-08-29,4703470080
AVGO,2025-08-30,4703470080
AVGO,2025-09-05,4703470080
AVGO,2025-09-06,4703470080
AVGO,2025-09-10,4703470080
AVGO,2025-09-11,4703470080
AVGO,2025-09-12,4722359808
AVGO,2025-09-13,4722359808
AVGO,2025-09-16,4722359808
AVGO,2025-09-17,4722365022
AVGO,2025-09-18,4722365022
AVGO,2025-09-20,4727978084
AVGO,2025-09-23,4722365022
AVGO,2025-09-24,4722365022
AVGO,2025-09-26,4722365022
AVGO,2025-09-27,4722365022
AVGO,2025-09-30,4817849255
AVGO,2025-10-01,4788496168
AVGO,2025-10-02,4738512765
AVGO,2025-10-06,4722365022
AVGO,2025-10-07,4722365022
AVGO,2025-10-08,4722365022
AVGO,2025-10-11,4722365022
AVGO,2025-10-14,4722365022
AVGO,2025-10-15,4894858348
AVGO,2025-10-16,4722365022
AVGO,2025-10-18,4722365022
AVGO,2025-10-20,4723581987
AVGO,2025-10-22,4814287554
AVGO,2025-10-23,4722365022
AVGO,2025-10-24,4722365022
AVGO,2025-10-25,4722365022
AVGO,2025-10-27,4722365022
AVGO,2025-10-30,4722365022
AVGO,2025-10-31,4722365022
AVGO,2025-11-01,4722365022
AVGO,2025-11-04,4722365022
AVGO,2025-11-05,4722365022
AVGO,2025-11-08,4722365022
AVGO,2025-11-11,4722365022
AVGO,2025-11-12,4722365022
AVGO,2025-11-13,4722365022
AVGO,2025-11-15,4722365022
AVGO,2025-11-17,4722365022
AVGO,2025-12-20,4741273799
AVGO,2026-03-10,4741273800
AVGO,2026-03-19,4741273799
AVGO,2026-04-23,4734668184
AVGO,2026-06-09,4757580198
AVGO,2026-06-10,4757580198
AVGO,2026-09-11,4773629865
ORCL,2019-01-05,3588920064
ORCL,2019-01-07,3588920064
ORCL,2019-01-09,3588920064
ORCL,2019-01-10,3588920064
ORCL,2019-01-12,3588920064
ORCL,2019-01-14,3588920064
ORCL,2019-01-16,3588920064
ORCL,2019-01-20,3588920064
ORCL,2019-01-24,3588920064
ORCL,2019-01-25,3588920064
ORCL,2019-01-26,3588920064
ORCL,2019-01-29,3588920064
ORCL,2019-01-30,3588920064
ORCL,2019-02-04,3588920064
ORCL,2019-02-07,3588920064
ORCL,2019-02-12,3588920064
ORCL,2019-02-13,3588920064
ORCL,2019-02-15,3588920064
ORCL,2019-02-16,3588920064
ORCL,2019-02-17,3588920064
ORCL,2019-02-20,3588920064
ORCL,2019-02-27,3588920064
ORCL,2019-02-28,3588920064
ORCL,2019-03-01,3588920064
ORCL,2019-03-07,3588920064
ORCL,2019-03-08,3588920064
ORCL,2019-03-10,3588920064
ORCL,2019-03-12,3588920064
ORCL,2019-03-14,3588920064
ORCL,2019-03-17,3588920064
ORCL,2019-03-19,3588920064
ORCL,2019-03-26,3417649920
ORCL,2019-03-29,3417649920
ORCL,2019-04-01,3417649920
ORCL,2019-04-05,3417649920
ORCL,2019-04-06,3417649920
ORCL,2019-04-09,3417649920
ORCL,2019-04-10,3417649920
ORCL,2019-04-14,3417649920
ORCL,2019-04-16,3417649920
ORCL,2019-04-17,3417649920
ORCL,2019-04-18,3417649920
ORCL,2019-04-21,3417649920
ORCL,2019-04-22,3417649920
ORCL,2019-04-29,3417649920
ORCL,2019-04-30,3417649920
ORCL,2019-05-02,3417649920
ORCL,2019-05-04,3417649920
ORCL,2019-05-05,3417649920
ORCL,2019-05-08,3417649920
ORCL,2019-05-09,3417649920
ORCL,2019-05-10,3417649920
ORCL,2019-05-12,3417649920
ORCL,2019-05-14,3417649920
ORCL,2019-05-19,3417649920
ORCL,2019-05-21,3417649920
ORCL,2019-05-22,3417649920
ORCL,2019-05-24,3417649920
ORCL,2019-05-28,3417649920
ORCL,2019-06-02,3417649920
ORCL,2019-06-03,3417649920
ORCL,2019-06-05,3417649920
ORCL,2019-06-10,3417649920
ORCL,2019-06-11,3417649920
ORCL,2019-06-14,3417649920
ORCL,2019-06-17,3417649920
ORCL,2019-06-19,3417649920
ORCL,2019-06-21,3417649920
ORCL,2019-06-23,3417649920
ORCL,2019-06-24,3335820032
ORCL,2019-07-16,3320199936
ORCL,2019-07-17,3335820032
ORCL,2019-07-18,3300529920
ORCL,2019-07-19,3335820032
ORCL,2019-09-09,3266789888
ORCL,2019-09-12,3335820032
ORCL,2019-10-10,3282520064
ORCL,2019-10-31,3285509888
ORCL,2019-11-01,3260969984
ORCL,2019-11-02,3282520064
ORCL,2019-11-06,3225690112
ORCL,2019-11-10,3282520064
ORCL,2019-11-13,3273240064
ORCL,2019-11-14,3260480000
ORCL,2019-11-16,3282520064
ORCL,2019-12-04,3333029888
ORCL,2019-12-13,3282520064
ORCL,2019-12-22,3207650048
ORCL,2020-01-01,3190700032
ORCL,2020-01-02,3207650048
ORCL,2020-02-03,3155899904
ORCL,2020-02-07,3205890048
ORCL,2020-02-09,3207650048
ORCL,2020-02-10,3208240128
ORCL,2020-02-17,3207650048
ORCL,2020-03-03,3207650048
ORCL,2020-03-04,3342259968
ORCL,2020-03-08,3207650048
ORCL,2020-03-17,3598840064
ORCL,2020-03-18,3153580032
ORCL,2020-05-09,3153580032
ORCL,2020-05-21,3120199936
ORCL,2020-05-22,3153580032
ORCL,2020-06-24,3068679936
ORCL,2020-08-28,3068679936
ORCL,2020-09-05,3172400128
ORCL,2020-09-06,3068679936
ORCL,2020-09-14,3068679936
ORCL,2020-09-18,3007160064
ORCL,2020-09-23,3010889984
ORCL,2020-11-26,3010889984
ORCL,2020-12-14,3010889984
ORCL,2020-12-15,3010889984
ORCL,2021-02-26,2971340032
ORCL,2021-02-27,2944029952
ORCL,2021-03-14,2883539968
ORCL,2021-03-17,2883539968
ORCL,2021-03-18,2883539968
ORCL,2021-03-24,2842810112
ORCL,2021-03-25,2883539968
ORCL,2021-03-30,2847859968
ORCL,2021-03-31,2907239936
ORCL,2021-04-01,2899150080
ORCL,2021-04-02,2817679872
ORCL,2021-04-03,2883539968
ORCL,2021-04-08,2891709952
ORCL,2021-04-09,2837189888
ORCL,2021-04-10,2883539968
ORCL,2021-04-14,2862850048
ORCL,2021-04-15,2883539968
ORCL,2021-04-23,2952470016
ORCL,2021-04-24,2948539904
ORCL,2021-04-27,2865459968
ORCL,2021-04-28,2883539968
ORCL,2021-04-29,2900890112
ORCL,2021-04-30,2883539968
ORCL,2021-05-05,2839470080
ORCL,2021-05-06,2859500032
ORCL,2021-05-07,2883539968
ORCL,2021-05-18,2876610048
ORCL,2021-05-19,2883539968
ORCL,2021-05-25,2870820096
ORCL,2021-05-26,2883539968
ORCL,2021-06-23,2792000000
ORCL,2021-07-14,2792320000
ORCL,2021-07-15,2792000000
ORCL,2021-09-01,2802020096
ORCL,2021-09-02,2792000000
ORCL,2021-09-15,2738180096
ORCL,2021-09-28,2733690112
ORCL,2021-10-26,2743739904
ORCL,2021-11-05,2748549888
ORCL,2021-11-06,2733690112
ORCL,2021-12-14,2670449920
ORCL,2022-02-12,2670449920
ORCL,2022-04-05,2668160000
ORCL,2022-05-04,2694000128
ORCL,2022-05-06,2668160000
ORCL,2022-05-17,2724039936
ORCL,2022-05-19,2668160000
ORCL,2022-06-01,2700059904
ORCL,2022-06-02,2668160000
ORCL,2022-06-14,2796879872
ORCL,2022-06-15,2668160000
ORCL,2022-06-18,2707160064
ORCL,2022-06-19,2668160000
ORCL,2022-06-29,2664930048
ORCL,2022-07-07,2677199872
ORCL,2022-07-09,2664930048
ORCL,2022-07-27,2694799872
ORCL,2022-07-29,2706020096
ORCL,2022-07-30,2664930048
ORCL,2022-09-02,2664930048
ORCL,2022-09-15,2695650048
ORCL,2022-09-20,2686289920
ORCL,2022-09-21,2695650048
ORCL,2022-10-01,2696169984
ORCL,2022-11-04,2699399936
ORCL,2022-12-17,2696250112
ORCL,2023-03-08,2738360064
ORCL,2023-03-09,2696250112
ORCL,2023-03-14,2699800064
ORCL,2023-03-24,2703490048
ORCL,2023-03-25,2699800064
ORCL,2023-03-30,2722939904
ORCL,2023-04-01,2699800064
ORCL,2023-04-18,2699800064
ORCL,2023-05-04,2700369920
ORCL,2023-05-05,2699800064
ORCL,2023-05-12,2702020096
ORCL,2023-05-14,2699800064
ORCL,2023-06-22,2714259968
ORCL,2023-07-12,2726119936
ORCL,2023-07-13,2714259968
ORCL,2023-08-21,2714259968
ORCL,2023-08-23,2715419904
ORCL,2023-08-25,2714259968
ORCL,2023-09-15,2739820032
ORCL,2023-09-27,2739379968
ORCL,2023-10-10,2739379968
ORCL,2023-10-11,2739379968
ORCL,2023-10-12,2739379968
ORCL,2023-10-13,2739379968
ORCL,2023-10-14,2761139968
ORCL,2023-10-15,2739379968
ORCL,2023-10-16,2739379968
ORCL,2023-10-17,2739379968
ORCL,2023-10-18,2739379968
ORCL,2023-10-19,2759369984
ORCL,2023-10-20,2739379968
ORCL,2023-10-23,2739379968
ORCL,2023-10-25,2751589888
ORCL,2023-11-08,2742390016
ORCL,2023-11-09,2739379968
ORCL,2023-12-06,2769270016
ORCL,2023-12-14,2748920064
ORCL,2023-12-15,2822370048
ORCL,2023-12-16,2748920064
ORCL,2023-12-22,2748920064
ORCL,2024-01-06,2748920064
ORCL,2024-01-18,2752539904
ORCL,2024-01-19,2748920064
ORCL,2024-01-27,2757550080
ORCL,2024-01-30,2748920064
ORCL,2024-02-07,2748920064
ORCL,2024-02-10,2749860096
ORCL,2024-02-13,2748920064
ORCL,2024-03-13,2793159936
ORCL,2024-03-14,2748509952
ORCL,2024-03-23,2748509952
ORCL,2024-03-26,2748509952
ORCL,2024-04-12,2796849920
ORCL,2024-04-13,2748509952
ORCL,2024-04-18,2748509952
ORCL,2024-04-25,2759280128
ORCL,2024-04-26,2748509952
ORCL,2024-04-30,2748509952
ORCL,2024-05-01,2814720000
ORCL,2024-05-10,2766190080
ORCL,2024-05-23,2748509952
ORCL,2024-05-24,2748509952
ORCL,2024-05-31,2748509952
ORCL,2024-06-12,2748509952
ORCL,2024-06-15,2782739968
ORCL,2024-06-21,2781789952
ORCL,2024-06-22,2755859968
ORCL,2024-06-25,2755859968
ORCL,2024-06-27,2755859968
ORCL,2024-07-10,2755859968
ORCL,2024-07-18,2822149888
ORCL,2024-07-23,2755859968
ORCL,2024-07-24,2755859968
ORCL,2024-07-25,2774860032
ORCL,2024-07-26,2755859968
ORCL,2024-07-31,2755859968
ORCL,2024-08-01,2755859968
ORCL,2024-08-20,2755859968
ORCL,2024-08-22,2755859968
ORCL,2024-08-27,2755859968
ORCL,2024-08-29,2755859968
ORCL,2024-08-30,2755859968
ORCL,2024-08-31,2755859968
ORCL,2024-09-07,2771409920
ORCL,2024-09-10,2755859968
ORCL,2024-09-11,2770970112
ORCL,2024-09-12,2770970112
ORCL,2024-09-26,2771059968
ORCL,2024-09-27,2771059968
ORCL,2024-10-02,2771059968
ORCL,2024-10-03,2771059968
ORCL,2024-10-04,2771059968
ORCL,2024-10-05,2771059968
ORCL,2024-10-11,2771059968
ORCL,2024-10-12,2771059968
ORCL,2024-10-15,2771059968
ORCL,2024-10-16,2771059968
ORCL,2024-10-18,2785489920
ORCL,2024-10-23,2771059968
ORCL,2024-10-28,2781989888
ORCL,2024-10-29,2771059968
ORCL,2024-10-31,2771059968
ORCL,2024-11-01,2771059968
ORCL,2024-11-05,2778089984
ORCL,2024-11-06,2771059968
ORCL,2024-11-07,2771059968
ORCL,2024-11-08,2771059968
ORCL,2024-11-12,2771059968
ORCL,2024-11-13,2771059968
ORCL,2024-11-14,2771059968
ORCL,2024-11-15,2771059968
ORCL,2024-11-16,2820979968
ORCL,2024-11-21,2771059968
ORCL,2024-11-22,2771059968
ORCL,2024-11-23,2771059968
ORCL,2024-11-28,2771059968
ORCL,2024-12-04,2771059968
ORCL,2024-12-06,2800079872
ORCL,2024-12-07,2771059968
ORCL,2024-12-11,2969220096
ORCL,2024-12-12,2796960000
ORCL,2024-12-13,2848960000
ORCL,2024-12-14,2796960000
ORCL,2025-01-07,2796960000
ORCL,2025-01-11,2796960000
ORCL,2025-01-14,2796960000
ORCL,2025-02-13,2796960000
ORCL,2025-03-04,2796960000
ORCL,2025-03-11,2796960000
ORCL,2025-03-13,2804229888
ORCL,2025-03-14,2804229888
ORCL,2025-03-22,2813260032
ORCL,2025-03-26,2804229888
ORCL,2025-03-27,2920539904
ORCL,2025-03-28,2804229888
ORCL,2025-04-01,2804229888
ORCL,2025-04-10,2937560064
ORCL,2025-04-11,2804229888
ORCL,2025-04-15,2804229888
ORCL,2025-04-16,2804229888
ORCL,2025-04-18,2829090048
ORCL,2025-04-22,2936659968
ORCL,2025-04-23,2804229888
ORCL,2025-04-29,2804229888
ORCL,2025-04-30,2804229888
ORCL,2025-05-07,2804229888
ORCL,2025-05-15,2866690048
ORCL,2025-05-16,2804229888
ORCL,2025-05-20,2804229888
ORCL,2025-05-21,2804229888
ORCL,2025-05-30,2804229888
ORCL,2025-06-05,2804229888
ORCL,2025-06-17,2804229888
ORCL,2025-06-18,2843569920
ORCL,2025-06-20,2808829952
ORCL,2025-07-08,2870030080
ORCL,2025-07-11,2862919936
ORCL,2025-07-12,2808829952
ORCL,2025-08-08,2888120064
ORCL,2025-09-05,2814500096
ORCL,2025-09-12,2841710080
ORCL,2025-09-17,2841714000
ORCL,2025-09-23,2971380840
ORCL,2025-09-24,2841714000
ORCL,2025-09-30,2850792605
ORCL,2025-10-01,2864145393
ORCL,2025-10-02,2850792605
ORCL,2025-10-03,2853063130
ORCL,2025-10-06,2877094738
ORCL,2025-10-07,2850792605
ORCL,2025-10-08,2924509625
ORCL,2025-10-10,2850792605
ORCL,2025-10-14,2850792605
ORCL,2025-10-15,2936697760
ORCL,2025-10-18,3063053398
ORCL,2025-10-21,2996119467
ORCL,2025-10-22,3018224219
ORCL,2025-10-23,2850792605
ORCL,2025-10-25,2850792605
ORCL,2025-10-27,2870344949
ORCL,2025-10-28,2850792605
ORCL,2025-10-30,2850792605
ORCL,2025-10-31,2850792605
ORCL,2025-11-05,2850792605
ORCL,2025-11-07,2850792605
ORCL,2025-11-12,2850792605
ORCL,2025-11-15,2850792605
ORCL,2025-11-17,2850792605
ORCL,2025-12-13,2873130000
ORCL,2026-02-03,2874091000
ORCL,2026-03-17,2876046000
ORCL,2026-06-23,2880471000
ORCL,2026-09-16,3023736000
ORCL,2026-09-29,3031501149
ORCL,2026-09-30,3031501149
ORCL,2026-10-01,3031501149
ORCL,2026-10-02,3031501149
ORCL,2026-10-03,3031501149
ORCL,2026-10-04,3031501149
ORCL,2026-10-05,3031501149
ORCL,2026-10-06,3031501149
ORCL,2026-10-07,3031501149
ORCL,2026-10-08,3031501149
ORCL,2026-10-09,3031501149
CRM,2019-01-05,765000000
CRM,2019-01-07,765000000
CRM,2019-01-09,765000000
CRM,2019-01-10,765000000
CRM,2019-01-12,765000000
CRM,2019-01-16,765000000
CRM,2019-01-17,765000000
CRM,2019-01-25,765000000
CRM,2019-01-26,765000000
CRM,2019-01-30,765000000
CRM,2019-02-07,765000000
CRM,2019-02-10,765000000
CRM,2019-02-13,765000000
CRM,2019-02-15,765000000
CRM,2019-02-17,765000000
CRM,2019-02-20,765000000
CRM,2019-02-28,765000000
CRM,2019-03-07,765000000
CRM,2019-03-10,771000000
CRM,2019-03-14,771000000
CRM,2019-03-17,771000000
CRM,2019-03-26,771000000
CRM,2019-03-29,771000000
CRM,2019-04-01,771000000
CRM,2019-04-05,771000000
CRM,2019-04-14,774873984
CRM,2019-04-15,774873984
CRM,2019-04-17,774873984
CRM,2019-04-19,774873984
CRM,2019-04-21,774873984
CRM,2019-04-23,774873984
CRM,2019-04-29,774772992
CRM,2019-05-01,774772992
CRM,2019-05-02,774772992
CRM,2019-05-03,774772992
CRM,2019-05-05,774772992
CRM,2019-05-07,774772992
CRM,2019-05-09,774772992
CRM,2019-05-11,774772992
CRM,2019-05-12,774772992
CRM,2019-05-13,774772992
CRM,2019-05-19,774772992
CRM,2019-05-20,774772992
CRM,2019-05-22,774772992
CRM,2019-05-23,774772992
CRM,2019-05-28,774772992
CRM,2019-06-01,774772992
CRM,2019-06-03,774772992
CRM,2019-06-04,774772992
CRM,2019-06-05,774772992
CRM,2019-06-06,774772992
CRM,2019-06-10,776000000
CRM,2019-06-11,776000000
CRM,2019-06-17,776544000
CRM,2019-06-19,776544000
CRM,2019-06-21,776544000
CRM,2019-06-23,776544000
CRM,2019-06-24,776544000
CRM,2019-06-26,776544000
CRM,2019-07-05,769208000
CRM,2019-07-06,776544000
CRM,2019-07-10,764961024
CRM,2019-07-11,790614976
CRM,2019-07-12,791985984
CRM,2019-07-13,778878016
CRM,2019-08-05,806193984
CRM,2019-08-06,875348992
CRM,2019-08-07,893001024
CRM,2019-08-08,868116992
CRM,2019-08-09,888822016
CRM,2019-08-10,875348992
CRM,2019-08-27,877000000
CRM,2019-08-30,853939968
CRM,2019-09-02,853174016
CRM,2019-09-04,877000000
CRM,2019-09-06,890118016
CRM,2019-09-09,906025984
CRM,2019-09-11,914622976
CRM,2019-09-12,877000000
CRM,2019-09-20,881764992
CRM,2019-09-21,877000000
CRM,2019-10-04,860414976
CRM,2019-10-24,877000000
CRM,2020-01-07,887000000
CRM,2020-03-23,895000000
CRM,2020-05-05,898884992
CRM,2020-06-23,901000000
CRM,2020-08-28,901000000
CRM,2020-09-02,910000000
CRM,2020-09-05,910000000
CRM,2020-09-21,910000000
CRM,2020-10-01,895987008
CRM,2020-10-05,910000000
CRM,2020-10-08,910000000
CRM,2020-10-14,909182016
CRM,2020-10-24,910000000
CRM,2020-10-30,910000000
CRM,2020-11-03,909294976
CRM,2020-11-05,860606016
CRM,2020-11-11,910000000
CRM,2020-11-19,910000000
CRM,2020-11-20,910000000
CRM,2020-11-25,921302976
CRM,2020-11-26,910000000
CRM,2020-12-03,915444992
CRM,2020-12-04,915444992
CRM,2020-12-05,915000000
CRM,2020-12-08,915000000
CRM,2020-12-10,885726016
CRM,2020-12-18,915000000
CRM,2020-12-25,915000000
CRM,2020-12-29,913100992
CRM,2021-01-01,917198016
CRM,2021-01-05,908579008
CRM,2021-01-06,917734016
CRM,2021-01-07,940534976
CRM,2021-01-12,933670976
CRM,2021-01-13,917734016
CRM,2021-01-27,916355008
CRM,2021-01-28,923777024
CRM,2021-01-29,917734976
CRM,2021-01-30,917734016
CRM,2021-02-03,895241984
CRM,2021-02-04,920163968
CRM,2021-02-06,914238976
CRM,2021-02-24,897510016
CRM,2021-02-27,917734976
CRM,2021-03-02,917734016
CRM,2021-03-04,917734976
CRM,2021-03-05,914750016
CRM,2021-03-11,915873024
CRM,2021-03-13,933908992
CRM,2021-03-17,910545984
CRM,2021-03-19,921000000
CRM,2021-03-24,921000000
CRM,2021-03-27,921000000
CRM,2021-03-30,921000000
CRM,2021-03-31,924377024
CRM,2021-04-01,921000000
CRM,2021-04-02,921000000
CRM,2021-04-07,917667008
CRM,2021-04-08,921000000
CRM,2021-04-09,905982016
CRM,2021-04-10,921000000
CRM,2021-04-13,921000000
CRM,2021-04-14,921000000
CRM,2021-04-15,921000000
CRM,2021-04-16,901315008
CRM,2021-04-17,921000000
CRM,2021-04-20,921000000
CRM,2021-04-21,931262016
CRM,2021-04-22,921000000
CRM,2021-04-23,917854976
CRM,2021-04-24,909364992
CRM,2021-04-27,928691008
CRM,2021-04-29,921000000
CRM,2021-04-30,930902976
CRM,2021-05-01,937155008
CRM,2021-05-04,922233024
CRM,2021-05-05,922233024
CRM,2021-05-06,929854016
CRM,2021-05-07,922233024
CRM,2021-05-08,922233024
CRM,2021-05-11,922233024
CRM,2021-05-12,922233024
CRM,2021-05-13,944222016
CRM,2021-05-14,916486976
CRM,2021-05-15,922233024
CRM,2021-05-18,922233024
CRM,2021-05-19,922233024
CRM,2021-05-20,922233024
CRM,2021-05-21,922233024
CRM,2021-05-25,922233024
CRM,2021-05-28,922233024
CRM,2021-05-29,874707008
CRM,2021-06-02,922233024
CRM,2021-06-03,928443008
CRM,2021-06-04,911081024
CRM,2021-06-05,900108992
CRM,2021-06-08,923433984
CRM,2021-06-09,932737024
CRM,2021-06-10,927294016
CRM,2021-06-12,926462976
CRM,2021-06-17,926726016
CRM,2021-06-19,932292992
CRM,2021-06-24,926000000
CRM,2021-07-23,971529024
CRM,2021-08-31,979000000
CRM,2021-09-01,979000000
CRM,2021-11-04,979193984
CRM,2021-11-05,979000000
CRM,2021-12-08,985000000
CRM,2022-02-04,1041660032
CRM,2022-02-05,985000000
CRM,2022-02-06,1014910016
CRM,2022-02-07,985000000
CRM,2022-02-11,985000000
CRM,2022-03-04,1012129984
CRM,2022-03-05,985000000
CRM,2022-03-12,990000000
CRM,2022-03-15,1014499968
CRM,2022-03-17,998883008
CRM,2022-03-18,985000000
CRM,2022-03-22,990000000
CRM,2022-03-28,1003840000
CRM,2022-03-29,990000000
CRM,2022-04-04,990000000
CRM,2022-04-30,993916992
CRM,2022-05-05,993916992
CRM,2022-06-03,995000000
CRM,2022-06-07,1006099968
CRM,2022-06-08,995000000
CRM,2022-08-29,1000000000
CRM,2022-08-30,1000000000
CRM,2022-09-02,1000000000
CRM,2022-12-06,1079369984
CRM,2022-12-07,1000000000
CRM,2023-03-04,1000860032
CRM,2023-03-05,1000000000
CRM,2023-03-30,1022569984
CRM,2023-04-01,1000000000
CRM,2023-04-04,1016739968
CRM,2023-04-05,1003609984
CRM,2023-04-06,1009680000
CRM,2023-04-07,1000000000
CRM,2023-05-03,979022976
CRM,2023-05-04,985275008
CRM,2023-05-06,979022976
CRM,2023-05-14,993771008
CRM,2023-05-16,979022976
CRM,2023-06-02,974000000
CRM,2023-06-23,990804992
CRM,2023-06-24,974000000
CRM,2023-07-12,1012259968
CRM,2023-07-13,974000000
CRM,2023-08-21,974000000
CRM,2023-08-23,984692992
CRM,2023-08-24,974000000
CRM,2023-09-02,973000000
CRM,2023-09-13,989022016
CRM,2023-09-15,973000000
CRM,2023-10-10,973000000
CRM,2023-10-11,974598976
CRM,2023-10-13,973000000
CRM,2023-10-14,978184000
CRM,2023-10-15,973000000
CRM,2023-10-18,973000000
CRM,2023-10-19,973000000
CRM,2023-10-22,973000000
CRM,2023-10-24,973000000
CRM,2023-11-04,976001024
CRM,2023-12-01,968000000
CRM,2023-12-15,968414016
CRM,2023-12-16,968000000
CRM,2023-12-19,968000000
CRM,2023-12-21,968000000
CRM,2023-12-22,968000000
CRM,2023-12-23,971307008
CRM,2023-12-26,968000000
CRM,2023-12-27,968000000
CRM,2024-01-05,970312000
CRM,2024-01-10,968000000
CRM,2024-01-11,968000000
CRM,2024-01-19,968000000
CRM,2024-01-20,968000000
CRM,2024-01-24,968000000
CRM,2024-01-25,968000000
CRM,2024-01-26,968000000
CRM,2024-01-27,968000000
CRM,2024-02-01,990865984
CRM,2024-02-02,968000000
CRM,2024-02-07,975721984
CRM,2024-02-08,968000000
CRM,2024-02-09,968000000
CRM,2024-02-10,970160000
CRM,2024-02-13,968000000
CRM,2024-02-14,968000000
CRM,2024-02-16,968000000
CRM,2024-02-23,968000000
CRM,2024-02-24,968000000
CRM,2024-03-05,974891008
CRM,2024-03-08,970000000
CRM,2024-03-09,970000000
CRM,2024-03-12,970000000
CRM,2024-03-13,976176000
CRM,2024-03-14,970000000
CRM,2024-03-23,971953984
CRM,2024-03-26,970729024
CRM,2024-03-27,970000000
CRM,2024-03-29,970643968
CRM,2024-04-12,985918016
CRM,2024-04-13,970000000
CRM,2024-04-16,970000000
CRM,2024-04-17,970000000
CRM,2024-04-18,973825984
CRM,2024-04-25,971721024
CRM,2024-04-26,970000000
CRM,2024-05-01,994526016
CRM,2024-05-14,970000000
CRM,2024-05-15,972523008
CRM,2024-05-16,970000000
CRM,2024-05-18,971251008
CRM,2024-05-20,971251008
CRM,2024-05-21,971251008
CRM,2024-05-22,971251008
CRM,2024-05-23,971251008
CRM,2024-05-24,989555008
CRM,2024-05-31,969000000
CRM,2024-06-05,969000000
CRM,2024-06-12,972417984
CRM,2024-06-13,990328000
CRM,2024-07-02,969000000
CRM,2024-07-03,969000000
CRM,2024-07-10,969000000
CRM,2024-07-17,969000000
CRM,2024-07-18,969000000
CRM,2024-07-26,969000000
CRM,2024-07-31,969000000
CRM,2024-08-13,973704000
CRM,2024-08-21,969000000
CRM,2024-08-24,969000000
CRM,2024-08-27,969000000
CRM,2024-08-28,969000000
CRM,2024-08-29,969000000
CRM,2024-08-30,976126016
CRM,2024-08-31,971536000
CRM,2024-09-07,964425024
CRM,2024-09-24,956000000
CRM,2024-09-25,956000000
CRM,2024-09-26,956000000
CRM,2024-09-27,956000000
CRM,2024-09-30,966233984
CRM,2024-10-01,956000000
CRM,2024-10-02,956000000
CRM,2024-10-12,962868992
CRM,2024-10-18,956822016
CRM,2024-10-31,964030976
CRM,2024-11-01,956000000
CRM,2024-11-06,957670976
CRM,2024-11-07,956000000
CRM,2024-11-08,956000000
CRM,2024-11-09,956000000
CRM,2024-11-13,957625024
CRM,2024-11-14,956000000
CRM,2024-11-15,956000000
CRM,2024-11-16,974780992
CRM,2024-11-19,964929984
CRM,2024-11-20,956000000
CRM,2024-11-22,956000000
CRM,2024-11-23,956000000
CRM,2024-11-30,956057984
CRM,2024-12-03,956000000
CRM,2024-12-05,957000000
CRM,2024-12-06,957000000
CRM,2024-12-11,957000000
CRM,2024-12-14,957000000
CRM,2025-01-07,957000000
CRM,2025-01-17,957000000
CRM,2025-02-01,957000000
CRM,2025-02-08,957000000
CRM,2025-02-20,957000000
CRM,2025-02-21,957000000
CRM,2025-03-04,957000000
CRM,2025-03-07,961000000
CRM,2025-03-11,996179008
CRM,2025-03-12,961000000
CRM,2025-03-15,961000000
CRM,2025-03-18,961000000
CRM,2025-03-21,961000000
CRM,2025-03-22,961000000
CRM,2025-03-25,961000000
CRM,2025-03-26,961000000
CRM,2025-03-27,961000000
CRM,2025-03-28,961000000
CRM,2025-04-01,961000000
CRM,2025-04-10,998857024
CRM,2025-04-11,961000000
CRM,2025-04-14,962699008
CRM,2025-04-15,961000000
CRM,2025-04-22,1005740032
CRM,2025-04-23,961000000
CRM,2025-04-29,959473984
CRM,2025-05-10,959473984
CRM,2025-05-29,963505984
CRM,2025-05-30,956000000
CRM,2025-05-31,956000000
CRM,2025-06-10,963936000
CRM,2025-06-14,956000000
CRM,2025-06-17,956000000
CRM,2025-06-18,956000000
CRM,2025-06-19,968009984
CRM,2025-07-03,956000000
CRM,2025-07-08,964326976
CRM,2025-07-09,956000000
CRM,2025-07-10,956000000
CRM,2025-07-11,977856000
CRM,2025-07-12,956000000
CRM,2025-07-22,956000000
CRM,2025-07-24,956000000
CRM,2025-08-08,988900992
CRM,2025-09-05,952000000
CRM,2025-09-16,952000000
CRM,2025-09-26,971518074
CRM,2025-10-01,977828523
CRM,2025-10-02,983263439
CRM,2025-10-08,975984650
CRM,2025-10-15,987654836
CRM,2025-10-18,963435906
CRM,2025-10-24,952821881
CRM,2025-10-25,952000000
CRM,2025-10-31,952000000
CRM,2025-11-01,952000000
CRM,2025-11-04,952000000
CRM,2025-11-05,952000000
CRM,2025-11-17,956000000
CRM,2025-12-09,952000000
CRM,2026-03-06,937000000
CRM,2026-04-18,923000000
CRM,2026-04-23,818053744
CRM,2026-05-28,819000000
CRM,2026-05-29,819000000
CRM,2026-08-28,823000000
AMD,2019-01-05,999406976
AMD,2019-01-07,999406976
AMD,2019-01-09,999406976
AMD,2019-01-10,999406976
AMD,2019-01-12,999406976
AMD,2019-01-14,999406976
AMD,2019-01-16,999406976
AMD,2019-01-17,999406976
AMD,2019-01-20,999406976
AMD,2019-01-22,999406976
AMD,2019-01-24,999406976
AMD,2019-01-25,999406976
AMD,2019-01-26,999406976
AMD,2019-01-28,999406976
AMD,2019-01-30,999406976
AMD,2019-02-04,999406976
AMD,2019-02-07,999406976
AMD,2019-02-10,999406976
AMD,2019-02-11,999406976
AMD,2019-02-13,1005299968
AMD,2019-02-14,1005299968
AMD,2019-02-15,1005299968
AMD,2019-02-17,1005299968
AMD,2019-02-18,1005299968
AMD,2019-02-20,1005299968
AMD,2019-02-28,1005299968
AMD,2019-03-01,1005299968
AMD,2019-03-07,1005299968
AMD,2019-03-09,1005299968
AMD,2019-03-10,1005299968
AMD,2019-03-11,1005299968
AMD,2019-03-14,1005299968
AMD,2019-03-15,1005299968
AMD,2019-03-17,1005299968
AMD,2019-03-18,1005299968
AMD,2019-03-26,1081560064
AMD,2019-03-27,1081560064
AMD,2019-03-29,1081560064
AMD,2019-03-30,1081560064
AMD,2019-04-01,1081560064
AMD,2019-04-02,1081560064
AMD,2019-04-05,1081560064
AMD,2019-04-09,1081560064
AMD,2019-04-11,1081560064
AMD,2019-04-14,1081560064
AMD,2019-04-15,1081560064
AMD,2019-04-17,1081560064
AMD,2019-04-19,1081560064
AMD,2019-04-21,1081560064
AMD,2019-04-23,1081560064
AMD,2019-04-29,1081560064
AMD,2019-05-01,1081560064
AMD,2019-05-02,1081560064
AMD,2019-05-03,1081560064
AMD,2019-05-05,1081600000
AMD,2019-05-07,1081600000
AMD,2019-05-09,1081600000
AMD,2019-05-11,1081600000
AMD,2019-05-12,1081600000
AMD,2019-05-13,1081600000
AMD,2019-05-19,1081600000
AMD,2019-05-20,1081600000
AMD,2019-05-22,1081600000
AMD,2019-05-23,1081600000
AMD,2019-05-28,1081600000
AMD,2019-06-01,1081600000
AMD,2019-06-03,1081600000
AMD,2019-06-04,1081600000
AMD,2019-06-05,1081600000
AMD,2019-06-06,1081600000
AMD,2019-06-10,1081600000
AMD,2019-06-11,1081600000
AMD,2019-06-12,1081600000
AMD,2019-06-17,1081600000
AMD,2019-06-19,1081600000
AMD,2019-06-21,1081600000
AMD,2019-06-23,1081600000
AMD,2019-06-24,1081600000
AMD,2019-06-26,1081600000
AMD,2019-07-05,1083330048
AMD,2019-07-06,1081600000
AMD,2019-07-10,1111079936
AMD,2019-07-11,1102480000
AMD,2019-07-12,1058230016
AMD,2019-07-13,1081600000
AMD,2019-08-02,1085549952
AMD,2019-08-05,1101030016
AMD,2019-08-06,1085549952
AMD,2019-08-07,1141779968
AMD,2019-08-08,1132089984
AMD,2019-08-09,1261449984
AMD,2019-08-10,1085549952
AMD,2019-08-30,1062419968
AMD,2019-09-04,1085549952
AMD,2019-09-06,1083820032
AMD,2019-09-09,1117159936
AMD,2019-09-11,1129360000
AMD,2019-09-12,1101299968
AMD,2019-09-20,1096589952
AMD,2019-09-21,1101299968
AMD,2019-10-04,1087090048
AMD,2019-10-08,1101299968
AMD,2019-10-21,1095280000
AMD,2019-10-22,1101299968
AMD,2019-10-31,1101299968
AMD,2019-11-01,1113629952
AMD,2019-11-05,1082989952
AMD,2019-11-06,1041209984
AMD,2019-11-07,1113629952
AMD,2019-11-08,1113319936
AMD,2019-11-09,1113629952
AMD,2019-11-14,1163719936
AMD,2019-11-15,1163789952
AMD,2019-11-16,1138599936
AMD,2019-11-20,1178860032
AMD,2019-12-04,1167069952
AMD,2019-12-18,1178640000
AMD,2019-12-19,1167069952
AMD,2020-01-07,1179079936
AMD,2020-01-08,1184189952
AMD,2020-01-09,1153560064
AMD,2020-01-11,1156909952
AMD,2020-01-12,1167069952
AMD,2020-02-05,1201820032
AMD,2020-02-06,1169660032
AMD,2020-02-07,1157459968
AMD,2020-02-08,1169660032
AMD,2020-02-12,1204130048
AMD,2020-02-13,1169660032
AMD,2020-03-09,1181330048
AMD,2020-03-10,1169660032
AMD,2020-03-30,1170850048
AMD,2020-05-01,1171190016
AMD,2020-05-21,1152080000
AMD,2020-05-22,1171190016
AMD,2020-07-31,1174060032
AMD,2020-08-28,1174060032
AMD,2020-09-05,1283299968
AMD,2020-09-06,1174060032
AMD,2020-09-21,1199440000
AMD,2020-09-22,1174060032
AMD,2020-10-29,1201789952
AMD,2020-10-30,1202710016
AMD,2020-11-26,1202710016
AMD,2020-12-08,1204070016
AMD,2021-01-29,1212070016
AMD,2021-02-02,1211280000
AMD,2021-02-09,1211320064
AMD,2021-03-17,1186439936
AMD,2021-03-18,1211320064
AMD,2021-04-02,1214610048
AMD,2021-04-23,1253779968
AMD,2021-04-24,1197730048
AMD,2021-04-27,1214610048
AMD,2021-04-28,1214610048
AMD,2021-04-30,1215020032
AMD,2021-07-30,1212969984
AMD,2021-10-29,1207609984
AMD,2022-02-04,1234560000
AMD,2022-02-05,1207609984
AMD,2022-02-06,1234460032
AMD,2022-02-07,1199299968
AMD,2022-02-11,1199299968
AMD,2022-02-19,1627360000
AMD,2022-02-23,1627360000
AMD,2022-03-04,1718919936
AMD,2022-03-05,1627360000
AMD,2022-03-15,1659830016
AMD,2022-03-17,1627360000
AMD,2022-03-28,1639059968
AMD,2022-03-29,1627360000
AMD,2022-05-05,1620160000
AMD,2022-05-06,1620509952
AMD,2022-05-10,1620509952
AMD,2022-06-03,1738499968
AMD,2022-06-05,1620509952
AMD,2022-06-07,1630480000
AMD,2022-06-08,1626200064
AMD,2022-08-06,1614320000
AMD,2022-09-02,1614320000
AMD,2022-11-10,1612359936
AMD,2022-12-06,1642140032
AMD,2022-12-07,1612359936
AMD,2023-01-04,1631250048
AMD,2023-01-06,1612359936
AMD,2023-03-02,1611389952
AMD,2023-03-25,1649720064
AMD,2023-03-30,1637459968
AMD,2023-04-01,1611389952
AMD,2023-04-04,1635590016
AMD,2023-04-05,1611389952
AMD,2023-04-06,1666960000
AMD,2023-04-07,1611389952
AMD,2023-05-04,1772870016
AMD,2023-05-06,1610360064
AMD,2023-05-14,1640109952
AMD,2023-05-16,1610360064
AMD,2023-06-23,1708329984
AMD,2023-06-24,1610360064
AMD,2023-08-21,1615670016
AMD,2023-08-23,1654819968
AMD,2023-08-24,1615670016
AMD,2023-09-07,1615670016
AMD,2023-09-13,1615820032
AMD,2023-09-15,1615670016
AMD,2023-10-11,1615670016
AMD,2023-10-13,1615670016
AMD,2023-10-14,1615670016
AMD,2023-10-18,1615670016
AMD,2023-10-19,1615670016
AMD,2023-10-20,1615670016
AMD,2023-10-22,1615670016
AMD,2023-10-24,1615670016
AMD,2023-10-25,1615670016
AMD,2023-10-28,1615670016
AMD,2023-11-04,1615670016
AMD,2023-11-07,1615500032
AMD,2023-11-09,1615500032
AMD,2023-11-15,1615500032
AMD,2023-11-17,1615500032
AMD,2023-11-18,1615500032
AMD,2023-11-22,1615500032
AMD,2023-11-23,1615500032
AMD,2023-11-29,1615500032
AMD,2023-11-30,1615500032
AMD,2023-12-01,1615500032
AMD,2023-12-03,1615900032
AMD,2023-12-05,1615500032
AMD,2023-12-06,1617549952
AMD,2023-12-07,1615500032
AMD,2023-12-08,1615500032
AMD,2023-12-09,1615500032
AMD,2023-12-14,1615500032
AMD,2023-12-15,1617720064
AMD,2023-12-16,1615500032
AMD,2023-12-21,1615500032
AMD,2023-12-22,1615500032
AMD,2023-12-23,1619090048
AMD,2023-12-26,1615500032
AMD,2023-12-27,1615500032
AMD,2023-12-28,1615500032
AMD,2023-12-29,1615500032
AMD,2024-01-04,1615500032
AMD,2024-01-05,1615500032
AMD,2024-01-06,1615500032
AMD,2024-01-09,1615500032
AMD,2024-01-10,1615500032
AMD,2024-01-11,1615500032
AMD,2024-01-12,1615500032
AMD,2024-01-13,1615500032
AMD,2024-01-16,1616050048
AMD,2024-01-17,1615500032
AMD,2024-01-18,1615500032
AMD,2024-01-20,1615500032
AMD,2024-01-23,1673609984
AMD,2024-01-24,1615500032
AMD,2024-01-27,1615500032
AMD,2024-01-31,1615500032
AMD,2024-02-01,1615500032
AMD,2024-02-02,1615789952
AMD,2024-02-03,1615789952
AMD,2024-02-06,1615789952
AMD,2024-02-07,1615789952
AMD,2024-02-08,1615789952
AMD,2024-02-10,1615789952
AMD,2024-02-15,1615789952
AMD,2024-02-21,1615789952
AMD,2024-02-22,1615789952
AMD,2024-02-24,1615789952
AMD,2024-02-28,1615789952
AMD,2024-02-29,1615789952
AMD,2024-03-01,1615789952
AMD,2024-03-04,1615789952
AMD,2024-03-05,1615789952
AMD,2024-03-06,1615789952
AMD,2024-03-08,1615789952
AMD,2024-03-09,1615789952
AMD,2024-03-12,1615789952
AMD,2024-03-13,1615789952
AMD,2024-03-14,1615789952
AMD,2024-03-15,1615789952
AMD,2024-03-20,1615789952
AMD,2024-03-26,1615789952
AMD,2024-03-27,1616140032
AMD,2024-03-28,1616140032
AMD,2024-04-02,1616140032
AMD,2024-04-03,1616140032
AMD,2024-04-06,1616140032
AMD,2024-04-09,1616140032
AMD,2024-04-11,1616140032
AMD,2024-04-12,1687410048
AMD,2024-04-13,1616140032
AMD,2024-04-16,1616140032
AMD,2024-04-17,1616140032
AMD,2024-04-18,1714560000
AMD,2024-04-19,1616140032
AMD,2024-04-23,1616140032
AMD,2024-04-25,1621779968
AMD,2024-04-30,1616140032
AMD,2024-05-01,1635020032
AMD,2024-05-03,1616310016
AMD,2024-05-04,1616310016
AMD,2024-05-07,1616310016
AMD,2024-05-08,1616310016
AMD,2024-05-09,1616310016
AMD,2024-05-10,1616310016
AMD,2024-05-11,1621309952
AMD,2024-05-14,1616310016
AMD,2024-05-15,1616310016
AMD,2024-05-16,1616310016
AMD,2024-05-17,1616310016
AMD,2024-05-21,1632710016
AMD,2024-05-22,1616310016
AMD,2024-05-23,1616310016
AMD,2024-05-24,1616310016
AMD,2024-05-30,1616310016
AMD,2024-06-01,1616310016
AMD,2024-06-04,1616310016
AMD,2024-06-05,1616310016
AMD,2024-06-08,1616310016
AMD,2024-06-12,1630550016
AMD,2024-06-15,1618540032
AMD,2024-06-18,1616310016
AMD,2024-06-19,1616310016
AMD,2024-06-21,1616310016
AMD,2024-06-25,1616310016
AMD,2024-06-26,1616310016
AMD,2024-06-27,1616310016
AMD,2024-06-28,1616310016
AMD,2024-06-29,1616310016
AMD,2024-07-03,1616310016
AMD,2024-07-04,1616310016
AMD,2024-07-10,1630829952
AMD,2024-07-12,1616310016
AMD,2024-07-13,1616310016
AMD,2024-07-16,1637069952
AMD,2024-07-17,1616310016
AMD,2024-07-18,1616310016
AMD,2024-07-19,1660989952
AMD,2024-07-20,1616310016
AMD,2024-07-23,1616310016
AMD,2024-07-24,1635939968
AMD,2024-07-25,1616310016
AMD,2024-07-26,1616310016
AMD,2024-07-31,1616310016
AMD,2024-08-01,1618480000
AMD,2024-08-02,1618480000
AMD,2024-08-03,1618480000
AMD,2024-08-06,1618480000
AMD,2024-08-09,1618480000
AMD,2024-08-10,1618480000
AMD,2024-08-13,1618480000
AMD,2024-08-16,1618480000
AMD,2024-08-20,1618480000
AMD,2024-08-21,1618480000
AMD,2024-08-23,1618480000
AMD,2024-08-24,1618480000
AMD,2024-08-27,1672220032
AMD,2024-08-28,1618480000
AMD,2024-08-29,1618480000
AMD,2024-08-30,1618480000
AMD,2024-09-07,1618480000
AMD,2024-09-11,1618480000
AMD,2024-09-12,1618480000
AMD,2024-09-17,1620930048
AMD,2024-09-19,1618480000
AMD,2024-09-20,1618480000
AMD,2024-09-21,1626840064
AMD,2024-09-24,1618480000
AMD,2024-09-27,1618480000
AMD,2024-09-28,1618480000
AMD,2024-09-30,1621149952
AMD,2024-10-01,1618480000
AMD,2024-10-02,1618480000
AMD,2024-10-03,1618480000
AMD,2024-10-09,1618480000
AMD,2024-10-10,1618480000
AMD,2024-10-11,1618480000
AMD,2024-10-15,1644140032
AMD,2024-10-16,1618899968
AMD,2024-10-17,1618480000
AMD,2024-10-18,1619730048
AMD,2024-10-19,1618480000
AMD,2024-10-23,1618480000
AMD,2024-10-24,1618480000
AMD,2024-10-30,1618480000
AMD,2024-10-31,1622809984
AMD,2024-11-01,1622809984
AMD,2024-11-02,1622809984
AMD,2024-11-05,1622809984
AMD,2024-11-07,1622809984
AMD,2024-11-08,1622809984
AMD,2024-11-12,1622809984
AMD,2024-11-13,1664839936
AMD,2024-11-14,1622809984
AMD,2024-11-16,1670200064
AMD,2024-11-20,1622809984
AMD,2024-11-21,1643920000
AMD,2024-11-23,1622809984
AMD,2024-11-26,1622809984
AMD,2024-11-27,1622809984
AMD,2024-12-03,1622809984
AMD,2024-12-04,1622809984
AMD,2024-12-05,1622809984
AMD,2024-12-06,1622809984
AMD,2024-12-07,1622809984
AMD,2024-12-11,1622809984
AMD,2024-12-12,1622809984
AMD,2024-12-13,1622809984
AMD,2024-12-14,1622809984
AMD,2024-12-20,1622809984
AMD,2024-12-21,1622809984
AMD,2024-12-25,1622809984
AMD,2024-12-27,1622809984
AMD,2024-12-31,1622809984
AMD,2025-01-03,1622809984
AMD,2025-01-04,1622809984
AMD,2025-01-09,1622809984
AMD,2025-01-15,1622809984
AMD,2025-01-17,1622809984
AMD,2025-01-22,1622809984
AMD,2025-01-28,1622809984
AMD,2025-01-29,1622809984
AMD,2025-01-30,1622809984
AMD,2025-01-31,1622809984
AMD,2025-02-01,1663529984
AMD,2025-02-04,1622809984
AMD,2025-02-07,1620480000
AMD,2025-02-08,1620480000
AMD,2025-02-12,1620480000
AMD,2025-02-13,1620480000
AMD,2025-02-14,1620480000
AMD,2025-02-20,1620480000
AMD,2025-02-22,1620480000
AMD,2025-02-25,1620480000
AMD,2025-03-01,1620480000
AMD,2025-03-04,1647369984
AMD,2025-03-05,1620480000
AMD,2025-03-08,1620480000
AMD,2025-03-11,1682189952
AMD,2025-03-13,1620480000
AMD,2025-03-15,1620480000
AMD,2025-03-18,1620480000
AMD,2025-03-19,1620480000
AMD,2025-03-21,1620480000
AMD,2025-03-22,1631129984
AMD,2025-03-25,1620480000
AMD,2025-03-26,1620480000
AMD,2025-03-27,1688419968
AMD,2025-03-28,1674269952
AMD,2025-03-29,1620480000
AMD,2025-04-01,1628050048
AMD,2025-04-02,1624630016
AMD,2025-04-04,1624630016
AMD,2025-04-08,1624630016
AMD,2025-04-09,1624630016
AMD,2025-04-10,1773730048
AMD,2025-04-11,1624630016
AMD,2025-04-12,1624630016
AMD,2025-04-15,1624630016
AMD,2025-04-22,1661469952
AMD,2025-04-23,1624630016
AMD,2025-04-24,1624630016
AMD,2025-04-25,1624630016
AMD,2025-04-29,1624630016
AMD,2025-04-30,1624630016
AMD,2025-05-01,1624630016
AMD,2025-05-02,1624630016
AMD,2025-05-03,1624630016
AMD,2025-05-07,1657090048
AMD,2025-05-08,1621400064
AMD,2025-05-09,1621400064
AMD,2025-05-10,1621400064
AMD,2025-05-13,1621400064
AMD,2025-05-14,1621400064
AMD,2025-05-15,1659900032
AMD,2025-05-16,1621400064
AMD,2025-05-22,1621400064
AMD,2025-05-23,1621400064
AMD,2025-05-29,1645830016
AMD,2025-05-30,1621400064
AMD,2025-05-31,1621400064
AMD,2025-06-03,1621400064
AMD,2025-06-04,1621400064
AMD,2025-06-06,1661910016
AMD,2025-06-11,1621400064
AMD,2025-06-12,1621400064
AMD,2025-06-13,1621400064
AMD,2025-06-14,1621400064
AMD,2025-06-18,1621400064
AMD,2025-06-19,1625369984
AMD,2025-06-21,1621400064
AMD,2025-06-24,1621400064
AMD,2025-06-25,1621400064
AMD,2025-06-26,1621400064
AMD,2025-06-27,1621400064
AMD,2025-06-30,1643229952
AMD,2025-07-01,1690380032
AMD,2025-07-02,1621400064
AMD,2025-07-08,1658809984
AMD,2025-07-09,1621400064
AMD,2025-07-10,1621400064
AMD,2025-07-11,1688760064
AMD,2025-07-12,1621400064
AMD,2025-07-19,1621400064
AMD,2025-07-24,1621400064
AMD,2025-07-25,1621400064
AMD,2025-07-26,1621400064
AMD,2025-07-28,1621400064
AMD,2025-07-29,1621400064
AMD,2025-07-31,1621400064
AMD,2025-08-02,1621400064
AMD,2025-08-05,1621400064
AMD,2025-08-07,1622840064
AMD,2025-08-08,1622840064
AMD,2025-08-09,1622840064
AMD,2025-08-14,1622840064
AMD,2025-08-15,1622840064
AMD,2025-08-16,1622840064
AMD,2025-08-18,1635469952
AMD,2025-08-19,1622840064
AMD,2025-08-20,1622840064
AMD,2025-08-22,1622840064
AMD,2025-08-23,1622840064
AMD,2025-08-26,1622840064
AMD,2025-08-28,1622840064
AMD,2025-08-30,1622840064
AMD,2025-09-04,1622840064
AMD,2025-09-05,1622840064
AMD,2025-09-06,1622840064
AMD,2025-09-10,1622840064
AMD,2025-09-11,1622840064
AMD,2025-09-12,1622840064
AMD,2025-09-16,1629920000
AMD,2025-09-17,1622843689
AMD,2025-09-18,1622843689
AMD,2025-09-19,1622843689
AMD,2025-09-23,1622843689
AMD,2025-09-27,1622843689
AMD,2025-09-30,1622843689
AMD,2025-10-02,1622843689
AMD,2025-10-03,1622843689
AMD,2025-10-06,1672710629
AMD,2025-10-07,1622843689
AMD,2025-10-09,1622843689
AMD,2025-10-10,1622843689
AMD,2025-10-17,1622843689
AMD,2025-10-18,1622843689
AMD,2025-10-25,1622843689
AMD,2025-10-28,1633284837
AMD,2025-10-29,1622843689
AMD,2025-10-30,1622843689
AMD,2025-10-31,1622843689
AMD,2025-11-05,1622843689
AMD,2025-11-06,1628041540
AMD,2025-11-08,1628041540
AMD,2025-11-11,1628041540
AMD,2025-11-12,1628041540
AMD,2025-11-14,1628041540
AMD,2025-11-15,1635627326
AMD,2025-11-17,1628041540
AMD,2026-02-06,1630410843
AMD,2026-03-31,1630410844
AMD,2026-05-06,1630600639
AMD,2026-08-07,1632475042
ADBE,2019-01-05,488134016
ADBE,2019-01-07,488134016
ADBE,2019-01-09,488134016
ADBE,2019-01-10,488134016
ADBE,2019-01-12,488134016
ADBE,2019-01-14,488134016
ADBE,2019-01-16,488134016
ADBE,2019-01-17,488134016
ADBE,2019-01-20,488134016
ADBE,2019-01-22,488134016
ADBE,2019-01-24,488134016
ADBE,2019-01-25,488134016
ADBE,2019-01-26,488134016
ADBE,2019-01-28,487726016
ADBE,2019-01-29,487726016
ADBE,2019-01-30,487726016
ADBE,2019-02-04,487726016
ADBE,2019-02-05,487726016
ADBE,2019-02-07,487726016
ADBE,2019-02-10,487726016
ADBE,2019-02-11,487726016
ADBE,2019-02-13,487726016
ADBE,2019-02-14,487726016
ADBE,2019-02-15,487726016
ADBE,2019-02-16,487726016
ADBE,2019-02-17,487726016
ADBE,2019-02-19,487726016
ADBE,2019-02-20,487726016
ADBE,2019-02-26,487726016
ADBE,2019-02-28,487726016
ADBE,2019-03-02,487726016
ADBE,2019-03-07,489115008
ADBE,2019-03-08,489115008
ADBE,2019-03-10,489115008
ADBE,2019-03-12,489115008
ADBE,2019-03-14,489115008
ADBE,2019-03-15,489115008
ADBE,2019-03-17,489115008
ADBE,2019-03-18,489115008
ADBE,2019-03-26,489115008
ADBE,2019-03-27,489115008
ADBE,2019-03-29,487951008
ADBE,2019-03-30,487951008
ADBE,2019-04-01,487951008
ADBE,2019-04-03,487951008
ADBE,2019-04-05,487951008
ADBE,2019-04-06,487951008
ADBE,2019-04-09,487951008
ADBE,2019-04-14,487951008
ADBE,2019-04-15,487951008
ADBE,2019-04-17,487951008
ADBE,2019-04-19,487951008
ADBE,2019-04-21,487951008
ADBE,2019-04-29,487951008
ADBE,2019-05-02,487951008
ADBE,2019-05-05,487951008
ADBE,2019-05-06,487951008
ADBE,2019-05-09,487951008
ADBE,2019-05-12,487951008
ADBE,2019-05-13,487951008
ADBE,2019-05-19,487951008
ADBE,2019-05-20,487951008
ADBE,2019-05-22,487951008
ADBE,2019-05-24,487951008
ADBE,2019-05-28,487951008
ADBE,2019-06-01,487951008
ADBE,2019-06-03,487951008
ADBE,2019-06-05,487951008
ADBE,2019-06-07,487951008
ADBE,2019-06-10,487951008
ADBE,2019-06-11,487951008
ADBE,2019-06-13,487951008
ADBE,2019-06-17,487951008
ADBE,2019-06-18,487951008
ADBE,2019-06-19,487951008
ADBE,2019-06-20,487951008
ADBE,2019-06-21,487951008
ADBE,2019-06-22,487951008
ADBE,2019-06-23,487951008
ADBE,2019-06-24,487951008
ADBE,2019-06-27,487951008
ADBE,2019-06-28,485439008
ADBE,2019-07-02,485439008
ADBE,2019-07-03,486116000
ADBE,2019-07-04,485439008
ADBE,2019-07-05,478595008
ADBE,2019-07-06,485439008
ADBE,2019-07-11,489875008
ADBE,2019-07-12,486419008
ADBE,2019-07-13,485439008
ADBE,2019-07-24,484384992
ADBE,2019-07-25,485439008
ADBE,2019-08-08,500432992
ADBE,2019-08-09,500152000
ADBE,2019-08-10,485439008
ADBE,2019-08-30,477817984
ADBE,2019-09-02,481377984
ADBE,2019-09-04,485439008
ADBE,2019-09-07,479972992
ADBE,2019-09-09,484705984
ADBE,2019-09-11,500152992
ADBE,2019-09-12,485439008
ADBE,2019-09-20,488111008
ADBE,2019-09-21,485439008
ADBE,2019-09-30,484079008
ADBE,2019-10-04,473878016
ADBE,2019-10-08,484079008
ADBE,2019-10-21,477390016
ADBE,2019-10-22,484079008
ADBE,2019-11-05,484270016
ADBE,2019-11-07,484636992
ADBE,2019-11-08,501348000
ADBE,2019-11-09,484079008
ADBE,2019-11-14,487099008
ADBE,2019-11-15,485711008
ADBE,2019-11-16,484079008
ADBE,2019-12-16,482339008
ADBE,2019-12-18,480924000
ADBE,2019-12-19,482339008
ADBE,2020-01-07,486148000
ADBE,2020-01-09,483380000
ADBE,2020-01-12,488820992
ADBE,2020-01-13,482339008
ADBE,2020-01-23,482131008
ADBE,2020-01-24,487726016
ADBE,2020-02-07,490273984
ADBE,2020-02-08,487726016
ADBE,2020-02-12,486776992
ADBE,2020-02-13,487726016
ADBE,2020-03-03,483268000
ADBE,2020-03-27,481800992
ADBE,2020-05-09,481800992
ADBE,2020-05-15,481800992
ADBE,2020-06-26,479664992
ADBE,2020-08-28,479664992
ADBE,2020-09-25,479719008
ADBE,2020-10-05,460012000
ADBE,2020-11-26,479719008
ADBE,2021-01-20,478700000
ADBE,2021-03-09,479326016
ADBE,2021-03-17,479326016
ADBE,2021-04-02,478000000
ADBE,2021-04-23,482758016
ADBE,2021-04-24,474756992
ADBE,2021-04-28,478000000
ADBE,2021-07-02,476400000
ADBE,2021-09-14,486583008
ADBE,2021-09-15,476400000
ADBE,2021-10-01,475800000
ADBE,2021-11-11,490804992
ADBE,2021-11-12,475800000
ADBE,2022-01-25,471700000
ADBE,2022-02-08,471700000
ADBE,2022-02-10,472348000
ADBE,2022-02-11,472348000
ADBE,2022-03-04,484796992
ADBE,2022-03-05,472348000
ADBE,2022-03-08,472351008
ADBE,2022-03-15,477952000
ADBE,2022-03-16,472351008
ADBE,2022-04-01,472500000
ADBE,2022-04-09,472500000
ADBE,2022-06-03,472500000
ADBE,2022-07-02,468000000
ADBE,2022-09-02,468000000
ADBE,2022-09-16,466945984
ADBE,2022-09-17,466945984
ADBE,2022-09-24,471048992
ADBE,2022-09-25,466945984
ADBE,2022-09-27,479760000
ADBE,2022-10-01,464900000
ADBE,2022-10-08,480420000
ADBE,2022-10-11,464900000
ADBE,2022-10-14,451351008
ADBE,2022-10-15,464900000
ADBE,2022-11-17,475272000
ADBE,2023-01-19,457800000
ADBE,2023-01-25,462436992
ADBE,2023-01-26,457800000
ADBE,2023-03-08,458576000
ADBE,2023-03-30,465649984
ADBE,2023-04-01,458700000
ADBE,2023-04-04,465084000
ADBE,2023-04-05,464819008
ADBE,2023-04-07,458700000
ADBE,2023-04-21,458880992
ADBE,2023-05-13,470419008
ADBE,2023-05-17,458700000
ADBE,2023-07-07,455800000
ADBE,2023-07-12,463504992
ADBE,2023-07-15,455800000
ADBE,2023-07-19,464732992
ADBE,2023-07-24,455800000
ADBE,2023-08-22,455800000
ADBE,2023-08-23,456668992
ADBE,2023-08-24,455800000
ADBE,2023-09-22,455800000
ADBE,2023-09-29,455300000
ADBE,2023-10-04,455300000
ADBE,2023-10-11,455300000
ADBE,2023-10-13,455300000
ADBE,2023-10-14,455300000
ADBE,2023-10-17,455300000
ADBE,2023-10-19,457112000
ADBE,2023-10-20,455300000
ADBE,2023-10-21,455300000
ADBE,2023-10-22,455300000
ADBE,2023-10-25,456016992
ADBE,2023-10-26,455300000
ADBE,2023-11-01,455300000
ADBE,2023-11-02,455300000
ADBE,2023-11-09,455300000
ADBE,2023-11-10,455300000
ADBE,2023-11-16,455300000
ADBE,2023-11-18,455300000
ADBE,2023-11-25,455300000
ADBE,2023-11-28,455300000
ADBE,2023-12-03,455388992
ADBE,2023-12-05,455300000
ADBE,2023-12-06,457220000
ADBE,2023-12-15,485764000
ADBE,2023-12-16,455300000
ADBE,2023-12-20,455300000
ADBE,2023-12-22,455300000
ADBE,2023-12-23,456356992
ADBE,2023-12-26,455300000
ADBE,2024-01-04,455300000
ADBE,2024-01-05,458912992
ADBE,2024-01-06,455300000
ADBE,2024-01-09,455300000
ADBE,2024-01-10,455300000
ADBE,2024-01-13,456132000
ADBE,2024-01-16,455407008
ADBE,2024-01-17,455300000
ADBE,2024-01-18,456507008
ADBE,2024-01-19,452000000
ADBE,2024-01-20,452000000
ADBE,2024-01-23,457960992
ADBE,2024-01-24,452000000
ADBE,2024-01-25,452000000
ADBE,2024-01-27,452000000
ADBE,2024-01-30,452000000
ADBE,2024-02-13,452000000
ADBE,2024-02-14,452000000
ADBE,2024-02-24,452000000
ADBE,2024-02-27,452000000
ADBE,2024-02-28,452000000
ADBE,2024-02-29,452000000
ADBE,2024-03-04,452150016
ADBE,2024-03-05,454348000
ADBE,2024-03-08,452545984
ADBE,2024-03-15,452545984
ADBE,2024-03-16,452545984
ADBE,2024-03-23,462974016
ADBE,2024-03-28,448052992
ADBE,2024-03-29,448000000
ADBE,2024-04-04,449928992
ADBE,2024-04-09,448000000
ADBE,2024-04-12,457628992
ADBE,2024-04-13,448000000
ADBE,2024-04-16,451801984
ADBE,2024-04-25,451481984
ADBE,2024-04-26,448000000
ADBE,2024-04-30,452252000
ADBE,2024-05-10,453312000
ADBE,2024-05-11,448084000
ADBE,2024-05-15,454740000
ADBE,2024-05-16,448000000
ADBE,2024-05-21,450640000
ADBE,2024-05-22,448000000
ADBE,2024-05-24,448575008
ADBE,2024-05-31,480152992
ADBE,2024-06-13,448000000
ADBE,2024-06-28,443400000
ADBE,2024-07-10,450748000
ADBE,2024-07-11,443400000
ADBE,2024-07-12,443400000
ADBE,2024-07-18,443400000
ADBE,2024-07-24,443400000
ADBE,2024-07-25,443400000
ADBE,2024-08-10,443400000
ADBE,2024-08-13,443400000
ADBE,2024-08-14,443400000
ADBE,2024-08-15,443400000
ADBE,2024-08-16,443400000
ADBE,2024-08-17,443400000
ADBE,2024-08-24,443400000
ADBE,2024-08-27,443400000
ADBE,2024-08-29,449159008
ADBE,2024-09-04,446016992
ADBE,2024-09-06,443400000
ADBE,2024-09-07,443400000
ADBE,2024-09-13,443400000
ADBE,2024-09-16,456468000
ADBE,2024-09-17,443400000
ADBE,2024-09-18,443400000
ADBE,2024-09-21,443400000
ADBE,2024-09-27,440200000
ADBE,2024-09-28,440268000
ADBE,2024-10-04,440200000
ADBE,2024-10-12,440200000
ADBE,2024-10-25,442168992
ADBE,2024-10-29,440200000
ADBE,2024-11-01,440200000
ADBE,2024-11-05,440200000
ADBE,2024-11-08,443592000
ADBE,2024-11-13,440200000
ADBE,2024-11-14,440200000
ADBE,2024-11-16,440200000
ADBE,2024-11-19,443601984
ADBE,2024-11-20,440200000
ADBE,2024-11-27,440200000
ADBE,2024-11-30,440200000
ADBE,2024-12-10,440200000
ADBE,2024-12-11,440908000
ADBE,2024-12-13,510038016
ADBE,2024-12-14,440200000
ADBE,2024-12-17,444168000
ADBE,2025-01-11,440200000
ADBE,2025-01-15,435300000
ADBE,2025-02-04,436444000
ADBE,2025-02-08,435300000
ADBE,2025-02-27,435300000
ADBE,2025-03-04,434896992
ADBE,2025-03-10,449211008
ADBE,2025-03-11,434896992
ADBE,2025-03-22,434896992
ADBE,2025-03-27,441271008
ADBE,2025-03-28,426200000
ADBE,2025-04-01,426200000
ADBE,2025-04-02,426200000
ADBE,2025-04-03,426200000
ADBE,2025-04-04,426200000
ADBE,2025-04-10,443964000
ADBE,2025-04-11,426200000
ADBE,2025-04-22,433128992
ADBE,2025-04-23,426200000
ADBE,2025-05-10,426990016
ADBE,2025-05-13,426200000
ADBE,2025-05-29,426200000
ADBE,2025-06-10,426876000
ADBE,2025-06-11,426200000
ADBE,2025-06-14,426200000
ADBE,2025-06-17,447416000
ADBE,2025-06-18,431431008
ADBE,2025-06-19,426200000
ADBE,2025-06-27,429079008
ADBE,2025-07-08,426878016
ADBE,2025-07-10,424200000
ADBE,2025-07-11,433632992
ADBE,2025-07-12,424200000
ADBE,2025-08-08,424200000
ADBE,2025-08-20,424200000
ADBE,2025-08-21,424200000
ADBE,2025-09-05,429361984
ADBE,2025-09-16,424200000
ADBE,2025-09-20,426008560
ADBE,2025-09-23,424200000
ADBE,2025-09-24,424200000
ADBE,2025-09-25,424200000
ADBE,2025-09-26,418600000
ADBE,2025-09-30,419706421
ADBE,2025-10-01,427642472
ADBE,2025-10-02,437720272
ADBE,2025-10-06,424322340
ADBE,2025-10-07,418600000
ADBE,2025-10-08,420799299
ADBE,2025-10-15,418600000
ADBE,2025-10-24,419310455
ADBE,2025-10-25,418600000
ADBE,2025-11-05,421246286
ADBE,2025-11-06,418600000
ADBE,2025-11-07,418600000
ADBE,2025-11-15,421747939
ADBE,2025-11-17,424200000
ADBE,2026-01-17,418600000
ADBE,2026-03-10,410500000
ADBE,2026-03-27,407636919
ADBE,2026-04-23,404200000
ADBE,2026-06-16,397500000
ADBE,2026-10-04,389200000
ADBE,2026-10-05,389200000
ADBE,2026-10-06,389200000
ADBE,2026-10-07,389200000
ADBE,2026-10-08,389200000
ADBE,2026-10-09,389200000
CSCO,2019-01-05,4495960064
CSCO,2019-01-07,4495960064
CSCO,2019-01-09,4495960064
CSCO,2019-01-10,4495960064
CSCO,2019-01-12,4495960064
CSCO,2019-01-14,4495960064
CSCO,2019-01-16,4495960064
CSCO,2019-01-17,4495960064
CSCO,2019-01-18,4495960064
CSCO,2019-01-22,4495960064
CSCO,2019-01-24,4495960064
CSCO,2019-01-25,4495960064
CSCO,2019-01-26,4495960064
CSCO,2019-01-28,4495960064
CSCO,2019-01-30,4495960064
CSCO,2019-02-04,4495960064
CSCO,2019-02-07,4495960064
CSCO,2019-02-11,4495960064
CSCO,2019-02-13,4495960064
CSCO,2019-02-14,4495960064
CSCO,2019-02-15,4495960064
CSCO,2019-02-17,4495960064
CSCO,2019-02-18,4495960064
CSCO,2019-02-20,4495960064
CSCO,2019-02-28,4402030080
CSCO,2019-03-01,4402030080
CSCO,2019-03-07,4402030080
CSCO,2019-03-09,4402030080
CSCO,2019-03-10,4402030080
CSCO,2019-03-11,4402030080
CSCO,2019-03-14,4402030080
CSCO,2019-03-15,4402030080
CSCO,2019-03-17,4402030080
CSCO,2019-03-18,4402030080
CSCO,2019-03-26,4402030080
CSCO,2019-03-27,4402030080
CSCO,2019-03-29,4402030080
CSCO,2019-03-30,4402030080
CSCO,2019-04-01,4402030080
CSCO,2019-04-02,4402030080
CSCO,2019-04-05,4402030080
CSCO,2019-04-09,4402030080
CSCO,2019-04-14,4402030080
CSCO,2019-04-15,4402030080
CSCO,2019-04-17,4402030080
CSCO,2019-04-19,4402030080
CSCO,2019-04-21,4402030080
CSCO,2019-04-29,4402030080
CSCO,2019-05-02,4402030080
CSCO,2019-05-03,4402030080
CSCO,2019-05-05,4402030080
CSCO,2019-05-07,4402030080
CSCO,2019-05-09,4402030080
CSCO,2019-05-12,4402030080
CSCO,2019-05-13,4402030080
CSCO,2019-05-19,4402030080
CSCO,2019-05-20,4402030080
CSCO,2019-05-22,4402030080
CSCO,2019-05-23,4402030080
CSCO,2019-05-28,4280730112
CSCO,2019-06-01,4280730112
CSCO,2019-06-03,4280730112
CSCO,2019-06-04,4280730112
CSCO,2019-06-05,4280730112
CSCO,2019-06-07,4280730112
CSCO,2019-06-10,4280730112
CSCO,2019-06-11,4280730112
CSCO,2019-06-13,4280730112
CSCO,2019-06-17,4280730112
CSCO,2019-06-19,4280730112
CSCO,2019-06-21,4280730112
CSCO,2019-06-23,4280730112
CSCO,2019-06-25,4280730112
CSCO,2019-06-26,4280730112
CSCO,2019-07-05,4229949952
CSCO,2019-07-06,4280730112
CSCO,2019-08-07,4437400064
CSCO,2019-08-08,4280730112
CSCO,2019-08-09,4326309888
CSCO,2019-08-10,4280730112
CSCO,2019-08-14,4378740224
CSCO,2019-08-15,4280730112
CSCO,2019-08-20,4421109760
CSCO,2019-08-21,4280730112
CSCO,2019-08-22,4355760128
CSCO,2019-08-23,4280730112
CSCO,2019-08-28,4252559872
CSCO,2019-08-29,4280730112
CSCO,2019-08-30,4244509952
CSCO,2019-09-02,4286220032
CSCO,2019-09-04,4280730112
CSCO,2019-09-06,4138400000
CSCO,2019-09-09,4102810112
CSCO,2019-09-11,4124770048
CSCO,2019-09-12,4245289984
CSCO,2019-09-13,4236800000
CSCO,2019-09-14,4245289984
CSCO,2019-09-18,4198550016
CSCO,2019-09-19,4239280128
CSCO,2019-09-20,4232379904
CSCO,2019-09-21,4245289984
CSCO,2019-09-24,4229880064
CSCO,2019-09-25,4245289984
CSCO,2019-09-27,4178959872
CSCO,2019-09-28,4245289984
CSCO,2019-10-05,4200189952
CSCO,2019-10-08,4182190080
CSCO,2019-10-09,4245289984
CSCO,2019-10-10,4286469888
CSCO,2019-10-11,4245289984
CSCO,2019-10-17,4245289984
CSCO,2019-10-22,4307089920
CSCO,2019-10-23,4259620096
CSCO,2019-10-24,4199209984
CSCO,2019-10-25,4243830016
CSCO,2019-11-06,4246510080
CSCO,2019-11-07,4203610112
CSCO,2019-11-08,4268859904
CSCO,2019-11-09,4243830016
CSCO,2019-11-14,4251729920
CSCO,2019-11-15,4243830016
CSCO,2019-11-22,4264969984
CSCO,2019-11-23,4242259968
CSCO,2019-12-05,4204900096
CSCO,2019-12-06,4242259968
CSCO,2019-12-09,4273459968
CSCO,2019-12-10,4242259968
CSCO,2019-12-11,4261590016
CSCO,2019-12-12,4242259968
CSCO,2019-12-13,4375430144
CSCO,2019-12-14,4242259968
CSCO,2019-12-18,4284699904
CSCO,2019-12-19,4242259968
CSCO,2020-01-08,4312629760
CSCO,2020-01-09,4227170048
CSCO,2020-01-10,4217410048
CSCO,2020-01-12,4242259968
CSCO,2020-01-13,4224410112
CSCO,2020-01-14,4242259968
CSCO,2020-01-17,4334159872
CSCO,2020-01-18,4242259968
CSCO,2020-01-23,4264859904
CSCO,2020-01-24,4237070080
CSCO,2020-01-30,4307180032
CSCO,2020-01-31,4242259968
CSCO,2020-02-04,4191209984
CSCO,2020-02-05,4242259968
CSCO,2020-02-08,4263280128
CSCO,2020-02-09,4242259968
CSCO,2020-02-12,4264829952
CSCO,2020-02-13,4334280192
CSCO,2020-02-14,4020509952
CSCO,2020-02-15,4242259968
CSCO,2020-02-19,4207940096
CSCO,2020-02-21,4240880128
CSCO,2020-02-25,4030650112
CSCO,2020-02-26,4240880128
CSCO,2020-03-04,4362679808
CSCO,2020-03-05,4362679808
CSCO,2020-03-06,4291249920
CSCO,2020-03-07,4240880128
CSCO,2020-03-19,4055800064
CSCO,2020-03-20,4240880128
CSCO,2020-05-20,4222299904
CSCO,2020-08-28,4222299904
CSCO,2020-09-05,4373870080
CSCO,2020-09-06,4222299904
CSCO,2020-09-07,4233430016
CSCO,2020-10-23,4221019904
CSCO,2020-11-20,4225509888
CSCO,2020-11-26,4225509888
CSCO,2021-02-18,4221789952
CSCO,2021-03-17,4221789952
CSCO,2021-04-23,4257039872
CSCO,2021-04-24,4223409920
CSCO,2021-04-27,4221789952
CSCO,2021-05-27,4214200064
CSCO,2021-07-20,4265039872
CSCO,2021-09-11,4217740032
CSCO,2021-09-13,4217740032
CSCO,2021-10-19,4222320128
CSCO,2021-10-23,4262129920
CSCO,2021-10-27,4217629952
CSCO,2021-11-05,4256760064
CSCO,2021-11-06,4217629952
CSCO,2021-11-26,4217629952
CSCO,2021-11-28,4217609984
CSCO,2022-02-11,4217609984
CSCO,2022-02-24,4154170112
CSCO,2022-03-04,4160100096
CSCO,2022-03-05,4154170112
CSCO,2022-03-15,4184000000
CSCO,2022-03-17,4154170112
CSCO,2022-04-07,4154170112
CSCO,2022-04-19,4159040000
CSCO,2022-05-13,4185139968
CSCO,2022-05-27,4140960000
CSCO,2022-06-09,4200880128
CSCO,2022-06-11,4140960000
CSCO,2022-07-27,4189149952
CSCO,2022-07-29,4231869952
CSCO,2022-07-30,4140960000
CSCO,2022-08-05,4171079936
CSCO,2022-08-06,4140960000
CSCO,2022-09-02,4140960000
CSCO,2022-09-13,4108839936
CSCO,2022-09-15,4122860032
CSCO,2022-09-16,4108839936
CSCO,2022-10-20,4105969920
CSCO,2022-10-21,4122700032
CSCO,2022-10-23,4105969920
CSCO,2022-11-04,4105969920
CSCO,2022-11-27,4108100096
CSCO,2022-12-06,4138919936
CSCO,2022-12-07,4108100096
CSCO,2023-01-21,4136399872
CSCO,2023-02-04,4166390016
CSCO,2023-02-05,4108100096
CSCO,2023-02-23,4095820032
CSCO,2023-03-30,4159219968
CSCO,2023-04-01,4163120128
CSCO,2023-04-07,4139760128
CSCO,2023-04-08,4095820032
CSCO,2023-05-03,4182400000
CSCO,2023-05-04,4131470080
CSCO,2023-05-06,4095820032
CSCO,2023-05-12,4125860096
CSCO,2023-05-13,4095820032
CSCO,2023-05-27,4075059968
CSCO,2023-06-09,4083259904
CSCO,2023-06-10,4075059968
CSCO,2023-07-06,4093250048
CSCO,2023-07-07,4075059968
CSCO,2023-07-12,4132140032
CSCO,2023-07-13,4075059968
CSCO,2023-07-21,4079729920
CSCO,2023-07-22,4075059968
CSCO,2023-08-22,4075059968
CSCO,2023-09-16,4054860032
CSCO,2023-10-04,4110779904
CSCO,2023-10-10,4054860032
CSCO,2023-10-11,4058619904
CSCO,2023-10-12,4054860032
CSCO,2023-10-13,4054860032
CSCO,2023-10-14,4060890112
CSCO,2023-10-17,4071399936
CSCO,2023-10-18,4054860032
CSCO,2023-10-19,4067680000
CSCO,2023-10-20,4050540032
CSCO,2023-10-24,4107190016
CSCO,2023-11-08,4062739968
CSCO,2023-11-09,4072709888
CSCO,2023-11-28,4063480064
CSCO,2023-12-06,4073649920
CSCO,2023-12-07,4063480064
CSCO,2023-12-09,4063480064
CSCO,2023-12-12,4063480064
CSCO,2023-12-15,4083200000
CSCO,2023-12-16,4063480064
CSCO,2023-12-19,4063480064
CSCO,2023-12-20,4063480064
CSCO,2023-12-22,4072470016
CSCO,2023-12-26,4063480064
CSCO,2023-12-27,4063480064
CSCO,2024-01-02,4063480064
CSCO,2024-01-05,4097550080
CSCO,2024-01-10,4063480064
CSCO,2024-01-13,4063480064
CSCO,2024-01-19,4063480064
CSCO,2024-01-20,4063480064
CSCO,2024-01-23,4063480064
CSCO,2024-01-24,4063480064
CSCO,2024-01-26,4063480064
CSCO,2024-01-27,4063480064
CSCO,2024-01-30,4063480064
CSCO,2024-01-31,4063480064
CSCO,2024-02-01,4063480064
CSCO,2024-02-02,4063480064
CSCO,2024-02-08,4063480064
CSCO,2024-02-09,4063480064
CSCO,2024-02-13,4063480064
CSCO,2024-02-15,4063480064
CSCO,2024-02-22,4049189888
CSCO,2024-02-23,4049189888
CSCO,2024-02-27,4049189888
CSCO,2024-02-28,4049189888
CSCO,2024-03-02,4049189888
CSCO,2024-03-05,4049189888
CSCO,2024-03-06,4049189888
CSCO,2024-03-13,4049189888
CSCO,2024-03-15,4049189888
CSCO,2024-03-16,4049189888
CSCO,2024-03-19,4049189888
CSCO,2024-03-20,4049189888
CSCO,2024-03-23,4049189888
CSCO,2024-03-26,4049189888
CSCO,2024-03-27,4049189888
CSCO,2024-04-12,4049189888
CSCO,2024-04-13,4049189888
CSCO,2024-04-16,4049189888
CSCO,2024-04-17,4049189888
CSCO,2024-04-18,4049189888
CSCO,2024-04-19,4049189888
CSCO,2024-04-20,4049189888
CSCO,2024-04-24,4049189888
CSCO,2024-04-25,4049189888
CSCO,2024-04-26,4049189888
CSCO,2024-04-27,4049189888
CSCO,2024-04-30,4049189888
CSCO,2024-05-01,4049189888
CSCO,2024-05-02,4049189888
CSCO,2024-05-03,4049189888
CSCO,2024-05-04,4049189888
CSCO,2024-05-07,4049189888
CSCO,2024-05-09,4049189888
CSCO,2024-05-10,4049189888
CSCO,2024-05-11,4049189888
CSCO,2024-05-14,4049189888
CSCO,2024-05-16,4049189888
CSCO,2024-05-17,4049189888
CSCO,2024-05-18,4049189888
CSCO,2024-05-20,4138540032
CSCO,2024-05-21,4049189888
CSCO,2024-05-22,4049189888
CSCO,2024-05-23,4028809984
CSCO,2024-05-24,4100570112
CSCO,2024-05-29,4028809984
CSCO,2024-06-05,4028809984
CSCO,2024-06-07,4028809984
CSCO,2024-06-08,4028809984
CSCO,2024-06-11,4028809984
CSCO,2024-06-12,4036740096
CSCO,2024-06-13,4042060032
CSCO,2024-06-15,4028809984
CSCO,2024-06-18,4028809984
CSCO,2024-06-19,4028809984
CSCO,2024-06-21,4028809984
CSCO,2024-06-22,4028809984
CSCO,2024-06-25,4028809984
CSCO,2024-06-26,4028809984
CSCO,2024-06-27,4028809984
CSCO,2024-06-29,4028809984
CSCO,2024-07-03,4049270016
CSCO,2024-07-04,4028809984
CSCO,2024-07-06,4028809984
CSCO,2024-07-09,4028809984
CSCO,2024-07-10,4051689984
CSCO,2024-07-11,4028809984
CSCO,2024-07-12,4028809984
CSCO,2024-07-16,4028809984
CSCO,2024-07-18,4028809984
CSCO,2024-07-19,4090119936
CSCO,2024-07-20,4028809984
CSCO,2024-07-24,4068790016
CSCO,2024-07-25,4028809984
CSCO,2024-07-27,4028809984
CSCO,2024-07-30,4028809984
CSCO,2024-08-01,4028809984
CSCO,2024-08-03,4028809984
CSCO,2024-08-06,4028809984
CSCO,2024-08-07,4028809984
CSCO,2024-08-10,4028809984
CSCO,2024-08-13,4083599872
CSCO,2024-08-16,4028809984
CSCO,2024-08-17,4028809984
CSCO,2024-08-20,4028809984
CSCO,2024-08-27,4028809984
CSCO,2024-08-30,4028809984
CSCO,2024-08-31,4028809984
CSCO,2024-09-03,4028809984
CSCO,2024-09-07,3990729984
CSCO,2024-09-10,3990729984
CSCO,2024-09-11,3990729984
CSCO,2024-09-17,3990729984
CSCO,2024-09-18,3990729984
CSCO,2024-09-19,3990729984
CSCO,2024-09-20,3990729984
CSCO,2024-09-24,3990729984
CSCO,2024-09-26,3990729984
CSCO,2024-09-27,3990729984
CSCO,2024-09-30,3990729984
CSCO,2024-10-01,3990729984
CSCO,2024-10-03,3990729984
CSCO,2024-10-05,3990729984
CSCO,2024-10-12,3990729984
CSCO,2024-10-15,3990729984
CSCO,2024-10-16,3992209920
CSCO,2024-10-17,3990729984
CSCO,2024-10-18,3990729984
CSCO,2024-10-19,3990729984
CSCO,2024-10-22,3986020096
CSCO,2024-10-24,4008809984
CSCO,2024-10-26,4024630016
CSCO,2024-10-28,4056659968
CSCO,2024-10-29,3986020096
CSCO,2024-10-31,3986020096
CSCO,2024-11-16,4017929984
CSCO,2024-11-19,3996450048
CSCO,2024-11-20,3986020096
CSCO,2024-11-21,3982759936
CSCO,2024-11-30,3988140032
CSCO,2024-12-03,3982759936
CSCO,2024-12-11,3998360064
CSCO,2025-01-04,3999000064
CSCO,2025-01-07,3988859904
CSCO,2025-01-17,3993410048
CSCO,2025-02-20,3978289920
CSCO,2025-02-21,3978289920
CSCO,2025-02-25,3978289920
CSCO,2025-03-04,3978289920
CSCO,2025-03-06,3978289920
CSCO,2025-03-07,3978289920
CSCO,2025-03-11,3978289920
CSCO,2025-03-12,3978289920
CSCO,2025-03-13,3978289920
CSCO,2025-03-14,3978289920
CSCO,2025-03-19,3978289920
CSCO,2025-03-20,3978289920
CSCO,2025-03-22,3978289920
CSCO,2025-03-25,3978289920
CSCO,2025-03-26,3978289920
CSCO,2025-03-27,3978289920
CSCO,2025-03-28,4004209920
CSCO,2025-04-01,3978289920
CSCO,2025-04-03,3978289920
CSCO,2025-04-04,3978289920
CSCO,2025-04-05,3978289920
CSCO,2025-04-10,4086550016
CSCO,2025-04-11,3978289920
CSCO,2025-04-14,3978289920
CSCO,2025-04-22,4080000000
CSCO,2025-04-23,3978289920
CSCO,2025-04-29,3978289920
CSCO,2025-05-01,3978289920
CSCO,2025-05-02,3978289920
CSCO,2025-05-06,3978289920
CSCO,2025-05-07,3985009920
CSCO,2025-05-09,3978289920
CSCO,2025-05-10,3978289920
CSCO,2025-05-13,3978289920
CSCO,2025-05-14,3978289920
CSCO,2025-05-15,3978289920
CSCO,2025-05-16,4018309888
CSCO,2025-05-17,3978289920
CSCO,2025-05-20,3978289920
CSCO,2025-05-22,3960000000
CSCO,2025-05-23,3960000000
CSCO,2025-05-28,3960000000
CSCO,2025-05-29,3985629952
CSCO,2025-05-30,3978210048
CSCO,2025-05-31,3960630016
CSCO,2025-06-04,3960000000
CSCO,2025-06-05,3960000000
CSCO,2025-06-06,3960000000
CSCO,2025-06-07,3960000000
CSCO,2025-06-10,3969609984
CSCO,2025-06-13,3960000000
CSCO,2025-06-14,3960000000
CSCO,2025-06-17,3960000000
CSCO,2025-06-18,3960000000
CSCO,2025-06-21,3960000000
CSCO,2025-06-24,3960000000
CSCO,2025-06-28,3960000000
CSCO,2025-07-02,3960000000
CSCO,2025-07-03,3960000000
CSCO,2025-07-04,3960000000
CSCO,2025-07-08,3979630080
CSCO,2025-07-09,3960000000
CSCO,2025-07-10,3960000000
CSCO,2025-07-11,3960000000
CSCO,2025-07-12,3960000000
CSCO,2025-07-15,3960000000
CSCO,2025-07-16,3960000000
CSCO,2025-07-17,3960000000
CSCO,2025-07-18,3960000000
CSCO,2025-07-23,3960000000
CSCO,2025-07-25,3960000000
CSCO,2025-07-29,3960000000
CSCO,2025-08-01,3960000000
CSCO,2025-08-02,3960000000
CSCO,2025-08-05,3960000000
CSCO,2025-08-06,3960000000
CSCO,2025-08-07,3960000000
CSCO,2025-08-08,3960000000
CSCO,2025-08-12,3960000000
CSCO,2025-08-13,3960000000
CSCO,2025-09-05,3953200128
CSCO,2025-09-06,3953200128
CSCO,2025-09-10,3953200128
CSCO,2025-09-11,3953200128
CSCO,2025-09-13,3953200128
CSCO,2025-09-17,3953196953
CSCO,2025-09-20,3980436398
CSCO,2025-09-23,3980037847
CSCO,2025-09-26,3953196953
CSCO,2025-09-27,3953196953
CSCO,2025-10-01,3953196953
CSCO,2025-10-02,3953196953
CSCO,2025-10-03,3953196953
CSCO,2025-10-06,3975896405
CSCO,2025-10-07,3953196953
CSCO,2025-10-08,3953196953
CSCO,2025-10-09,3953196953
CSCO,2025-10-10,3953196953
CSCO,2025-10-14,3953196953
CSCO,2025-10-15,3953196953
CSCO,2025-10-18,3953196953
CSCO,2025-10-20,3953196953
CSCO,2025-10-23,3953196953
CSCO,2025-10-24,3953196953
CSCO,2025-10-28,3953196953
CSCO,2025-10-30,3940724908
CSCO,2025-11-17,3953196954
CSCO,2025-11-20,3951094563
CSCO,2026-02-24,3951094563
CSCO,2026-04-23,3949893042
CSCO,2026-05-20,3941434665
CSCO,2026-09-04,3942586873
INTU,2019-01-05,259535008
INTU,2019-01-07,259535008
INTU,2019-01-09,259535008
INTU,2019-01-10,259535008
INTU,2019-01-12,259535008
INTU,2019-01-14,259535008
INTU,2019-01-16,259535008
INTU,2019-01-17,259535008
INTU,2019-01-20,259535008
INTU,2019-01-22,259535008
INTU,2019-01-24,259535008
INTU,2019-01-25,259535008
INTU,2019-01-26,259535008
INTU,2019-01-28,259535008
INTU,2019-01-29,259535008
INTU,2019-01-30,259535008
INTU,2019-02-04,259535008
INTU,2019-02-07,259535008
INTU,2019-02-10,259535008
INTU,2019-02-11,259535008
INTU,2019-02-13,259535008
INTU,2019-02-14,259535008
INTU,2019-02-15,259535008
INTU,2019-02-16,259535008
INTU,2019-02-17,259535008
INTU,2019-02-19,259535008
INTU,2019-02-20,259535008
INTU,2019-02-27,259535008
INTU,2019-02-28,259072992
INTU,2019-03-07,259072992
INTU,2019-03-10,259072992
INTU,2019-03-14,259072992
INTU,2019-03-17,259072992
INTU,2019-03-26,259072992
INTU,2019-03-29,259072992
INTU,2019-04-01,259072992
INTU,2019-04-05,259072992
INTU,2019-04-09,259072992
INTU,2019-04-14,259072992
INTU,2019-04-17,259072992
INTU,2019-04-21,259072992
INTU,2019-04-29,259072992
INTU,2019-05-02,259072992
INTU,2019-05-05,259072992
INTU,2019-05-09,259072992
INTU,2019-05-12,259072992
INTU,2019-05-19,259072992
INTU,2019-05-22,259072992
INTU,2019-05-28,259243008
INTU,2019-06-02,259243008
INTU,2019-06-03,259243008
INTU,2019-06-05,259243008
INTU,2019-06-10,259243008
INTU,2019-06-11,259243008
INTU,2019-06-14,259243008
INTU,2019-06-17,259243008
INTU,2019-06-18,259243008
INTU,2019-06-19,259243008
INTU,2019-06-20,259243008
INTU,2019-06-21,259243008
INTU,2019-06-22,259243008
INTU,2019-06-23,259243008
INTU,2019-06-25,259243008
INTU,2019-06-27,259243008
INTU,2019-06-28,260748992
INTU,2019-07-03,261332992
INTU,2019-07-04,259243008
INTU,2019-08-19,261676992
INTU,2019-08-25,259243008
INTU,2019-08-29,258080992
INTU,2019-09-01,254726000
INTU,2019-09-03,253472000
INTU,2019-09-08,256559008
INTU,2019-09-10,260580000
INTU,2019-09-11,271819008
INTU,2019-09-12,260074000
INTU,2019-09-23,259264992
INTU,2019-09-29,260074000
INTU,2019-10-01,262791008
INTU,2019-10-10,260074000
INTU,2019-10-15,259100992
INTU,2019-10-18,260074000
INTU,2019-11-05,261108000
INTU,2019-11-08,259152000
INTU,2019-11-09,265488992
INTU,2019-11-14,261844000
INTU,2019-11-15,263084000
INTU,2019-11-16,260074000
INTU,2019-11-25,260300000
INTU,2019-11-29,260300000
INTU,2019-12-02,260307008
INTU,2019-12-18,257244000
INTU,2019-12-19,260307008
INTU,2020-01-08,260062000
INTU,2020-01-09,260364992
INTU,2020-01-10,266628000
INTU,2020-01-11,266568000
INTU,2020-01-12,260307008
INTU,2020-01-13,262567008
INTU,2020-01-14,260307008
INTU,2020-02-07,264259008
INTU,2020-02-09,260307008
INTU,2020-02-12,259590000
INTU,2020-02-13,261823008
INTU,2020-02-14,260307008
INTU,2020-02-26,260488992
INTU,2020-05-05,260664992
INTU,2020-05-21,257308992
INTU,2020-05-22,260664992
INTU,2020-05-26,260664992
INTU,2020-05-27,260771008
INTU,2020-08-28,260771008
INTU,2020-09-02,261807008
INTU,2020-09-05,261807008
INTU,2020-09-06,261807008
INTU,2020-09-21,268000992
INTU,2020-09-22,261807008
INTU,2020-10-05,253575008
INTU,2020-11-03,261807008
INTU,2020-11-24,262740992
INTU,2020-11-26,262740992
INTU,2020-11-28,262746000
INTU,2020-12-05,274046016
INTU,2020-12-07,274046016
INTU,2021-02-25,273840000
INTU,2021-03-17,274823008
INTU,2021-03-18,273840000
INTU,2021-04-23,275300992
INTU,2021-04-24,269900000
INTU,2021-04-27,273840000
INTU,2021-05-18,272430016
INTU,2021-05-27,273259008
INTU,2021-07-10,274431008
INTU,2021-07-15,273870016
INTU,2021-08-18,276870016
INTU,2021-09-10,273092000
INTU,2021-11-03,283392992
INTU,2021-11-23,283168000
INTU,2021-11-30,283167008
INTU,2022-02-12,283167008
INTU,2022-03-04,282812000
INTU,2022-03-15,292596000
INTU,2022-03-16,282812000
INTU,2022-05-26,282076992
INTU,2022-06-03,294848992
INTU,2022-07-29,292124992
INTU,2022-07-30,282076992
INTU,2022-08-17,282684000
INTU,2022-08-18,282076992
INTU,2022-09-02,282076992
INTU,2022-09-14,281870016
INTU,2022-10-21,282516000
INTU,2022-10-23,281870016
INTU,2022-11-29,280924992
INTU,2023-03-01,280545984
INTU,2023-03-18,283571008
INTU,2023-03-22,280545984
INTU,2023-03-30,289886016
INTU,2023-04-01,280545984
INTU,2023-04-04,283716992
INTU,2023-04-05,280545984
INTU,2023-04-06,280968000
INTU,2023-04-07,280545984
INTU,2023-04-21,281748992
INTU,2023-04-22,280545984
INTU,2023-05-04,284992992
INTU,2023-05-05,280545984
INTU,2023-05-12,284924000
INTU,2023-05-15,283104992
INTU,2023-05-17,280545984
INTU,2023-05-27,280060000
INTU,2023-07-06,280268000
INTU,2023-07-07,280060000
INTU,2023-07-08,280060000
INTU,2023-07-21,280060000
INTU,2023-08-21,280060000
INTU,2023-08-23,280265984
INTU,2023-08-27,280060000
INTU,2023-09-07,280259008
INTU,2023-10-11,280259008
INTU,2023-10-12,280259008
INTU,2023-10-13,280259008
INTU,2023-10-14,280259008
INTU,2023-10-17,281268992
INTU,2023-10-18,280259008
INTU,2023-10-19,280259008
INTU,2023-10-20,280259008
INTU,2023-10-24,280259008
INTU,2023-10-25,280259008
INTU,2023-10-27,280259008
INTU,2023-10-28,280259008
INTU,2023-10-31,280259008
INTU,2023-11-01,280259008
INTU,2023-11-02,280259008
INTU,2023-11-04,281367008
INTU,2023-11-07,280259008
INTU,2023-11-08,280259008
INTU,2023-11-11,280259008
INTU,2023-11-16,280259008
INTU,2023-11-18,280259008
INTU,2023-11-23,280259008
INTU,2023-11-25,279936000
INTU,2023-11-30,279936000
INTU,2023-12-15,284127008
INTU,2023-12-16,279936000
INTU,2023-12-22,279936000
INTU,2024-01-05,279936000
INTU,2024-01-06,280956992
INTU,2024-01-16,279985984
INTU,2024-02-24,279979008
INTU,2024-03-12,280323008
INTU,2024-03-16,290847008
INTU,2024-04-04,279979008
INTU,2024-04-16,279979008
INTU,2024-04-17,280263008
INTU,2024-05-10,282539008
INTU,2024-05-17,280732992
INTU,2024-05-21,280956000
INTU,2024-05-22,279979008
INTU,2024-05-24,279979008
INTU,2024-05-25,305000992
INTU,2024-05-31,297248992
INTU,2024-06-07,280337984
INTU,2024-06-12,279812992
INTU,2024-07-10,283484000
INTU,2024-07-11,287312992
INTU,2024-07-18,282563008
INTU,2024-07-24,282803008
INTU,2024-08-13,279547008
INTU,2024-08-27,280743008
INTU,2024-08-29,283751008
INTU,2024-09-04,281953984
INTU,2024-09-05,280292000
INTU,2024-09-06,280292000
INTU,2024-09-07,280292000
INTU,2024-09-16,284222016
INTU,2024-09-17,280292000
INTU,2024-09-18,280913984
INTU,2024-09-21,284464992
INTU,2024-09-28,280292000
INTU,2024-10-04,281903008
INTU,2024-10-12,281406016
INTU,2024-10-16,280300992
INTU,2024-10-17,280292000
INTU,2024-10-31,280292000
INTU,2024-11-01,280292000
INTU,2024-11-06,280292000
INTU,2024-11-16,285544000
INTU,2024-11-19,284032992
INTU,2024-11-20,280292000
INTU,2024-11-23,280035008
INTU,2024-11-28,279916992
INTU,2024-12-03,279916992
INTU,2024-12-04,279916992
INTU,2024-12-06,279916992
INTU,2024-12-07,279916992
INTU,2024-12-10,279916992
INTU,2024-12-11,279916992
INTU,2024-12-12,279916992
INTU,2024-12-14,279916992
INTU,2024-12-17,279916992
INTU,2024-12-18,279916992
INTU,2024-12-19,279916992
INTU,2024-12-20,279916992
INTU,2024-12-21,279916992
INTU,2024-12-24,279916992
INTU,2024-12-27,279916992
INTU,2024-12-31,279916992
INTU,2025-01-07,279916992
INTU,2025-01-11,279916992
INTU,2025-01-14,284576992
INTU,2025-01-16,279916992
INTU,2025-01-18,281372000
INTU,2025-01-22,279916992
INTU,2025-01-25,279916992
INTU,2025-01-28,279916992
INTU,2025-02-01,279916992
INTU,2025-02-04,279916992
INTU,2025-02-05,279916992
INTU,2025-02-06,279916992
INTU,2025-02-08,279916992
INTU,2025-02-11,279916992
INTU,2025-02-13,279916992
INTU,2025-02-14,279916992
INTU,2025-02-27,279561984
INTU,2025-03-04,285492000
INTU,2025-03-10,293945984
INTU,2025-03-11,279561984
INTU,2025-03-27,281316992
INTU,2025-04-10,288764992
INTU,2025-04-11,279561984
INTU,2025-04-18,280851008
INTU,2025-04-22,287691008
INTU,2025-04-23,280433984
INTU,2025-05-07,282073984
INTU,2025-05-10,280503008
INTU,2025-05-24,278947008
INTU,2025-05-30,280335008
INTU,2025-05-31,278947008
INTU,2025-06-04,278947008
INTU,2025-06-06,279008992
INTU,2025-06-10,281575008
INTU,2025-06-11,278947008
INTU,2025-06-14,278947008
INTU,2025-06-17,280107008
INTU,2025-06-18,282668000
INTU,2025-06-19,278947008
INTU,2025-07-08,279707008
INTU,2025-07-09,278947008
INTU,2025-07-10,278947008
INTU,2025-08-02,278947008
INTU,2025-08-07,285488000
INTU,2025-08-08,278947008
INTU,2025-08-30,278947008
INTU,2025-09-05,278804992
INTU,2025-09-17,278805000
INTU,2025-09-26,278805000
INTU,2025-09-30,280237774
INTU,2025-10-01,285071795
INTU,2025-10-02,286502398
INTU,2025-10-06,279592284
INTU,2025-10-07,278805000
INTU,2025-10-08,278805000
INTU,2025-11-17,278947000
INTU,2025-11-22,278805000
INTU,2025-11-28,278400000
INTU,2026-03-06,278274077
INTU,2026-05-21,273537000
INTU,2026-09-11,267236000
AMAT,2019-01-05,958606016
AMAT,2019-01-07,958606016
AMAT,2019-01-09,958606016
AMAT,2019-01-10,958606016
AMAT,2019-01-12,958606016
AMAT,2019-01-14,958606016
AMAT,2019-01-16,958606016
AMAT,2019-01-18,958606016
AMAT,2019-01-24,958606016
AMAT,2019-01-25,958606016
AMAT,2019-01-28,953856000
AMAT,2019-01-30,953856000
AMAT,2019-02-04,953856000
AMAT,2019-02-07,953856000
AMAT,2019-02-11,953857024
AMAT,2019-02-14,953856000
AMAT,2019-02-15,953856000
AMAT,2019-02-17,953856000
AMAT,2019-02-18,953856000
AMAT,2019-02-20,953857024
AMAT,2019-02-28,949393024
AMAT,2019-03-01,949393024
AMAT,2019-03-07,949393024
AMAT,2019-03-09,949393024
AMAT,2019-03-10,949393024
AMAT,2019-03-11,949393024
AMAT,2019-03-14,949393024
AMAT,2019-03-15,949393024
AMAT,2019-03-17,949393024
AMAT,2019-03-18,949393024
AMAT,2019-03-26,949393024
AMAT,2019-03-27,949393024
AMAT,2019-03-29,949393024
AMAT,2019-03-30,949393024
AMAT,2019-04-01,949393024
AMAT,2019-04-02,949393024
AMAT,2019-04-05,949393024
AMAT,2019-04-09,949393024
AMAT,2019-04-14,949393024
AMAT,2019-04-15,949393024
AMAT,2019-04-17,949393024
AMAT,2019-04-19,949393024
AMAT,2019-04-21,949393024
AMAT,2019-04-29,949393024
AMAT,2019-05-03,949393024
AMAT,2019-05-05,949393024
AMAT,2019-05-07,949393024
AMAT,2019-05-09,949393024
AMAT,2019-05-12,949393024
AMAT,2019-05-13,949393024
AMAT,2019-05-19,949393024
AMAT,2019-05-20,949393024
AMAT,2019-05-22,949393024
AMAT,2019-05-23,949393024
AMAT,2019-05-28,936105024
AMAT,2019-06-01,936105024
AMAT,2019-06-03,936105024
AMAT,2019-06-04,936105024
AMAT,2019-06-05,936105024
AMAT,2019-06-07,936105024
AMAT,2019-06-10,936105024
AMAT,2019-06-11,936105024
AMAT,2019-06-13,936105024
AMAT,2019-06-17,936105024
AMAT,2019-06-19,936105024
AMAT,2019-06-21,936105024
AMAT,2019-06-23,936105024
AMAT,2019-06-25,936105024
AMAT,2019-06-26,936105024
AMAT,2019-07-05,935894976
AMAT,2019-07-06,936105024
AMAT,2019-08-07,979142016
AMAT,2019-08-08,936105024
AMAT,2019-08-09,967019008
AMAT,2019-08-10,936105024
AMAT,2019-08-14,968342976
AMAT,2019-08-15,936105024
AMAT,2019-08-20,945539968
AMAT,2019-08-21,936105024
AMAT,2019-08-22,938108032
AMAT,2019-08-23,936105024
AMAT,2019-08-26,923753984
AMAT,2019-08-28,921728000
AMAT,2019-08-29,923753984
AMAT,2019-08-30,896222976
AMAT,2019-09-02,882972032
AMAT,2019-09-04,923753984
AMAT,2019-09-06,881006016
AMAT,2019-09-09,885401984
AMAT,2019-09-11,875614976
AMAT,2019-09-12,923753984
AMAT,2019-09-13,918200000
AMAT,2019-09-14,923753984
AMAT,2019-09-18,928833024
AMAT,2019-09-19,939811008
AMAT,2019-09-20,916483008
AMAT,2019-09-21,923753984
AMAT,2019-09-24,938254976
AMAT,2019-09-25,923753984
AMAT,2019-09-27,927667008
AMAT,2019-09-28,923753984
AMAT,2019-10-03,913411968
AMAT,2019-10-04,923753984
AMAT,2019-10-05,920403968
AMAT,2019-10-08,905332992
AMAT,2019-10-09,923753984
AMAT,2019-10-10,952416000
AMAT,2019-10-11,923753984
AMAT,2019-10-17,900184000
AMAT,2019-10-22,940913024
AMAT,2019-10-23,912172032
AMAT,2019-10-24,897985024
AMAT,2019-10-25,1006750016
AMAT,2019-11-06,899225984
AMAT,2019-11-07,919113024
AMAT,2019-11-08,926073984
AMAT,2019-11-09,927068032
AMAT,2019-11-14,935214976
AMAT,2019-11-15,921166016
AMAT,2019-11-16,923753984
AMAT,2019-11-20,923753984
AMAT,2019-12-17,915304000
AMAT,2019-12-18,927974016
AMAT,2019-12-19,915304000
AMAT,2020-01-07,930108032
AMAT,2020-01-08,950608000
AMAT,2020-01-09,941132992
AMAT,2020-01-11,914710016
AMAT,2020-01-12,915304000
AMAT,2020-02-03,918606976
AMAT,2020-02-07,909824000
AMAT,2020-02-08,918606976
AMAT,2020-02-12,940944000
AMAT,2020-02-13,918606976
AMAT,2020-02-24,918305024
AMAT,2020-03-09,897494976
AMAT,2020-03-10,918305024
AMAT,2020-05-09,918305024
AMAT,2020-05-25,916478976
AMAT,2020-08-04,926166976
AMAT,2020-08-24,913283008
AMAT,2020-08-28,913283008
AMAT,2020-09-05,913283008
AMAT,2020-09-06,913283008
AMAT,2020-09-21,916372992
AMAT,2020-09-22,913283008
AMAT,2020-11-26,913283008
AMAT,2020-12-15,914344000
AMAT,2021-01-30,917660992
AMAT,2021-02-01,917660992
AMAT,2021-03-17,885059008
AMAT,2021-04-14,917660992
AMAT,2021-04-23,940646016
AMAT,2021-04-25,918953984
AMAT,2021-04-27,917660992
AMAT,2021-05-30,913980992
AMAT,2021-05-31,913980992
AMAT,2021-06-17,913980992
AMAT,2021-07-14,917401024
AMAT,2021-07-15,913980992
AMAT,2021-08-30,902929024
AMAT,2021-12-03,934857024
AMAT,2021-12-04,907014976
AMAT,2021-12-05,902929024
AMAT,2021-12-21,888513024
AMAT,2022-01-28,887992000
AMAT,2022-02-04,915638976
AMAT,2022-02-05,887992000
AMAT,2022-02-11,887992000
AMAT,2022-03-01,883395008
AMAT,2022-03-04,900569984
AMAT,2022-03-05,883395008
AMAT,2022-03-15,909206016
AMAT,2022-03-17,883395008
AMAT,2022-04-01,910204992
AMAT,2022-04-02,883395008
AMAT,2022-05-30,869947008
AMAT,2022-08-03,881630976
AMAT,2022-08-05,869947008
AMAT,2022-08-10,941264000
AMAT,2022-08-13,869947008
AMAT,2022-08-30,860308992
AMAT,2022-09-01,860308992
AMAT,2022-09-02,881486976
AMAT,2022-09-10,836062976
AMAT,2022-09-12,860308992
AMAT,2022-09-17,860793024
AMAT,2022-12-21,844140032
AMAT,2023-01-04,849811968
AMAT,2023-01-06,844140032
AMAT,2023-01-27,843078016
AMAT,2023-02-25,845118016
AMAT,2023-03-01,845118016
AMAT,2023-03-07,845118016
AMAT,2023-03-18,846428032
AMAT,2023-03-21,845118016
AMAT,2023-03-30,870166976
AMAT,2023-04-01,845118016
AMAT,2023-04-04,848780032
AMAT,2023-04-05,845118016
AMAT,2023-04-06,865288000
AMAT,2023-04-07,845118016
AMAT,2023-04-25,846236032
AMAT,2023-04-27,845118016
AMAT,2023-05-30,839747008
AMAT,2023-06-14,839747008
AMAT,2023-06-23,851113984
AMAT,2023-06-24,839747008
AMAT,2023-07-06,853206016
AMAT,2023-07-07,839747008
AMAT,2023-08-21,839747008
AMAT,2023-08-23,844972992
AMAT,2023-08-24,839747008
AMAT,2023-08-26,836534016
AMAT,2023-09-21,841052992
AMAT,2023-10-11,836534016
AMAT,2023-10-12,836534016
AMAT,2023-10-13,836534016
AMAT,2023-10-14,836534016
AMAT,2023-10-15,836534016
AMAT,2023-10-18,836534016
AMAT,2023-10-19,844044992
AMAT,2023-10-20,836534016
AMAT,2023-10-21,836534016
AMAT,2023-10-22,836534016
AMAT,2023-10-24,836534016
AMAT,2023-10-25,836534016
AMAT,2023-10-27,836534016
AMAT,2023-10-28,836534016
AMAT,2023-11-01,836534016
AMAT,2023-11-03,836534016
AMAT,2023-11-04,836534016
AMAT,2023-11-07,836534016
AMAT,2023-11-08,836534016
AMAT,2023-11-09,836534016
AMAT,2023-11-10,836534016
AMAT,2023-11-17,836534016
AMAT,2023-11-28,836534016
AMAT,2023-11-30,836534016
AMAT,2023-12-06,836534016
AMAT,2023-12-07,836534016
AMAT,2023-12-08,836534016
AMAT,2023-12-09,836534016
AMAT,2023-12-19,831067008
AMAT,2023-12-21,831067008
AMAT,2023-12-22,831067008
AMAT,2023-12-23,831067008
AMAT,2023-12-29,831067008
AMAT,2023-12-30,831067008
AMAT,2024-01-05,842977984
AMAT,2024-01-06,831067008
AMAT,2024-01-09,831067008
AMAT,2024-01-10,831067008
AMAT,2024-01-12,831067008
AMAT,2024-01-16,831342016
AMAT,2024-01-17,831067008
AMAT,2024-01-20,831067008
AMAT,2024-01-24,831067008
AMAT,2024-01-25,831067008
AMAT,2024-01-26,832062016
AMAT,2024-01-27,832062016
AMAT,2024-02-01,832062016
AMAT,2024-02-03,832062016
AMAT,2024-02-06,832062016
AMAT,2024-02-07,843750976
AMAT,2024-02-09,832062016
AMAT,2024-02-10,832062016
AMAT,2024-02-14,832062016
AMAT,2024-02-15,832062016
AMAT,2024-02-17,832062016
AMAT,2024-02-21,832062016
AMAT,2024-02-22,832062016
AMAT,2024-02-23,832062016
AMAT,2024-02-24,832062016
AMAT,2024-02-28,832062016
AMAT,2024-03-02,830897024
AMAT,2024-03-05,833912000
AMAT,2024-03-06,830897024
AMAT,2024-03-08,830897024
AMAT,2024-03-09,830897024
AMAT,2024-03-12,847484992
AMAT,2024-03-13,849000000
AMAT,2024-03-14,830897024
AMAT,2024-03-21,830897024
AMAT,2024-03-23,833228992
AMAT,2024-03-26,838094016
AMAT,2024-03-27,830897024
AMAT,2024-03-28,830897024
AMAT,2024-03-29,830897024
AMAT,2024-04-04,830897024
AMAT,2024-04-05,830897024
AMAT,2024-04-06,830897024
AMAT,2024-04-09,830897024
AMAT,2024-04-11,830897024
AMAT,2024-04-12,851324032
AMAT,2024-04-13,830897024
AMAT,2024-04-18,830897024
AMAT,2024-04-19,830897024
AMAT,2024-04-24,830897024
AMAT,2024-04-30,830897024
AMAT,2024-05-01,830897024
AMAT,2024-05-02,830897024
AMAT,2024-05-04,830897024
AMAT,2024-05-08,830897024
AMAT,2024-05-09,830897024
AMAT,2024-05-10,830897024
AMAT,2024-05-11,830897024
AMAT,2024-05-14,830897024
AMAT,2024-05-17,830897024
AMAT,2024-05-18,830897024
AMAT,2024-05-21,831464000
AMAT,2024-05-22,830897024
AMAT,2024-05-23,837182016
AMAT,2024-05-24,830897024
AMAT,2024-05-25,827974976
AMAT,2024-05-30,827974976
AMAT,2024-05-31,837955008
AMAT,2024-06-05,827974976
AMAT,2024-06-13,827974976
AMAT,2024-06-14,827974976
AMAT,2024-06-15,827974976
AMAT,2024-06-18,827974976
AMAT,2024-06-21,827974976
AMAT,2024-06-25,827974976
AMAT,2024-06-28,827974976
AMAT,2024-06-29,827974976
AMAT,2024-07-04,827974976
AMAT,2024-07-09,827974976
AMAT,2024-07-12,827974976
AMAT,2024-07-13,827974976
AMAT,2024-07-17,827974976
AMAT,2024-07-18,827974976
AMAT,2024-07-19,827974976
AMAT,2024-07-20,827974976
AMAT,2024-07-24,827974976
AMAT,2024-07-25,827974976
AMAT,2024-07-26,827974976
AMAT,2024-07-27,827974976
AMAT,2024-08-01,827974976
AMAT,2024-08-03,827974976
AMAT,2024-08-07,827974976
AMAT,2024-08-08,827974976
AMAT,2024-08-10,827974976
AMAT,2024-08-13,827974976
AMAT,2024-08-14,827974976
AMAT,2024-08-15,827974976
AMAT,2024-08-16,827974976
AMAT,2024-08-17,827974976
AMAT,2024-08-24,824403968
AMAT,2024-08-27,851459968
AMAT,2024-08-28,824403968
AMAT,2024-08-29,824403968
AMAT,2024-08-31,824403968
AMAT,2024-09-05,824403968
AMAT,2024-09-07,849966016
AMAT,2024-09-12,824403968
AMAT,2024-09-13,824403968
AMAT,2024-09-17,824403968
AMAT,2024-09-18,824403968
AMAT,2024-09-19,824403968
AMAT,2024-09-21,824403968
AMAT,2024-09-26,824403968
AMAT,2024-09-27,824403968
AMAT,2024-09-30,836113984
AMAT,2024-10-01,824403968
AMAT,2024-10-02,824403968
AMAT,2024-10-03,824403968
AMAT,2024-10-11,824403968
AMAT,2024-10-12,824403968
AMAT,2024-10-15,824403968
AMAT,2024-10-16,824662976
AMAT,2024-10-17,824403968
AMAT,2024-10-18,824403968
AMAT,2024-10-19,824403968
AMAT,2024-10-22,824403968
AMAT,2024-10-24,824403968
AMAT,2024-10-29,824403968
AMAT,2024-10-30,824403968
AMAT,2024-10-31,824403968
AMAT,2024-11-05,824403968
AMAT,2024-11-07,824403968
AMAT,2024-11-08,824403968
AMAT,2024-11-12,824403968
AMAT,2024-11-13,824403968
AMAT,2024-11-14,824403968
AMAT,2024-11-15,824403968
AMAT,2024-11-16,907977024
AMAT,2024-11-27,824403968
AMAT,2024-11-28,824403968
AMAT,2024-12-04,824876992
AMAT,2024-12-06,868156992
AMAT,2024-12-11,842492992
AMAT,2024-12-12,824403968
AMAT,2024-12-13,834400000
AMAT,2024-12-14,833068992
AMAT,2024-12-17,813684992
AMAT,2024-12-19,813684992
AMAT,2024-12-20,813684992
AMAT,2024-12-21,813684992
AMAT,2024-12-27,813684992
AMAT,2024-12-31,813684992
AMAT,2025-01-01,813684992
AMAT,2025-01-03,813684992
AMAT,2025-01-09,813684992
AMAT,2025-01-16,813684992
AMAT,2025-01-18,813684992
AMAT,2025-01-22,813684992
AMAT,2025-01-24,812700992
AMAT,2025-01-25,812700992
AMAT,2025-01-28,812700992
AMAT,2025-01-30,812700992
AMAT,2025-01-31,812700992
AMAT,2025-02-01,812700992
AMAT,2025-02-08,812700992
AMAT,2025-02-11,812700992
AMAT,2025-02-12,812700992
AMAT,2025-02-13,823078976
AMAT,2025-02-22,812441024
AMAT,2025-02-25,812441024
AMAT,2025-02-26,812441024
AMAT,2025-02-27,812441024
AMAT,2025-02-28,812441024
AMAT,2025-03-04,844163008
AMAT,2025-03-05,812441024
AMAT,2025-03-07,812441024
AMAT,2025-03-11,843262016
AMAT,2025-03-15,812441024
AMAT,2025-03-18,812441024
AMAT,2025-03-19,812441024
AMAT,2025-03-20,812441024
AMAT,2025-03-22,812441024
AMAT,2025-03-26,812441024
AMAT,2025-03-27,812441024
AMAT,2025-03-28,812441024
AMAT,2025-03-29,812441024
AMAT,2025-04-01,812441024
AMAT,2025-04-02,812441024
AMAT,2025-04-03,812441024
AMAT,2025-04-09,812441024
AMAT,2025-04-10,812441024
AMAT,2025-04-11,812441024
AMAT,2025-04-12,812441024
AMAT,2025-04-14,814745984
AMAT,2025-04-15,812441024
AMAT,2025-04-16,812441024
AMAT,2025-04-18,812441024
AMAT,2025-04-22,823857984
AMAT,2025-04-23,812441024
AMAT,2025-04-24,812441024
AMAT,2025-04-29,812441024
AMAT,2025-05-01,812441024
AMAT,2025-05-02,812441024
AMAT,2025-05-03,812441024
AMAT,2025-05-07,812441024
AMAT,2025-05-08,812441024
AMAT,2025-05-09,812441024
AMAT,2025-05-10,814476992
AMAT,2025-05-14,812441024
AMAT,2025-05-15,812441024
AMAT,2025-05-16,857486016
AMAT,2025-05-17,812441024
AMAT,2025-05-20,812441024
AMAT,2025-05-21,812441024
AMAT,2025-05-22,812441024
AMAT,2025-05-24,802497984
AMAT,2025-05-28,802497984
AMAT,2025-05-29,802497984
AMAT,2025-05-30,802497984
AMAT,2025-05-31,802497984
AMAT,2025-06-05,802497984
AMAT,2025-06-06,802497984
AMAT,2025-06-07,802497984
AMAT,2025-06-10,802497984
AMAT,2025-06-18,813838016
AMAT,2025-06-19,808302016
AMAT,2025-06-21,802497984
AMAT,2025-06-24,802497984
AMAT,2025-06-27,802497984
AMAT,2025-06-30,803112000
AMAT,2025-07-01,802497984
AMAT,2025-07-02,802497984
AMAT,2025-07-03,802497984
AMAT,2025-07-04,802497984
AMAT,2025-07-08,803633984
AMAT,2025-07-09,802497984
AMAT,2025-07-10,802497984
AMAT,2025-07-11,802497984
AMAT,2025-07-12,802497984
AMAT,2025-07-19,802497984
AMAT,2025-07-26,802497984
AMAT,2025-07-28,802497984
AMAT,2025-07-29,802497984
AMAT,2025-08-01,802497984
AMAT,2025-08-02,802497984
AMAT,2025-08-07,802497984
AMAT,2025-08-08,802497984
AMAT,2025-08-09,802497984
AMAT,2025-08-12,802497984
AMAT,2025-08-13,802497984
AMAT,2025-08-15,802497984
AMAT,2025-08-16,802497984
AMAT,2025-08-18,802497984
AMAT,2025-08-20,802497984
AMAT,2025-08-21,802497984
AMAT,2025-08-26,796641984
AMAT,2025-08-29,796641984
AMAT,2025-08-30,796641984
AMAT,2025-09-03,796641984
AMAT,2025-09-04,796641984
AMAT,2025-09-05,796641984
AMAT,2025-09-10,796641984
AMAT,2025-09-11,796641984
AMAT,2025-09-13,796641984
AMAT,2025-09-17,796642427
AMAT,2025-09-23,796642427
AMAT,2025-09-25,796642427
AMAT,2025-09-26,796642427
AMAT,2025-09-27,796642427
AMAT,2025-09-30,796642427
AMAT,2025-10-02,796642427
AMAT,2025-10-03,796642427
AMAT,2025-10-06,818835472
AMAT,2025-10-07,796642427
AMAT,2025-10-08,796642427
AMAT,2025-10-09,796642427
AMAT,2025-10-10,796642427
AMAT,2025-10-11,796642427
AMAT,2025-10-15,796642427
AMAT,2025-10-16,796642427
AMAT,2025-10-17,796642427
AMAT,2025-10-18,796642427
AMAT,2025-10-21,796642427
AMAT,2025-10-24,796642427
AMAT,2025-10-25,796642427
AMAT,2025-10-28,796642427
AMAT,2025-10-29,796642427
AMAT,2025-10-31,796642427
AMAT,2025-11-04,796642427
AMAT,2025-11-08,796642427
AMAT,2025-11-11,796642427
AMAT,2025-11-13,796642427
AMAT,2025-11-14,796642427
AMAT,2025-11-17,796642427
AMAT,2025-12-16,796642427
AMAT,2026-01-30,793721461
AMAT,2026-02-26,793609867
AMAT,2026-05-23,793959430
AMAT,2026-08-25,793597443
QCOM,2019-01-05,1212160000
QCOM,2019-01-07,1212160000
QCOM,2019-01-09,1212160000
QCOM,2019-01-10,1212160000
QCOM,2019-01-12,1212160000
QCOM,2019-01-14,1212160000
QCOM,2019-01-16,1212160000
QCOM,2019-01-20,1212160000
QCOM,2019-01-24,1212160000
QCOM,2019-01-25,1212160000
QCOM,2019-01-26,1212160000
QCOM,2019-01-29,1210200064
QCOM,2019-01-30,1210200064
QCOM,2019-02-04,1210310016
QCOM,2019-02-07,1210310016
QCOM,2019-02-12,1210310016
QCOM,2019-02-13,1210310016
QCOM,2019-02-15,1210310016
QCOM,2019-02-16,1210310016
QCOM,2019-02-17,1210310016
QCOM,2019-02-18,1210310016
QCOM,2019-02-20,1210310016
QCOM,2019-02-27,1210310016
QCOM,2019-02-28,1210310016
QCOM,2019-03-01,1210310016
QCOM,2019-03-07,1210310016
QCOM,2019-03-08,1210310016
QCOM,2019-03-10,1210310016
QCOM,2019-03-12,1210310016
QCOM,2019-03-14,1210310016
QCOM,2019-03-17,1210310016
QCOM,2019-03-19,1210310016
QCOM,2019-03-26,1210310016
QCOM,2019-03-29,1210310016
QCOM,2019-04-01,1210310016
QCOM,2019-04-05,1210310016
QCOM,2019-04-06,1210310016
QCOM,2019-04-09,1210310016
QCOM,2019-04-10,1210310016
QCOM,2019-04-14,1210310016
QCOM,2019-04-16,1210310016
QCOM,2019-04-17,1210310016
QCOM,2019-04-18,1210310016
QCOM,2019-04-21,1210310016
QCOM,2019-04-22,1210310016
QCOM,2019-04-29,1210310016
QCOM,2019-04-30,1210310016
QCOM,2019-05-02,1210310016
QCOM,2019-05-05,1215699968
QCOM,2019-05-08,1215699968
QCOM,2019-05-09,1215699968
QCOM,2019-05-10,1215699968
QCOM,2019-05-12,1215699968
QCOM,2019-05-14,1215699968
QCOM,2019-05-19,1215699968
QCOM,2019-05-21,1215699968
QCOM,2019-05-22,1215699968
QCOM,2019-05-28,1215699968
QCOM,2019-06-03,1215699968
QCOM,2019-06-05,1215699968
QCOM,2019-06-06,1215699968
QCOM,2019-06-10,1215699968
QCOM,2019-06-11,1215699968
QCOM,2019-06-17,1215699968
QCOM,2019-06-19,1215699968
QCOM,2019-06-21,1215699968
QCOM,2019-06-23,1215699968
QCOM,2019-06-24,1215699968
QCOM,2019-06-30,1215699968
QCOM,2019-07-19,1193389952
QCOM,2019-07-20,1215699968
QCOM,2019-08-01,1189369984
QCOM,2019-08-02,1182599936
QCOM,2019-08-03,1215660032
QCOM,2019-09-12,1215660032
QCOM,2019-11-06,1149219968
QCOM,2019-11-10,1141840000
QCOM,2019-11-13,1152770048
QCOM,2019-11-15,1135570048
QCOM,2019-11-16,1141840000
QCOM,2019-12-03,1126809984
QCOM,2019-12-04,1141840000
QCOM,2019-12-24,1136700032
QCOM,2019-12-25,1141840000
QCOM,2020-01-27,1142329984
QCOM,2020-02-07,1139270016
QCOM,2020-02-10,1102800000
QCOM,2020-02-29,1143040000
QCOM,2020-05-01,1124930048
QCOM,2020-05-21,1089490048
QCOM,2020-05-22,1124930048
QCOM,2020-07-31,1128269952
QCOM,2020-08-28,1128269952
QCOM,2020-09-05,1193680000
QCOM,2020-09-06,1128269952
QCOM,2020-09-21,1170969984
QCOM,2020-09-22,1128269952
QCOM,2020-11-06,1131000064
QCOM,2020-11-26,1131000064
QCOM,2021-01-23,1135750016
QCOM,2021-01-25,1135750016
QCOM,2021-02-05,1136000000
QCOM,2021-03-17,1136000000
QCOM,2021-03-30,1150880000
QCOM,2021-03-31,1136000000
QCOM,2021-04-01,1114749952
QCOM,2021-04-02,1136000000
QCOM,2021-04-23,1163510016
QCOM,2021-04-24,1142370048
QCOM,2021-04-27,1136000000
QCOM,2021-04-29,1147980032
QCOM,2021-04-30,1128000000
QCOM,2021-05-06,1123559936
QCOM,2021-05-07,1128000000
QCOM,2021-05-18,1131040000
QCOM,2021-05-19,1128000000
QCOM,2021-08-18,1128000000
QCOM,2021-09-09,1128000000
QCOM,2021-10-21,1130899968
QCOM,2021-10-22,1128000000
QCOM,2021-11-06,1120000000
QCOM,2021-12-02,1151440000
QCOM,2021-12-03,1120000000
QCOM,2021-12-04,1123299968
QCOM,2022-01-22,1125080064
QCOM,2022-01-25,1125080064
QCOM,2022-02-05,1127000064
QCOM,2022-02-12,1127000064
QCOM,2022-03-16,1190540032
QCOM,2022-03-17,1141159936
QCOM,2022-03-18,1127000064
QCOM,2022-03-28,1127000064
QCOM,2022-04-12,1138070016
QCOM,2022-04-13,1127000064
QCOM,2022-04-29,1120000000
QCOM,2022-05-04,1127840000
QCOM,2022-05-05,1120000000
QCOM,2022-06-03,1120000000
QCOM,2022-06-24,1139309952
QCOM,2022-07-01,1141830016
QCOM,2022-07-02,1120000000
QCOM,2022-07-29,1123000064
QCOM,2022-09-02,1123000064
QCOM,2022-09-10,1095789952
QCOM,2022-09-12,1123000064
QCOM,2022-10-21,1131719936
QCOM,2022-10-23,1123000064
QCOM,2022-11-05,1120999936
QCOM,2022-11-22,1120999936
QCOM,2023-01-21,1117190016
QCOM,2023-02-08,1115000064
QCOM,2023-03-04,1116620032
QCOM,2023-03-05,1115000064
QCOM,2023-03-30,1149459968
QCOM,2023-03-31,1115000064
QCOM,2023-04-04,1140480000
QCOM,2023-04-05,1115000064
QCOM,2023-04-28,1117350016
QCOM,2023-05-04,1147410048
QCOM,2023-05-06,1114000000
QCOM,2023-05-12,1139689984
QCOM,2023-05-13,1144530048
QCOM,2023-05-17,1114000000
QCOM,2023-06-14,1134509952
QCOM,2023-06-23,1153069952
QCOM,2023-06-24,1114000000
QCOM,2023-07-21,1148140032
QCOM,2023-07-25,1114000000
QCOM,2023-08-22,1116000000
QCOM,2023-08-23,1128130048
QCOM,2023-08-28,1116000000
QCOM,2023-09-07,1116000000
QCOM,2023-10-10,1116000000
QCOM,2023-10-12,1116000000
QCOM,2023-10-13,1116000000
QCOM,2023-10-14,1144600064
QCOM,2023-10-15,1116000000
QCOM,2023-10-17,1116000000
QCOM,2023-10-19,1116000000
QCOM,2023-10-20,1116000000
QCOM,2023-10-21,1116000000
QCOM,2023-10-23,1116000000
QCOM,2023-11-03,1114000000
QCOM,2023-11-04,1112999936
QCOM,2023-11-14,1116240000
QCOM,2023-12-03,1113689984
QCOM,2023-12-05,1112999936
QCOM,2023-12-22,1112999936
QCOM,2024-01-05,1124850048
QCOM,2024-01-06,1117740032
QCOM,2024-01-16,1113240064
QCOM,2024-01-20,1116850048
QCOM,2024-01-23,1116850048
QCOM,2024-01-25,1116850048
QCOM,2024-01-30,1124620032
QCOM,2024-02-02,1116000000
QCOM,2024-03-13,1141120000
QCOM,2024-03-14,1116000000
QCOM,2024-03-20,1116000000
QCOM,2024-03-23,1120989952
QCOM,2024-03-26,1119270016
QCOM,2024-03-27,1116000000
QCOM,2024-04-12,1141020032
QCOM,2024-04-13,1116000000
QCOM,2024-04-17,1124610048
QCOM,2024-04-18,1144460032
QCOM,2024-04-25,1118259968
QCOM,2024-04-26,1116000000
QCOM,2024-05-01,1138540032
QCOM,2024-05-04,1118860032
QCOM,2024-05-10,1116060032
QCOM,2024-05-24,1116000000
QCOM,2024-05-31,1132729984
QCOM,2024-06-05,1124409984
QCOM,2024-06-12,1120710016
QCOM,2024-06-15,1128540032
QCOM,2024-06-21,1176179968
QCOM,2024-06-28,1128470016
QCOM,2024-07-10,1120150016
QCOM,2024-07-18,1221080064
QCOM,2024-07-19,1147459968
QCOM,2024-07-20,1116000000
QCOM,2024-07-24,1125350016
QCOM,2024-07-25,1152470016
QCOM,2024-07-26,1116000000
QCOM,2024-08-02,1114000000
QCOM,2024-08-13,1124870016
QCOM,2024-08-17,1121510016
QCOM,2024-08-27,1114000000
QCOM,2024-08-30,1129510016
QCOM,2024-09-07,1152290048
QCOM,2024-09-17,1121490048
QCOM,2024-09-21,1147449984
QCOM,2024-09-30,1114520064
QCOM,2024-10-01,1114000000
QCOM,2024-10-16,1114579968
QCOM,2024-10-17,1114000000
QCOM,2024-10-31,1170029952
QCOM,2024-11-05,1114339968
QCOM,2024-11-08,1149689984
QCOM,2024-11-13,1144179968
QCOM,2024-11-14,1131709952
QCOM,2024-11-16,1135020032
QCOM,2024-11-21,1186189952
QCOM,2024-12-04,1111000064
QCOM,2024-12-06,1111000064
QCOM,2024-12-11,1141389952
QCOM,2024-12-13,1122160000
QCOM,2024-12-14,1120109952
QCOM,2025-01-17,1131510016
QCOM,2025-01-25,1105389952
QCOM,2025-02-07,1106000000
QCOM,2025-02-08,1106000000
QCOM,2025-02-13,1106000000
QCOM,2025-03-04,1131559936
QCOM,2025-03-11,1106000000
QCOM,2025-03-22,1106000000
QCOM,2025-03-27,1106000000
QCOM,2025-03-28,1106000000
QCOM,2025-04-10,1181629952
QCOM,2025-04-11,1106000000
QCOM,2025-04-14,1106480000
QCOM,2025-04-15,1106000000
QCOM,2025-04-22,1110220032
QCOM,2025-04-23,1106000000
QCOM,2025-05-02,1098000000
QCOM,2025-05-15,1100659968
QCOM,2025-05-16,1098790016
QCOM,2025-05-17,1098000000
QCOM,2025-05-29,1098000000
QCOM,2025-05-31,1098000000
QCOM,2025-06-06,1098000000
QCOM,2025-06-18,1098000000
QCOM,2025-06-19,1098000000
QCOM,2025-07-08,1098000000
QCOM,2025-07-10,1098690048
QCOM,2025-07-12,1098000000
QCOM,2025-08-01,1079000064
QCOM,2025-09-16,1079000064
QCOM,2025-09-17,1079000000
QCOM,2025-09-23,1080209284
QCOM,2025-09-24,1079000000
QCOM,2025-09-30,1104457350
QCOM,2025-10-02,1096563157
QCOM,2025-10-08,1099607035
QCOM,2025-10-15,1079000000
QCOM,2025-10-25,1085961702
QCOM,2025-10-28,1118636248
QCOM,2025-10-29,1079000000
QCOM,2025-11-07,1071000000
QCOM,2025-11-11,1071000000
QCOM,2025-11-12,1071000000
QCOM,2025-11-14,1071000000
QCOM,2025-11-15,1074201058
QCOM,2025-11-17,1079000000
QCOM,2026-01-24,1071000000
QCOM,2026-02-06,1068045102
QCOM,2026-05-01,1054000000
QCOM,2026-07-31,1050000000
QCOM,2026-08-18,1050233921
QCOM,2026-08-26,1068060487
QCOM,2026-10-06,1067839507
QCOM,2026-10-07,1067839507
QCOM,2026-10-08,1067839507
QCOM,2026-10-09,1067839507
TXN,2019-01-05,960542976
TXN,2019-01-07,960542976
TXN,2019-01-09,960542976
TXN,2019-01-10,960542976
TXN,2019-01-12,960542976
TXN,2019-01-14,960542976
TXN,2019-01-16,960542976
TXN,2019-01-17,960542976
TXN,2019-01-20,960542976
TXN,2019-01-24,960542976
TXN,2019-01-25,960542976
TXN,2019-01-28,945150016
TXN,2019-01-30,945150016
TXN,2019-02-04,945150016
TXN,2019-02-07,945150016
TXN,2019-02-11,945150016
TXN,2019-02-14,945150016
TXN,2019-02-15,945150016
TXN,2019-02-17,945150016
TXN,2019-02-18,945150016
TXN,2019-02-20,945150016
TXN,2019-02-28,938484992
TXN,2019-03-01,938484992
TXN,2019-03-07,938484992
TXN,2019-03-09,938484992
TXN,2019-03-10,938484992
TXN,2019-03-11,938484992
TXN,2019-03-14,938617984
TXN,2019-03-15,938617984
TXN,2019-03-17,938617984
TXN,2019-03-18,938617984
TXN,2019-03-26,938617984
TXN,2019-03-27,938617984
TXN,2019-03-29,938617984
TXN,2019-03-30,938617984
TXN,2019-04-01,938617984
TXN,2019-04-02,938617984
TXN,2019-04-05,938617984
TXN,2019-04-09,938617984
TXN,2019-04-11,938617984
TXN,2019-04-14,938617984
TXN,2019-04-15,938617984
TXN,2019-04-17,938617984
TXN,2019-04-19,938617984
TXN,2019-04-21,938617984
TXN,2019-04-23,938617984
TXN,2019-04-29,938798976
TXN,2019-05-01,938798976
TXN,2019-05-02,938206016
TXN,2019-05-03,938206016
TXN,2019-05-05,938206016
TXN,2019-05-07,938206016
TXN,2019-05-09,938206016
TXN,2019-05-11,938206016
TXN,2019-05-12,938206016
TXN,2019-05-13,938206016
TXN,2019-05-19,938206016
TXN,2019-05-20,938206016
TXN,2019-05-22,938206016
TXN,2019-05-23,938206016
TXN,2019-05-28,938206016
TXN,2019-06-01,938206016
TXN,2019-06-03,938206016
TXN,2019-06-04,938206016
TXN,2019-06-05,938206016
TXN,2019-06-06,938206016
TXN,2019-06-10,938206016
TXN,2019-06-11,938206016
TXN,2019-06-12,938206016
TXN,2019-06-17,938206016
TXN,2019-06-19,938206016
TXN,2019-06-21,938206016
TXN,2019-06-23,938206016
TXN,2019-06-24,938206016
TXN,2019-06-26,938206016
TXN,2019-07-05,939177024
TXN,2019-07-06,938798976
TXN,2019-07-10,930620992
TXN,2019-07-11,945772992
TXN,2019-07-12,939443008
TXN,2019-07-13,938798976
TXN,2019-07-25,934564992
TXN,2019-08-02,933619968
TXN,2019-08-05,946112000
TXN,2019-08-06,933619968
TXN,2019-08-07,972664000
TXN,2019-08-08,963881024
TXN,2019-08-09,961384000
TXN,2019-08-10,933619968
TXN,2019-08-30,927348992
TXN,2019-09-02,926000000
TXN,2019-09-04,933619968
TXN,2019-09-06,911091008
TXN,2019-09-09,909084032
TXN,2019-09-11,909441984
TXN,2019-09-12,933619968
TXN,2019-09-20,930153984
TXN,2019-09-21,933619968
TXN,2019-10-04,920126976
TXN,2019-10-08,933619968
TXN,2019-10-21,928812992
TXN,2019-10-22,933619968
TXN,2019-10-24,935177984
TXN,2019-11-05,934782016
TXN,2019-11-06,912140992
TXN,2019-11-07,934774976
TXN,2019-11-08,926662016
TXN,2019-11-09,934774976
TXN,2019-11-14,930062976
TXN,2019-11-15,928065984
TXN,2019-11-16,934774976
TXN,2019-11-20,934774976
TXN,2019-12-18,934923008
TXN,2019-12-19,934774976
TXN,2020-01-07,947350976
TXN,2020-01-08,953992000
TXN,2020-01-09,955390976
TXN,2020-01-11,937304000
TXN,2020-01-12,934774976
TXN,2020-01-27,932032000
TXN,2020-02-07,932595008
TXN,2020-02-08,932032000
TXN,2020-02-12,939580032
TXN,2020-02-13,932032000
TXN,2020-02-24,933976000
TXN,2020-03-09,921275008
TXN,2020-03-10,933976000
TXN,2020-03-12,933686016
TXN,2020-04-23,921481024
TXN,2020-04-24,917772992
TXN,2020-07-23,915590976
TXN,2020-07-24,915944000
TXN,2020-08-04,915944000
TXN,2020-08-28,915944000
TXN,2020-09-05,915944000
TXN,2020-09-06,915944000
TXN,2020-09-21,927438016
TXN,2020-09-22,915944000
TXN,2020-10-05,915944000
TXN,2020-10-22,917942016
TXN,2020-11-26,917942016
TXN,2021-01-28,919353984
TXN,2021-02-09,920238976
TXN,2021-03-11,923008000
TXN,2021-03-17,923008000
TXN,2021-04-14,923008000
TXN,2021-04-23,938408000
TXN,2021-04-25,923398976
TXN,2021-04-27,923008000
TXN,2021-04-29,923243008
TXN,2021-04-30,923243008
TXN,2021-05-04,923523968
TXN,2021-07-23,923209984
TXN,2021-08-04,929939008
TXN,2021-09-01,925724992
TXN,2021-09-02,923209984
TXN,2021-09-30,931913024
TXN,2021-10-05,939646976
TXN,2021-10-06,923209984
TXN,2021-10-23,933505024
TXN,2021-10-28,923414976
TXN,2021-10-29,923526016
TXN,2021-12-02,926464000
TXN,2021-12-03,923526016
TXN,2021-12-04,924481024
TXN,2022-01-27,924000000
TXN,2022-02-08,923547008
TXN,2022-02-11,923547008
TXN,2022-04-05,922878016
TXN,2022-05-01,922134016
TXN,2022-05-04,929937024
TXN,2022-05-06,922134016
TXN,2022-06-18,929316992
TXN,2022-06-19,922134016
TXN,2022-07-27,935664000
TXN,2022-07-28,915000000
TXN,2022-07-29,936131968
TXN,2022-07-30,913707008
TXN,2022-09-01,913707008
TXN,2022-09-02,908483008
TXN,2022-10-27,907571968
TXN,2022-11-04,918995008
TXN,2023-01-27,906000000
TXN,2023-02-04,918076992
TXN,2023-02-05,906000000
TXN,2023-02-07,906206016
TXN,2023-03-08,911420032
TXN,2023-03-09,906206016
TXN,2023-03-16,907342016
TXN,2023-03-30,925489984
TXN,2023-04-01,916009984
TXN,2023-04-02,907342016
TXN,2023-04-04,916408000
TXN,2023-04-06,907342016
TXN,2023-04-07,907342016
TXN,2023-04-26,908000000
TXN,2023-04-27,908000000
TXN,2023-04-28,907654016
TXN,2023-05-04,910931968
TXN,2023-05-06,907654016
TXN,2023-05-09,907654016
TXN,2023-05-12,917960000
TXN,2023-05-13,914214016
TXN,2023-05-16,907654016
TXN,2023-06-23,928310976
TXN,2023-06-24,907654016
TXN,2023-07-21,926572032
TXN,2023-07-26,908000000
TXN,2023-08-21,907966016
TXN,2023-10-10,907966016
TXN,2023-10-11,907966016
TXN,2023-10-13,907966016
TXN,2023-10-14,907966016
TXN,2023-10-18,907966016
TXN,2023-10-19,907966016
TXN,2023-10-20,907966016
TXN,2023-10-21,907966016
TXN,2023-10-25,907966016
TXN,2023-10-26,908204032
TXN,2023-10-27,908204032
TXN,2023-11-04,908204032
TXN,2023-11-07,908204032
TXN,2023-11-08,913841984
TXN,2023-11-09,908204032
TXN,2023-11-11,908204032
TXN,2023-11-21,908204032
TXN,2023-11-22,908204032
TXN,2023-11-23,908204032
TXN,2023-11-25,908204032
TXN,2023-12-01,908204032
TXN,2023-12-02,908204032
TXN,2023-12-05,908204032
TXN,2023-12-06,909302016
TXN,2023-12-09,908204032
TXN,2023-12-12,908204032
TXN,2023-12-13,908204032
TXN,2023-12-14,908204032
TXN,2023-12-16,908204032
TXN,2023-12-19,908204032
TXN,2023-12-21,908204032
TXN,2023-12-22,908204032
TXN,2023-12-29,908204032
TXN,2024-01-05,920515008
TXN,2024-01-06,908204032
TXN,2024-01-11,908204032
TXN,2024-01-16,908259008
TXN,2024-01-18,908204032
TXN,2024-01-19,908204032
TXN,2024-01-20,908204032
TXN,2024-01-24,909000000
TXN,2024-01-25,909000000
TXN,2024-02-03,909288000
TXN,2024-02-06,909288000
TXN,2024-02-07,909288000
TXN,2024-02-13,909288000
TXN,2024-02-21,909288000
TXN,2024-02-22,909288000
TXN,2024-02-23,909288000
TXN,2024-02-27,909288000
TXN,2024-03-02,909288000
TXN,2024-03-06,909288000
TXN,2024-03-12,909288000
TXN,2024-03-13,910056000
TXN,2024-03-14,910056000
TXN,2024-03-16,910056000
TXN,2024-03-20,910056000
TXN,2024-03-22,910056000
TXN,2024-03-26,925990016
TXN,2024-03-27,910056000
TXN,2024-03-28,910056000
TXN,2024-03-29,910056000
TXN,2024-04-03,910056000
TXN,2024-04-04,910216000
TXN,2024-04-06,910056000
TXN,2024-04-09,910056000
TXN,2024-04-10,910056000
TXN,2024-04-11,910056000
TXN,2024-04-13,910056000
TXN,2024-04-16,910056000
TXN,2024-04-17,910056000
TXN,2024-04-19,910056000
TXN,2024-04-23,910056000
TXN,2024-04-24,910288000
TXN,2024-04-25,910056000
TXN,2024-04-26,910481984
TXN,2024-04-27,910481984
TXN,2024-05-01,910481984
TXN,2024-05-02,910481984
TXN,2024-05-03,910481984
TXN,2024-05-04,910481984
TXN,2024-05-06,910481984
TXN,2024-05-09,910481984
TXN,2024-05-10,910481984
TXN,2024-05-11,910481984
TXN,2024-05-14,910481984
TXN,2024-05-15,910481984
TXN,2024-05-17,910481984
TXN,2024-05-21,911350976
TXN,2024-05-22,910481984
TXN,2024-05-23,910481984
TXN,2024-05-24,910481984
TXN,2024-05-29,910481984
TXN,2024-05-31,910481984
TXN,2024-06-05,910481984
TXN,2024-06-07,910481984
TXN,2024-06-11,910481984
TXN,2024-06-12,911358016
TXN,2024-06-13,910481984
TXN,2024-06-15,910481984
TXN,2024-06-19,910481984
TXN,2024-06-21,926966976
TXN,2024-06-22,910481984
TXN,2024-06-25,910481984
TXN,2024-06-27,910481984
TXN,2024-06-28,910481984
TXN,2024-06-29,910481984
TXN,2024-07-02,910481984
TXN,2024-07-03,910481984
TXN,2024-07-09,910481984
TXN,2024-07-10,910481984
TXN,2024-07-11,910481984
TXN,2024-07-12,910481984
TXN,2024-07-16,910481984
TXN,2024-07-18,921272000
TXN,2024-07-20,910481984
TXN,2024-07-23,910481984
TXN,2024-07-24,910481984
TXN,2024-07-25,918278976
TXN,2024-07-26,913046016
TXN,2024-08-02,913046016
TXN,2024-08-10,918889024
TXN,2024-08-13,913046016
TXN,2024-08-15,913046016
TXN,2024-08-16,913046016
TXN,2024-08-17,913046016
TXN,2024-08-20,913046016
TXN,2024-08-21,913046016
TXN,2024-08-23,913046016
TXN,2024-08-24,913046016
TXN,2024-08-27,913046016
TXN,2024-08-28,913046016
TXN,2024-08-29,913046016
TXN,2024-08-30,913046016
TXN,2024-08-31,913046016
TXN,2024-09-03,913046016
TXN,2024-09-04,969638976
TXN,2024-09-06,923961024
TXN,2024-09-07,932190016
TXN,2024-09-11,919580992
TXN,2024-09-12,913046016
TXN,2024-09-16,919763008
TXN,2024-09-17,913046016
TXN,2024-09-18,913046016
TXN,2024-09-19,913046016
TXN,2024-09-20,913046016
TXN,2024-09-21,932084992
TXN,2024-09-24,913046016
TXN,2024-09-25,913046016
TXN,2024-09-26,913046016
TXN,2024-09-28,913657024
TXN,2024-10-02,913046016
TXN,2024-10-04,913046016
TXN,2024-10-05,913046016
TXN,2024-10-10,913046016
TXN,2024-10-11,913046016
TXN,2024-10-12,913046016
TXN,2024-10-15,913046016
TXN,2024-10-17,913046016
TXN,2024-10-18,913046016
TXN,2024-10-23,913046016
TXN,2024-10-24,912217024
TXN,2024-10-29,912217024
TXN,2024-10-30,912217024
TXN,2024-10-31,912217024
TXN,2024-11-01,912217024
TXN,2024-11-02,912217024
TXN,2024-11-05,912217024
TXN,2024-11-06,912217024
TXN,2024-11-08,912217024
TXN,2024-11-09,912217024
TXN,2024-11-13,912217024
TXN,2024-11-14,912217024
TXN,2024-11-16,912217024
TXN,2024-11-19,912217024
TXN,2024-11-20,912217024
TXN,2024-11-23,912217024
TXN,2024-11-28,912217024
TXN,2024-11-30,912217024
TXN,2024-12-03,912217024
TXN,2024-12-04,933260992
TXN,2024-12-06,912217024
TXN,2024-12-07,912217024
TXN,2024-12-11,927902016
TXN,2024-12-13,912217024
TXN,2024-12-17,912217024
TXN,2024-12-18,912217024
TXN,2024-12-19,912217024
TXN,2024-12-20,912217024
TXN,2024-12-21,912217024
TXN,2024-12-24,912217024
TXN,2024-12-25,912217024
TXN,2024-12-28,912217024
TXN,2024-12-31,912217024
TXN,2025-01-07,912217024
TXN,2025-01-09,912217024
TXN,2025-01-11,912217024
TXN,2025-01-18,912217024
TXN,2025-01-22,912217024
TXN,2025-01-23,912217024
TXN,2025-01-25,912217024
TXN,2025-01-29,912217024
TXN,2025-02-04,912217024
TXN,2025-02-05,912217024
TXN,2025-02-06,912217024
TXN,2025-02-07,912217024
TXN,2025-02-08,928838976
TXN,2025-02-12,912217024
TXN,2025-02-14,912217024
TXN,2025-02-18,910332992
TXN,2025-02-19,910332992
TXN,2025-02-21,910332992
TXN,2025-02-25,910332992
TXN,2025-02-27,918323008
TXN,2025-03-04,917825984
TXN,2025-03-06,910332992
TXN,2025-03-07,909918016
TXN,2025-03-10,929580992
TXN,2025-03-11,909918016
TXN,2025-03-22,909918016
TXN,2025-03-26,909918016
TXN,2025-03-28,909918016
TXN,2025-04-10,984873024
TXN,2025-04-11,909918016
TXN,2025-04-22,927601984
TXN,2025-04-23,909918016
TXN,2025-04-25,908472000
TXN,2025-04-29,908472000
TXN,2025-04-30,908472000
TXN,2025-05-03,908472000
TXN,2025-05-07,908472000
TXN,2025-05-09,908472000
TXN,2025-05-10,908472000
TXN,2025-05-14,908472000
TXN,2025-05-21,908472000
TXN,2025-05-23,908472000
TXN,2025-05-27,908472000
TXN,2025-05-28,908472000
TXN,2025-05-29,908472000
TXN,2025-05-30,919104000
TXN,2025-05-31,908472000
TXN,2025-06-03,908472000
TXN,2025-06-04,908472000
TXN,2025-06-05,908472000
TXN,2025-06-06,908472000
TXN,2025-06-07,908472000
TXN,2025-06-10,908472000
TXN,2025-06-11,908472000
TXN,2025-06-13,908472000
TXN,2025-06-14,908472000
TXN,2025-06-17,915502976
TXN,2025-06-18,908472000
TXN,2025-06-19,908472000
TXN,2025-06-26,908472000
TXN,2025-07-01,908472000
TXN,2025-07-08,908472000
TXN,2025-07-09,908472000
TXN,2025-07-10,908472000
TXN,2025-07-11,908472000
TXN,2025-07-12,908472000
TXN,2025-07-16,908472000
TXN,2025-07-17,908472000
TXN,2025-07-22,908472000
TXN,2025-07-23,908472000
TXN,2025-07-24,909000000
TXN,2025-07-30,909137024
TXN,2025-07-31,909137024
TXN,2025-08-01,909137024
TXN,2025-08-06,909137024
TXN,2025-08-07,909137024
TXN,2025-08-09,909137024
TXN,2025-08-12,909137024
TXN,2025-08-14,909137024
TXN,2025-08-15,909137024
TXN,2025-08-16,909137024
TXN,2025-08-19,909137024
TXN,2025-08-21,909137024
TXN,2025-08-22,909137024
TXN,2025-08-23,909137024
TXN,2025-08-26,909137024
TXN,2025-08-28,909137024
TXN,2025-09-03,909137024
TXN,2025-09-04,909137024
TXN,2025-09-05,950155008
TXN,2025-09-09,909137024
TXN,2025-09-10,909137024
TXN,2025-09-11,909137024
TXN,2025-09-12,909137024
TXN,2025-09-16,909137024
TXN,2025-09-17,909137169
TXN,2025-09-18,909137169
TXN,2025-09-20,920541298
TXN,2025-09-23,909137169
TXN,2025-09-26,921098186
TXN,2025-09-30,915686648
TXN,2025-10-01,913194713
TXN,2025-10-02,923450321
TXN,2025-10-03,909137169
TXN,2025-10-06,919220767
TXN,2025-10-07,909137169
TXN,2025-10-08,933579377
TXN,2025-10-14,909137169
TXN,2025-10-15,915252441
TXN,2025-10-17,909137169
TXN,2025-10-23,909137169
TXN,2025-10-24,925585816
TXN,2025-10-25,908623020
TXN,2025-10-27,908623020
TXN,2025-11-05,920596591
TXN,2025-11-07,908623020
TXN,2025-11-08,908623020
TXN,2025-11-11,908623020
TXN,2025-11-15,925161065
TXN,2025-11-17,909137170
TXN,2026-01-29,908623021
TXN,2026-02-10,908623021
TXN,2026-03-10,910463377
TXN,2026-04-24,910000000
TXN,2026-04-28,910092791
TXN,2026-07-24,913092791
TXN,2026-07-28,913247686
NOW,2019-01-05,179304992
NOW,2019-01-07,179304992
NOW,2019-01-09,179304992
NOW,2019-01-10,179304992
NOW,2019-01-12,179304992
NOW,2019-01-14,179304992
NOW,2019-01-16,179304992
NOW,2019-01-17,179304992
NOW,2019-01-20,179304992
NOW,2019-01-22,179304992
NOW,2019-01-24,179304992
NOW,2019-01-25,179304992
NOW,2019-01-28,179304992
NOW,2019-01-30,179304992
NOW,2019-02-04,179304992
NOW,2019-02-07,179304992
NOW,2019-02-10,179304992
NOW,2019-02-13,179304992
NOW,2019-02-15,179304992
NOW,2019-02-17,179304992
NOW,2019-02-18,179304992
NOW,2019-02-20,179304992
NOW,2019-02-28,179304992
NOW,2019-03-01,179304992
NOW,2019-03-07,180500000
NOW,2019-03-10,180500000
NOW,2019-03-14,180500000
NOW,2019-03-17,180500000
NOW,2019-03-26,180500000
NOW,2019-03-29,180500000
NOW,2019-04-01,180500000
NOW,2019-04-05,180500000
NOW,2019-04-09,180500000
NOW,2019-04-14,180500000
NOW,2019-04-17,180500000
NOW,2019-04-21,180500000
NOW,2019-04-29,185516000
NOW,2019-04-30,185516000
NOW,2019-05-02,185516000
NOW,2019-05-05,185516000
NOW,2019-05-07,185516000
NOW,2019-05-09,185516000
NOW,2019-05-10,185516000
NOW,2019-05-12,185516000
NOW,2019-05-20,185516000
NOW,2019-05-22,185516000
NOW,2019-05-23,185516000
NOW,2019-05-28,185516000
NOW,2019-06-03,185516000
NOW,2019-06-04,185516000
NOW,2019-06-05,185516000
NOW,2019-06-06,185516000
NOW,2019-06-10,185516000
NOW,2019-06-11,185516000
NOW,2019-06-12,185516000
NOW,2019-06-17,185516000
NOW,2019-06-19,185516000
NOW,2019-06-21,185516000
NOW,2019-06-23,185516000
NOW,2019-06-24,185516000
NOW,2019-06-26,190327008
NOW,2019-06-27,185516000
NOW,2019-07-03,188656992
NOW,2019-07-04,185516000
NOW,2019-07-05,182452992
NOW,2019-07-06,185516000
NOW,2019-07-10,186390000
NOW,2019-07-11,185971008
NOW,2019-07-12,187727008
NOW,2019-07-13,185516000
NOW,2019-08-05,191196000
NOW,2019-08-06,185516000
NOW,2019-08-07,192054000
NOW,2019-08-08,190332992
NOW,2019-08-09,191368992
NOW,2019-08-10,187500000
NOW,2019-08-23,186696000
NOW,2019-08-24,187500000
NOW,2019-08-30,184335008
NOW,2019-09-02,186412000
NOW,2019-09-04,187500000
NOW,2019-09-06,182090000
NOW,2019-09-09,186319008
NOW,2019-09-11,193912992
NOW,2019-09-12,187863008
NOW,2019-09-13,187500000
NOW,2019-09-20,189538000
NOW,2019-09-21,187500000
NOW,2019-10-04,179836000
NOW,2019-10-08,187500000
NOW,2019-10-21,179160992
NOW,2019-10-22,187500000
NOW,2019-10-29,188600000
NOW,2019-11-05,184299008
NOW,2019-11-06,189720000
NOW,2019-11-07,194148000
NOW,2019-11-08,185186000
NOW,2019-11-09,188600000
NOW,2019-11-14,189652992
NOW,2019-11-15,188532992
NOW,2019-11-16,188600000
NOW,2019-12-18,184818000
NOW,2019-12-19,188600000
NOW,2020-01-08,187550000
NOW,2020-01-09,188626000
NOW,2020-01-10,190390000
NOW,2020-01-11,190364000
NOW,2020-01-12,188600000
NOW,2020-02-06,181351008
NOW,2020-02-07,190383008
NOW,2020-02-08,188600000
NOW,2020-02-12,189040000
NOW,2020-02-13,192020000
NOW,2020-02-14,188600000
NOW,2020-02-24,189800000
NOW,2020-04-28,190704000
NOW,2020-05-21,187144992
NOW,2020-05-22,190704000
NOW,2020-08-03,191800000
NOW,2020-08-28,191800000
NOW,2020-09-05,204420992
NOW,2020-09-06,191800000
NOW,2020-09-21,192100992
NOW,2020-09-22,191800000
NOW,2020-10-30,195100000
NOW,2020-11-26,195100000
NOW,2021-02-13,196100000
NOW,2021-02-15,196100000
NOW,2021-03-17,196100000
NOW,2021-04-23,195378000
NOW,2021-04-24,193890000
NOW,2021-04-27,197448000
NOW,2021-07-30,198100000
NOW,2021-08-26,198348992
NOW,2021-10-30,199000000
NOW,2021-11-01,199000000
NOW,2022-02-06,200000000
NOW,2022-02-07,200000000
NOW,2022-02-11,200000000
NOW,2022-03-04,208803008
NOW,2022-03-05,200000000
NOW,2022-03-15,206888000
NOW,2022-03-17,200000000
NOW,2022-03-28,206840992
NOW,2022-03-29,200000000
NOW,2022-04-01,206140992
NOW,2022-04-02,200000000
NOW,2022-04-26,200460000
NOW,2022-07-30,202000000
NOW,2022-08-02,202000000
NOW,2022-08-10,205104000
NOW,2022-08-11,202000000
NOW,2022-09-13,202000000
NOW,2022-12-06,212612992
NOW,2022-12-07,202000000
NOW,2023-01-04,203451008
NOW,2023-01-06,202000000
NOW,2023-02-02,203000000
NOW,2023-03-18,203640000
NOW,2023-03-21,203000000
NOW,2023-03-25,206550000
NOW,2023-03-30,207428000
NOW,2023-04-01,203000000
NOW,2023-04-04,203100992
NOW,2023-04-05,208052000
NOW,2023-04-06,206788000
NOW,2023-04-07,204252992
NOW,2023-04-08,203000000
NOW,2023-04-15,203740000
NOW,2023-05-04,206816992
NOW,2023-05-06,203740000
NOW,2023-06-03,205699008
NOW,2023-06-04,203740000
NOW,2023-06-08,214336992
NOW,2023-06-09,211527008
NOW,2023-06-10,212046000
NOW,2023-06-13,203740000
NOW,2023-06-15,208364000
NOW,2023-06-16,203740000
NOW,2023-06-27,205640992
NOW,2023-06-28,203740000
NOW,2023-07-19,205374000
NOW,2023-07-25,203740000
NOW,2023-08-21,204000000
NOW,2023-09-21,204636000
NOW,2023-10-04,209272992
NOW,2023-10-24,204426000
NOW,2023-10-26,204000000
NOW,2023-10-27,205055008
NOW,2023-10-28,205055008
NOW,2023-11-03,205055008
NOW,2023-11-04,205055008
NOW,2023-11-30,205055008
NOW,2023-12-01,205055008
NOW,2023-12-08,205055008
NOW,2023-12-09,205055008
NOW,2023-12-15,215679008
NOW,2023-12-16,205055008
NOW,2023-12-22,205055008
NOW,2023-12-23,205999008
NOW,2023-12-26,205055008
NOW,2024-01-05,206102000
NOW,2024-01-06,206364000
NOW,2024-01-17,205055008
NOW,2024-01-18,205055008
NOW,2024-01-27,205000000
NOW,2024-03-07,205000000
NOW,2024-03-08,205000000
NOW,2024-03-12,205255008
NOW,2024-03-16,205000000
NOW,2024-04-12,205382000
NOW,2024-04-16,205382000
NOW,2024-04-17,205382000
NOW,2024-04-18,205382000
NOW,2024-04-20,205382000
NOW,2024-04-25,205382000
NOW,2024-04-27,205382000
NOW,2024-04-30,205382000
NOW,2024-05-07,205382000
NOW,2024-05-08,205382000
NOW,2024-05-15,207800992
NOW,2024-05-16,205382000
NOW,2024-05-17,205382000
NOW,2024-05-23,205382000
NOW,2024-05-24,205382000
NOW,2024-05-25,205382000
NOW,2024-05-31,205382000
NOW,2024-06-01,205382000
NOW,2024-06-04,205382000
NOW,2024-06-07,205382000
NOW,2024-06-08,205382000
NOW,2024-06-11,205382000
NOW,2024-06-21,205382000
NOW,2024-06-22,205382000
NOW,2024-07-10,205382000
NOW,2024-07-11,205382000
NOW,2024-07-18,205382000
NOW,2024-07-26,205856992
NOW,2024-07-31,205924000
NOW,2024-08-01,205856992
NOW,2024-08-13,205856992
NOW,2024-08-17,205856992
NOW,2024-08-27,205959008
NOW,2024-08-29,205856992
NOW,2024-09-04,205856992
NOW,2024-09-07,205856992
NOW,2024-09-18,207398000
NOW,2024-09-28,205856992
NOW,2024-10-12,205856992
NOW,2024-10-26,206316992
NOW,2024-10-31,206316992
NOW,2024-11-01,206316992
NOW,2024-11-14,206316992
NOW,2024-11-16,206316992
NOW,2024-11-19,206316992
NOW,2024-11-20,206316992
NOW,2024-11-23,206316992
NOW,2024-11-26,206316992
NOW,2024-12-07,206316992
NOW,2024-12-10,206316992
NOW,2024-12-11,206316992
NOW,2024-12-12,206316992
NOW,2024-12-14,206316992
NOW,2024-12-17,206316992
NOW,2024-12-20,206316992
NOW,2024-12-21,206316992
NOW,2024-12-27,206316992
NOW,2024-12-28,206316992
NOW,2025-01-01,206316992
NOW,2025-01-04,206316992
NOW,2025-01-11,206316992
NOW,2025-01-14,206316992
NOW,2025-01-22,206316992
NOW,2025-01-23,206316992
NOW,2025-01-28,206316992
NOW,2025-01-29,206316992
NOW,2025-01-31,206487008
NOW,2025-02-04,206487008
NOW,2025-02-08,206487008
NOW,2025-02-15,206487008
NOW,2025-03-04,206487008
NOW,2025-03-10,224084000
NOW,2025-03-11,206487008
NOW,2025-03-27,206487008
NOW,2025-03-28,206487008
NOW,2025-04-01,206487008
NOW,2025-04-08,207002000
NOW,2025-04-10,218220000
NOW,2025-04-11,207002000
NOW,2025-04-17,207002000
NOW,2025-04-18,213570000
NOW,2025-04-22,211430000
NOW,2025-04-23,208440992
NOW,2025-04-25,206979008
NOW,2025-05-07,206979008
NOW,2025-05-15,206983008
NOW,2025-05-16,206983008
NOW,2025-05-21,206983008
NOW,2025-05-27,206983008
NOW,2025-05-29,208220000
NOW,2025-05-30,207830000
NOW,2025-05-31,206983008
NOW,2025-06-03,207152000
NOW,2025-06-04,207235008
NOW,2025-06-06,207152000
NOW,2025-06-07,207152000
NOW,2025-06-10,207828000
NOW,2025-06-11,210654000
NOW,2025-06-13,207152000
NOW,2025-06-14,211072000
NOW,2025-06-17,207196992
NOW,2025-06-18,211967008
NOW,2025-06-19,207152000
NOW,2025-06-24,207152000
NOW,2025-06-25,207152000
NOW,2025-06-26,207152000
NOW,2025-06-27,207152000
NOW,2025-06-28,207152000
NOW,2025-07-03,207152000
NOW,2025-07-04,207152000
NOW,2025-07-08,209088992
NOW,2025-07-09,207152000
NOW,2025-07-10,209046000
NOW,2025-07-11,213619008
NOW,2025-07-12,207152000
NOW,2025-07-16,207152000
NOW,2025-07-17,207152000
NOW,2025-07-19,207152000
NOW,2025-07-24,207152000
NOW,2025-07-25,207519008
NOW,2025-08-07,216584992
NOW,2025-08-08,207519008
NOW,2025-09-05,212327008
NOW,2025-09-17,207519000
NOW,2025-09-23,210446398
NOW,2025-09-26,210853364
NOW,2025-10-01,211063789
NOW,2025-10-02,213982718
NOW,2025-10-08,209492661
NOW,2025-10-15,210351931
NOW,2025-10-24,209526881
NOW,2025-10-25,207519000
NOW,2025-10-31,208151000
NOW,2025-11-01,211637996
NOW,2025-11-14,207481507
NOW,2025-11-17,208151000
NOW,2025-12-17,207678139
NOW,2025-12-18,1038390695
NOW,2026-01-06,1055142985
NOW,2026-01-30,1055142985
NOW,2026-04-08,1046000000
NOW,2026-04-23,1036156701
NOW,2026-04-24,1031308000
NOW,2026-07-24,1033862000
PANW,2019-01-05,94880896
PANW,2019-01-07,94880896
PANW,2019-01-09,94880896
PANW,2019-01-10,94880896
PANW,2019-01-12,94880896
PANW,2019-01-14,94880896
PANW,2019-01-16,94880896
PANW,2019-01-17,94880896
PANW,2019-01-20,94880896
PANW,2019-01-22,94880896
PANW,2019-01-24,94880896
PANW,2019-01-25,94880896
PANW,2019-01-26,94880896
PANW,2019-01-28,94880896
PANW,2019-01-30,94880896
PANW,2019-02-04,94880896
PANW,2019-02-07,94880896
PANW,2019-02-10,94880896
PANW,2019-02-13,94880896
PANW,2019-02-15,94880896
PANW,2019-02-17,94880896
PANW,2019-02-18,94880896
PANW,2019-02-20,94880896
PANW,2019-02-28,93700000
PANW,2019-03-07,93733000
PANW,2019-03-09,93733000
PANW,2019-03-10,93733000
PANW,2019-03-11,93733000
PANW,2019-03-14,93733000
PANW,2019-03-17,93733000
PANW,2019-03-26,93733000
PANW,2019-03-29,93733000
PANW,2019-04-01,93732896
PANW,2019-04-05,94291696
PANW,2019-04-10,94291696
PANW,2019-04-14,95475696
PANW,2019-04-17,95475696
PANW,2019-04-18,95475696
PANW,2019-04-21,95475696
PANW,2019-04-22,95475696
PANW,2019-04-29,95475696
PANW,2019-05-02,95475696
PANW,2019-05-05,95475696
PANW,2019-05-07,95475696
PANW,2019-05-09,95475696
PANW,2019-05-10,95475696
PANW,2019-05-12,95475696
PANW,2019-05-20,95475696
PANW,2019-05-22,95475696
PANW,2019-05-23,95475696
PANW,2019-05-28,95475696
PANW,2019-06-03,95975000
PANW,2019-06-04,95975000
PANW,2019-06-05,95975000
PANW,2019-06-06,95975000
PANW,2019-06-10,95975000
PANW,2019-06-11,95975000
PANW,2019-06-12,95975000
PANW,2019-06-17,95975000
PANW,2019-06-19,95975000
PANW,2019-06-21,95975000
PANW,2019-06-23,95975000
PANW,2019-06-24,95975000
PANW,2019-06-26,95960496
PANW,2019-06-27,95975000
PANW,2019-07-03,95568896
PANW,2019-07-04,95975000
PANW,2019-07-05,94050400
PANW,2019-07-06,95975000
PANW,2019-07-11,95680800
PANW,2019-07-12,97307200
PANW,2019-07-13,95975000
PANW,2019-08-05,97634096
PANW,2019-08-06,95975000
PANW,2019-08-07,99120000
PANW,2019-08-08,94834200
PANW,2019-08-09,96396400
PANW,2019-08-11,95975000
PANW,2019-08-23,96347104
PANW,2019-08-24,95975000
PANW,2019-08-30,95039904
PANW,2019-09-02,93420304
PANW,2019-09-04,95975000
PANW,2019-09-06,92159504
PANW,2019-09-09,90507696
PANW,2019-09-11,94480896
PANW,2019-09-12,100540000
PANW,2019-09-13,96990496
PANW,2019-09-20,96390600
PANW,2019-09-21,96990496
PANW,2019-10-04,95571400
PANW,2019-10-08,96990496
PANW,2019-10-21,96239104
PANW,2019-10-22,96990496
PANW,2019-10-24,96988304
PANW,2019-11-05,94422096
PANW,2019-11-06,94240600
PANW,2019-11-07,96801800
PANW,2019-11-08,96437104
PANW,2019-11-09,96988304
PANW,2019-11-14,97824896
PANW,2019-11-15,97897504
PANW,2019-11-16,96988304
PANW,2019-11-28,97957400
PANW,2019-12-18,98375400
PANW,2019-12-19,97957400
PANW,2020-01-08,95980000
PANW,2020-01-09,98520096
PANW,2020-01-10,97268400
PANW,2020-01-11,96712896
PANW,2020-01-12,97957400
PANW,2020-01-13,97670000
PANW,2020-01-14,97957400
PANW,2020-02-07,99745000
PANW,2020-02-08,97957400
PANW,2020-02-12,97684400
PANW,2020-02-13,97120096
PANW,2020-02-14,97957400
PANW,2020-02-27,99704896
PANW,2020-05-09,99704896
PANW,2020-05-21,96588000
PANW,2020-05-26,99704896
PANW,2020-05-27,96465904
PANW,2020-08-28,96465904
PANW,2020-09-05,102540000
PANW,2020-09-06,96465904
PANW,2020-09-08,96465904
PANW,2020-09-09,96373296
PANW,2020-09-21,96305504
PANW,2020-09-22,96373296
PANW,2020-10-22,94965200
PANW,2020-11-24,95211696
PANW,2020-11-26,95211696
PANW,2020-12-10,95500000
PANW,2020-12-18,96826000
PANW,2021-02-24,97242600
PANW,2021-03-17,97242600
PANW,2021-04-23,98290000
PANW,2021-04-24,96751504
PANW,2021-04-27,97242600
PANW,2021-05-22,97390896
PANW,2021-05-24,97390896
PANW,2021-08-25,97300000
PANW,2021-09-07,97406096
PANW,2021-09-16,98398600
PANW,2021-09-17,97406096
PANW,2021-11-02,98019504
PANW,2021-11-05,99037800
PANW,2021-11-06,98019504
PANW,2021-11-23,98666400
PANW,2022-02-04,102071000
PANW,2022-02-12,98666400
PANW,2022-02-25,98484400
PANW,2022-03-15,102369000
PANW,2022-03-17,99573104
PANW,2022-03-18,98484400
PANW,2022-05-05,101810000
PANW,2022-05-06,98484400
PANW,2022-05-25,99635400
PANW,2022-05-27,100314000
PANW,2022-09-02,99635400
PANW,2022-09-13,99737904
PANW,2022-09-14,99737904
PANW,2022-09-15,299214016
PANW,2022-09-16,299214016
PANW,2022-09-21,299214016
PANW,2022-09-22,299214016
PANW,2022-09-27,299214016
PANW,2022-10-05,299214016
PANW,2022-10-08,299214016
PANW,2022-10-12,310184992
PANW,2022-10-13,299214016
PANW,2022-10-16,299214016
PANW,2022-10-18,299214016
PANW,2022-10-20,299214016
PANW,2022-10-21,302120000
PANW,2022-10-23,299214016
PANW,2022-11-09,300395008
PANW,2022-11-19,302356992
PANW,2022-11-22,302356992
PANW,2022-12-06,307159008
PANW,2022-12-07,302356992
PANW,2023-02-23,302608000
PANW,2023-02-26,302608000
PANW,2023-03-18,303616000
PANW,2023-03-21,302608000
PANW,2023-03-25,306304992
PANW,2023-03-30,304876000
PANW,2023-04-01,312254016
PANW,2023-04-04,307864000
PANW,2023-04-05,302961984
PANW,2023-04-06,306316992
PANW,2023-04-07,309908000
PANW,2023-04-08,302608000
PANW,2023-05-15,302760000
PANW,2023-05-17,302608000
PANW,2023-05-27,305855008
PANW,2023-06-03,306489984
PANW,2023-06-04,305855008
PANW,2023-06-08,317833984
PANW,2023-06-09,308463008
PANW,2023-06-10,312275008
PANW,2023-06-13,305855008
PANW,2023-08-21,305855008
PANW,2023-09-02,308595008
PANW,2023-09-08,308595008
PANW,2023-09-21,309736000
PANW,2023-09-22,308595008
PANW,2023-10-04,315281984
PANW,2023-10-10,308595008
PANW,2023-10-11,308595008
PANW,2023-10-12,308595008
PANW,2023-10-13,308595008
PANW,2023-10-14,310046016
PANW,2023-10-17,308595008
PANW,2023-10-18,308595008
PANW,2023-10-19,308595008
PANW,2023-10-20,318604000
PANW,2023-10-21,308595008
PANW,2023-10-22,308595008
PANW,2023-10-24,308595008
PANW,2023-10-25,308595008
PANW,2023-10-27,308595008
PANW,2023-10-28,308595008
PANW,2023-10-31,310816000
PANW,2023-11-04,319507008
PANW,2023-11-09,310816000
PANW,2023-11-10,310816000
PANW,2023-11-11,310816000
PANW,2023-11-14,310816000
PANW,2023-11-17,310816000
PANW,2023-11-18,315300000
PANW,2023-11-21,315300000
PANW,2023-11-22,315300000
PANW,2023-11-23,315300000
PANW,2023-12-03,315311008
PANW,2023-12-05,315300000
PANW,2023-12-15,329471008
PANW,2023-12-16,315300000
PANW,2023-12-22,315300000
PANW,2023-12-23,316558016
PANW,2023-12-26,315300000
PANW,2024-01-05,319132000
PANW,2024-02-22,323100000
PANW,2024-03-04,323271008
PANW,2024-03-05,323100000
PANW,2024-03-16,323100000
PANW,2024-03-28,323100000
PANW,2024-04-12,323100000
PANW,2024-04-16,323100000
PANW,2024-05-10,323100000
PANW,2024-05-15,323860992
PANW,2024-05-16,323100000
PANW,2024-05-21,335655008
PANW,2024-05-22,323100000
PANW,2024-05-23,323800000
PANW,2024-05-31,338876000
PANW,2024-06-15,323800000
PANW,2024-06-21,323800000
PANW,2024-07-03,324238016
PANW,2024-07-10,323800000
PANW,2024-07-18,323800000
PANW,2024-07-25,328142016
PANW,2024-07-26,323800000
PANW,2024-07-31,328440000
PANW,2024-08-01,323800000
PANW,2024-08-13,324172000
PANW,2024-08-17,323800000
PANW,2024-08-21,325100000
PANW,2024-08-27,325100000
PANW,2024-09-04,325100000
PANW,2024-09-05,325100000
PANW,2024-09-06,325100000
PANW,2024-09-07,332767008
PANW,2024-09-10,325600000
PANW,2024-09-12,331192992
PANW,2024-09-16,326343008
PANW,2024-09-17,325600000
PANW,2024-09-18,333481984
PANW,2024-09-28,328489984
PANW,2024-10-16,325660992
PANW,2024-10-17,325600000
PANW,2024-10-18,328147008
PANW,2024-10-31,331008992
PANW,2024-11-01,327251008
PANW,2024-11-02,327251008
PANW,2024-11-05,327251008
PANW,2024-11-06,327251008
PANW,2024-11-07,327251008
PANW,2024-11-09,327251008
PANW,2024-11-13,327251008
PANW,2024-11-14,327251008
PANW,2024-11-15,327251008
PANW,2024-11-16,333500000
PANW,2024-11-19,327395008
PANW,2024-11-20,327251008
PANW,2024-11-21,327251008
PANW,2024-11-22,328100000
PANW,2024-12-06,329361984
PANW,2024-12-14,656200000
PANW,2024-12-21,656200000
PANW,2025-01-07,656200000
PANW,2025-01-14,656200000
PANW,2025-01-18,656200000
PANW,2025-02-15,662268992
PANW,2025-02-18,662099968
PANW,2025-03-04,686430976
PANW,2025-03-10,689142976
PANW,2025-03-11,662099968
PANW,2025-03-22,668236992
PANW,2025-03-27,702028992
PANW,2025-03-28,662099968
PANW,2025-04-01,670326016
PANW,2025-04-10,680790016
PANW,2025-04-11,662099968
PANW,2025-04-18,662099968
PANW,2025-04-22,693705024
PANW,2025-04-23,662099968
PANW,2025-05-10,667766976
PANW,2025-05-23,666800000
PANW,2025-05-29,673905024
PANW,2025-05-30,666800000
PANW,2025-06-05,677278976
PANW,2025-06-10,677905984
PANW,2025-06-11,668092992
PANW,2025-06-14,671555968
PANW,2025-06-18,674377024
PANW,2025-06-19,666800000
PANW,2025-06-27,673259008
PANW,2025-06-28,672684032
PANW,2025-07-08,666800000
PANW,2025-07-11,683452992
PANW,2025-07-12,666800000
PANW,2025-08-02,669577024
PANW,2025-08-05,667936000
PANW,2025-08-06,667936000
PANW,2025-08-07,686969024
PANW,2025-08-08,667936000
PANW,2025-08-09,667936000
PANW,2025-08-12,667936000
PANW,2025-08-13,667936000
PANW,2025-08-14,667936000
PANW,2025-08-16,667936000
PANW,2025-08-19,667936000
PANW,2025-09-02,668899968
PANW,2025-09-17,668900000
PANW,2025-09-23,668932131
PANW,2025-09-30,676870933
PANW,2025-10-03,676870933
PANW,2025-10-06,683764112
PANW,2025-10-07,676870933
PANW,2025-10-08,676870933
PANW,2025-10-10,676870933
PANW,2025-10-11,676870933
PANW,2025-10-15,695524343
PANW,2025-10-17,676870933
PANW,2025-10-18,676870933
PANW,2025-10-23,676870933
PANW,2025-10-24,676870933
PANW,2025-10-25,676870933
PANW,2025-10-27,676870933
PANW,2025-10-28,676870933
PANW,2025-10-30,676870933
PANW,2025-10-31,676870933
PANW,2025-11-01,676870933
PANW,2025-11-05,676870933
PANW,2025-11-06,676870933
PANW,2025-11-07,676870933
PANW,2025-11-08,676870933
PANW,2025-11-11,683982694
PANW,2025-11-12,683982694
PANW,2025-11-13,683982694
PANW,2025-11-14,683982694
PANW,2025-11-17,683982694
PANW,2025-11-21,697000000
PANW,2026-02-14,808074533
PANW,2026-02-19,808074532
PANW,2026-02-25,816000000
PANW,2026-03-18,816000000
PANW,2026-04-23,811000000
PANW,2026-06-04,815000000
PANW,2026-09-12,818000000
SNPS,2019-01-05,149515008
SNPS,2019-01-12,149515008
SNPS,2019-01-16,149515008
SNPS,2019-01-25,149515008
SNPS,2019-01-26,149515008
SNPS,2019-01-28,149515008
SNPS,2019-01-30,149515008
SNPS,2019-02-13,149515008
SNPS,2019-02-15,149515008
SNPS,2019-02-17,149296000
SNPS,2019-02-18,149296000
SNPS,2019-02-20,149296000
SNPS,2019-02-27,149296000
SNPS,2019-02-28,149676000
SNPS,2019-03-01,149676000
SNPS,2019-03-07,149676000
SNPS,2019-03-08,149676000
SNPS,2019-03-10,149676000
SNPS,2019-03-11,149676000
SNPS,2019-03-14,149676000
SNPS,2019-03-17,149676000
SNPS,2019-03-19,149676000
SNPS,2019-03-26,149676000
SNPS,2019-03-29,149676000
SNPS,2019-04-01,149676000
SNPS,2019-04-05,149676000
SNPS,2019-04-07,149676000
SNPS,2019-04-09,149676000
SNPS,2019-04-10,149676000
SNPS,2019-04-14,149676000
SNPS,2019-04-16,149676000
SNPS,2019-04-17,149676000
SNPS,2019-04-18,149676000
SNPS,2019-04-21,149676000
SNPS,2019-04-22,149676000
SNPS,2019-04-29,149676000
SNPS,2019-04-30,149676000
SNPS,2019-05-02,149676000
SNPS,2019-05-04,149676000
SNPS,2019-05-05,149676000
SNPS,2019-05-08,149676000
SNPS,2019-05-09,149676000
SNPS,2019-05-10,149676000
SNPS,2019-05-12,149676000
SNPS,2019-05-14,149676000
SNPS,2019-05-19,149676000
SNPS,2019-05-22,149676000
SNPS,2019-05-28,149899008
SNPS,2019-06-03,149899008
SNPS,2019-06-05,149899008
SNPS,2019-06-10,149899008
SNPS,2019-06-11,149899008
SNPS,2019-06-17,149899008
SNPS,2019-06-19,149899008
SNPS,2019-06-21,149899008
SNPS,2019-06-23,149899008
SNPS,2019-06-30,149899008
SNPS,2019-07-01,153562000
SNPS,2019-07-14,149899008
SNPS,2019-07-15,150964992
SNPS,2019-07-23,150376992
SNPS,2019-07-27,149899008
SNPS,2019-07-31,148975008
SNPS,2019-08-01,149899008
SNPS,2019-08-29,150287008
SNPS,2019-09-12,149702000
SNPS,2019-10-30,149036000
SNPS,2019-10-31,149702000
SNPS,2019-11-14,150036000
SNPS,2019-11-15,148551008
SNPS,2019-11-16,149702000
SNPS,2019-12-06,150331008
SNPS,2019-12-18,150704992
SNPS,2019-12-19,150331008
SNPS,2019-12-24,150535008
SNPS,2020-01-08,151478000
SNPS,2020-01-09,151574000
SNPS,2020-01-10,154648992
SNPS,2020-01-11,153588992
SNPS,2020-01-12,150535008
SNPS,2020-02-06,148988992
SNPS,2020-02-07,151082000
SNPS,2020-02-08,150535008
SNPS,2020-02-12,151782000
SNPS,2020-02-13,151772000
SNPS,2020-02-14,150535008
SNPS,2020-02-20,150211008
SNPS,2020-02-25,150227008
SNPS,2020-05-09,150227008
SNPS,2020-05-21,147095008
SNPS,2020-05-25,150908000
SNPS,2020-05-26,150908000
SNPS,2020-05-27,150788992
SNPS,2020-08-21,151758000
SNPS,2020-08-25,151762000
SNPS,2020-08-28,151762000
SNPS,2020-09-05,162056000
SNPS,2020-09-06,151762000
SNPS,2020-09-21,154775008
SNPS,2020-09-22,151762000
SNPS,2020-10-19,151762000
SNPS,2020-11-26,151762000
SNPS,2020-12-04,152618000
SNPS,2020-12-16,153032000
SNPS,2021-02-19,152364000
SNPS,2021-02-20,152372000
SNPS,2021-02-22,152372000
SNPS,2021-02-23,152372992
SNPS,2021-03-17,152372992
SNPS,2021-04-23,155044000
SNPS,2021-04-24,153046000
SNPS,2021-04-27,152372992
SNPS,2021-04-28,152372992
SNPS,2021-05-21,152554000
SNPS,2021-05-25,152575008
SNPS,2021-06-15,152575008
SNPS,2021-06-16,152575008
SNPS,2021-08-24,152503008
SNPS,2021-09-01,153439008
SNPS,2021-09-02,152503008
SNPS,2021-12-07,153062000
SNPS,2021-12-16,153438000
SNPS,2022-02-11,153438000
SNPS,2022-02-22,153099008
SNPS,2022-03-16,157491008
SNPS,2022-03-18,153099008
SNPS,2022-05-24,152970000
SNPS,2022-08-23,152911008
SNPS,2022-09-02,152911008
SNPS,2022-10-26,156516992
SNPS,2022-10-27,152911008
SNPS,2022-12-05,152375008
SNPS,2022-12-10,154648000
SNPS,2022-12-11,152375008
SNPS,2022-12-14,152416992
SNPS,2023-02-19,152380000
SNPS,2023-02-22,152302000
SNPS,2023-03-18,152903008
SNPS,2023-03-22,152302000
SNPS,2023-03-30,154431008
SNPS,2023-04-01,156503008
SNPS,2023-04-04,152302000
SNPS,2023-04-06,154946000
SNPS,2023-04-07,152302000
SNPS,2023-04-18,152899008
SNPS,2023-05-04,152644992
SNPS,2023-05-06,152302000
SNPS,2023-05-12,153196000
SNPS,2023-05-13,152830000
SNPS,2023-05-16,152302000
SNPS,2023-05-23,152160000
SNPS,2023-08-22,152124992
SNPS,2023-09-08,152084000
SNPS,2023-10-14,152084000
SNPS,2023-10-15,152084000
SNPS,2023-10-17,152084000
SNPS,2023-10-18,152084000
SNPS,2023-10-19,152084000
SNPS,2023-10-20,153143008
SNPS,2023-10-21,152084000
SNPS,2023-10-25,152084000
SNPS,2023-10-26,152084000
SNPS,2023-10-31,152084000
SNPS,2023-11-01,152084000
SNPS,2023-11-03,152084000
SNPS,2023-11-04,152084000
SNPS,2023-11-08,152084000
SNPS,2023-11-09,152084000
SNPS,2023-11-11,152084000
SNPS,2023-11-14,152084000
SNPS,2023-11-15,152084000
SNPS,2023-11-16,152084000
SNPS,2023-11-18,152084000
SNPS,2023-11-21,152084000
SNPS,2023-11-22,152084000
SNPS,2023-11-23,152084000
SNPS,2023-11-28,152084000
SNPS,2023-12-01,152052992
SNPS,2023-12-03,152059008
SNPS,2023-12-05,152052992
SNPS,2023-12-14,151987008
SNPS,2023-12-15,156620992
SNPS,2023-12-16,151987008
SNPS,2023-12-22,151987008
SNPS,2023-12-23,162275008
SNPS,2023-12-26,151987008
SNPS,2024-01-04,151987008
SNPS,2024-01-05,151987008
SNPS,2024-01-06,151987008
SNPS,2024-01-11,151987008
SNPS,2024-01-12,151987008
SNPS,2024-01-16,151987008
SNPS,2024-01-17,152520992
SNPS,2024-01-19,152516000
SNPS,2024-01-25,152516000
SNPS,2024-01-26,152516000
SNPS,2024-01-27,152516000
SNPS,2024-01-30,152516000
SNPS,2024-02-01,152516000
SNPS,2024-02-03,152516000
SNPS,2024-02-07,152516000
SNPS,2024-02-08,152516000
SNPS,2024-02-09,152516000
SNPS,2024-02-10,152516000
SNPS,2024-02-13,152516000
SNPS,2024-02-14,152516000
SNPS,2024-02-16,152516000
SNPS,2024-02-20,152542000
SNPS,2024-02-23,152542000
SNPS,2024-02-27,152544000
SNPS,2024-02-28,152544000
SNPS,2024-02-29,152544000
SNPS,2024-03-02,152544000
SNPS,2024-03-04,152544000
SNPS,2024-03-05,152544000
SNPS,2024-03-07,152544000
SNPS,2024-03-08,152544000
SNPS,2024-03-09,152544000
SNPS,2024-03-12,154152000
SNPS,2024-03-14,152544000
SNPS,2024-03-15,152544000
SNPS,2024-03-16,155055008
SNPS,2024-03-19,152544000
SNPS,2024-03-20,152544000
SNPS,2024-03-22,152544000
SNPS,2024-03-26,152544000
SNPS,2024-03-28,153032000
SNPS,2024-03-29,152544000
SNPS,2024-03-30,152544000
SNPS,2024-04-02,152544000
SNPS,2024-04-04,152544000
SNPS,2024-04-05,152544000
SNPS,2024-04-09,152544000
SNPS,2024-04-11,152544000
SNPS,2024-04-12,152544000
SNPS,2024-04-16,156334000
SNPS,2024-04-17,153316000
SNPS,2024-04-18,152544000
SNPS,2024-04-19,152544000
SNPS,2024-04-23,152544000
SNPS,2024-04-25,152544000
SNPS,2024-04-27,152544000
SNPS,2024-05-04,152544000
SNPS,2024-05-06,152544000
SNPS,2024-05-07,152544000
SNPS,2024-05-08,152544000
SNPS,2024-05-10,152544000
SNPS,2024-05-11,152544000
SNPS,2024-05-14,152544000
SNPS,2024-05-17,155472992
SNPS,2024-05-18,152544000
SNPS,2024-05-21,153304000
SNPS,2024-05-22,152544000
SNPS,2024-05-23,153204000
SNPS,2024-05-24,153204000
SNPS,2024-05-25,153216000
SNPS,2024-05-26,153216000
SNPS,2024-05-28,153216000
SNPS,2024-05-31,157432000
SNPS,2024-06-01,153216000
SNPS,2024-06-04,153216000
SNPS,2024-06-06,153216000
SNPS,2024-06-07,157031008
SNPS,2024-06-08,153216000
SNPS,2024-06-11,153216000
SNPS,2024-06-12,153216000
SNPS,2024-06-13,153216000
SNPS,2024-06-14,153216000
SNPS,2024-06-15,153216000
SNPS,2024-06-21,155767008
SNPS,2024-06-22,153216000
SNPS,2024-06-28,154124992
SNPS,2024-06-29,153216000
SNPS,2024-07-03,153216000
SNPS,2024-07-06,153216000
SNPS,2024-07-10,155119008
SNPS,2024-07-13,153216000
SNPS,2024-07-18,164751008
SNPS,2024-07-24,153216000
SNPS,2024-07-25,157368992
SNPS,2024-07-26,153216000
SNPS,2024-07-27,153216000
SNPS,2024-07-31,153216000
SNPS,2024-08-02,153216000
SNPS,2024-08-03,153216000
SNPS,2024-08-07,153216000
SNPS,2024-08-10,153216000
SNPS,2024-08-13,154360000
SNPS,2024-08-14,153216000
SNPS,2024-08-15,153216000
SNPS,2024-08-21,153216000
SNPS,2024-08-22,153216000
SNPS,2024-08-23,153612992
SNPS,2024-08-24,153614000
SNPS,2024-08-25,153614000
SNPS,2024-08-27,153614000
SNPS,2024-08-29,153614000
SNPS,2024-08-30,153614000
SNPS,2024-08-31,153614000
SNPS,2024-09-04,165859008
SNPS,2024-09-05,153614000
SNPS,2024-09-06,153614000
SNPS,2024-09-07,157623008
SNPS,2024-09-20,153614000
SNPS,2024-09-21,155856992
SNPS,2024-09-24,153614000
SNPS,2024-09-25,153614000
SNPS,2024-09-26,153614000
SNPS,2024-09-27,153614000
SNPS,2024-09-28,153614000
SNPS,2024-10-01,153614000
SNPS,2024-10-02,153614000
SNPS,2024-10-03,153614000
SNPS,2024-10-04,154166000
SNPS,2024-10-05,153614000
SNPS,2024-10-16,153660992
SNPS,2024-10-17,153614000
SNPS,2024-10-18,154636992
SNPS,2024-10-22,153614000
SNPS,2024-10-23,153614000
SNPS,2024-10-29,153614000
SNPS,2024-11-01,153614000
SNPS,2024-11-02,153614000
SNPS,2024-11-05,153614000
SNPS,2024-11-06,153614000
SNPS,2024-11-07,153614000
SNPS,2024-11-08,153614000
SNPS,2024-11-09,153614000
SNPS,2024-11-13,153614000
SNPS,2024-11-14,153614000
SNPS,2024-11-15,153614000
SNPS,2024-11-16,153614000
SNPS,2024-11-20,153614000
SNPS,2024-11-22,153614000
SNPS,2024-11-27,153614000
SNPS,2024-11-30,153614000
SNPS,2024-12-03,153614000
SNPS,2024-12-04,153614000
SNPS,2024-12-05,154112000
SNPS,2024-12-06,175858000
SNPS,2024-12-11,155079008
SNPS,2024-12-12,154112000
SNPS,2024-12-13,154211008
SNPS,2024-12-14,154112000
SNPS,2024-12-20,154578000
SNPS,2024-12-21,154578000
SNPS,2024-12-24,154578000
SNPS,2024-12-25,154578000
SNPS,2024-12-27,154578000
SNPS,2024-12-28,154578000
SNPS,2024-12-31,154578000
SNPS,2025-01-01,154578000
SNPS,2025-01-07,154578000
SNPS,2025-01-08,154578000
SNPS,2025-01-11,154578000
SNPS,2025-01-14,156199008
SNPS,2025-01-15,154578000
SNPS,2025-01-16,154578000
SNPS,2025-01-17,154578000
SNPS,2025-01-18,154578000
SNPS,2025-01-22,154578000
SNPS,2025-01-23,154578000
SNPS,2025-01-28,154578000
SNPS,2025-02-04,154578000
SNPS,2025-02-06,154578000
SNPS,2025-02-08,156742000
SNPS,2025-02-12,154578000
SNPS,2025-02-14,154578000
SNPS,2025-02-15,154578000
SNPS,2025-02-18,154619008
SNPS,2025-02-21,154619008
SNPS,2025-02-22,154619008
SNPS,2025-02-25,154619008
SNPS,2025-02-26,154619008
SNPS,2025-02-27,154619008
SNPS,2025-02-28,154620000
SNPS,2025-03-01,154620000
SNPS,2025-03-04,159511008
SNPS,2025-03-07,154620000
SNPS,2025-03-08,154620000
SNPS,2025-03-10,162184992
SNPS,2025-03-11,154620000
SNPS,2025-03-14,154620000
SNPS,2025-03-18,154620000
SNPS,2025-03-19,154620000
SNPS,2025-03-22,154620000
SNPS,2025-03-26,154620000
SNPS,2025-03-27,154620000
SNPS,2025-03-28,154620000
SNPS,2025-04-01,154620000
SNPS,2025-04-02,154620000
SNPS,2025-04-03,154620000
SNPS,2025-04-08,154620000
SNPS,2025-04-09,154620000
SNPS,2025-04-10,154620000
SNPS,2025-04-11,154620000
SNPS,2025-04-15,154620000
SNPS,2025-04-18,154620000
SNPS,2025-04-22,158832000
SNPS,2025-04-23,154620000
SNPS,2025-04-29,154620000
SNPS,2025-04-30,154620000
SNPS,2025-05-02,154620000
SNPS,2025-05-07,154620000
SNPS,2025-05-08,154620000
SNPS,2025-05-10,155132000
SNPS,2025-05-13,154620000
SNPS,2025-05-15,154620000
SNPS,2025-05-17,154620000
SNPS,2025-05-21,154620000
SNPS,2025-05-22,154620000
SNPS,2025-05-23,154620000
SNPS,2025-05-24,154620000
SNPS,2025-05-27,154620000
SNPS,2025-05-29,157148000
SNPS,2025-05-30,155160992
SNPS,2025-06-03,155160992
SNPS,2025-06-04,155160992
SNPS,2025-06-05,155160992
SNPS,2025-06-06,155160992
SNPS,2025-06-07,155160992
SNPS,2025-06-12,155160992
SNPS,2025-06-14,160387008
SNPS,2025-06-16,155160992
SNPS,2025-06-17,156470000
SNPS,2025-06-18,155160992
SNPS,2025-06-19,155160992
SNPS,2025-06-21,155160992
SNPS,2025-06-27,155160992
SNPS,2025-06-28,155160992
SNPS,2025-07-03,155160992
SNPS,2025-07-08,158695008
SNPS,2025-07-10,155319008
SNPS,2025-07-11,157078000
SNPS,2025-07-12,155160992
SNPS,2025-07-15,155160992
SNPS,2025-07-16,155160992
SNPS,2025-07-18,187543008
SNPS,2025-07-19,185044000
SNPS,2025-07-22,185044000
SNPS,2025-07-23,185044000
SNPS,2025-07-26,185044000
SNPS,2025-08-02,189476000
SNPS,2025-08-07,186700992
SNPS,2025-08-08,185044000
SNPS,2025-08-09,185044000
SNPS,2025-08-12,185044000
SNPS,2025-08-14,185044000
SNPS,2025-08-23,185044000
SNPS,2025-08-28,185044000
SNPS,2025-08-30,185044000
SNPS,2025-09-05,185044000
SNPS,2025-09-10,185044000
SNPS,2025-09-11,185748992
SNPS,2025-09-12,185748992
SNPS,2025-09-13,185748992
SNPS,2025-09-16,185748992
SNPS,2025-09-17,185748673
SNPS,2025-09-18,185748673
SNPS,2025-09-20,185748673
SNPS,2025-09-23,185748673
SNPS,2025-09-24,185748673
SNPS,2025-09-25,185748673
SNPS,2025-09-26,185748673
SNPS,2025-09-27,185748673
SNPS,2025-09-30,188120622
SNPS,2025-10-01,185748673
SNPS,2025-10-02,185748673
SNPS,2025-10-06,186530593
SNPS,2025-10-07,185748673
SNPS,2025-10-08,185900279
SNPS,2025-10-09,185748673
SNPS,2025-10-10,185748673
SNPS,2025-10-11,185748673
SNPS,2025-10-15,187523448
SNPS,2025-10-16,185748673
SNPS,2025-10-18,185748673
SNPS,2025-10-20,185748673
SNPS,2025-10-23,185748673
SNPS,2025-10-24,185748673
SNPS,2025-10-28,185748673
SNPS,2025-11-01,185748673
SNPS,2025-11-06,185748673
SNPS,2025-11-12,185748673
SNPS,2025-11-13,185748673
SNPS,2025-11-14,185748673
SNPS,2025-11-15,187702267
SNPS,2025-11-17,185748673
SNPS,2025-12-02,190570390
SNPS,2025-12-23,191318206
SNPS,2026-03-04,191562027
SNPS,2026-05-28,191479325
SNPS,2026-08-28,191636646
CDNS,2019-01-05,282142016
CDNS,2019-01-09,282142016
CDNS,2019-01-12,282142016
CDNS,2019-01-14,282142016
CDNS,2019-01-16,282142016
CDNS,2019-01-25,282142016
CDNS,2019-01-26,282142016
CDNS,2019-01-30,282142016
CDNS,2019-02-07,282142016
CDNS,2019-02-13,282142016
CDNS,2019-02-15,282142016
CDNS,2019-02-17,282142016
CDNS,2019-02-20,282142016
CDNS,2019-02-28,282142016
CDNS,2019-03-07,280384992
CDNS,2019-03-10,280384992
CDNS,2019-03-14,281185984
CDNS,2019-03-17,281185984
CDNS,2019-03-26,281185984
CDNS,2019-03-29,281185984
CDNS,2019-04-01,281185984
CDNS,2019-04-05,281185984
CDNS,2019-04-09,281185984
CDNS,2019-04-10,281185984
CDNS,2019-04-14,281185984
CDNS,2019-04-16,281185984
CDNS,2019-04-17,281185984
CDNS,2019-04-18,281185984
CDNS,2019-04-21,281185984
CDNS,2019-04-22,281185984
CDNS,2019-04-29,281030016
CDNS,2019-05-02,281030016
CDNS,2019-05-05,281030016
CDNS,2019-05-09,281030016
CDNS,2019-05-12,281030016
CDNS,2019-05-19,281030016
CDNS,2019-05-22,281030016
CDNS,2019-05-28,281030016
CDNS,2019-06-03,281030016
CDNS,2019-06-05,281030016
CDNS,2019-06-10,281030016
CDNS,2019-06-11,281030016
CDNS,2019-06-17,281030016
CDNS,2019-06-19,281030016
CDNS,2019-06-21,281030016
CDNS,2019-06-23,281030016
CDNS,2019-06-26,281030016
CDNS,2019-07-03,283596992
CDNS,2019-07-04,281030016
CDNS,2019-07-05,278062016
CDNS,2019-07-06,281030016
CDNS,2019-07-11,283331008
CDNS,2019-07-12,281404000
CDNS,2019-07-13,281030016
CDNS,2019-07-24,286360992
CDNS,2019-07-25,280152992
CDNS,2019-08-05,287111008
CDNS,2019-08-06,280152992
CDNS,2019-08-07,295800000
CDNS,2019-08-08,286088000
CDNS,2019-08-09,289228000
CDNS,2019-08-10,280152992
CDNS,2019-08-23,280635008
CDNS,2019-08-24,280152992
CDNS,2019-08-30,271223008
CDNS,2019-09-02,273361984
CDNS,2019-09-04,280152992
CDNS,2019-09-06,271702016
CDNS,2019-09-09,274070016
CDNS,2019-09-11,291696000
CDNS,2019-09-12,280152992
CDNS,2019-09-13,280152992
CDNS,2019-09-20,276558016
CDNS,2019-09-22,280152992
CDNS,2019-10-04,275504992
CDNS,2019-10-08,280152992
CDNS,2019-10-21,278455008
CDNS,2019-10-22,280152992
CDNS,2019-10-23,280592992
CDNS,2019-11-05,280036000
CDNS,2019-11-06,274174016
CDNS,2019-11-07,274719008
CDNS,2019-11-08,281684000
CDNS,2019-11-09,280592992
CDNS,2019-11-14,279056992
CDNS,2019-11-15,280384000
CDNS,2019-11-16,280592992
CDNS,2019-12-18,280876992
CDNS,2019-12-19,280592992
CDNS,2020-01-08,282929984
CDNS,2020-01-09,281464000
CDNS,2020-01-10,286256000
CDNS,2020-01-11,285369984
CDNS,2020-01-12,280592992
CDNS,2020-01-13,283504992
CDNS,2020-01-14,280592992
CDNS,2020-02-07,281424000
CDNS,2020-02-08,280592992
CDNS,2020-02-12,284654016
CDNS,2020-02-13,285744992
CDNS,2020-02-14,280592992
CDNS,2020-02-26,280168000
CDNS,2020-03-24,280832992
CDNS,2020-04-22,279187008
CDNS,2020-05-21,270788000
CDNS,2020-05-22,279187008
CDNS,2020-07-22,278793984
CDNS,2020-08-05,285512000
CDNS,2020-08-28,278793984
CDNS,2020-09-05,302091008
CDNS,2020-09-06,278793984
CDNS,2020-09-21,282679008
CDNS,2020-10-08,271287008
CDNS,2020-10-21,278931008
CDNS,2020-11-26,278931008
CDNS,2021-02-04,278931008
CDNS,2021-02-24,278974016
CDNS,2021-03-17,278974016
CDNS,2021-03-18,278974016
CDNS,2021-03-24,278974016
CDNS,2021-03-30,279071008
CDNS,2021-03-31,283080000
CDNS,2021-04-02,270195008
CDNS,2021-04-09,273507008
CDNS,2021-04-14,279071008
CDNS,2021-04-23,281940000
CDNS,2021-04-24,277931008
CDNS,2021-04-27,279071008
CDNS,2021-04-28,278264992
CDNS,2021-07-29,276780000
CDNS,2021-10-28,277140992
CDNS,2021-11-24,281612992
CDNS,2022-02-12,277140992
CDNS,2022-02-24,277336000
CDNS,2022-03-15,288795008
CDNS,2022-03-16,282025984
CDNS,2022-03-17,277336000
CDNS,2022-03-24,278376000
CDNS,2022-04-27,277568000
CDNS,2022-04-28,275759008
CDNS,2022-07-19,279208992
CDNS,2022-07-20,275759008
CDNS,2022-07-28,273870016
CDNS,2022-09-14,273870016
CDNS,2022-10-04,262852992
CDNS,2022-10-05,273870016
CDNS,2022-10-21,275068992
CDNS,2022-10-22,273870016
CDNS,2022-10-26,274316000
CDNS,2023-02-17,272940000
CDNS,2023-03-18,274180000
CDNS,2023-03-21,272940000
CDNS,2023-03-24,273208000
CDNS,2023-03-30,276864000
CDNS,2023-04-01,273208000
CDNS,2023-04-05,273363008
CDNS,2023-04-07,273208000
CDNS,2023-04-21,273284992
CDNS,2023-04-22,273208000
CDNS,2023-04-26,272684000
CDNS,2023-05-03,272684000
CDNS,2023-05-12,276379008
CDNS,2023-05-13,276791008
CDNS,2023-05-17,272684000
CDNS,2023-06-23,278089984
CDNS,2023-06-24,272684000
CDNS,2023-07-26,271790016
CDNS,2023-08-22,271790016
CDNS,2023-09-27,271790016
CDNS,2023-10-10,271790016
CDNS,2023-10-11,271790016
CDNS,2023-10-12,271790016
CDNS,2023-10-13,272631008
CDNS,2023-10-14,271790016
CDNS,2023-10-15,271790016
CDNS,2023-10-17,271790016
CDNS,2023-10-18,271790016
CDNS,2023-10-19,271790016
CDNS,2023-10-20,271790016
CDNS,2023-10-22,271790016
CDNS,2023-10-23,271790016
CDNS,2023-10-24,272062016
CDNS,2023-10-25,272062016
CDNS,2023-12-03,272081984
CDNS,2023-12-05,272062016
CDNS,2023-12-06,273411008
CDNS,2023-12-15,278588992
CDNS,2023-12-16,272062016
CDNS,2023-12-22,272062016
CDNS,2024-01-05,272062016
CDNS,2024-01-16,272062016
CDNS,2024-02-15,272239008
CDNS,2024-03-04,272256000
CDNS,2024-03-05,272239008
CDNS,2024-03-12,274785984
CDNS,2024-03-16,272239008
CDNS,2024-03-23,272600992
CDNS,2024-03-26,272782016
CDNS,2024-03-27,272600992
CDNS,2024-03-28,272652992
CDNS,2024-03-29,272600992
CDNS,2024-04-02,272600992
CDNS,2024-04-05,272600992
CDNS,2024-04-06,272600992
CDNS,2024-04-11,272600992
CDNS,2024-04-13,272600992
CDNS,2024-04-16,276396000
CDNS,2024-04-17,273361984
CDNS,2024-04-19,272600992
CDNS,2024-04-25,276448992
CDNS,2024-05-15,273219008
CDNS,2024-05-16,272134016
CDNS,2024-05-17,276062016
CDNS,2024-05-21,274356992
CDNS,2024-05-22,272134016
CDNS,2024-05-25,272512992
CDNS,2024-05-31,275532992
CDNS,2024-06-07,272423008
CDNS,2024-06-12,272423008
CDNS,2024-06-13,272423008
CDNS,2024-06-19,272423008
CDNS,2024-06-21,279239008
CDNS,2024-06-22,272423008
CDNS,2024-06-27,272423008
CDNS,2024-06-28,272423008
CDNS,2024-06-29,272423008
CDNS,2024-07-02,272423008
CDNS,2024-07-03,272423008
CDNS,2024-07-06,272423008
CDNS,2024-07-09,272423008
CDNS,2024-07-10,272423008
CDNS,2024-07-11,272423008
CDNS,2024-07-12,272423008
CDNS,2024-07-13,272423008
CDNS,2024-07-16,272423008
CDNS,2024-07-18,272423008
CDNS,2024-07-19,272423008
CDNS,2024-07-20,272423008
CDNS,2024-07-24,272423008
CDNS,2024-07-25,273820000
CDNS,2024-08-13,273820000
CDNS,2024-08-27,273820000
CDNS,2024-08-29,273820000
CDNS,2024-09-04,273820000
CDNS,2024-09-05,273820000
CDNS,2024-09-06,273820000
CDNS,2024-09-07,273820000
CDNS,2024-09-21,273820000
CDNS,2024-09-28,273820000
CDNS,2024-10-04,273820000
CDNS,2024-10-14,274063008
CDNS,2024-10-15,273820000
CDNS,2024-10-16,273840000
CDNS,2024-10-17,273820000
CDNS,2024-10-18,273820000
CDNS,2024-10-30,273868000
CDNS,2024-10-31,274263008
CDNS,2024-11-01,287956000
CDNS,2024-11-02,274263008
CDNS,2024-11-16,274263008
CDNS,2024-12-06,274263008
CDNS,2024-12-11,274263008
CDNS,2024-12-13,274760992
CDNS,2024-12-14,274263008
CDNS,2025-01-11,274263008
CDNS,2025-01-14,274263008
CDNS,2025-02-04,274263008
CDNS,2025-02-08,274263008
CDNS,2025-02-15,274263008
CDNS,2025-02-22,274108000
CDNS,2025-03-04,274108000
CDNS,2025-03-10,284944992
CDNS,2025-03-11,274108000
CDNS,2025-03-27,275223008
CDNS,2025-03-28,274313984
CDNS,2025-04-01,274313984
CDNS,2025-04-09,274313984
CDNS,2025-04-10,285792992
CDNS,2025-04-11,274313984
CDNS,2025-04-12,274313984
CDNS,2025-04-15,274313984
CDNS,2025-04-16,274313984
CDNS,2025-04-18,274313984
CDNS,2025-04-22,283756992
CDNS,2025-04-23,276512992
CDNS,2025-04-29,274313984
CDNS,2025-04-30,274313984
CDNS,2025-05-06,274313984
CDNS,2025-05-07,273041984
CDNS,2025-05-10,274988992
CDNS,2025-05-29,273041984
CDNS,2025-05-30,273041984
CDNS,2025-06-14,273041984
CDNS,2025-06-17,274695008
CDNS,2025-06-18,273041984
CDNS,2025-06-19,273041984
CDNS,2025-07-08,273041984
CDNS,2025-07-10,273041984
CDNS,2025-07-11,274796000
CDNS,2025-07-12,273041984
CDNS,2025-07-31,272489984
CDNS,2025-08-02,278291008
CDNS,2025-08-07,276972992
CDNS,2025-08-08,272489984
CDNS,2025-08-30,275491008
CDNS,2025-09-17,272490000
CDNS,2025-09-26,277069533
CDNS,2025-09-30,273733140
CDNS,2025-10-01,272490000
CDNS,2025-10-08,278705182
CDNS,2025-10-15,277910522
CDNS,2025-10-31,272201000
CDNS,2025-11-15,273117182
CDNS,2025-11-17,272490000
CDNS,2026-02-28,272651000
CDNS,2026-03-05,275875473
CDNS,2026-03-27,276092068
CDNS,2026-05-05,275816000
CDNS,2026-07-30,275393000
KLAC,2019-01-05,153075008
KLAC,2019-01-07,153075008
KLAC,2019-01-09,153075008
KLAC,2019-01-10,153075008
KLAC,2019-01-12,153075008
KLAC,2019-01-14,153075008
KLAC,2019-01-16,153075008
KLAC,2019-01-17,153075008
KLAC,2019-01-20,153075008
KLAC,2019-01-22,153075008
KLAC,2019-01-24,153075008
KLAC,2019-01-25,153075008
KLAC,2019-01-26,153075008
KLAC,2019-01-28,154835008
KLAC,2019-01-30,154835008
KLAC,2019-02-04,151364000
KLAC,2019-02-07,151364000
KLAC,2019-02-10,151364000
KLAC,2019-02-11,151364000
KLAC,2019-02-13,151364000
KLAC,2019-02-14,151364000
KLAC,2019-02-15,151364000
KLAC,2019-02-16,151364000
KLAC,2019-02-17,151364000
KLAC,2019-02-19,151364000
KLAC,2019-02-20,151364000
KLAC,2019-02-27,151364000
KLAC,2019-02-28,163664000
KLAC,2019-03-07,163664000
KLAC,2019-03-08,163664000
KLAC,2019-03-10,163664000
KLAC,2019-03-12,163664000
KLAC,2019-03-14,163664000
KLAC,2019-03-17,163664000
KLAC,2019-03-19,163664000
KLAC,2019-03-26,163664000
KLAC,2019-03-29,163664000
KLAC,2019-04-01,163664000
KLAC,2019-04-05,163664000
KLAC,2019-04-06,163664000
KLAC,2019-04-09,163664000
KLAC,2019-04-10,163664000
KLAC,2019-04-14,163664000
KLAC,2019-04-16,163664000
KLAC,2019-04-17,163664000
KLAC,2019-04-18,163664000
KLAC,2019-04-21,163664000
KLAC,2019-04-22,163664000
KLAC,2019-04-29,163664000
KLAC,2019-04-30,163664000
KLAC,2019-05-02,163664000
KLAC,2019-05-04,163664000
KLAC,2019-05-05,163664000
KLAC,2019-05-08,163664000
KLAC,2019-05-09,163664000
KLAC,2019-05-10,163664000
KLAC,2019-05-12,161620000
KLAC,2019-05-14,161620000
KLAC,2019-05-19,161620000
KLAC,2019-05-21,161620000
KLAC,2019-05-22,161620000
KLAC,2019-05-24,161620000
KLAC,2019-05-28,161620000
KLAC,2019-06-02,161620000
KLAC,2019-06-03,161620000
KLAC,2019-06-05,161620000
KLAC,2019-06-10,161620000
KLAC,2019-06-11,161620000
KLAC,2019-06-14,161620000
KLAC,2019-06-17,161620000
KLAC,2019-06-18,161620000
KLAC,2019-06-19,161620000
KLAC,2019-06-20,161620000
KLAC,2019-06-21,161620000
KLAC,2019-06-23,161620000
KLAC,2019-06-27,161620000
KLAC,2019-07-03,158844992
KLAC,2019-07-04,161620000
KLAC,2019-07-25,161620000
KLAC,2019-08-25,159256000
KLAC,2019-08-26,154364000
KLAC,2019-08-27,159256000
KLAC,2019-08-29,160531008
KLAC,2019-09-01,156199008
KLAC,2019-09-03,154583008
KLAC,2019-09-08,155986000
KLAC,2019-09-10,156007008
KLAC,2019-09-12,159256000
KLAC,2019-09-15,159256000
KLAC,2019-09-29,158463008
KLAC,2019-10-01,159432992
KLAC,2019-10-10,158463008
KLAC,2019-10-14,161302000
KLAC,2019-10-15,157256000
KLAC,2019-10-18,158463008
KLAC,2019-11-05,155356000
KLAC,2019-11-08,156434000
KLAC,2019-11-09,155918000
KLAC,2019-11-10,157794000
KLAC,2019-11-14,159540992
KLAC,2019-11-15,157794000
KLAC,2019-11-22,169591008
KLAC,2019-11-23,157794000
KLAC,2019-12-18,161371008
KLAC,2019-12-19,157794000
KLAC,2020-01-08,164572992
KLAC,2020-01-09,159047008
KLAC,2020-01-10,159255008
KLAC,2020-01-11,158000000
KLAC,2020-01-12,157794000
KLAC,2020-01-13,154526000
KLAC,2020-01-14,157794000
KLAC,2020-02-07,157192992
KLAC,2020-02-08,156772000
KLAC,2020-02-12,160596000
KLAC,2020-02-13,159427008
KLAC,2020-02-14,156772000
KLAC,2020-05-08,155048992
KLAC,2020-05-21,150343008
KLAC,2020-05-22,155048992
KLAC,2020-08-12,155460992
KLAC,2020-08-28,155460992
KLAC,2020-09-05,166368000
KLAC,2020-09-06,155460992
KLAC,2020-09-21,156791008
KLAC,2020-09-22,155460992
KLAC,2020-09-25,155111008
KLAC,2020-10-05,149638000
KLAC,2020-11-03,154460000
KLAC,2020-11-26,154460000
KLAC,2021-02-06,154075008
KLAC,2021-02-08,154075008
KLAC,2021-03-17,150156000
KLAC,2021-03-18,154075008
KLAC,2021-04-23,157255008
KLAC,2021-04-24,153944992
KLAC,2021-04-27,154075008
KLAC,2021-05-04,153282000
KLAC,2021-06-17,153282000
KLAC,2021-06-18,153282000
KLAC,2021-08-10,152736992
KLAC,2021-09-25,152736992
KLAC,2021-09-28,151992992
KLAC,2021-10-21,152502000
KLAC,2021-10-22,151992992
KLAC,2021-11-02,151622000
KLAC,2021-11-16,151622000
KLAC,2021-12-03,155256992
KLAC,2021-12-04,152322000
KLAC,2021-12-05,151622000
KLAC,2022-02-01,150715008
KLAC,2022-02-12,150715008
KLAC,2022-03-04,152272992
KLAC,2022-03-05,150715008
KLAC,2022-03-15,152255008
KLAC,2022-03-16,150715008
KLAC,2022-05-04,149235008
KLAC,2022-06-29,142686000
KLAC,2022-07-29,146179008
KLAC,2022-07-30,142686000
KLAC,2022-08-09,141804000
KLAC,2022-08-20,141804000
KLAC,2022-09-01,141804000
KLAC,2022-09-10,138807008
KLAC,2022-09-12,141804000
KLAC,2022-09-24,141808000
KLAC,2022-10-01,141808000
KLAC,2022-10-04,135580992
KLAC,2022-10-07,141808000
KLAC,2022-10-11,141808000
KLAC,2022-10-12,141808000
KLAC,2022-10-15,141808000
KLAC,2022-10-18,141808000
KLAC,2022-10-19,141808000
KLAC,2022-11-01,141718000
KLAC,2023-01-05,143103008
KLAC,2023-01-12,141718000
KLAC,2023-02-02,138480000
KLAC,2023-03-02,138860000
KLAC,2023-03-03,138480000
KLAC,2023-03-07,139158000
KLAC,2023-03-11,142610000
KLAC,2023-03-18,139208000
KLAC,2023-03-22,138480000
KLAC,2023-03-28,138868992
KLAC,2023-03-30,143758000
KLAC,2023-04-01,138480000
KLAC,2023-04-06,142559008
KLAC,2023-04-07,138480000
KLAC,2023-04-25,138610000
KLAC,2023-04-26,138480000
KLAC,2023-05-03,139367008
KLAC,2023-05-04,137300000
KLAC,2023-05-05,137199008
KLAC,2023-06-10,139618000
KLAC,2023-06-12,137199008
KLAC,2023-08-21,136720000
KLAC,2023-08-23,137840992
KLAC,2023-08-24,136720000
KLAC,2023-09-25,136322000
KLAC,2023-10-17,136322000
KLAC,2023-10-18,136322000
KLAC,2023-10-19,136322000
KLAC,2023-10-20,140528992
KLAC,2023-10-21,136322000
KLAC,2023-10-22,136322000
KLAC,2023-10-23,136322000
KLAC,2023-10-31,135932000
KLAC,2023-11-01,135932000
KLAC,2023-11-04,135932000
KLAC,2023-11-07,135932000
KLAC,2023-11-09,135932000
KLAC,2023-11-10,135932000
KLAC,2023-11-15,135932000
KLAC,2023-11-21,135932000
KLAC,2023-11-23,135932000
KLAC,2023-11-25,135932000
KLAC,2023-12-01,135932000
KLAC,2023-12-03,135940000
KLAC,2023-12-05,135932000
KLAC,2023-12-06,135932000
KLAC,2023-12-08,135932000
KLAC,2023-12-09,135932000
KLAC,2023-12-14,135932000
KLAC,2023-12-19,135932000
KLAC,2023-12-22,135932000
KLAC,2023-12-27,135932000
KLAC,2023-12-29,135932000
KLAC,2023-12-30,135932000
KLAC,2024-01-03,135932000
KLAC,2024-01-04,135932000
KLAC,2024-01-05,135932000
KLAC,2024-01-06,135932000
KLAC,2024-01-10,135932000
KLAC,2024-01-11,135932000
KLAC,2024-01-12,135932000
KLAC,2024-01-16,135932000
KLAC,2024-01-19,135932000
KLAC,2024-01-20,135932000
KLAC,2024-01-24,135932000
KLAC,2024-01-30,135234000
KLAC,2024-01-31,135234000
KLAC,2024-02-01,135234000
KLAC,2024-02-03,135234000
KLAC,2024-02-07,135234000
KLAC,2024-02-08,135234000
KLAC,2024-02-09,135234000
KLAC,2024-02-10,135234000
KLAC,2024-02-13,135234000
KLAC,2024-02-16,135234000
KLAC,2024-02-17,135234000
KLAC,2024-02-21,135234000
KLAC,2024-02-22,135234000
KLAC,2024-02-28,135234000
KLAC,2024-03-02,135234000
KLAC,2024-03-04,135234000
KLAC,2024-03-06,135234000
KLAC,2024-03-08,135234000
KLAC,2024-03-09,135234000
KLAC,2024-03-12,135234000
KLAC,2024-03-15,135234000
KLAC,2024-03-16,135234000
KLAC,2024-03-19,135234000
KLAC,2024-03-22,135234000
KLAC,2024-03-26,135234000
KLAC,2024-03-27,135234000
KLAC,2024-03-28,135234000
KLAC,2024-03-29,135234000
KLAC,2024-03-30,135234000
KLAC,2024-04-02,135234000
KLAC,2024-04-03,135234000
KLAC,2024-04-04,135234000
KLAC,2024-04-05,135234000
KLAC,2024-04-06,135234000
KLAC,2024-04-09,135234000
KLAC,2024-04-16,135234000
KLAC,2024-04-17,135234000
KLAC,2024-04-20,135234000
KLAC,2024-04-24,135234000
KLAC,2024-04-25,135234000
KLAC,2024-04-26,135234000
KLAC,2024-04-30,134640000
KLAC,2024-05-03,134640000
KLAC,2024-05-04,134640000
KLAC,2024-05-08,134640000
KLAC,2024-05-10,135784000
KLAC,2024-05-11,134640000
KLAC,2024-05-14,134640000
KLAC,2024-05-16,134640000
KLAC,2024-05-17,134640000
KLAC,2024-05-18,134640000
KLAC,2024-05-21,135988000
KLAC,2024-05-22,134640000
KLAC,2024-05-24,134640000
KLAC,2024-05-30,134640000
KLAC,2024-05-31,135032000
KLAC,2024-06-06,134640000
KLAC,2024-06-07,134640000
KLAC,2024-06-11,134640000
KLAC,2024-06-12,134640000
KLAC,2024-06-14,134640000
KLAC,2024-06-15,135487008
KLAC,2024-06-21,140130000
KLAC,2024-06-22,134640000
KLAC,2024-06-27,134640000
KLAC,2024-06-28,134640000
KLAC,2024-07-03,134640000
KLAC,2024-07-09,134640000
KLAC,2024-07-10,134640000
KLAC,2024-07-11,134640000
KLAC,2024-07-16,134640000
KLAC,2024-07-18,149378000
KLAC,2024-07-19,134640000
KLAC,2024-07-24,134948000
KLAC,2024-07-25,134640000
KLAC,2024-07-27,134640000
KLAC,2024-08-01,134640000
KLAC,2024-08-03,134640000
KLAC,2024-08-06,134640000
KLAC,2024-08-07,134424992
KLAC,2024-08-08,134424992
KLAC,2024-08-10,135548000
KLAC,2024-08-13,134424992
KLAC,2024-08-14,134424992
KLAC,2024-08-15,134424992
KLAC,2024-08-16,134424992
KLAC,2024-08-17,134424992
KLAC,2024-08-20,134424992
KLAC,2024-08-22,134424992
KLAC,2024-08-27,134424992
KLAC,2024-08-29,134424992
KLAC,2024-08-30,134424992
KLAC,2024-09-04,148566000
KLAC,2024-09-05,134424992
KLAC,2024-09-06,134424992
KLAC,2024-09-07,134424992
KLAC,2024-09-11,134424992
KLAC,2024-09-16,137180992
KLAC,2024-09-17,134424992
KLAC,2024-09-18,134424992
KLAC,2024-09-21,136804000
KLAC,2024-09-25,134424992
KLAC,2024-09-26,133976000
KLAC,2024-09-28,133976000
KLAC,2024-10-04,133976000
KLAC,2024-10-16,134008000
KLAC,2024-10-17,133976000
KLAC,2024-10-30,134005000
KLAC,2024-10-31,133976000
KLAC,2024-11-01,133976000
KLAC,2024-11-02,133760000
KLAC,2024-11-03,133760000
KLAC,2024-11-06,133760000
KLAC,2024-11-07,133942000
KLAC,2024-11-08,133760000
KLAC,2024-11-12,133760000
KLAC,2024-11-13,133760000
KLAC,2024-11-15,133760000
KLAC,2024-11-16,140408000
KLAC,2024-11-19,133760000
KLAC,2024-11-21,133760000
KLAC,2024-11-22,133760000
KLAC,2024-11-23,133760000
KLAC,2024-11-26,133760000
KLAC,2024-11-27,133760000
KLAC,2024-11-30,133760000
KLAC,2024-12-04,133822000
KLAC,2024-12-06,138674000
KLAC,2024-12-11,135948000
KLAC,2024-12-13,134223008
KLAC,2024-12-14,133760000
KLAC,2024-12-18,133760000
KLAC,2024-12-19,133760000
KLAC,2024-12-21,133760000
KLAC,2024-12-24,133760000
KLAC,2024-12-27,133760000
KLAC,2024-12-28,133760000
KLAC,2024-12-31,133760000
KLAC,2025-01-01,133760000
KLAC,2025-01-04,133760000
KLAC,2025-01-07,133760000
KLAC,2025-01-09,133760000
KLAC,2025-01-11,134375008
KLAC,2025-01-14,133760000
KLAC,2025-01-16,133760000
KLAC,2025-01-17,133760000
KLAC,2025-01-18,133760000
KLAC,2025-01-24,133760000
KLAC,2025-01-25,133760000
KLAC,2025-01-28,133760000
KLAC,2025-01-29,133760000
KLAC,2025-01-31,133760000
KLAC,2025-02-04,132887000
KLAC,2025-02-08,132887000
KLAC,2025-02-14,132887000
KLAC,2025-02-15,132887000
KLAC,2025-02-19,132887000
KLAC,2025-02-25,132887000
KLAC,2025-02-26,132887000
KLAC,2025-02-27,132887000
KLAC,2025-02-28,132887000
KLAC,2025-03-01,132887000
KLAC,2025-03-04,132887000
KLAC,2025-03-05,132887000
KLAC,2025-03-07,132887000
KLAC,2025-03-08,132887000
KLAC,2025-03-10,139338000
KLAC,2025-03-11,132887000
KLAC,2025-03-12,132887000
KLAC,2025-03-13,132887000
KLAC,2025-03-14,132887000
KLAC,2025-03-22,132887000
KLAC,2025-03-26,133969000
KLAC,2025-03-27,135959008
KLAC,2025-03-28,132887000
KLAC,2025-03-29,132887000
KLAC,2025-04-01,132887000
KLAC,2025-04-02,132887000
KLAC,2025-04-03,132887000
KLAC,2025-04-05,132887000
KLAC,2025-04-08,132887000
KLAC,2025-04-09,132887000
KLAC,2025-04-10,142306000
KLAC,2025-04-11,132887000
KLAC,2025-04-12,132887000
KLAC,2025-04-15,132887000
KLAC,2025-04-18,132887000
KLAC,2025-04-22,135804000
KLAC,2025-04-23,132887000
KLAC,2025-04-30,134001000
KLAC,2025-05-02,132887000
KLAC,2025-05-03,132241000
KLAC,2025-05-07,132241000
KLAC,2025-05-10,132241000
KLAC,2025-05-21,132241000
KLAC,2025-05-22,132241000
KLAC,2025-05-28,132241000
KLAC,2025-05-29,132241000
KLAC,2025-05-30,132241000
KLAC,2025-05-31,132241000
KLAC,2025-06-04,132241000
KLAC,2025-06-05,132241000
KLAC,2025-06-06,132241000
KLAC,2025-06-07,132241000
KLAC,2025-06-10,132241000
KLAC,2025-06-11,132241000
KLAC,2025-06-12,132241000
KLAC,2025-06-14,132241000
KLAC,2025-06-18,135556992
KLAC,2025-06-19,132241000
KLAC,2025-06-21,132241000
KLAC,2025-06-25,132241000
KLAC,2025-06-26,132241000
KLAC,2025-06-27,132241000
KLAC,2025-06-28,132241000
KLAC,2025-07-02,132241000
KLAC,2025-07-03,132241000
KLAC,2025-07-08,133974000
KLAC,2025-07-09,132241000
KLAC,2025-07-10,132241000
KLAC,2025-07-11,132241000
KLAC,2025-07-12,132241000
KLAC,2025-07-16,132241000
KLAC,2025-07-18,132241000
KLAC,2025-07-19,132241000
KLAC,2025-07-25,132241000
KLAC,2025-07-26,132241000
KLAC,2025-08-02,132241000
KLAC,2025-08-05,132241000
KLAC,2025-08-06,132241000
KLAC,2025-08-08,132241000
KLAC,2025-08-09,132241000
KLAC,2025-08-12,131961000
KLAC,2025-08-13,131961000
KLAC,2025-08-14,131961000
KLAC,2025-08-19,131961000
KLAC,2025-08-20,131961000
KLAC,2025-08-22,131961000
KLAC,2025-08-23,131961000
KLAC,2025-08-27,131961000
KLAC,2025-08-30,131961000
KLAC,2025-09-03,131961000
KLAC,2025-09-04,131961000
KLAC,2025-09-09,131961000
KLAC,2025-09-10,131961000
KLAC,2025-09-12,131961000
KLAC,2025-09-13,131961000
KLAC,2025-09-16,131961000
KLAC,2025-09-17,131961370
KLAC,2025-09-19,131961370
KLAC,2025-09-20,132198817
KLAC,2025-09-23,131961370
KLAC,2025-09-24,131961370
KLAC,2025-09-25,131684530
KLAC,2025-09-26,132874428
KLAC,2025-09-30,131704330
KLAC,2025-10-01,131684530
KLAC,2025-10-06,136192563
KLAC,2025-10-07,131684530
KLAC,2025-10-08,138357741
KLAC,2025-11-01,131684530
KLAC,2025-11-04,131392338
KLAC,2025-11-05,131392338
KLAC,2025-11-07,131392338
KLAC,2025-11-13,131392338
KLAC,2025-11-14,131392338
KLAC,2025-11-15,134566178
KLAC,2025-11-17,131684531
KLAC,2026-02-03,131392338
KLAC,2026-05-05,130627521
KLAC,2026-06-12,1306275210
KLAC,2026-08-08,1306546783
KLAC,2026-09-24,1305006492
KLAC,2026-09-25,1305006492
KLAC,2026-09-26,1305006492
KLAC,2026-09-27,1305006492
KLAC,2026-09-28,1305006492
KLAC,2026-09-29,1305006492
KLAC,2026-09-30,1305006492
KLAC,2026-10-01,1305006492
KLAC,2026-10-02,1305006492
KLAC,2026-10-03,1305006492
KLAC,2026-10-04,1305006492
KLAC,2026-10-05,1305006492
KLAC,2026-10-06,1305006492
KLAC,2026-10-07,1305006492
KLAC,2026-10-08,1305006492
KLAC,2026-10-09,1305006492
LRCX,2019-01-05,155183008
LRCX,2019-01-07,155183008
LRCX,2019-01-09,155183008
LRCX,2019-01-10,155183008
LRCX,2019-01-12,155183008
LRCX,2019-01-14,155183008
LRCX,2019-01-16,155183008
LRCX,2019-01-20,155183008
LRCX,2019-01-24,155183008
LRCX,2019-01-25,155183008
LRCX,2019-01-26,155183008
LRCX,2019-01-30,153960992
LRCX,2019-02-04,152592992
LRCX,2019-02-07,152592992
LRCX,2019-02-10,152592992
LRCX,2019-02-13,152592992
LRCX,2019-02-15,152592992
LRCX,2019-02-17,152592992
LRCX,2019-02-18,152592992
LRCX,2019-02-20,152592992
LRCX,2019-02-28,152592992
LRCX,2019-03-01,152592992
LRCX,2019-03-07,152592992
LRCX,2019-03-09,152592992
LRCX,2019-03-10,152592992
LRCX,2019-03-11,152592992
LRCX,2019-03-14,152592992
LRCX,2019-03-17,152592992
LRCX,2019-03-26,152592992
LRCX,2019-03-29,152592992
LRCX,2019-04-01,152592992
LRCX,2019-04-05,152592992
LRCX,2019-04-09,152592992
LRCX,2019-04-10,152592992
LRCX,2019-04-14,152592992
LRCX,2019-04-17,152592992
LRCX,2019-04-18,152592992
LRCX,2019-04-21,152592992
LRCX,2019-04-22,152592992
LRCX,2019-04-29,149886000
LRCX,2019-05-02,149927008
LRCX,2019-05-05,149927008
LRCX,2019-05-06,149927008
LRCX,2019-05-09,149927008
LRCX,2019-05-10,149927008
LRCX,2019-05-12,149927008
LRCX,2019-05-19,149927008
LRCX,2019-05-22,149927008
LRCX,2019-05-23,149927008
LRCX,2019-05-28,149927008
LRCX,2019-06-03,149927008
LRCX,2019-06-04,149927008
LRCX,2019-06-05,149927008
LRCX,2019-06-06,149927008
LRCX,2019-06-10,149927008
LRCX,2019-06-11,149927008
LRCX,2019-06-12,149927008
LRCX,2019-06-17,149927008
LRCX,2019-06-19,149927008
LRCX,2019-06-21,149927008
LRCX,2019-06-23,149927008
LRCX,2019-06-24,149927008
LRCX,2019-06-26,149927008
LRCX,2019-07-03,146675008
LRCX,2019-07-04,149927008
LRCX,2019-07-05,151816000
LRCX,2019-07-06,149927008
LRCX,2019-07-11,150860000
LRCX,2019-07-12,150472000
LRCX,2019-07-13,149927008
LRCX,2019-07-24,151772000
LRCX,2019-07-25,149927008
LRCX,2019-08-05,151152992
LRCX,2019-08-06,144432992
LRCX,2019-08-07,152314000
LRCX,2019-08-08,146596992
LRCX,2019-08-09,149600992
LRCX,2019-08-10,144432992
LRCX,2019-08-22,144532992
LRCX,2019-08-23,146248992
LRCX,2019-08-25,144532992
LRCX,2019-08-30,141484000
LRCX,2019-09-02,139568992
LRCX,2019-09-04,144532992
LRCX,2019-09-06,134187000
LRCX,2019-09-09,133493000
LRCX,2019-09-11,131179000
LRCX,2019-09-12,145823008
LRCX,2019-09-13,144532992
LRCX,2019-09-20,144059008
LRCX,2019-09-21,144532992
LRCX,2019-09-27,144834000
LRCX,2019-10-04,144170000
LRCX,2019-10-08,144834000
LRCX,2019-10-21,143362000
LRCX,2019-10-22,144834000
LRCX,2019-10-25,144871008
LRCX,2019-10-31,145079008
LRCX,2019-11-05,141315008
LRCX,2019-11-06,141396000
LRCX,2019-11-07,145162000
LRCX,2019-11-08,143728000
LRCX,2019-11-09,145079008
LRCX,2019-11-14,146395008
LRCX,2019-11-15,146479008
LRCX,2019-11-16,145079008
LRCX,2019-12-18,148304992
LRCX,2019-12-19,145079008
LRCX,2020-01-08,149443008
LRCX,2020-01-09,148616000
LRCX,2020-01-10,150487008
LRCX,2020-01-11,146906000
LRCX,2020-01-12,145079008
LRCX,2020-01-13,142356000
LRCX,2020-01-14,145079008
LRCX,2020-01-31,142462000
LRCX,2020-02-06,142462000
LRCX,2020-02-07,144610000
LRCX,2020-02-08,145548000
LRCX,2020-02-12,148206000
LRCX,2020-02-13,149548000
LRCX,2020-02-14,145548000
LRCX,2020-04-24,145156000
LRCX,2020-04-30,145162000
LRCX,2020-05-21,140071008
LRCX,2020-05-22,145162000
LRCX,2020-07-31,145331008
LRCX,2020-08-20,145624992
LRCX,2020-08-28,145624992
LRCX,2020-09-05,154652000
LRCX,2020-09-06,145624992
LRCX,2020-09-21,145000000
LRCX,2020-09-22,145624992
LRCX,2020-09-25,145088000
LRCX,2020-10-23,144592992
LRCX,2020-10-29,144008992
LRCX,2020-11-26,144008992
LRCX,2021-01-29,143204992
LRCX,2021-02-04,142908000
LRCX,2021-03-17,137068000
LRCX,2021-03-18,142908000
LRCX,2021-04-23,149120000
LRCX,2021-04-24,146042000
LRCX,2021-04-26,146042000
LRCX,2021-04-27,142607008
LRCX,2021-04-30,142619008
LRCX,2021-07-01,142858000
LRCX,2021-07-08,144551008
LRCX,2021-07-15,142619008
LRCX,2021-07-30,142500992
LRCX,2021-08-19,141954000
LRCX,2021-09-30,140803008
LRCX,2021-10-22,140811008
LRCX,2021-10-26,142028000
LRCX,2021-10-28,140799008
LRCX,2021-12-03,147612000
LRCX,2021-12-04,140799008
LRCX,2022-01-28,140275008
LRCX,2022-02-03,139500000
LRCX,2022-02-12,139500000
LRCX,2022-03-15,143780000
LRCX,2022-03-16,139500000
LRCX,2022-03-31,139500000
LRCX,2022-04-23,138707008
LRCX,2022-04-28,138715008
LRCX,2022-06-24,139222000
LRCX,2022-06-29,142364000
LRCX,2022-07-29,142036000
LRCX,2022-07-30,138715008
LRCX,2022-08-01,136975008
LRCX,2022-09-14,136988000
LRCX,2022-10-01,136835008
LRCX,2022-10-21,136374000
LRCX,2022-10-27,136379008
LRCX,2022-10-30,136379008
LRCX,2022-11-02,136379008
LRCX,2022-11-06,136379008
LRCX,2022-11-09,136379008
LRCX,2022-11-21,136379008
LRCX,2022-12-14,136379008
LRCX,2022-12-16,136379008
LRCX,2022-12-21,136379008
LRCX,2022-12-22,136379008
LRCX,2022-12-23,136379008
LRCX,2022-12-24,136379008
LRCX,2022-12-28,136379008
LRCX,2023-01-04,138354000
LRCX,2023-01-05,136379008
LRCX,2023-01-06,136379008
LRCX,2023-01-07,136379008
LRCX,2023-01-13,136379008
LRCX,2023-01-27,135403008
LRCX,2023-02-02,134936000
LRCX,2023-03-08,136500000
LRCX,2023-03-09,134936000
LRCX,2023-03-18,136748992
LRCX,2023-03-22,134936000
LRCX,2023-03-30,143468000
LRCX,2023-03-31,134936000
LRCX,2023-04-04,137164000
LRCX,2023-04-06,137892000
LRCX,2023-04-07,134936000
LRCX,2023-04-22,134692000
LRCX,2023-04-26,134340000
LRCX,2023-05-04,136254000
LRCX,2023-05-05,134340000
LRCX,2023-05-15,134391008
LRCX,2023-05-16,134340000
LRCX,2023-06-10,136100992
LRCX,2023-06-12,134340000
LRCX,2023-06-23,136220992
LRCX,2023-06-24,134340000
LRCX,2023-07-06,137360000
LRCX,2023-07-07,134340000
LRCX,2023-07-08,135020992
LRCX,2023-08-21,132512000
LRCX,2023-08-25,136988000
LRCX,2023-09-29,132222000
LRCX,2023-10-10,132222000
LRCX,2023-10-11,132222000
LRCX,2023-10-12,132222000
LRCX,2023-10-13,132222000
LRCX,2023-10-14,134198000
LRCX,2023-10-15,132222000
LRCX,2023-10-16,132222000
LRCX,2023-10-17,132375000
LRCX,2023-10-18,132222000
LRCX,2023-10-19,133810000
LRCX,2023-10-20,132222000
LRCX,2023-10-21,132222000
LRCX,2023-10-23,132222000
LRCX,2023-10-24,132242000
LRCX,2023-10-25,131792000
LRCX,2023-11-11,131792000
LRCX,2023-11-16,131792000
LRCX,2023-12-01,131792000
LRCX,2023-12-02,131792000
LRCX,2023-12-06,134295008
LRCX,2023-12-09,131792000
LRCX,2023-12-12,131792000
LRCX,2023-12-22,131792000
LRCX,2024-01-03,131792000
LRCX,2024-01-04,131792000
LRCX,2024-01-05,132868000
LRCX,2024-01-06,132053000
LRCX,2024-01-17,131792000
LRCX,2024-01-18,131792000
LRCX,2024-01-26,131278000
LRCX,2024-01-31,131103000
LRCX,2024-03-05,131587000
LRCX,2024-03-12,134558000
LRCX,2024-03-16,133500000
LRCX,2024-03-26,131676000
LRCX,2024-03-27,131103000
LRCX,2024-04-09,131192000
LRCX,2024-04-16,132609000
LRCX,2024-04-25,131478000
LRCX,2024-04-26,131103000
LRCX,2024-04-30,130741000
LRCX,2024-05-01,130741000
LRCX,2024-05-10,131614000
LRCX,2024-05-17,131413000
LRCX,2024-05-24,131784000
LRCX,2024-05-31,131090000
LRCX,2024-06-07,132036000
LRCX,2024-06-12,131175000
LRCX,2024-06-14,130741000
LRCX,2024-06-15,131041000
LRCX,2024-06-19,130741000
LRCX,2024-06-21,130741000
LRCX,2024-06-22,130741000
LRCX,2024-06-25,130741000
LRCX,2024-06-26,130741000
LRCX,2024-06-27,130741000
LRCX,2024-06-28,130741000
LRCX,2024-06-29,130741000
LRCX,2024-07-03,130741000
LRCX,2024-07-04,130741000
LRCX,2024-07-09,130741000
LRCX,2024-07-10,130741000
LRCX,2024-07-13,130741000
LRCX,2024-07-17,130741000
LRCX,2024-07-18,145372992
LRCX,2024-07-24,133107000
LRCX,2024-08-02,130377000
LRCX,2024-08-17,130377000
LRCX,2024-08-27,134908000
LRCX,2024-08-29,132859000
LRCX,2024-08-31,129876000
LRCX,2024-09-04,139252000
LRCX,2024-09-05,129876000
LRCX,2024-09-06,131303000
LRCX,2024-09-07,129876000
LRCX,2024-09-11,130313000
LRCX,2024-09-12,129876000
LRCX,2024-09-16,131802000
LRCX,2024-09-17,129876000
LRCX,2024-09-21,132569000
LRCX,2024-09-27,129611000
LRCX,2024-09-28,129611000
LRCX,2024-10-03,1296109952
LRCX,2024-10-04,1296109952
LRCX,2024-10-16,1296790016
LRCX,2024-10-17,1296109952
LRCX,2024-10-30,1286690048
LRCX,2024-10-31,1318509952
LRCX,2024-11-01,1286690048
LRCX,2024-11-05,1297609984
LRCX,2024-11-16,1286690048
LRCX,2024-11-28,1286690048
LRCX,2024-11-30,1286690048
LRCX,2024-12-04,1289479936
LRCX,2024-12-06,1338860032
LRCX,2024-12-11,1286690048
LRCX,2024-12-13,1331800064
LRCX,2024-12-14,1286690048
LRCX,2025-01-11,1327879936
LRCX,2025-01-14,1290140032
LRCX,2025-01-31,1284960000
LRCX,2025-02-04,1283660032
LRCX,2025-02-08,1291459968
LRCX,2025-02-15,1283660032
LRCX,2025-03-04,1299920000
LRCX,2025-03-11,1374099968
LRCX,2025-03-22,1283660032
LRCX,2025-03-27,1283660032
LRCX,2025-03-28,1283660032
LRCX,2025-04-10,1374099968
LRCX,2025-04-11,1283660032
LRCX,2025-04-18,1311449984
LRCX,2025-04-22,1311849984
LRCX,2025-04-23,1283660032
LRCX,2025-04-25,1282960000
LRCX,2025-04-29,1279120000
LRCX,2025-04-30,1279120000
LRCX,2025-05-07,1292230016
LRCX,2025-05-15,1281830016
LRCX,2025-05-16,1284569984
LRCX,2025-05-17,1279120000
LRCX,2025-05-30,1332470016
LRCX,2025-05-31,1279120000
LRCX,2025-06-14,1309699968
LRCX,2025-06-18,1284940032
LRCX,2025-06-19,1279120000
LRCX,2025-07-08,1279120000
LRCX,2025-07-10,1279369984
LRCX,2025-07-11,1279120000
LRCX,2025-08-01,1268739968
LRCX,2025-08-07,1268739968
LRCX,2025-08-13,1265619968
LRCX,2025-08-30,1265619968
LRCX,2025-09-17,1265621000
LRCX,2025-09-26,1261032300
LRCX,2025-10-06,1271237486
LRCX,2025-10-07,1261032300
LRCX,2025-10-08,1261032300
LRCX,2025-10-18,1261032300
LRCX,2025-10-24,1259176000
LRCX,2025-10-28,1256030000
LRCX,2025-11-01,1284347709
LRCX,2025-11-15,1298897340
LRCX,2025-11-17,1261032300
LRCX,2026-01-30,1251180000
LRCX,2026-01-31,1256030000
LRCX,2026-04-24,1250539000
LRCX,2026-07-31,1251278000
LRCX,2026-08-12,1251321000
LRCX,2026-09-26,1251424362
LRCX,2026-09-27,1251424362
LRCX,2026-09-28,1251424362
LRCX,2026-09-29,1251424362
LRCX,2026-09-30,1251424362
LRCX,2026-10-01,1251424362
LRCX,2026-10-02,1251424362
LRCX,2026-10-03,1251424362
LRCX,2026-10-04,1251424362
LRCX,2026-10-05,1251424362
LRCX,2026-10-06,1251424362
LRCX,2026-10-07,1251424362
LRCX,2026-10-08,1251424362
LRCX,2026-10-09,1251424362
MU,2019-01-05,1121049984
MU,2019-01-07,1121049984
MU,2019-01-09,1121049984
MU,2019-01-10,1121049984
MU,2019-01-12,1121049984
MU,2019-01-14,1121049984
MU,2019-01-16,1121049984
MU,2019-01-17,1121049984
MU,2019-01-20,1121049984
MU,2019-01-23,1121049984
MU,2019-01-25,1121049984
MU,2019-01-26,1121049984
MU,2019-01-28,1121049984
MU,2019-01-30,1121049984
MU,2019-02-04,1121049984
MU,2019-02-07,1121049984
MU,2019-02-11,1121049984
MU,2019-02-13,1121049984
MU,2019-02-14,1121049984
MU,2019-02-15,1121049984
MU,2019-02-17,1121049984
MU,2019-02-18,1121049984
MU,2019-02-20,1121049984
MU,2019-02-28,1121049984
MU,2019-03-01,1121049984
MU,2019-03-07,1121049984
MU,2019-03-09,1121049984
MU,2019-03-10,1121049984
MU,2019-03-11,1121049984
MU,2019-03-14,1121049984
MU,2019-03-15,1121049984
MU,2019-03-17,1121049984
MU,2019-03-18,1121049984
MU,2019-03-26,1106690048
MU,2019-03-27,1106690048
MU,2019-03-29,1106690048
MU,2019-03-30,1106690048
MU,2019-04-01,1106690048
MU,2019-04-02,1106690048
MU,2019-04-05,1106690048
MU,2019-04-09,1106690048
MU,2019-04-11,1106690048
MU,2019-04-14,1106690048
MU,2019-04-15,1106690048
MU,2019-04-17,1106690048
MU,2019-04-19,1106690048
MU,2019-04-21,1106690048
MU,2019-04-29,1106690048
MU,2019-05-02,1106690048
MU,2019-05-05,1106690048
MU,2019-05-08,1106690048
MU,2019-05-09,1106690048
MU,2019-05-12,1106690048
MU,2019-05-16,1106690048
MU,2019-05-17,1106690048
MU,2019-05-19,1106690048
MU,2019-05-20,1106690048
MU,2019-05-22,1106690048
MU,2019-05-23,1106690048
MU,2019-05-28,1106690048
MU,2019-05-30,1106690048
MU,2019-06-03,1106690048
MU,2019-06-05,1106690048
MU,2019-06-10,1106690048
MU,2019-06-11,1106690048
MU,2019-06-17,1106690048
MU,2019-06-19,1106690048
MU,2019-06-21,1106690048
MU,2019-06-23,1106690048
MU,2019-07-01,1103800064
MU,2019-08-09,1104060032
MU,2019-09-03,1052110016
MU,2019-09-12,1103800064
MU,2019-11-19,1107049984
MU,2019-12-18,1108199936
MU,2019-12-30,1110870016
MU,2020-04-05,1112189952
MU,2020-05-21,1112189952
MU,2020-07-08,1111000064
MU,2020-08-28,1111000064
MU,2020-09-05,1146969984
MU,2020-09-21,1116249984
MU,2020-10-01,1199719936
MU,2020-10-05,1079239936
MU,2020-10-08,1085980032
MU,2020-10-14,1136649984
MU,2020-10-21,1113219968
MU,2020-10-24,1145449984
MU,2020-10-30,1113219968
MU,2020-11-03,1127330048
MU,2020-11-05,1113219968
MU,2020-11-11,1102279936
MU,2020-11-19,1136130048
MU,2020-11-20,1113219968
MU,2020-11-25,1113219968
MU,2020-11-26,1113219968
MU,2020-12-02,1116909952
MU,2020-12-04,1116909952
MU,2020-12-10,1116909952
MU,2020-12-18,1116909952
MU,2020-12-24,1116909952
MU,2020-12-29,1116909952
MU,2021-01-01,1068480000
MU,2021-01-05,1116909952
MU,2021-01-06,1116909952
MU,2021-01-07,1116909952
MU,2021-01-12,1099160064
MU,2021-01-27,1143570048
MU,2021-01-28,1184519936
MU,2021-02-03,1102360064
MU,2021-02-04,1084269952
MU,2021-02-06,1120739968
MU,2021-02-24,1118669952
MU,2021-03-05,1058659968
MU,2021-03-11,1169619968
MU,2021-03-13,1138300032
MU,2021-03-17,1087100032
MU,2021-03-24,1118669952
MU,2021-03-27,1069089984
MU,2021-03-30,1136760064
MU,2021-03-31,1119320064
MU,2021-04-01,1097490048
MU,2021-04-02,1118669952
MU,2021-04-05,1118669952
MU,2021-04-06,1121420032
MU,2021-04-07,1124530048
MU,2021-04-08,1115810048
MU,2021-04-09,1105760000
MU,2021-04-10,1121299968
MU,2021-04-13,1118009984
MU,2021-04-14,1163280000
MU,2021-04-15,1139719936
MU,2021-04-16,1126380032
MU,2021-04-17,1116589952
MU,2021-04-20,1149959936
MU,2021-04-21,1133340032
MU,2021-04-22,1096230016
MU,2021-04-23,1184690048
MU,2021-04-24,1166520064
MU,2021-04-27,1145010048
MU,2021-04-29,1166130048
MU,2021-04-30,1095559936
MU,2021-05-01,1147340032
MU,2021-05-04,1107740032
MU,2021-05-05,1129520000
MU,2021-05-06,1111670016
MU,2021-05-07,1121420032
MU,2021-05-08,1106029952
MU,2021-05-11,1192569984
MU,2021-05-12,1123779968
MU,2021-05-13,1178070016
MU,2021-05-14,1115750016
MU,2021-05-15,1086099968
MU,2021-05-18,1111789952
MU,2021-05-19,1142880000
MU,2021-05-20,1106680064
MU,2021-05-21,1104829952
MU,2021-05-25,1091929984
MU,2021-05-28,1098829952
MU,2021-05-29,1118620032
MU,2021-06-02,1121280000
MU,2021-06-03,1118889984
MU,2021-06-04,1121420032
MU,2021-06-05,1098249984
MU,2021-06-08,1117680000
MU,2021-06-09,1170290048
MU,2021-06-10,1148080000
MU,2021-06-12,1122259968
MU,2021-06-17,1144960000
MU,2021-06-19,1175190016
MU,2021-07-14,1125750016
MU,2021-08-18,1125750016
MU,2021-09-09,1147090048
MU,2021-10-06,1127670016
MU,2021-10-12,1118620032
MU,2021-10-19,1125609984
MU,2021-10-23,1137350016
MU,2021-12-08,1120169984
MU,2022-01-10,1119779968
MU,2022-02-08,1123929984
MU,2022-02-09,1119779968
MU,2022-02-12,1119779968
MU,2022-03-15,1174960000
MU,2022-03-16,1119779968
MU,2022-04-01,1116669952
MU,2022-06-03,1144300032
MU,2022-07-05,1103149952
MU,2022-07-29,1106349952
MU,2022-07-30,1103149952
MU,2022-08-17,1117660032
MU,2022-08-18,1103149952
MU,2022-09-02,1103149952
MU,2022-10-04,1068590016
MU,2022-10-07,1103149952
MU,2022-10-11,1087170048
MU,2022-12-07,1090889984
MU,2022-12-24,1091180032
MU,2023-02-16,1095229952
MU,2023-02-17,1091180032
MU,2023-03-30,1169590016
MU,2023-04-01,1094390016
MU,2023-04-06,1099190016
MU,2023-04-07,1094390016
MU,2023-04-21,1109010048
MU,2023-04-22,1094390016
MU,2023-05-03,1094390016
MU,2023-05-04,1112179968
MU,2023-05-06,1094390016
MU,2023-05-09,1100870016
MU,2023-05-11,1111539968
MU,2023-05-14,1094390016
MU,2023-06-23,1112690048
MU,2023-06-24,1094390016
MU,2023-07-05,1095299968
MU,2023-07-06,1113830016
MU,2023-07-07,1095299968
MU,2023-07-12,1114940032
MU,2023-07-13,1095299968
MU,2023-07-21,1095299968
MU,2023-08-22,1095299968
MU,2023-08-23,1104800000
MU,2023-08-24,1095299968
MU,2023-10-10,1098029952
MU,2023-10-11,1098029952
MU,2023-10-12,1098029952
MU,2023-10-13,1105280000
MU,2023-10-14,1106599936
MU,2023-10-17,1098029952
MU,2023-10-18,1098029952
MU,2023-10-19,1098029952
MU,2023-10-20,1098029952
MU,2023-10-24,1098029952
MU,2023-10-25,1098029952
MU,2023-11-02,1098029952
MU,2023-11-07,1098029952
MU,2023-11-08,1100600064
MU,2023-11-09,1108519936
MU,2023-11-10,1098029952
MU,2023-11-11,1098029952
MU,2023-11-14,1098029952
MU,2023-11-16,1098029952
MU,2023-11-21,1098029952
MU,2023-11-25,1098029952
MU,2023-11-28,1098029952
MU,2023-11-29,1098029952
MU,2023-12-01,1103730048
MU,2023-12-03,1104320000
MU,2023-12-05,1103730048
MU,2023-12-06,1103730048
MU,2023-12-07,1103730048
MU,2023-12-08,1103730048
MU,2023-12-09,1103730048
MU,2023-12-12,1103730048
MU,2023-12-15,1103730048
MU,2023-12-16,1103730048
MU,2023-12-20,1103730048
MU,2023-12-22,1103730048
MU,2023-12-23,1103910016
MU,2023-12-27,1103910016
MU,2023-12-29,1103910016
MU,2024-01-03,1103910016
MU,2024-01-05,1103910016
MU,2024-01-06,1114189952
MU,2024-01-17,1103910016
MU,2024-01-18,1103910016
MU,2024-01-19,1103910016
MU,2024-01-20,1103910016
MU,2024-01-24,1125479936
MU,2024-01-25,1103910016
MU,2024-01-26,1103910016
MU,2024-01-27,1118329984
MU,2024-01-30,1103910016
MU,2024-01-31,1141190016
MU,2024-02-01,1146649984
MU,2024-02-06,1103910016
MU,2024-02-07,1134700032
MU,2024-02-08,1103910016
MU,2024-02-09,1103910016
MU,2024-02-13,1103910016
MU,2024-02-16,1103910016
MU,2024-02-21,1103910016
MU,2024-02-22,1103910016
MU,2024-02-23,1103910016
MU,2024-02-24,1103910016
MU,2024-02-27,1103910016
MU,2024-02-29,1103910016
MU,2024-03-01,1103910016
MU,2024-03-02,1103910016
MU,2024-03-06,1103910016
MU,2024-03-08,1103910016
MU,2024-03-12,1140349952
MU,2024-03-13,1142130048
MU,2024-03-14,1103910016
MU,2024-03-16,1103910016
MU,2024-03-19,1103910016
MU,2024-03-20,1103910016
MU,2024-03-22,1103910016
MU,2024-03-23,1107369984
MU,2024-03-28,1107369984
MU,2024-03-29,1120329984
MU,2024-04-02,1107369984
MU,2024-04-03,1107369984
MU,2024-04-04,1107369984
MU,2024-04-05,1107369984
MU,2024-04-09,1107369984
MU,2024-04-12,1152659968
MU,2024-04-13,1107369984
MU,2024-04-16,1107369984
MU,2024-04-17,1107369984
MU,2024-04-18,1107369984
MU,2024-04-19,1107369984
MU,2024-04-23,1107369984
MU,2024-04-25,1107369984
MU,2024-04-26,1107369984
MU,2024-04-27,1107369984
MU,2024-04-30,1107369984
MU,2024-05-01,1121090048
MU,2024-05-02,1107369984
MU,2024-05-07,1107369984
MU,2024-05-08,1107369984
MU,2024-05-10,1107369984
MU,2024-05-11,1107369984
MU,2024-05-17,1107369984
MU,2024-05-20,1107369984
MU,2024-05-21,1120400000
MU,2024-05-22,1107369984
MU,2024-05-23,1118070016
MU,2024-05-24,1107459968
MU,2024-05-31,1107369984
MU,2024-06-01,1107369984
MU,2024-06-04,1107369984
MU,2024-06-05,1107369984
MU,2024-06-07,1107369984
MU,2024-06-08,1107369984
MU,2024-06-12,1107369984
MU,2024-06-13,1107369984
MU,2024-06-15,1120920064
MU,2024-06-18,1107369984
MU,2024-06-19,1107369984
MU,2024-06-21,1178809984
MU,2024-06-22,1107369984
MU,2024-06-26,1107369984
MU,2024-06-27,1107369984
MU,2024-06-28,1192620032
MU,2024-06-29,1108839936
MU,2024-07-02,1108839936
MU,2024-07-03,1108839936
MU,2024-07-06,1108839936
MU,2024-07-10,1108839936
MU,2024-07-12,1108839936
MU,2024-07-16,1138669952
MU,2024-07-17,1108839936
MU,2024-07-18,1183480064
MU,2024-07-19,1139800064
MU,2024-07-20,1108839936
MU,2024-07-23,1108839936
MU,2024-07-24,1118840064
MU,2024-07-25,1138579968
MU,2024-07-26,1108839936
MU,2024-07-27,1108839936
MU,2024-07-30,1108839936
MU,2024-07-31,1108839936
MU,2024-08-01,1108839936
MU,2024-08-02,1108839936
MU,2024-08-03,1108839936
MU,2024-08-06,1108839936
MU,2024-08-07,1108839936
MU,2024-08-09,1108839936
MU,2024-08-10,1108839936
MU,2024-08-13,1108839936
MU,2024-08-14,1108839936
MU,2024-08-15,1108839936
MU,2024-08-17,1108839936
MU,2024-08-20,1108839936
MU,2024-08-21,1108839936
MU,2024-08-23,1108839936
MU,2024-08-27,1108839936
MU,2024-08-28,1108839936
MU,2024-08-30,1108839936
MU,2024-08-31,1108839936
MU,2024-09-04,1108839936
MU,2024-09-06,1108839936
MU,2024-09-07,1147609984
MU,2024-09-10,1108839936
MU,2024-09-12,1108839936
MU,2024-09-13,1108839936
MU,2024-09-14,1108839936
MU,2024-09-17,1160230016
MU,2024-09-19,1108839936
MU,2024-09-20,1108839936
MU,2024-09-21,1108839936
MU,2024-09-24,1108839936
MU,2024-09-26,1108839936
MU,2024-09-27,1108839936
MU,2024-09-28,1108839936
MU,2024-09-30,1149360000
MU,2024-10-01,1108839936
MU,2024-10-02,1108839936
MU,2024-10-03,1108839936
MU,2024-10-05,1108839936
MU,2024-10-08,1108739968
MU,2024-10-11,1108739968
MU,2024-10-12,1108739968
MU,2024-10-15,1108739968
MU,2024-10-16,1109059968
MU,2024-10-17,1108739968
MU,2024-10-18,1137260032
MU,2024-10-22,1108739968
MU,2024-10-23,1108739968
MU,2024-10-29,1108739968
MU,2024-10-30,1108739968
MU,2024-10-31,1153309952
MU,2024-11-02,1108739968
MU,2024-11-05,1108739968
MU,2024-11-06,1108739968
MU,2024-11-08,1108739968
MU,2024-11-09,1108739968
MU,2024-11-13,1157200000
MU,2024-11-14,1155129984
MU,2024-11-15,1108739968
MU,2024-11-16,1141430016
MU,2024-11-19,1108739968
MU,2024-11-20,1108739968
MU,2024-11-21,1108739968
MU,2024-11-27,1114040064
MU,2024-11-28,1114040064
MU,2024-11-30,1116889984
MU,2024-12-03,1114040064
MU,2024-12-06,1139779968
MU,2024-12-11,1114040064
MU,2024-12-13,1157309952
MU,2024-12-14,1114040064
MU,2024-12-20,1114169984
MU,2024-12-24,1114169984
MU,2024-12-25,1114169984
MU,2024-12-27,1114169984
MU,2024-12-31,1114169984
MU,2025-01-01,1114169984
MU,2025-01-03,1114169984
MU,2025-01-04,1114169984
MU,2025-01-07,1114169984
MU,2025-01-11,1114169984
MU,2025-01-16,1114169984
MU,2025-01-17,1120579968
MU,2025-01-24,1114169984
MU,2025-01-25,1114169984
MU,2025-01-28,1114169984
MU,2025-01-29,1114169984
MU,2025-02-01,1129560064
MU,2025-02-04,1114169984
MU,2025-02-08,1141209984
MU,2025-02-13,1143340032
MU,2025-02-14,1114169984
MU,2025-02-15,1114169984
MU,2025-02-19,1114169984
MU,2025-02-20,1114169984
MU,2025-02-25,1114169984
MU,2025-02-27,1114169984
MU,2025-02-28,1114169984
MU,2025-03-04,1152199936
MU,2025-03-06,1114169984
MU,2025-03-11,1189410048
MU,2025-03-13,1114169984
MU,2025-03-18,1114169984
MU,2025-03-19,1114169984
MU,2025-03-20,1114169984
MU,2025-03-21,1114169984
MU,2025-03-22,1211570048
MU,2025-03-25,1117570048
MU,2025-03-27,1117570048
MU,2025-03-28,1129459968
MU,2025-04-01,1137510016
MU,2025-04-02,1117570048
MU,2025-04-03,1117570048
MU,2025-04-04,1117570048
MU,2025-04-05,1117570048
MU,2025-04-09,1117570048
MU,2025-04-10,1242329984
MU,2025-04-11,1117570048
MU,2025-04-12,1117570048
MU,2025-04-14,1117570048
MU,2025-04-15,1117570048
MU,2025-04-16,1117570048
MU,2025-04-22,1152070016
MU,2025-04-23,1117570048
MU,2025-04-25,1117570048
MU,2025-04-26,1117570048
MU,2025-05-01,1117570048
MU,2025-05-02,1117570048
MU,2025-05-06,1117570048
MU,2025-05-07,1117570048
MU,2025-05-10,1117570048
MU,2025-05-13,1117570048
MU,2025-05-14,1136450048
MU,2025-05-15,1117570048
MU,2025-05-21,1117570048
MU,2025-05-22,1117570048
MU,2025-05-23,1117570048
MU,2025-05-24,1117570048
MU,2025-05-28,1117570048
MU,2025-05-29,1119900032
MU,2025-05-30,1117570048
MU,2025-05-31,1145260032
MU,2025-06-04,1117570048
MU,2025-06-10,1117570048
MU,2025-06-14,1117570048
MU,2025-06-18,1117570048
MU,2025-06-19,1117570048
MU,2025-06-21,1117570048
MU,2025-06-25,1117570048
MU,2025-06-26,1117570048
MU,2025-06-27,1119129984
MU,2025-06-28,1119129984
MU,2025-06-30,1132839936
MU,2025-07-01,1140969984
MU,2025-07-02,1119129984
MU,2025-07-04,1119129984
MU,2025-07-08,1141240064
MU,2025-07-09,1119129984
MU,2025-07-10,1139079936
MU,2025-07-11,1119129984
MU,2025-07-12,1119129984
MU,2025-07-16,1119129984
MU,2025-07-24,1119129984
MU,2025-07-26,1119129984
MU,2025-07-28,1119229952
MU,2025-07-29,1119129984
MU,2025-07-30,1119129984
MU,2025-08-01,1119129984
MU,2025-08-02,1119129984
MU,2025-08-06,1119129984
MU,2025-08-07,1119129984
MU,2025-08-08,1119129984
MU,2025-08-09,1119129984
MU,2025-08-14,1119129984
MU,2025-08-16,1119129984
MU,2025-08-18,1119129984
MU,2025-08-19,1119129984
MU,2025-08-20,1119129984
MU,2025-08-22,1119129984
MU,2025-08-26,1119129984
MU,2025-08-27,1119129984
MU,2025-08-29,1119129984
MU,2025-09-04,1119129984
MU,2025-09-05,1119129984
MU,2025-09-12,1119129984
MU,2025-09-13,1119129984
MU,2025-09-16,1119129984
MU,2025-09-17,1119125101
MU,2025-09-23,1119125101
MU,2025-10-07,1122466035
MU,2025-10-08,1122466035
MU,2025-10-09,1122466035
MU,2025-10-11,1122466035
MU,2025-10-14,1122466035
MU,2025-10-15,1122466035
MU,2025-10-16,1122466035
MU,2025-10-18,1122466035
MU,2025-10-22,1122965427
MU,2025-10-23,1122466035
MU,2025-10-24,1122466035
MU,2025-10-25,1122466035
MU,2025-10-28,1122466035
MU,2025-10-29,1122466035
MU,2025-10-30,1122466035
MU,2025-11-01,1122466035
MU,2025-11-05,1122466035
MU,2025-11-06,1122466035
MU,2025-11-08,1122466035
MU,2025-11-11,1122466035
MU,2025-11-14,1122466035
MU,2025-11-17,1122466035
MU,2025-11-27,1125349754
MU,2025-12-19,1125509261
MU,2026-03-21,1127734051
MU,2026-06-25,1129393151
MU,2026-08-28,1129393151
ANET,2019-01-05,75427296
ANET,2019-01-07,75427296
ANET,2019-01-09,75427296
ANET,2019-01-10,75427296
ANET,2019-01-12,75427296
ANET,2019-01-14,75427296
ANET,2019-01-16,75427296
ANET,2019-01-17,75427296
ANET,2019-01-22,75427296
ANET,2019-01-25,75427296
ANET,2019-01-26,75427296
ANET,2019-01-28,75427296
ANET,2019-01-30,75427296
ANET,2019-02-04,75427296
ANET,2019-02-07,75427296
ANET,2019-02-10,75427296
ANET,2019-02-13,75427296
ANET,2019-02-15,75427296
ANET,2019-02-17,75427296
ANET,2019-02-20,75730896
ANET,2019-02-28,75730896
ANET,2019-03-01,75730896
ANET,2019-03-07,75730896
ANET,2019-03-08,75730896
ANET,2019-03-10,75730896
ANET,2019-03-11,75730896
ANET,2019-03-14,75730896
ANET,2019-03-17,75730896
ANET,2019-03-26,75730896
ANET,2019-03-29,75730896
ANET,2019-04-01,75730896
ANET,2019-04-05,75730896
ANET,2019-04-10,75730896
ANET,2019-04-14,75730896
ANET,2019-04-16,75730896
ANET,2019-04-17,75730896
ANET,2019-04-18,75730896
ANET,2019-04-21,76506496
ANET,2019-04-22,76506496
ANET,2019-04-29,76506496
ANET,2019-04-30,76506496
ANET,2019-05-02,76506496
ANET,2019-05-05,76600000
ANET,2019-05-09,76622496
ANET,2019-05-10,76622496
ANET,2019-05-12,76622496
ANET,2019-05-20,76622496
ANET,2019-05-22,76622496
ANET,2019-05-23,76622496
ANET,2019-05-28,76622496
ANET,2019-05-29,76622496
ANET,2019-06-03,76622600
ANET,2019-06-04,76622600
ANET,2019-06-05,76622496
ANET,2019-06-06,76622496
ANET,2019-06-10,76622496
ANET,2019-06-11,76622496
ANET,2019-06-12,76622496
ANET,2019-06-17,76622496
ANET,2019-06-19,76622496
ANET,2019-06-21,76622496
ANET,2019-06-23,76622496
ANET,2019-06-24,76622496
ANET,2019-06-26,78398304
ANET,2019-06-27,76622496
ANET,2019-07-03,77339696
ANET,2019-07-04,76622496
ANET,2019-07-05,75608000
ANET,2019-07-06,76622496
ANET,2019-07-11,76577200
ANET,2019-07-12,77050400
ANET,2019-07-13,76622496
ANET,2019-07-24,73686800
ANET,2019-07-25,76622496
ANET,2019-08-05,85442400
ANET,2019-08-06,76622496
ANET,2019-08-07,80992000
ANET,2019-08-08,77988400
ANET,2019-08-09,76212000
ANET,2019-08-10,76644304
ANET,2019-08-30,74982704
ANET,2019-09-02,75244096
ANET,2019-09-04,76644304
ANET,2019-09-06,73791904
ANET,2019-09-09,73691696
ANET,2019-09-11,72997904
ANET,2019-09-12,79501504
ANET,2019-09-13,76644304
ANET,2019-09-20,75876600
ANET,2019-09-21,76644304
ANET,2019-10-04,78007504
ANET,2019-10-08,75857696
ANET,2019-10-09,76644304
ANET,2019-10-21,75984200
ANET,2019-10-22,76644304
ANET,2019-11-05,101160000
ANET,2019-11-06,98002304
ANET,2019-11-07,74252000
ANET,2019-11-08,76063504
ANET,2019-11-09,76399000
ANET,2019-11-14,75091400
ANET,2019-11-15,76363000
ANET,2019-11-16,76399000
ANET,2019-11-20,76399104
ANET,2019-11-21,76399000
ANET,2019-11-22,76399104
ANET,2019-11-25,76399000
ANET,2019-12-18,76537504
ANET,2019-12-19,76399000
ANET,2019-12-20,76399104
ANET,2019-12-23,76399000
ANET,2020-01-08,77099504
ANET,2020-01-09,77148496
ANET,2020-01-10,77950704
ANET,2020-01-11,77193400
ANET,2020-01-12,76399000
ANET,2020-01-13,76576200
ANET,2020-01-14,76399000
ANET,2020-01-17,76399104
ANET,2020-01-20,76399000
ANET,2020-02-07,77266400
ANET,2020-02-08,76399000
ANET,2020-02-12,76099904
ANET,2020-02-13,77375904
ANET,2020-02-14,76399000
ANET,2020-02-18,76399000
ANET,2020-02-19,76479200
ANET,2020-04-17,75658704
ANET,2020-05-07,75658704
ANET,2020-05-08,75704496
ANET,2020-05-21,74040200
ANET,2020-05-22,75704496
ANET,2020-08-07,76025600
ANET,2020-08-28,76025600
ANET,2020-09-05,76025600
ANET,2020-11-04,75661504
ANET,2020-11-05,75661504
ANET,2020-11-17,75661504
ANET,2020-11-26,75661504
ANET,2021-01-28,75661504
ANET,2021-02-03,75606496
ANET,2021-02-20,76331600
ANET,2021-02-22,76331600
ANET,2021-03-17,76331600
ANET,2021-03-30,77219696
ANET,2021-04-01,75565400
ANET,2021-04-07,77261296
ANET,2021-04-08,76331600
ANET,2021-04-23,77207504
ANET,2021-04-24,75799800
ANET,2021-04-27,76271400
ANET,2021-05-08,76321800
ANET,2021-05-10,76321800
ANET,2021-06-26,76591504
ANET,2021-06-28,76321800
ANET,2021-07-31,76446200
ANET,2021-08-01,76321800
ANET,2021-08-04,76716600
ANET,2021-08-26,76716600
ANET,2021-09-15,76832400
ANET,2021-09-16,76716600
ANET,2021-09-18,76716600
ANET,2021-09-22,76716600
ANET,2021-09-28,77439104
ANET,2021-09-29,76716600
ANET,2021-11-04,76820896
ANET,2021-11-11,78174400
ANET,2021-11-23,307300000
ANET,2023-04-10,306395008
ANET,2023-04-13,306395008
ANET,2023-04-25,307752000
ANET,2023-04-27,306395008
ANET,2023-05-03,363552000
ANET,2023-05-04,313508992
ANET,2023-05-06,308283008
ANET,2023-05-10,309288000
ANET,2023-05-15,314087008
ANET,2023-05-16,308283008
ANET,2023-06-09,306395008
ANET,2023-06-13,308283008
ANET,2023-07-05,312447008
ANET,2023-07-06,312878016
ANET,2023-07-07,308283008
ANET,2023-07-19,313872000
ANET,2023-07-20,308283008
ANET,2023-08-22,309580992
ANET,2023-08-23,308283008
ANET,2023-08-24,309580992
ANET,2023-09-07,309580992
ANET,2023-10-25,309580992
ANET,2023-11-01,311100000
ANET,2023-11-02,311100000
ANET,2023-11-03,311100000
ANET,2023-11-04,311100000
ANET,2023-11-07,311100000
ANET,2023-11-08,311407008
ANET,2023-11-09,311100000
ANET,2023-11-10,311100000
ANET,2023-11-11,311100000
ANET,2023-11-14,311100000
ANET,2023-11-15,311100000
ANET,2023-11-17,311100000
ANET,2023-11-18,311100000
ANET,2023-11-23,311100000
ANET,2023-11-25,311100000
ANET,2023-11-29,311100000
ANET,2023-12-05,311100000
ANET,2023-12-06,311100000
ANET,2023-12-08,311100000
ANET,2023-12-12,311100000
ANET,2023-12-13,311100000
ANET,2023-12-21,311100000
ANET,2023-12-22,311100000
ANET,2023-12-26,311100000
ANET,2023-12-27,311100000
ANET,2023-12-28,311100000
ANET,2023-12-30,311100000
ANET,2024-01-03,311100000
ANET,2024-01-05,311100000
ANET,2024-01-06,311100000
ANET,2024-01-10,311100000
ANET,2024-01-11,311100000
ANET,2024-01-12,311100000
ANET,2024-01-17,311100000
ANET,2024-01-20,311100000
ANET,2024-01-24,311100000
ANET,2024-01-30,311100000
ANET,2024-02-01,311100000
ANET,2024-02-02,311100000
ANET,2024-02-06,311100000
ANET,2024-02-07,311100000
ANET,2024-02-13,311100000
ANET,2024-02-14,312633984
ANET,2024-02-22,312633984
ANET,2024-02-23,312633984
ANET,2024-02-24,312633984
ANET,2024-02-29,312633984
ANET,2024-03-02,312633984
ANET,2024-03-05,312633984
ANET,2024-03-06,312633984
ANET,2024-03-07,312633984
ANET,2024-03-08,312633984
ANET,2024-03-09,312633984
ANET,2024-03-12,315044992
ANET,2024-03-14,312633984
ANET,2024-03-15,312633984
ANET,2024-03-16,319713984
ANET,2024-03-20,312633984
ANET,2024-03-21,312633984
ANET,2024-03-22,312633984
ANET,2024-03-26,320684992
ANET,2024-03-27,312633984
ANET,2024-04-16,312633984
ANET,2024-04-17,312633984
ANET,2024-04-23,312633984
ANET,2024-04-24,312633984
ANET,2024-04-26,313608992
ANET,2024-04-30,313855008
ANET,2024-05-09,313363008
ANET,2024-05-10,313363008
ANET,2024-05-11,313363008
ANET,2024-05-14,313363008
ANET,2024-05-16,313363008
ANET,2024-05-17,313363008
ANET,2024-05-18,313363008
ANET,2024-05-21,315736000
ANET,2024-05-22,313363008
ANET,2024-05-23,313848000
ANET,2024-05-24,329040992
ANET,2024-05-25,313363008
ANET,2024-05-29,313363008
ANET,2024-05-30,313363008
ANET,2024-05-31,313363008
ANET,2024-06-04,313363008
ANET,2024-06-05,313363008
ANET,2024-06-07,313363008
ANET,2024-06-08,313363008
ANET,2024-06-11,313363008
ANET,2024-06-12,313363008
ANET,2024-06-13,313363008
ANET,2024-06-14,313363008
ANET,2024-06-21,313500992
ANET,2024-06-22,313363008
ANET,2024-06-25,313363008
ANET,2024-06-27,313363008
ANET,2024-06-28,313363008
ANET,2024-06-29,313363008
ANET,2024-07-03,313363008
ANET,2024-07-10,317920992
ANET,2024-07-11,313363008
ANET,2024-07-12,313363008
ANET,2024-07-16,313363008
ANET,2024-07-17,313363008
ANET,2024-07-18,333420992
ANET,2024-07-19,313363008
ANET,2024-07-26,313363008
ANET,2024-07-27,313363008
ANET,2024-07-31,322550016
ANET,2024-08-01,314152992
ANET,2024-08-03,314152992
ANET,2024-08-10,314152992
ANET,2024-08-13,314152992
ANET,2024-08-14,314152992
ANET,2024-08-15,314152992
ANET,2024-08-16,314152992
ANET,2024-08-17,314152992
ANET,2024-08-20,314152992
ANET,2024-08-21,314152992
ANET,2024-08-22,314152992
ANET,2024-08-27,314152992
ANET,2024-08-29,314152992
ANET,2024-08-31,314152992
ANET,2024-09-04,314152992
ANET,2024-09-05,314798016
ANET,2024-09-06,314152992
ANET,2024-09-07,314152992
ANET,2024-09-10,314152992
ANET,2024-09-11,314152992
ANET,2024-09-12,314152992
ANET,2024-09-13,314152992
ANET,2024-09-16,314678016
ANET,2024-09-17,314152992
ANET,2024-09-21,314152992
ANET,2024-09-25,314152992
ANET,2024-09-26,314152992
ANET,2024-09-28,319143008
ANET,2024-10-04,314152992
ANET,2024-10-05,314152992
ANET,2024-10-08,316897984
ANET,2024-10-09,314152992
ANET,2024-10-11,314152992
ANET,2024-10-12,314152992
ANET,2024-10-14,316782016
ANET,2024-10-15,314152992
ANET,2024-10-18,315166016
ANET,2024-10-22,314152992
ANET,2024-10-23,314152992
ANET,2024-10-29,314152992
ANET,2024-10-30,318572000
ANET,2024-10-31,314152992
ANET,2024-11-01,314152992
ANET,2024-11-02,314152992
ANET,2024-11-05,314152992
ANET,2024-11-08,314152992
ANET,2024-11-09,314940000
ANET,2024-11-12,314940000
ANET,2024-11-14,314940000
ANET,2024-11-15,314940000
ANET,2024-11-16,314940000
ANET,2024-11-19,318272000
ANET,2024-11-20,314940000
ANET,2024-11-21,314940000
ANET,2024-11-27,314940000
ANET,2024-12-04,1246509952
ANET,2024-12-05,1259760000
ANET,2024-12-06,1259760000
ANET,2024-12-07,1259760000
ANET,2024-12-11,1259760000
ANET,2024-12-12,1259760000
ANET,2024-12-13,1263879936
ANET,2024-12-14,1259760000
ANET,2024-12-18,1259760000
ANET,2024-12-21,1259760000
ANET,2024-12-31,1259760000
ANET,2025-01-01,1259760000
ANET,2025-01-03,1259760000
ANET,2025-01-11,1259760000
ANET,2025-01-14,1278770048
ANET,2025-01-24,1259760000
ANET,2025-01-25,1259760000
ANET,2025-01-28,1259760000
ANET,2025-01-29,1259760000
ANET,2025-01-30,1259760000
ANET,2025-02-01,1259760000
ANET,2025-02-06,1259760000
ANET,2025-02-08,1259760000
ANET,2025-02-12,1259760000
ANET,2025-02-13,1259760000
ANET,2025-02-15,1293709952
ANET,2025-02-19,1259760000
ANET,2025-02-20,1261120000
ANET,2025-02-22,1261120000
ANET,2025-02-25,1261120000
ANET,2025-02-28,1261120000
ANET,2025-03-04,1261120000
ANET,2025-03-10,1355430016
ANET,2025-03-11,1261120000
ANET,2025-03-12,1261120000
ANET,2025-03-15,1261120000
ANET,2025-03-19,1261120000
ANET,2025-03-25,1261120000
ANET,2025-03-26,1261120000
ANET,2025-03-27,1261120000
ANET,2025-03-28,1261120000
ANET,2025-04-01,1268610048
ANET,2025-04-04,1261120000
ANET,2025-04-08,1261120000
ANET,2025-04-10,1319270016
ANET,2025-04-11,1261120000
ANET,2025-04-15,1261120000
ANET,2025-04-16,1261120000
ANET,2025-04-17,1261120000
ANET,2025-04-18,1255629952
ANET,2025-04-22,1321129984
ANET,2025-04-23,1255629952
ANET,2025-05-08,1255920000
ANET,2025-05-09,1255920000
ANET,2025-05-10,1266809984
ANET,2025-05-13,1255920000
ANET,2025-05-16,1255920000
ANET,2025-05-20,1255920000
ANET,2025-05-22,1255920000
ANET,2025-05-29,1349280000
ANET,2025-05-30,1255920000
ANET,2025-05-31,1255920000
ANET,2025-06-03,1255920000
ANET,2025-06-04,1255920000
ANET,2025-06-05,1255920000
ANET,2025-06-06,1255920000
ANET,2025-06-10,1261760000
ANET,2025-06-11,1297469952
ANET,2025-06-14,1255920000
ANET,2025-06-16,1255920000
ANET,2025-06-17,1331689984
ANET,2025-06-18,1255920000
ANET,2025-06-21,1255920000
ANET,2025-06-24,1255920000
ANET,2025-06-26,1255920000
ANET,2025-06-27,1255920000
ANET,2025-06-28,1255920000
ANET,2025-07-01,1255920000
ANET,2025-07-02,1255920000
ANET,2025-07-08,1268920064
ANET,2025-07-10,1255920000
ANET,2025-07-11,1256039936
ANET,2025-07-15,1255920000
ANET,2025-07-22,1255920000
ANET,2025-07-23,1255920000
ANET,2025-07-26,1255920000
ANET,2025-07-29,1255920000
ANET,2025-07-31,1255920000
ANET,2025-08-02,1316280064
ANET,2025-08-06,1255920000
ANET,2025-08-07,1255920000
ANET,2025-08-08,1256870016
ANET,2025-08-13,1256870016
ANET,2025-08-14,1256870016
ANET,2025-08-16,1256870016
ANET,2025-08-27,1256870016
ANET,2025-08-29,1256870016
ANET,2025-08-30,1256870016
ANET,2025-09-03,1256870016
ANET,2025-09-04,1256870016
ANET,2025-09-05,1256870016
ANET,2025-09-11,1256870016
ANET,2025-09-13,1256870016
ANET,2025-09-15,1256870016
ANET,2025-09-17,1256865381
ANET,2025-09-18,1256865381
ANET,2025-09-23,1256865381
ANET,2025-09-25,1256865381
ANET,2025-09-26,1256865381
ANET,2025-09-30,1256865381
ANET,2025-10-02,1256865381
ANET,2025-10-03,1256865381
ANET,2025-10-07,1256865381
ANET,2025-10-08,1293284978
ANET,2025-10-10,1256865381
ANET,2025-10-11,1256865381
ANET,2025-10-14,1256865381
ANET,2025-10-15,1256865381
ANET,2025-10-18,1256865381
ANET,2025-10-23,1256865381
ANET,2025-10-24,1256865381
ANET,2025-10-28,1256865381
ANET,2025-10-29,1256865381
ANET,2025-10-31,1256865381
ANET,2025-11-01,1262843243
ANET,2025-11-06,1259285070
ANET,2025-11-08,1259285070
ANET,2025-11-11,1259285070
ANET,2025-11-13,1259285070
ANET,2025-11-14,1259285070
ANET,2025-11-17,1259285070
ANET,2026-02-24,1259285071
ANET,2026-04-18,1259169438
ANET,2026-08-07,1261224648
CRWD,2019-06-11,196688992
CRWD,2019-06-17,196688992
CRWD,2019-06-19,196688992
CRWD,2019-06-21,196688992
CRWD,2019-06-23,196688992
CRWD,2019-06-25,196688992
CRWD,2019-06-26,217311008
CRWD,2019-06-28,196688992
CRWD,2019-07-05,188732000
CRWD,2019-07-06,196688992
CRWD,2019-07-23,204998000
CRWD,2019-08-07,211066000
CRWD,2019-08-08,204998000
CRWD,2019-08-09,220414000
CRWD,2019-08-10,204998000
CRWD,2019-08-20,212127008
CRWD,2019-08-21,204998000
CRWD,2019-08-22,199664992
CRWD,2019-08-23,204998000
CRWD,2019-08-28,193927008
CRWD,2019-08-29,204998000
CRWD,2019-08-30,212751008
CRWD,2019-09-02,219400000
CRWD,2019-09-04,204998000
CRWD,2019-09-06,191851008
CRWD,2019-09-09,219298000
CRWD,2019-09-11,248320000
CRWD,2019-09-12,225944992
CRWD,2019-09-13,227743008
CRWD,2019-09-14,225944992
CRWD,2019-09-18,236532992
CRWD,2019-09-19,225944992
CRWD,2019-09-20,219822000
CRWD,2019-09-21,225944992
CRWD,2019-09-24,225743008
CRWD,2019-09-25,225944992
CRWD,2019-09-27,212392992
CRWD,2019-09-28,225944992
CRWD,2019-10-03,221028000
CRWD,2019-10-04,225944992
CRWD,2019-10-05,205911008
CRWD,2019-10-08,204132992
CRWD,2019-10-09,225944992
CRWD,2019-10-10,218264000
CRWD,2019-10-11,225944992
CRWD,2019-10-17,212931008
CRWD,2019-10-23,220224992
CRWD,2019-10-24,234112992
CRWD,2019-10-25,244684000
CRWD,2019-10-26,225944992
CRWD,2019-11-06,227128992
CRWD,2019-11-07,220712000
CRWD,2019-11-08,221622000
CRWD,2019-11-09,207060000
CRWD,2019-11-14,249716000
CRWD,2019-11-15,225944992
CRWD,2019-11-22,230610000
CRWD,2019-11-23,225944992
CRWD,2019-12-05,216532992
CRWD,2019-12-06,225944992
CRWD,2019-12-09,217155008
CRWD,2019-12-10,205544992
CRWD,2019-12-11,199462000
CRWD,2019-12-12,205544992
CRWD,2019-12-18,201139008
CRWD,2019-12-19,205544992
CRWD,2020-01-08,200239008
CRWD,2020-01-09,189283008
CRWD,2020-01-10,207596000
CRWD,2020-01-12,205544992
CRWD,2020-01-13,211232000
CRWD,2020-01-14,205544992
CRWD,2020-01-17,212334000
CRWD,2020-01-18,205544992
CRWD,2020-01-23,206635008
CRWD,2020-01-24,202194000
CRWD,2020-01-26,205544992
CRWD,2020-01-30,201486000
CRWD,2020-01-31,205544992
CRWD,2020-02-04,205579008
CRWD,2020-02-05,205544992
CRWD,2020-02-08,206792000
CRWD,2020-02-09,205544992
CRWD,2020-02-12,211682000
CRWD,2020-02-13,211324992
CRWD,2020-02-14,206271008
CRWD,2020-02-15,205544992
CRWD,2020-02-19,209316992
CRWD,2020-02-21,205544992
CRWD,2020-02-25,195931008
CRWD,2020-02-26,205544992
CRWD,2020-03-04,214971008
CRWD,2020-03-05,214971008
CRWD,2020-03-06,207603008
CRWD,2020-03-07,205544992
CRWD,2020-03-13,233154000
CRWD,2020-03-14,205544992
CRWD,2020-03-25,213212992
CRWD,2020-05-09,213212992
CRWD,2020-05-21,213212992
CRWD,2020-05-26,213212992
CRWD,2020-05-27,215588992
CRWD,2020-06-05,215994000
CRWD,2020-08-28,215994000
CRWD,2020-09-05,237418000
CRWD,2020-09-06,215994000
CRWD,2020-09-07,219448992
CRWD,2020-09-21,214690000
CRWD,2020-11-07,219448992
CRWD,2020-11-26,219448992
CRWD,2020-12-01,219448992
CRWD,2020-12-05,221264000
CRWD,2020-12-07,221264000
CRWD,2021-03-17,224296000
CRWD,2021-03-20,223876000
CRWD,2021-03-22,223876000
CRWD,2021-04-23,217307008
CRWD,2021-04-24,214760000
CRWD,2021-04-27,223876000
CRWD,2021-05-18,225754000
CRWD,2021-06-08,225811008
CRWD,2021-06-26,226220992
CRWD,2021-06-28,225811008
CRWD,2021-08-17,234575008
CRWD,2021-08-18,225811008
CRWD,2021-08-27,218707008
CRWD,2021-09-03,228192992
CRWD,2021-09-18,229624000
CRWD,2021-09-19,228192992
CRWD,2021-10-06,222564992
CRWD,2021-10-07,228192992
CRWD,2021-10-16,228192992
CRWD,2021-10-28,234800992
CRWD,2021-10-29,228192992
CRWD,2021-10-30,228192992
CRWD,2021-11-05,220872000
CRWD,2021-11-06,228192992
CRWD,2021-12-08,229339008
CRWD,2022-02-04,237955008
CRWD,2022-02-11,229339008
CRWD,2022-03-15,238632000
CRWD,2022-03-16,231648992
CRWD,2022-03-19,230768000
CRWD,2022-03-25,226719008
CRWD,2022-03-26,230768000
CRWD,2022-04-13,223632992
CRWD,2022-04-14,215038000
CRWD,2022-04-29,224080992
CRWD,2022-04-30,230768000
CRWD,2022-05-05,234522000
CRWD,2022-05-10,232019008
CRWD,2022-05-27,218320992
CRWD,2022-05-28,213356000
CRWD,2022-05-30,232019008
CRWD,2022-06-07,232072000
CRWD,2022-07-29,225534000
CRWD,2022-07-30,232072000
CRWD,2022-09-14,233380992
CRWD,2022-09-19,233380000
CRWD,2022-09-22,233380992
CRWD,2022-10-01,233380000
CRWD,2022-10-04,227178000
CRWD,2022-10-08,233380992
CRWD,2022-10-11,233380000
CRWD,2022-10-12,241304992
CRWD,2022-10-14,233380000
CRWD,2022-10-15,233380992
CRWD,2022-10-18,233380000
CRWD,2022-10-20,240020992
CRWD,2022-10-22,233380000
CRWD,2022-10-26,233380992
CRWD,2022-11-08,238771008
CRWD,2022-11-10,233380992
CRWD,2022-11-11,233380000
CRWD,2022-11-17,233380992
CRWD,2022-11-24,224948992
CRWD,2022-11-25,233380000
CRWD,2022-11-29,233380992
CRWD,2022-12-04,234394000
CRWD,2022-12-13,227552000
CRWD,2022-12-15,234394000
CRWD,2022-12-17,234394000
CRWD,2022-12-21,234394000
CRWD,2023-02-02,234394000
CRWD,2023-02-06,234394000
CRWD,2023-03-10,235864000
CRWD,2023-03-11,235864000
CRWD,2023-03-18,236475008
CRWD,2023-03-21,235864000
CRWD,2023-03-23,240748992
CRWD,2023-03-24,235864000
CRWD,2023-04-04,237108000
CRWD,2023-04-05,236399008
CRWD,2023-04-10,235864000
CRWD,2023-04-21,230643008
CRWD,2023-04-22,235864000
CRWD,2023-05-03,240006000
CRWD,2023-05-06,227060992
CRWD,2023-05-07,235864000
CRWD,2023-05-09,237099008
CRWD,2023-05-12,240060000
CRWD,2023-05-15,243599008
CRWD,2023-05-18,237099008
CRWD,2023-06-02,237108000
CRWD,2023-06-03,227732000
CRWD,2023-06-04,237108000
CRWD,2023-06-23,250674000
CRWD,2023-06-24,237108000
CRWD,2023-07-11,227779008
CRWD,2023-07-13,237108000
CRWD,2023-07-19,237450000
CRWD,2023-07-20,237108000
CRWD,2023-08-22,237108000
CRWD,2023-08-23,239552000
CRWD,2023-08-24,237108000
CRWD,2023-09-02,238788000
CRWD,2023-10-03,235788000
CRWD,2023-10-04,238788000
CRWD,2023-10-11,236152000
CRWD,2023-10-20,243020000
CRWD,2023-10-21,238788000
CRWD,2023-10-24,238788000
CRWD,2023-10-25,233980000
CRWD,2023-10-26,238788000
CRWD,2023-10-27,238788000
CRWD,2023-11-04,231887008
CRWD,2023-11-07,238788000
CRWD,2023-11-08,231848992
CRWD,2023-11-09,238788000
CRWD,2023-11-10,238788000
CRWD,2023-11-11,238788000
CRWD,2023-11-14,238788000
CRWD,2023-11-16,238788000
CRWD,2023-11-18,238788000
CRWD,2023-11-21,238788000
CRWD,2023-11-22,238788000
CRWD,2023-11-28,238788000
CRWD,2023-11-29,238788000
CRWD,2023-11-30,240144992
CRWD,2023-12-06,240144992
CRWD,2023-12-07,240144992
CRWD,2023-12-12,240144992
CRWD,2023-12-13,240144992
CRWD,2023-12-15,239726000
CRWD,2023-12-16,240144992
CRWD,2023-12-19,240144992
CRWD,2023-12-20,240144992
CRWD,2023-12-21,240144992
CRWD,2023-12-22,237084000
CRWD,2023-12-23,241732000
CRWD,2023-12-26,240144992
CRWD,2023-12-27,240144992
CRWD,2023-12-29,240144992
CRWD,2023-12-30,240144992
CRWD,2024-01-03,240144992
CRWD,2024-01-04,240144992
CRWD,2024-01-05,240144992
CRWD,2024-01-06,240144992
CRWD,2024-01-09,240144992
CRWD,2024-01-10,240144992
CRWD,2024-01-11,240144992
CRWD,2024-01-13,240144992
CRWD,2024-01-17,240144992
CRWD,2024-01-19,240144992
CRWD,2024-01-23,240144992
CRWD,2024-01-27,240144992
CRWD,2024-01-30,240144992
CRWD,2024-02-02,240144992
CRWD,2024-02-03,240144992
CRWD,2024-02-06,240144992
CRWD,2024-02-08,240144992
CRWD,2024-02-09,240144992
CRWD,2024-02-10,240144992
CRWD,2024-02-13,240144992
CRWD,2024-02-14,240144992
CRWD,2024-02-15,240144992
CRWD,2024-02-17,240144992
CRWD,2024-02-21,240144992
CRWD,2024-02-24,240144992
CRWD,2024-02-28,240144992
CRWD,2024-02-29,240144992
CRWD,2024-03-04,240136992
CRWD,2024-03-05,240144992
CRWD,2024-03-06,240144992
CRWD,2024-03-08,241868992
CRWD,2024-03-12,241868992
CRWD,2024-03-15,241868992
CRWD,2024-03-16,251936992
CRWD,2024-03-19,241868992
CRWD,2024-03-22,241868992
CRWD,2024-03-26,241868992
CRWD,2024-03-27,241868992
CRWD,2024-04-13,241868992
CRWD,2024-04-16,241868992
CRWD,2024-04-17,241868992
CRWD,2024-04-19,241868992
CRWD,2024-04-24,241868992
CRWD,2024-04-25,241868992
CRWD,2024-04-26,241868992
CRWD,2024-04-27,241868992
CRWD,2024-04-30,241868992
CRWD,2024-05-01,241868992
CRWD,2024-05-02,241868992
CRWD,2024-05-03,241868992
CRWD,2024-05-04,236668000
CRWD,2024-05-06,236084992
CRWD,2024-05-07,241868992
CRWD,2024-05-08,243178000
CRWD,2024-05-10,239951008
CRWD,2024-05-11,241070000
CRWD,2024-05-15,235526000
CRWD,2024-05-16,243178000
CRWD,2024-05-17,243178000
CRWD,2024-05-21,242780992
CRWD,2024-05-22,245924000
CRWD,2024-05-23,243178000
CRWD,2024-05-24,245359008
CRWD,2024-05-25,236868000
CRWD,2024-05-31,269040992
CRWD,2024-06-06,243360992
CRWD,2024-06-07,243360992
CRWD,2024-06-12,243360992
CRWD,2024-06-13,243360992
CRWD,2024-06-15,243360992
CRWD,2024-06-19,243360992
CRWD,2024-06-21,248054000
CRWD,2024-06-22,243360992
CRWD,2024-06-26,243360992
CRWD,2024-06-28,243360992
CRWD,2024-07-02,243360992
CRWD,2024-07-03,243360992
CRWD,2024-07-04,243360992
CRWD,2024-07-06,243360992
CRWD,2024-07-10,243360992
CRWD,2024-07-11,243360992
CRWD,2024-07-13,243360992
CRWD,2024-07-16,243360992
CRWD,2024-07-18,243360992
CRWD,2024-07-19,243360992
CRWD,2024-07-20,243360992
CRWD,2024-07-24,243360992
CRWD,2024-07-25,243360992
CRWD,2024-07-26,243360992
CRWD,2024-07-27,243360992
CRWD,2024-07-31,269448992
CRWD,2024-08-01,243360992
CRWD,2024-08-02,243360992
CRWD,2024-08-03,243360992
CRWD,2024-08-07,243360992
CRWD,2024-08-08,243360992
CRWD,2024-08-10,243360992
CRWD,2024-08-12,244947008
CRWD,2024-08-13,243360992
CRWD,2024-08-14,243360992
CRWD,2024-08-15,243360992
CRWD,2024-08-17,243360992
CRWD,2024-08-20,243360992
CRWD,2024-08-21,243360992
CRWD,2024-08-23,243360992
CRWD,2024-08-24,243360992
CRWD,2024-08-27,248624992
CRWD,2024-08-29,243360992
CRWD,2024-08-30,245126000
CRWD,2024-08-31,245126000
CRWD,2024-09-03,245126000
CRWD,2024-09-04,245126000
CRWD,2024-09-05,245126000
CRWD,2024-09-06,245126000
CRWD,2024-09-07,245126000
CRWD,2024-09-11,245126000
CRWD,2024-09-12,245126000
CRWD,2024-09-16,237182000
CRWD,2024-09-17,245126000
CRWD,2024-09-18,245126000
CRWD,2024-09-19,245126000
CRWD,2024-09-20,245126000
CRWD,2024-09-21,245126000
CRWD,2024-09-25,245126000
CRWD,2024-09-26,245126000
CRWD,2024-09-28,245126000
CRWD,2024-10-01,245126000
CRWD,2024-10-02,245126000
CRWD,2024-10-03,245126000
CRWD,2024-10-04,245126000
CRWD,2024-10-05,245126000
CRWD,2024-10-08,249472000
CRWD,2024-10-09,245126000
CRWD,2024-10-10,245126000
CRWD,2024-10-12,245126000
CRWD,2024-10-14,252776000
CRWD,2024-10-15,245126000
CRWD,2024-10-16,245159008
CRWD,2024-10-17,245126000
CRWD,2024-10-18,245126000
CRWD,2024-10-23,245126000
CRWD,2024-10-24,245126000
CRWD,2024-10-25,244050000
CRWD,2024-10-29,245126000
CRWD,2024-10-30,245126000
CRWD,2024-10-31,245126000
CRWD,2024-11-01,245126000
CRWD,2024-11-05,245126000
CRWD,2024-11-06,245126000
CRWD,2024-11-07,245126000
CRWD,2024-11-13,245126000
CRWD,2024-11-15,245126000
CRWD,2024-11-16,245126000
CRWD,2024-11-19,240680992
CRWD,2024-11-20,245126000
CRWD,2024-11-21,245126000
CRWD,2024-11-23,245126000
CRWD,2024-11-27,245126000
CRWD,2024-11-28,246311008
CRWD,2024-11-30,247464992
CRWD,2024-12-03,246311008
CRWD,2024-12-04,246311008
CRWD,2024-12-06,246311008
CRWD,2024-12-11,246311008
CRWD,2024-12-13,244606000
CRWD,2024-12-14,246311008
CRWD,2024-12-17,233851008
CRWD,2024-12-18,246311008
CRWD,2024-12-27,246311008
CRWD,2025-01-03,246311008
CRWD,2025-01-09,246311008
CRWD,2025-01-11,246311008
CRWD,2025-01-14,246311008
CRWD,2025-01-15,246311008
CRWD,2025-01-17,246311008
CRWD,2025-01-18,246311008
CRWD,2025-01-22,246311008
CRWD,2025-01-24,246311008
CRWD,2025-01-30,246311008
CRWD,2025-01-31,246311008
CRWD,2025-02-01,246311008
CRWD,2025-02-04,246311008
CRWD,2025-02-05,246311008
CRWD,2025-02-06,246311008
CRWD,2025-02-07,246311008
CRWD,2025-02-12,246311008
CRWD,2025-02-14,246311008
CRWD,2025-02-15,246311008
CRWD,2025-02-19,246311008
CRWD,2025-02-20,246311008
CRWD,2025-02-22,246311008
CRWD,2025-02-25,246311008
CRWD,2025-02-26,246311008
CRWD,2025-02-27,246311008
CRWD,2025-03-04,246311008
CRWD,2025-03-06,246311008
CRWD,2025-03-10,265960992
CRWD,2025-03-11,247872992
CRWD,2025-03-12,247872992
CRWD,2025-03-14,247872992
CRWD,2025-03-15,247872992
CRWD,2025-03-19,249020000
CRWD,2025-03-20,247872992
CRWD,2025-03-21,247872992
CRWD,2025-03-22,247872992
CRWD,2025-03-26,247872992
CRWD,2025-03-27,247872992
CRWD,2025-03-28,247872992
CRWD,2025-03-29,247872992
CRWD,2025-04-01,247872992
CRWD,2025-04-03,247872992
CRWD,2025-04-04,247872992
CRWD,2025-04-05,247872992
CRWD,2025-04-09,247872992
CRWD,2025-04-10,247872992
CRWD,2025-04-11,247872992
CRWD,2025-04-12,247872992
CRWD,2025-04-16,247872992
CRWD,2025-04-17,247872992
CRWD,2025-04-18,247872992
CRWD,2025-04-22,256710000
CRWD,2025-04-23,247872992
CRWD,2025-04-25,247872992
CRWD,2025-04-26,247872992
CRWD,2025-04-30,247872992
CRWD,2025-05-01,247872992
CRWD,2025-05-03,247872992
CRWD,2025-05-06,247872992
CRWD,2025-05-07,247872992
CRWD,2025-05-08,249074000
CRWD,2025-05-10,249074000
CRWD,2025-05-14,249074000
CRWD,2025-05-15,249074000
CRWD,2025-05-17,249074000
CRWD,2025-05-20,249074000
CRWD,2025-05-24,249074000
CRWD,2025-05-29,254514000
CRWD,2025-05-30,249074000
CRWD,2025-05-31,249074000
CRWD,2025-06-04,249074000
CRWD,2025-06-05,249248000
CRWD,2025-06-06,249248000
CRWD,2025-06-07,249248000
CRWD,2025-06-10,251406000
CRWD,2025-06-11,249248000
CRWD,2025-06-12,249248000
CRWD,2025-06-13,249248000
CRWD,2025-06-14,249248000
CRWD,2025-06-16,249888000
CRWD,2025-06-17,249248000
CRWD,2025-06-18,252778000
CRWD,2025-06-19,249248000
CRWD,2025-06-21,249248000
CRWD,2025-06-24,249248000
CRWD,2025-06-25,249248000
CRWD,2025-06-26,249248000
CRWD,2025-06-27,249248000
CRWD,2025-06-28,252188000
CRWD,2025-07-01,249248000
CRWD,2025-07-02,249248000
CRWD,2025-07-08,253508992
CRWD,2025-07-09,249248000
CRWD,2025-07-10,249248000
CRWD,2025-07-11,249248000
CRWD,2025-07-16,249248000
CRWD,2025-07-17,249248000
CRWD,2025-07-22,249248000
CRWD,2025-07-23,249248000
CRWD,2025-07-30,249248000
CRWD,2025-07-31,249248000
CRWD,2025-08-02,253662000
CRWD,2025-08-07,249248000
CRWD,2025-08-08,249248000
CRWD,2025-08-12,249248000
CRWD,2025-08-13,249248000
CRWD,2025-08-14,249248000
CRWD,2025-08-19,249248000
CRWD,2025-08-21,249248000
CRWD,2025-08-22,249248000
CRWD,2025-08-23,249248000
CRWD,2025-08-26,249248000
CRWD,2025-08-29,250955008
CRWD,2025-08-30,261794000
CRWD,2025-09-05,251404992
CRWD,2025-09-11,250955008
CRWD,2025-09-12,250955008
CRWD,2025-09-17,250955140
CRWD,2025-09-20,250995089
CRWD,2025-09-23,255743816
CRWD,2025-09-24,250955140
CRWD,2025-09-26,252673829
CRWD,2025-09-30,250955140
CRWD,2025-10-06,254500109
CRWD,2025-10-07,250955140
CRWD,2025-10-08,256822256
CRWD,2025-10-09,250955140
CRWD,2025-10-15,261051036
CRWD,2025-10-17,250955140
CRWD,2025-10-25,250955140
CRWD,2025-10-28,250955140
CRWD,2025-10-29,250955140
CRWD,2025-10-30,250955140
CRWD,2025-11-04,250955140
CRWD,2025-11-08,250955140
CRWD,2025-11-17,250955140
CRWD,2025-12-09,252098440
CRWD,2026-03-10,253614090
CRWD,2026-05-06,254536521
CRWD,2026-06-05,254564820
CRWD,2026-07-02,1018259280
CRWD,2026-08-28,1023934842
FTNT,2019-01-05,170370000
FTNT,2019-01-07,170370000
FTNT,2019-01-09,170370000
FTNT,2019-01-10,170370000
FTNT,2019-01-12,170370000
FTNT,2019-01-14,170370000
FTNT,2019-01-16,170370000
FTNT,2019-01-17,170370000
FTNT,2019-01-20,170370000
FTNT,2019-01-22,170370000
FTNT,2019-01-24,170370000
FTNT,2019-01-25,170370000
FTNT,2019-01-26,170370000
FTNT,2019-01-28,170370000
FTNT,2019-01-30,170370000
FTNT,2019-02-04,170370000
FTNT,2019-02-07,170370000
FTNT,2019-02-10,170370000
FTNT,2019-02-13,170370000
FTNT,2019-02-15,170370000
FTNT,2019-02-17,170370000
FTNT,2019-02-18,170370000
FTNT,2019-02-20,170370000
FTNT,2019-02-28,170370000
FTNT,2019-03-01,170370000
FTNT,2019-03-07,170634000
FTNT,2019-03-08,170634000
FTNT,2019-03-10,170634000
FTNT,2019-03-11,170634000
FTNT,2019-03-14,170634000
FTNT,2019-03-17,170634000
FTNT,2019-03-26,170634000
FTNT,2019-03-29,170634000
FTNT,2019-04-01,170634000
FTNT,2019-04-05,170634000
FTNT,2019-04-10,170634000
FTNT,2019-04-14,170634000
FTNT,2019-04-16,170634000
FTNT,2019-04-17,170634000
FTNT,2019-04-18,170634000
FTNT,2019-04-21,170634000
FTNT,2019-04-22,170634000
FTNT,2019-04-29,170634000
FTNT,2019-04-30,170634000
FTNT,2019-05-02,177755008
FTNT,2019-05-05,177755008
FTNT,2019-05-06,177755008
FTNT,2019-05-09,177755008
FTNT,2019-05-10,177755008
FTNT,2019-05-12,170760992
FTNT,2019-05-20,170760992
FTNT,2019-05-22,170760992
FTNT,2019-05-23,170760992
FTNT,2019-05-28,170760992
FTNT,2019-06-03,170760992
FTNT,2019-06-04,170760992
FTNT,2019-06-05,170760992
FTNT,2019-06-06,170760992
FTNT,2019-06-10,170760992
FTNT,2019-06-11,170760992
FTNT,2019-06-12,170760992
FTNT,2019-06-17,170760992
FTNT,2019-06-19,170760992
FTNT,2019-06-21,170760992
FTNT,2019-06-23,170760992
FTNT,2019-06-24,170760992
FTNT,2019-06-26,172972992
FTNT,2019-06-27,170760992
FTNT,2019-07-03,172796000
FTNT,2019-07-04,170760992
FTNT,2019-07-05,169179008
FTNT,2019-07-06,170760992
FTNT,2019-07-11,171820992
FTNT,2019-07-12,177102000
FTNT,2019-07-13,170760992
FTNT,2019-07-24,170878000
FTNT,2019-07-25,170760992
FTNT,2019-08-05,156810000
FTNT,2019-08-06,170760992
FTNT,2019-08-07,181720992
FTNT,2019-08-08,172260000
FTNT,2019-08-09,175804992
FTNT,2019-08-10,170991008
FTNT,2019-08-23,170532992
FTNT,2019-08-24,170991008
FTNT,2019-08-30,170728000
FTNT,2019-09-02,168119008
FTNT,2019-09-04,170991008
FTNT,2019-09-06,168418000
FTNT,2019-09-09,169027008
FTNT,2019-09-11,170927008
FTNT,2019-09-12,172372992
FTNT,2019-09-13,170991008
FTNT,2019-09-20,170016000
FTNT,2019-09-21,170991008
FTNT,2019-10-04,167190000
FTNT,2019-10-08,170991008
FTNT,2019-10-21,165888000
FTNT,2019-10-22,170991008
FTNT,2019-11-05,154732992
FTNT,2019-11-06,151768992
FTNT,2019-11-07,167758000
FTNT,2019-11-08,173304992
FTNT,2019-11-09,171034000
FTNT,2019-11-14,170486000
FTNT,2019-11-15,171806000
FTNT,2019-11-16,171034000
FTNT,2019-12-18,169614000
FTNT,2019-12-19,171034000
FTNT,2020-01-08,167491008
FTNT,2020-01-09,170866000
FTNT,2020-01-10,173584000
FTNT,2020-01-11,173755008
FTNT,2020-01-12,171034000
FTNT,2020-01-13,172012000
FTNT,2020-01-14,171034000
FTNT,2020-02-07,173247008
FTNT,2020-02-08,171034000
FTNT,2020-02-12,169003008
FTNT,2020-02-13,171150000
FTNT,2020-02-14,171034000
FTNT,2020-02-28,171034000
FTNT,2020-04-30,161212000
FTNT,2020-05-08,161212000
FTNT,2020-05-09,161648992
FTNT,2020-05-11,161648992
FTNT,2020-05-21,161648992
FTNT,2020-08-04,161648992
FTNT,2020-08-10,161648992
FTNT,2020-08-28,161832000
FTNT,2020-09-05,161832000
FTNT,2020-09-06,161832000
FTNT,2020-09-21,159168000
FTNT,2020-09-22,161832000
FTNT,2020-11-10,162332000
FTNT,2020-11-26,162332000
FTNT,2021-02-23,163191008
FTNT,2021-03-17,162183008
FTNT,2021-03-18,163191008
FTNT,2021-04-01,163191008
FTNT,2021-04-23,163807008
FTNT,2021-04-24,163320000
FTNT,2021-04-27,163191008
FTNT,2021-04-30,163312000
FTNT,2021-05-03,163312000
FTNT,2021-05-05,163318000
FTNT,2021-08-04,163320000
FTNT,2021-09-01,165523008
FTNT,2021-09-02,163320000
FTNT,2021-10-27,168018000
FTNT,2021-10-28,163320000
FTNT,2021-11-10,163500000
FTNT,2021-11-16,166934000
FTNT,2022-02-12,163500000
FTNT,2022-03-01,160815008
FTNT,2022-03-15,162970000
FTNT,2022-03-16,160815008
FTNT,2022-04-15,165227008
FTNT,2022-04-19,165227008
FTNT,2022-05-04,163896992
FTNT,2022-05-05,160268992
FTNT,2022-05-10,160527008
FTNT,2022-05-17,164011008
FTNT,2022-05-19,160527008
FTNT,2022-06-01,162563008
FTNT,2022-06-02,160527008
FTNT,2022-06-14,173671008
FTNT,2022-06-16,160527008
FTNT,2022-06-27,802636032
FTNT,2022-08-10,788521024
FTNT,2022-09-02,788521024
FTNT,2022-10-04,760204992
FTNT,2022-10-06,788521024
FTNT,2022-11-11,781235968
FTNT,2022-12-07,793833984
FTNT,2022-12-08,781235968
FTNT,2023-02-25,784065984
FTNT,2023-03-01,784065984
FTNT,2023-03-08,796275008
FTNT,2023-03-09,784065984
FTNT,2023-03-30,790654016
FTNT,2023-04-01,784065984
FTNT,2023-04-06,793934976
FTNT,2023-04-07,784065984
FTNT,2023-05-03,784374016
FTNT,2023-05-04,796692992
FTNT,2023-05-05,784374016
FTNT,2023-05-12,785196032
FTNT,2023-06-09,791340992
FTNT,2023-06-12,785196032
FTNT,2023-06-23,791268992
FTNT,2023-06-24,785196032
FTNT,2023-07-06,798721024
FTNT,2023-07-07,785196032
FTNT,2023-07-12,789835008
FTNT,2023-07-13,785196032
FTNT,2023-08-22,785337024
FTNT,2023-08-23,786280000
FTNT,2023-08-24,785337024
FTNT,2023-10-20,785337024
FTNT,2023-10-21,785337024
FTNT,2023-10-22,785337024
FTNT,2023-10-23,785337024
FTNT,2023-10-24,785337024
FTNT,2023-10-25,785337024
FTNT,2023-10-26,785337024
FTNT,2023-10-27,785337024
FTNT,2023-11-01,785337024
FTNT,2023-11-03,785337024
FTNT,2023-11-04,895950016
FTNT,2023-11-08,794534976
FTNT,2023-11-09,767910016
FTNT,2023-11-10,767910016
FTNT,2023-11-14,767910016
FTNT,2023-11-16,767910016
FTNT,2023-11-18,767910016
FTNT,2023-11-25,767910016
FTNT,2023-11-30,767910016
FTNT,2023-12-02,767910016
FTNT,2023-12-05,767910016
FTNT,2023-12-06,767910016
FTNT,2023-12-07,767910016
FTNT,2023-12-08,767910016
FTNT,2023-12-09,767910016
FTNT,2023-12-12,767910016
FTNT,2023-12-13,767910016
FTNT,2023-12-22,767910016
FTNT,2023-12-23,767910016
FTNT,2023-12-26,767910016
FTNT,2023-12-27,767910016
FTNT,2023-12-30,767910016
FTNT,2024-01-03,767910016
FTNT,2024-01-04,767910016
FTNT,2024-01-05,767910016
FTNT,2024-01-09,767910016
FTNT,2024-01-10,767910016
FTNT,2024-01-12,767910016
FTNT,2024-01-13,767910016
FTNT,2024-01-18,767910016
FTNT,2024-01-19,767910016
FTNT,2024-01-20,767910016
FTNT,2024-01-24,767910016
FTNT,2024-01-26,767910016
FTNT,2024-01-27,767910016
FTNT,2024-02-09,792465984
FTNT,2024-02-10,767910016
FTNT,2024-02-13,767910016
FTNT,2024-02-14,767910016
FTNT,2024-02-15,767910016
FTNT,2024-02-17,767910016
FTNT,2024-02-21,767910016
FTNT,2024-02-27,763030976
FTNT,2024-02-28,763030976
FTNT,2024-02-29,763030976
FTNT,2024-03-06,763030976
FTNT,2024-03-08,763030976
FTNT,2024-03-14,763030976
FTNT,2024-03-16,763030976
FTNT,2024-03-22,763030976
FTNT,2024-03-23,763030976
FTNT,2024-03-26,763030976
FTNT,2024-03-27,763030976
FTNT,2024-03-28,763030976
FTNT,2024-04-16,763030976
FTNT,2024-04-17,763030976
FTNT,2024-04-18,763030976
FTNT,2024-04-23,763030976
FTNT,2024-04-25,763030976
FTNT,2024-04-26,763030976
FTNT,2024-04-27,763030976
FTNT,2024-04-30,763030976
FTNT,2024-05-01,763326976
FTNT,2024-05-02,763326976
FTNT,2024-05-03,763326976
FTNT,2024-05-04,763326976
FTNT,2024-05-06,764235008
FTNT,2024-05-07,763326976
FTNT,2024-05-08,763937984
FTNT,2024-05-10,763937984
FTNT,2024-05-11,763937984
FTNT,2024-05-16,763937984
FTNT,2024-05-17,763937984
FTNT,2024-05-18,763937984
FTNT,2024-05-21,763937984
FTNT,2024-05-22,763937984
FTNT,2024-05-23,763937984
FTNT,2024-05-24,763937984
FTNT,2024-05-25,763937984
FTNT,2024-05-31,763937984
FTNT,2024-06-01,763937984
FTNT,2024-06-04,763937984
FTNT,2024-06-06,763937984
FTNT,2024-06-07,763937984
FTNT,2024-06-08,763937984
FTNT,2024-06-12,768414016
FTNT,2024-06-13,763937984
FTNT,2024-06-15,763937984
FTNT,2024-06-21,763937984
FTNT,2024-06-22,763937984
FTNT,2024-06-27,763937984
FTNT,2024-06-28,763937984
FTNT,2024-07-02,763937984
FTNT,2024-07-03,763937984
FTNT,2024-07-04,763937984
FTNT,2024-07-10,763937984
FTNT,2024-07-11,763937984
FTNT,2024-07-12,763937984
FTNT,2024-07-17,763937984
FTNT,2024-07-18,763937984
FTNT,2024-07-19,763937984
FTNT,2024-07-20,763937984
FTNT,2024-07-24,763937984
FTNT,2024-07-25,763937984
FTNT,2024-08-02,763937984
FTNT,2024-08-03,763937984
FTNT,2024-08-09,764908032
FTNT,2024-08-10,764908032
FTNT,2024-08-13,764908032
FTNT,2024-08-15,764908032
FTNT,2024-08-22,764908032
FTNT,2024-08-24,764908032
FTNT,2024-08-27,764908032
FTNT,2024-08-28,764908032
FTNT,2024-08-29,768550016
FTNT,2024-08-30,764908032
FTNT,2024-08-31,764908032
FTNT,2024-09-03,764908032
FTNT,2024-09-05,767494976
FTNT,2024-09-06,775603008
FTNT,2024-09-07,764908032
FTNT,2024-09-11,764908032
FTNT,2024-09-12,764908032
FTNT,2024-09-14,764908032
FTNT,2024-09-16,764908032
FTNT,2024-09-17,764908032
FTNT,2024-09-18,764908032
FTNT,2024-09-20,764908032
FTNT,2024-09-25,764908032
FTNT,2024-09-28,764908032
FTNT,2024-10-01,764908032
FTNT,2024-10-03,764908032
FTNT,2024-10-04,764908032
FTNT,2024-10-05,764908032
FTNT,2024-10-09,764908032
FTNT,2024-10-11,764908032
FTNT,2024-10-12,764908032
FTNT,2024-10-15,765276992
FTNT,2024-10-16,764908032
FTNT,2024-10-19,764908032
FTNT,2024-10-22,764908032
FTNT,2024-10-25,765193984
FTNT,2024-10-29,778256000
FTNT,2024-10-30,764908032
FTNT,2024-10-31,770734016
FTNT,2024-11-01,766172032
FTNT,2024-11-06,774136000
FTNT,2024-11-07,764908032
FTNT,2024-11-08,764908032
FTNT,2024-11-09,766452992
FTNT,2024-11-14,766452992
FTNT,2024-11-16,768568000
FTNT,2024-11-19,785806016
FTNT,2024-11-20,766452992
FTNT,2024-11-22,766452992
FTNT,2024-11-23,766452992
FTNT,2024-11-26,766452992
FTNT,2024-11-27,766452992
FTNT,2024-11-28,766452992
FTNT,2024-11-30,766452992
FTNT,2024-12-04,766452992
FTNT,2024-12-05,766452992
FTNT,2024-12-06,766452992
FTNT,2024-12-07,766452992
FTNT,2024-12-11,766452992
FTNT,2024-12-13,766452992
FTNT,2024-12-17,766452992
FTNT,2024-12-19,766452992
FTNT,2024-12-21,766452992
FTNT,2024-12-24,766452992
FTNT,2024-12-28,766452992
FTNT,2025-01-01,766452992
FTNT,2025-01-03,766452992
FTNT,2025-01-04,766452992
FTNT,2025-01-09,766452992
FTNT,2025-01-11,778449024
FTNT,2025-01-14,766452992
FTNT,2025-01-16,766452992
FTNT,2025-01-18,766452992
FTNT,2025-01-24,766452992
FTNT,2025-02-04,766604992
FTNT,2025-02-06,766452992
FTNT,2025-02-08,766452992
FTNT,2025-02-12,766452992
FTNT,2025-02-13,766452992
FTNT,2025-02-14,766452992
FTNT,2025-02-25,768974016
FTNT,2025-02-27,768974016
FTNT,2025-02-28,768974016
FTNT,2025-03-04,768974016
FTNT,2025-03-05,768974016
FTNT,2025-03-08,768974016
FTNT,2025-03-10,810929984
FTNT,2025-03-11,768974016
FTNT,2025-03-13,768974016
FTNT,2025-03-14,768974016
FTNT,2025-03-15,768974016
FTNT,2025-03-19,768974016
FTNT,2025-03-20,768974016
FTNT,2025-03-22,768974016
FTNT,2025-03-25,768974016
FTNT,2025-03-26,768974016
FTNT,2025-03-27,768974016
FTNT,2025-03-28,768974016
FTNT,2025-04-01,768974016
FTNT,2025-04-02,768974016
FTNT,2025-04-04,768974016
FTNT,2025-04-10,797795008
FTNT,2025-04-11,768974016
FTNT,2025-04-12,768974016
FTNT,2025-04-15,768974016
FTNT,2025-04-16,768974016
FTNT,2025-04-22,797254976
FTNT,2025-04-23,783315008
FTNT,2025-04-25,768974016
FTNT,2025-04-26,768974016
FTNT,2025-04-29,768974016
FTNT,2025-04-30,768974016
FTNT,2025-05-06,768974016
FTNT,2025-05-07,780099008
FTNT,2025-05-10,765416000
FTNT,2025-05-13,765416000
FTNT,2025-05-14,765416000
FTNT,2025-05-16,765416000
FTNT,2025-05-23,765416000
FTNT,2025-05-27,765416000
FTNT,2025-05-29,765416000
FTNT,2025-05-30,765416000
FTNT,2025-05-31,765416000
FTNT,2025-06-03,765416000
FTNT,2025-06-05,765416000
FTNT,2025-06-06,765416000
FTNT,2025-06-07,765416000
FTNT,2025-06-10,765416000
FTNT,2025-06-11,765416000
FTNT,2025-06-13,765416000
FTNT,2025-06-14,765416000
FTNT,2025-06-18,781056000
FTNT,2025-06-19,765416000
FTNT,2025-06-24,765416000
FTNT,2025-06-25,765416000
FTNT,2025-06-26,765416000
FTNT,2025-06-27,765416000
FTNT,2025-06-28,765416000
FTNT,2025-07-03,765416000
FTNT,2025-07-08,765416000
FTNT,2025-07-11,774225024
FTNT,2025-07-12,765416000
FTNT,2025-07-17,765416000
FTNT,2025-07-23,765416000
FTNT,2025-07-26,765416000
FTNT,2025-07-29,765416000
FTNT,2025-07-31,765416000
FTNT,2025-08-01,765416000
FTNT,2025-08-02,765416000
FTNT,2025-08-05,765416000
FTNT,2025-08-07,981724992
FTNT,2025-08-08,765416000
FTNT,2025-08-09,766265984
FTNT,2025-08-15,766265984
FTNT,2025-08-16,766265984
FTNT,2025-08-19,766265984
FTNT,2025-08-20,766265984
FTNT,2025-08-21,766265984
FTNT,2025-08-22,766265984
FTNT,2025-08-26,766265984
FTNT,2025-08-29,766265984
FTNT,2025-08-30,771324992
FTNT,2025-09-03,766265984
FTNT,2025-09-04,766265984
FTNT,2025-09-05,767668992
FTNT,2025-09-06,766265984
FTNT,2025-09-09,766265984
FTNT,2025-09-12,766265984
FTNT,2025-09-17,766266033
FTNT,2025-09-20,766266033
FTNT,2025-09-23,766266033
FTNT,2025-09-24,766266033
FTNT,2025-09-26,769857473
FTNT,2025-09-30,766266033
FTNT,2025-10-01,768453281
FTNT,2025-10-02,766266033
FTNT,2025-10-06,770731973
FTNT,2025-10-07,766266033
FTNT,2025-10-08,779440178
FTNT,2025-10-14,766266033
FTNT,2025-10-15,776596052
FTNT,2025-10-16,766266033
FTNT,2025-10-17,766266033
FTNT,2025-10-18,766266033
FTNT,2025-10-20,766266033
FTNT,2025-10-23,766266033
FTNT,2025-10-24,766266033
FTNT,2025-10-27,768691778
FTNT,2025-10-28,766266033
FTNT,2025-10-30,766266033
FTNT,2025-10-31,766266033
FTNT,2025-11-01,766266033
FTNT,2025-11-06,766266033
FTNT,2025-11-07,766266033
FTNT,2025-11-08,766266033
FTNT,2025-11-11,743648102
FTNT,2025-11-12,743648102
FTNT,2025-11-17,766266033
FTNT,2026-03-04,743648102
FTNT,2026-04-23,739923583
FTNT,2026-05-01,732102047
FTNT,2026-05-12,732648391
FTNT,2026-08-01,733713653
ADI,2019-01-05,370160000
ADI,2019-01-07,370160000
ADI,2019-01-09,370160000
ADI,2019-01-10,370160000
ADI,2019-01-12,370160000
ADI,2019-01-14,370160000
ADI,2019-01-16,370160000
ADI,2019-01-17,370160000
ADI,2019-01-20,370160000
ADI,2019-01-22,370160000
ADI,2019-01-24,370160000
ADI,2019-01-25,370160000
ADI,2019-01-28,369300000
ADI,2019-01-30,369300000
ADI,2019-02-04,369300000
ADI,2019-02-07,369300000
ADI,2019-02-10,369300000
ADI,2019-02-13,369300000
ADI,2019-02-15,369300000
ADI,2019-02-17,369300000
ADI,2019-02-18,369300000
ADI,2019-02-20,369300000
ADI,2019-02-28,368313984
ADI,2019-03-01,368313984
ADI,2019-03-07,368313984
ADI,2019-03-08,368313984
ADI,2019-03-10,368313984
ADI,2019-03-11,368313984
ADI,2019-03-14,368313984
ADI,2019-03-17,368313984
ADI,2019-03-26,368313984
ADI,2019-03-29,368313984
ADI,2019-04-01,368313984
ADI,2019-04-05,368313984
ADI,2019-04-09,368313984
ADI,2019-04-10,368313984
ADI,2019-04-14,368313984
ADI,2019-04-16,368313984
ADI,2019-04-17,368313984
ADI,2019-04-18,368313984
ADI,2019-04-21,368313984
ADI,2019-04-22,368313984
ADI,2019-04-29,368313984
ADI,2019-04-30,368313984
ADI,2019-05-02,368313984
ADI,2019-05-05,368313984
ADI,2019-05-06,368313984
ADI,2019-05-09,368313984
ADI,2019-05-10,368313984
ADI,2019-05-12,368313984
ADI,2019-05-19,368313984
ADI,2019-05-22,368313984
ADI,2019-05-23,368313984
ADI,2019-05-28,369760992
ADI,2019-06-03,369760992
ADI,2019-06-04,369760992
ADI,2019-06-05,369760992
ADI,2019-06-06,369760992
ADI,2019-06-10,369760992
ADI,2019-06-11,369760992
ADI,2019-06-12,369760992
ADI,2019-06-17,369760992
ADI,2019-06-19,369760992
ADI,2019-06-21,369760992
ADI,2019-06-23,369760992
ADI,2019-06-24,369760992
ADI,2019-06-26,369760992
ADI,2019-07-03,364969984
ADI,2019-07-04,369760992
ADI,2019-07-05,370872000
ADI,2019-07-06,369760992
ADI,2019-07-11,372111008
ADI,2019-07-12,369468992
ADI,2019-07-13,369760992
ADI,2019-07-24,376703008
ADI,2019-07-25,369760992
ADI,2019-08-05,375601984
ADI,2019-08-06,369760992
ADI,2019-08-07,387110016
ADI,2019-08-08,377284992
ADI,2019-08-09,380080992
ADI,2019-08-10,369760992
ADI,2019-08-23,369760992
ADI,2019-08-24,369406016
ADI,2019-08-30,366052000
ADI,2019-09-02,363352000
ADI,2019-09-04,369406016
ADI,2019-09-06,358980000
ADI,2019-09-09,360095008
ADI,2019-09-11,355956000
ADI,2019-09-12,369406016
ADI,2019-09-13,369406016
ADI,2019-09-20,367251008
ADI,2019-09-21,369406016
ADI,2019-10-04,363076000
ADI,2019-10-08,376704992
ADI,2019-10-09,369406016
ADI,2019-10-21,367660000
ADI,2019-10-22,369406016
ADI,2019-11-05,360152000
ADI,2019-11-06,353620000
ADI,2019-11-07,362707008
ADI,2019-11-08,371528992
ADI,2019-11-09,369406016
ADI,2019-11-14,372374016
ADI,2019-11-15,366656000
ADI,2019-11-16,369406016
ADI,2019-11-28,368302016
ADI,2019-12-18,368177984
ADI,2019-12-19,368302016
ADI,2020-01-08,379359008
ADI,2020-01-09,376680992
ADI,2020-01-10,380084000
ADI,2020-01-11,371628992
ADI,2020-01-12,368302016
ADI,2020-01-13,361923008
ADI,2020-01-14,368302016
ADI,2020-01-28,368953984
ADI,2020-02-07,366140000
ADI,2020-02-08,368953984
ADI,2020-02-12,381960992
ADI,2020-02-13,375047008
ADI,2020-02-14,369172000
ADI,2020-02-15,368953984
ADI,2020-02-21,368220000
ADI,2020-05-09,368220000
ADI,2020-05-21,368220000
ADI,2020-05-22,368424992
ADI,2020-07-17,368953984
ADI,2020-08-21,369166016
ADI,2020-08-28,369166016
ADI,2020-09-05,384012000
ADI,2020-09-21,371424992
ADI,2020-11-17,369560000
ADI,2020-11-26,369484992
ADI,2021-01-23,369404000
ADI,2021-02-03,369404000
ADI,2021-02-18,368894016
ADI,2021-03-11,374711008
ADI,2021-03-13,368894016
ADI,2021-03-17,368894016
ADI,2021-03-30,368894016
ADI,2021-04-01,368894016
ADI,2021-04-07,368894016
ADI,2021-04-08,368894016
ADI,2021-04-23,375827008
ADI,2021-04-24,367200000
ADI,2021-04-27,368894016
ADI,2021-05-20,368827008
ADI,2021-05-21,368827008
ADI,2021-06-19,377991008
ADI,2021-08-20,368214016
ADI,2021-08-31,537411008
ADI,2021-09-01,537411008
ADI,2021-10-02,537411008
ADI,2021-12-03,538035968
ADI,2021-12-04,537411008
ADI,2021-12-07,525331008
ADI,2022-02-12,525775008
ADI,2022-02-17,525331008
ADI,2022-02-18,525775008
ADI,2022-02-22,523315008
ADI,2022-03-04,525088992
ADI,2022-03-05,523315008
ADI,2022-03-15,530393984
ADI,2022-03-16,523315008
ADI,2022-04-27,523315008
ADI,2022-05-25,519806016
ADI,2022-06-03,533908000
ADI,2022-06-04,519806016
ADI,2022-06-11,535342016
ADI,2022-08-19,514342016
ADI,2022-08-25,516729984
ADI,2022-08-26,514342016
ADI,2022-09-01,514342016
ADI,2022-09-02,517208992
ADI,2022-09-10,507503008
ADI,2022-09-12,514342016
ADI,2022-09-17,514342016
ADI,2022-10-12,506676000
ADI,2022-10-13,514342016
ADI,2022-11-25,509296000
ADI,2023-01-21,506369984
ADI,2023-02-17,505852992
ADI,2023-03-07,505852992
ADI,2023-03-08,505852992
ADI,2023-03-25,505852992
ADI,2023-03-30,521199008
ADI,2023-04-01,505852992
ADI,2023-04-04,508352000
ADI,2023-04-05,505852992
ADI,2023-04-22,507590016
ADI,2023-04-25,507536000
ADI,2023-04-26,505852992
ADI,2023-05-04,509375008
ADI,2023-05-05,505852992
ADI,2023-05-13,508262016
ADI,2023-05-18,505852992
ADI,2023-05-26,501417984
ADI,2023-06-06,515230016
ADI,2023-06-23,508286016
ADI,2023-06-24,501417984
ADI,2023-07-19,501776000
ADI,2023-07-24,501417984
ADI,2023-08-22,501417984
ADI,2023-08-23,503008000
ADI,2023-08-24,498313984
ADI,2023-10-04,498313984
ADI,2023-10-10,500183008
ADI,2023-10-11,498313984
ADI,2023-10-12,498313984
ADI,2023-10-13,502103008
ADI,2023-10-14,505684000
ADI,2023-10-17,498977984
ADI,2023-10-18,498313984
ADI,2023-10-19,498313984
ADI,2023-10-20,498313984
ADI,2023-10-21,498313984
ADI,2023-10-25,498313984
ADI,2023-10-27,498313984
ADI,2023-10-28,498313984
ADI,2023-11-04,498313984
ADI,2023-11-07,498313984
ADI,2023-11-09,498313984
ADI,2023-11-15,498313984
ADI,2023-11-16,498313984
ADI,2023-11-17,498313984
ADI,2023-11-18,498313984
ADI,2023-11-22,498313984
ADI,2023-11-23,498313984
ADI,2023-11-28,496262016
ADI,2023-11-29,496262016
ADI,2023-11-30,496262016
ADI,2023-12-01,496262016
ADI,2023-12-02,496262016
ADI,2023-12-06,503376992
ADI,2023-12-09,496262016
ADI,2023-12-12,496262016
ADI,2023-12-13,496262016
ADI,2023-12-14,496262016
ADI,2023-12-16,496262016
ADI,2023-12-19,496262016
ADI,2023-12-20,496262016
ADI,2023-12-22,496262016
ADI,2023-12-23,496262016
ADI,2023-12-26,496262016
ADI,2023-12-28,496262016
ADI,2023-12-29,496262016
ADI,2024-01-03,496262016
ADI,2024-01-04,496262016
ADI,2024-01-05,504051008
ADI,2024-01-06,497622016
ADI,2024-01-09,496262016
ADI,2024-01-17,496262016
ADI,2024-01-20,495870016
ADI,2024-02-02,495870016
ADI,2024-02-22,495908000
ADI,2024-02-23,495908000
ADI,2024-02-24,495908000
ADI,2024-02-27,495908000
ADI,2024-02-29,495908000
ADI,2024-03-05,495908000
ADI,2024-03-06,495908000
ADI,2024-03-09,495908000
ADI,2024-03-12,495908000
ADI,2024-03-13,495908000
ADI,2024-03-14,495908000
ADI,2024-03-15,495908000
ADI,2024-03-16,495908000
ADI,2024-03-19,495908000
ADI,2024-03-20,495908000
ADI,2024-03-22,495908000
ADI,2024-03-26,500291008
ADI,2024-03-27,495908000
ADI,2024-03-29,495908000
ADI,2024-04-03,495908000
ADI,2024-04-04,495908000
ADI,2024-04-09,495908000
ADI,2024-04-10,495908000
ADI,2024-04-11,495908000
ADI,2024-04-16,501068000
ADI,2024-04-17,495908000
ADI,2024-04-25,495908000
ADI,2024-04-27,495908000
ADI,2024-04-30,495908000
ADI,2024-05-01,495908000
ADI,2024-05-03,495908000
ADI,2024-05-04,495908000
ADI,2024-05-06,495908000
ADI,2024-05-08,495908000
ADI,2024-05-09,495908000
ADI,2024-05-10,496126016
ADI,2024-05-11,495908000
ADI,2024-05-14,495908000
ADI,2024-05-16,495908000
ADI,2024-05-17,499683008
ADI,2024-05-21,497831008
ADI,2024-05-22,495908000
ADI,2024-05-23,495908000
ADI,2024-05-24,496216992
ADI,2024-05-25,496216992
ADI,2024-06-05,496216992
ADI,2024-06-07,496216992
ADI,2024-06-08,496216992
ADI,2024-06-11,496216992
ADI,2024-06-13,496216992
ADI,2024-06-18,496216992
ADI,2024-06-19,496216992
ADI,2024-06-21,496216992
ADI,2024-06-28,496216992
ADI,2024-06-29,496216992
ADI,2024-07-03,496216992
ADI,2024-07-04,496216992
ADI,2024-07-06,496216992
ADI,2024-07-09,496216992
ADI,2024-07-10,496216992
ADI,2024-07-11,496216992
ADI,2024-07-12,496216992
ADI,2024-07-13,496216992
ADI,2024-07-18,512606016
ADI,2024-07-20,496216992
ADI,2024-07-23,496216992
ADI,2024-07-24,496216992
ADI,2024-07-30,496216992
ADI,2024-08-01,496216992
ADI,2024-08-03,496216992
ADI,2024-08-06,496216992
ADI,2024-08-08,496216992
ADI,2024-08-09,496216992
ADI,2024-08-10,501688000
ADI,2024-08-13,496216992
ADI,2024-08-15,496216992
ADI,2024-08-17,497328992
ADI,2024-08-20,496216992
ADI,2024-08-21,496216992
ADI,2024-08-22,496492992
ADI,2024-08-23,496492992
ADI,2024-08-27,502611008
ADI,2024-08-28,496492992
ADI,2024-08-29,506700000
ADI,2024-08-30,496492992
ADI,2024-09-04,533036992
ADI,2024-09-05,496492992
ADI,2024-09-06,496492992
ADI,2024-09-07,509088992
ADI,2024-09-11,496492992
ADI,2024-09-12,496492992
ADI,2024-09-16,501252000
ADI,2024-09-17,496492992
ADI,2024-09-21,511228000
ADI,2024-09-26,496492992
ADI,2024-09-28,496492992
ADI,2024-10-01,496492992
ADI,2024-10-04,499079008
ADI,2024-10-05,496492992
ADI,2024-10-08,496492992
ADI,2024-10-15,496492992
ADI,2024-10-16,496536992
ADI,2024-10-17,496492992
ADI,2024-10-18,496492992
ADI,2024-10-19,496492992
ADI,2024-10-22,496492992
ADI,2024-10-23,496492992
ADI,2024-10-24,496492992
ADI,2024-10-25,496492992
ADI,2024-10-29,496492992
ADI,2024-10-30,507736000
ADI,2024-10-31,496492992
ADI,2024-11-01,512048992
ADI,2024-11-02,496492992
ADI,2024-11-05,496492992
ADI,2024-11-06,496492992
ADI,2024-11-07,496492992
ADI,2024-11-08,496492992
ADI,2024-11-12,496492992
ADI,2024-11-13,496492992
ADI,2024-11-16,496492992
ADI,2024-11-20,496492992
ADI,2024-11-23,496492992
ADI,2024-11-26,496492992
ADI,2024-11-27,496296992
ADI,2024-11-28,496296992
ADI,2024-12-04,499836000
ADI,2024-12-06,496296992
ADI,2024-12-10,496296992
ADI,2024-12-11,496296992
ADI,2024-12-12,496296992
ADI,2024-12-14,496296992
ADI,2024-12-17,496296992
ADI,2024-12-18,496296992
ADI,2024-12-19,496296992
ADI,2024-12-20,496296992
ADI,2024-12-25,496296992
ADI,2024-12-27,496296992
ADI,2025-01-01,496296992
ADI,2025-01-07,496296992
ADI,2025-01-08,496296992
ADI,2025-01-11,515156000
ADI,2025-01-14,496296992
ADI,2025-01-16,496296992
ADI,2025-01-17,496296992
ADI,2025-01-18,496296992
ADI,2025-01-22,496296992
ADI,2025-01-24,496296992
ADI,2025-01-28,496145984
ADI,2025-01-31,496145984
ADI,2025-02-01,496145984
ADI,2025-02-04,496145984
ADI,2025-02-07,496145984
ADI,2025-02-08,496145984
ADI,2025-02-12,496145984
ADI,2025-02-13,496145984
ADI,2025-02-20,495976000
ADI,2025-02-21,495976000
ADI,2025-02-22,495976000
ADI,2025-02-25,495976000
ADI,2025-02-26,495976000
ADI,2025-02-27,499308000
ADI,2025-03-04,499296992
ADI,2025-03-06,495976000
ADI,2025-03-07,495976000
ADI,2025-03-08,495976000
ADI,2025-03-10,517992992
ADI,2025-03-11,495976000
ADI,2025-03-13,495976000
ADI,2025-03-20,495976000
ADI,2025-03-22,495976000
ADI,2025-03-27,499751008
ADI,2025-03-28,495976000
ADI,2025-04-01,495976000
ADI,2025-04-04,495976000
ADI,2025-04-05,495976000
ADI,2025-04-08,495976000
ADI,2025-04-10,546780992
ADI,2025-04-11,495976000
ADI,2025-04-12,495976000
ADI,2025-04-15,495976000
ADI,2025-04-17,495976000
ADI,2025-04-22,499604000
ADI,2025-04-23,495976000
ADI,2025-04-26,497608000
ADI,2025-04-29,495976000
ADI,2025-04-30,498679008
ADI,2025-05-01,495976000
ADI,2025-05-03,495976000
ADI,2025-05-07,495976000
ADI,2025-05-08,495976000
ADI,2025-05-09,495976000
ADI,2025-05-10,495976000
ADI,2025-05-16,495976000
ADI,2025-05-17,495976000
ADI,2025-05-20,495976000
ADI,2025-05-22,495976000
ADI,2025-05-23,496248000
ADI,2025-05-24,496248000
ADI,2025-05-29,499171008
ADI,2025-05-30,500352992
ADI,2025-05-31,496248000
ADI,2025-06-06,496248000
ADI,2025-06-10,496248000
ADI,2025-06-11,496248000
ADI,2025-06-14,496248000
ADI,2025-06-16,496248000
ADI,2025-06-17,505760992
ADI,2025-06-18,496248000
ADI,2025-06-21,496248000
ADI,2025-06-24,496248000
ADI,2025-06-26,496248000
ADI,2025-06-27,496248000
ADI,2025-06-28,496248000
ADI,2025-07-01,496248000
ADI,2025-07-02,496248000
ADI,2025-07-08,496248000
ADI,2025-07-10,496248000
ADI,2025-07-11,496248000
ADI,2025-07-17,496248000
ADI,2025-07-18,496248000
ADI,2025-07-19,496248000
ADI,2025-07-22,496248000
ADI,2025-07-24,496248000
ADI,2025-07-30,496248000
ADI,2025-07-31,496248000
ADI,2025-08-01,496248000
ADI,2025-08-02,496248000
ADI,2025-08-08,496248000
ADI,2025-08-09,496248000
ADI,2025-08-12,496248000
ADI,2025-08-14,496248000
ADI,2025-08-19,496248000
ADI,2025-08-20,496248000
ADI,2025-08-22,491955008
ADI,2025-08-26,491955008
ADI,2025-08-28,491955008
ADI,2025-08-30,491955008
ADI,2025-09-03,491955008
ADI,2025-09-05,491955008
ADI,2025-09-09,491955008
ADI,2025-09-11,491955008
ADI,2025-09-12,491955008
ADI,2025-09-15,492558016
ADI,2025-09-17,491955436
ADI,2025-09-20,491955436
ADI,2025-09-23,491955436
ADI,2025-09-25,491955436
ADI,2025-09-26,491955436
ADI,2025-09-30,497522316
ADI,2025-10-01,495679641
ADI,2025-10-02,491955436
ADI,2025-10-08,491955436
ADI,2025-10-10,491955436
ADI,2025-10-14,491955436
ADI,2025-10-17,491955436
ADI,2025-10-18,491955436
ADI,2025-10-23,491955436
ADI,2025-10-24,491955436
ADI,2025-10-25,491955436
ADI,2025-10-29,491955436
ADI,2025-10-30,491955436
ADI,2025-11-01,491955436
ADI,2025-11-06,491955436
ADI,2025-11-07,491955436
ADI,2025-11-08,491955436
ADI,2025-11-12,491955436
ADI,2025-11-14,491955436
ADI,2025-11-15,497484672
ADI,2025-11-17,491955436
ADI,2025-11-26,489654097
ADI,2026-01-24,489654098
ADI,2026-03-03,488204157
ADI,2026-05-20,487087040
ADI,2026-08-25,484565465
ADP,2019-01-05,437732992
ADP,2019-01-07,437732992
ADP,2019-01-09,437732992
ADP,2019-01-10,437732992
ADP,2019-01-12,437732992
ADP,2019-01-14,437732992
ADP,2019-01-16,437732992
ADP,2019-01-20,437732992
ADP,2019-01-24,437732992
ADP,2019-01-25,437732992
ADP,2019-01-26,437732992
ADP,2019-01-28,437732992
ADP,2019-01-30,437732992
ADP,2019-02-04,435630016
ADP,2019-02-07,435630016
ADP,2019-02-10,435630016
ADP,2019-02-13,435630016
ADP,2019-02-15,435630016
ADP,2019-02-17,435630016
ADP,2019-02-18,435630016
ADP,2019-02-20,435630016
ADP,2019-02-28,435630016
ADP,2019-03-01,435630016
ADP,2019-03-07,435630016
ADP,2019-03-08,435630016
ADP,2019-03-10,435630016
ADP,2019-03-11,435630016
ADP,2019-03-14,435630016
ADP,2019-03-17,435630016
ADP,2019-03-26,435630016
ADP,2019-03-29,435630016
ADP,2019-04-01,435630016
ADP,2019-04-05,435630016
ADP,2019-04-09,435630016
ADP,2019-04-10,435630016
ADP,2019-04-14,435630016
ADP,2019-04-16,435630016
ADP,2019-04-17,435630016
ADP,2019-04-18,435630016
ADP,2019-04-21,435630016
ADP,2019-04-22,435630016
ADP,2019-04-29,435630016
ADP,2019-04-30,435630016
ADP,2019-05-02,435630016
ADP,2019-05-05,435228000
ADP,2019-05-06,435228000
ADP,2019-05-09,435228000
ADP,2019-05-10,435228000
ADP,2019-05-12,435228000
ADP,2019-05-19,435228000
ADP,2019-05-22,435228000
ADP,2019-05-23,435228000
ADP,2019-05-28,435228000
ADP,2019-06-03,435228000
ADP,2019-06-04,435228000
ADP,2019-06-05,435228000
ADP,2019-06-06,435228000
ADP,2019-06-10,435228000
ADP,2019-06-11,435228000
ADP,2019-06-12,435228000
ADP,2019-06-17,435228000
ADP,2019-06-19,435228000
ADP,2019-06-21,435228000
ADP,2019-06-23,435228000
ADP,2019-06-24,435228000
ADP,2019-06-26,435228000
ADP,2019-07-03,423640992
ADP,2019-07-04,435228000
ADP,2019-07-05,429579008
ADP,2019-07-06,435228000
ADP,2019-07-11,437889984
ADP,2019-07-12,437000000
ADP,2019-07-13,435228000
ADP,2019-07-24,437232992
ADP,2019-07-25,435228000
ADP,2019-08-02,434200000
ADP,2019-08-05,434279008
ADP,2019-08-06,434200000
ADP,2019-08-07,446484992
ADP,2019-08-08,447028992
ADP,2019-08-09,452616000
ADP,2019-08-10,434200000
ADP,2019-08-13,433943008
ADP,2019-08-23,433534016
ADP,2019-08-24,433943008
ADP,2019-08-30,428256992
ADP,2019-09-02,427248992
ADP,2019-09-04,433943008
ADP,2019-09-06,425352992
ADP,2019-09-09,425401984
ADP,2019-09-11,448492992
ADP,2019-09-12,433943008
ADP,2019-09-13,433943008
ADP,2019-09-20,438288992
ADP,2019-09-21,433943008
ADP,2019-09-30,433699008
ADP,2019-10-04,431166016
ADP,2019-10-08,434463008
ADP,2019-10-09,433699008
ADP,2019-10-21,432931008
ADP,2019-10-22,433699008
ADP,2019-11-05,431703008
ADP,2019-11-06,434636992
ADP,2019-11-07,436344992
ADP,2019-11-08,426764000
ADP,2019-11-09,432697984
ADP,2019-11-14,439512992
ADP,2019-11-15,435668000
ADP,2019-11-16,432697984
ADP,2019-12-18,432004992
ADP,2019-12-19,432697984
ADP,2020-01-08,433028992
ADP,2020-01-09,427460992
ADP,2020-01-10,431478016
ADP,2020-01-11,436764000
ADP,2020-01-12,432697984
ADP,2020-01-13,436216992
ADP,2020-01-14,432697984
ADP,2020-01-31,431800000
ADP,2020-02-04,431753984
ADP,2020-02-07,435718016
ADP,2020-02-08,431753984
ADP,2020-02-12,428408000
ADP,2020-02-13,431900000
ADP,2020-02-14,431753984
ADP,2020-04-10,431753984
ADP,2020-05-04,429800000
ADP,2020-05-05,429774016
ADP,2020-05-21,424416992
ADP,2020-05-22,429774016
ADP,2020-07-31,429900000
ADP,2020-08-07,429964992
ADP,2020-08-20,429964992
ADP,2020-08-28,429964992
ADP,2020-09-05,429964992
ADP,2020-09-21,429964992
ADP,2020-09-28,429846016
ADP,2020-09-29,438696000
ADP,2020-10-30,429300000
ADP,2020-11-03,428814016
ADP,2020-11-26,428814016
ADP,2021-01-14,440272992
ADP,2021-01-29,428100000
ADP,2021-02-03,427940000
ADP,2021-03-17,427940000
ADP,2021-03-30,427940000
ADP,2021-04-07,436208992
ADP,2021-04-08,436231008
ADP,2021-04-23,426798016
ADP,2021-04-24,424553984
ADP,2021-04-27,427940000
ADP,2021-05-01,426000000
ADP,2021-05-03,426000000
ADP,2021-05-04,425518016
ADP,2021-05-11,425518016
ADP,2021-05-12,425518016
ADP,2021-05-26,425518016
ADP,2021-05-27,425518016
ADP,2021-06-12,425518016
ADP,2021-06-15,425518016
ADP,2021-06-19,435664992
ADP,2021-06-29,425518016
ADP,2021-07-30,423700000
ADP,2021-08-06,423080992
ADP,2021-08-27,425348000
ADP,2021-08-28,423080992
ADP,2021-09-27,422723008
ADP,2021-10-29,422000000
ADP,2021-11-02,421384000
ADP,2021-11-12,423393984
ADP,2021-11-13,421384000
ADP,2022-01-28,420400000
ADP,2022-02-03,420044992
ADP,2022-02-11,420044992
ADP,2022-03-15,420592992
ADP,2022-03-16,420044992
ADP,2022-05-03,418200000
ADP,2022-05-05,417747008
ADP,2022-05-06,417747008
ADP,2022-05-07,417747008
ADP,2022-05-10,417747008
ADP,2022-05-18,417747008
ADP,2022-05-19,417747008
ADP,2022-05-24,417747008
ADP,2022-05-27,417747008
ADP,2022-06-01,417747008
ADP,2022-06-09,417747008
ADP,2022-06-14,417747008
ADP,2022-06-24,417747008
ADP,2022-06-28,417747008
ADP,2022-06-30,417747008
ADP,2022-07-01,417747008
ADP,2022-07-02,417747008
ADP,2022-07-09,417747008
ADP,2022-07-16,417747008
ADP,2022-07-20,417747008
ADP,2022-07-22,417747008
ADP,2022-07-28,417747008
ADP,2022-07-30,416000000
ADP,2022-08-05,415516992
ADP,2022-09-02,415516992
ADP,2022-09-25,415292000
ADP,2022-10-28,415200000
ADP,2022-11-05,414828000
ADP,2023-01-04,416921984
ADP,2023-01-05,414828000
ADP,2023-01-26,414400000
ADP,2023-02-08,414352000
ADP,2023-03-18,419287008
ADP,2023-03-21,414352000
ADP,2023-03-30,425476992
ADP,2023-03-31,415126016
ADP,2023-04-04,425473984
ADP,2023-04-06,416043008
ADP,2023-04-07,414352000
ADP,2023-04-25,414852000
ADP,2023-04-29,413500000
ADP,2023-05-06,413123008
ADP,2023-05-13,417531008
ADP,2023-05-17,413123008
ADP,2023-07-05,415124992
ADP,2023-07-06,413292000
ADP,2023-07-07,413123008
ADP,2023-07-08,413123008
ADP,2023-07-12,417028000
ADP,2023-07-13,413123008
ADP,2023-08-21,412100000
ADP,2023-09-08,411987008
ADP,2023-09-25,411972000
ADP,2023-10-14,411972000
ADP,2023-10-16,411972000
ADP,2023-10-19,411972000
ADP,2023-10-20,411972000
ADP,2023-10-22,411972000
ADP,2023-10-25,413188000
ADP,2023-10-26,411700000
ADP,2023-11-04,411700000
ADP,2023-11-07,411304992
ADP,2023-11-08,411304992
ADP,2023-11-14,411304992
ADP,2023-11-15,411304992
ADP,2023-11-16,411304992
ADP,2023-11-21,411304992
ADP,2023-12-02,411304992
ADP,2023-12-03,411304992
ADP,2023-12-05,411304992
ADP,2023-12-06,413223008
ADP,2023-12-07,411304992
ADP,2023-12-08,411304992
ADP,2023-12-12,411304992
ADP,2023-12-14,411304992
ADP,2023-12-15,416792992
ADP,2023-12-16,411304992
ADP,2023-12-19,411304992
ADP,2023-12-20,411304992
ADP,2023-12-21,411304992
ADP,2023-12-22,417214016
ADP,2023-12-26,411304992
ADP,2023-12-27,411304992
ADP,2023-12-30,411304992
ADP,2024-01-03,411304992
ADP,2024-01-04,411304992
ADP,2024-01-05,411304992
ADP,2024-01-06,413839008
ADP,2024-01-10,411304992
ADP,2024-01-11,411304992
ADP,2024-01-25,411304992
ADP,2024-01-30,411304992
ADP,2024-01-31,411304992
ADP,2024-02-01,410700000
ADP,2024-02-03,410791008
ADP,2024-02-08,410791008
ADP,2024-02-09,410791008
ADP,2024-02-10,410791008
ADP,2024-02-13,410791008
ADP,2024-02-17,410791008
ADP,2024-02-20,410791008
ADP,2024-02-23,410791008
ADP,2024-02-27,410791008
ADP,2024-02-28,410791008
ADP,2024-02-29,410791008
ADP,2024-03-02,410791008
ADP,2024-03-05,410791008
ADP,2024-03-06,410791008
ADP,2024-03-12,410791008
ADP,2024-03-13,410791008
ADP,2024-03-14,410791008
ADP,2024-03-15,410791008
ADP,2024-03-16,412759008
ADP,2024-03-19,410791008
ADP,2024-03-21,410791008
ADP,2024-03-22,410791008
ADP,2024-03-26,410791008
ADP,2024-03-27,410791008
ADP,2024-03-28,410791008
ADP,2024-03-29,410791008
ADP,2024-04-02,410791008
ADP,2024-04-03,410791008
ADP,2024-04-04,410791008
ADP,2024-04-06,410791008
ADP,2024-04-09,410791008
ADP,2024-04-12,410791008
ADP,2024-04-13,410791008
ADP,2024-04-16,410791008
ADP,2024-04-17,410791008
ADP,2024-04-23,410791008
ADP,2024-04-25,410791008
ADP,2024-04-30,410791008
ADP,2024-05-01,410791008
ADP,2024-05-02,409891008
ADP,2024-05-04,409291008
ADP,2024-05-11,409291008
ADP,2024-05-15,413126016
ADP,2024-05-16,409291008
ADP,2024-05-17,409291008
ADP,2024-05-21,409291008
ADP,2024-05-23,409291008
ADP,2024-05-24,413408992
ADP,2024-05-25,413550016
ADP,2024-05-31,409291008
ADP,2024-06-04,409291008
ADP,2024-06-05,409291008
ADP,2024-06-06,409291008
ADP,2024-06-07,409291008
ADP,2024-06-11,409291008
ADP,2024-06-12,409772992
ADP,2024-06-13,410040000
ADP,2024-06-14,409291008
ADP,2024-06-19,409291008
ADP,2024-06-21,409291008
ADP,2024-06-22,409291008
ADP,2024-06-26,409291008
ADP,2024-06-28,410532992
ADP,2024-06-29,409291008
ADP,2024-07-06,409291008
ADP,2024-07-09,409291008
ADP,2024-07-10,410270016
ADP,2024-07-11,409291008
ADP,2024-07-12,409291008
ADP,2024-07-18,409291008
ADP,2024-07-20,409291008
ADP,2024-07-23,409291008
ADP,2024-07-24,409291008
ADP,2024-07-26,409291008
ADP,2024-07-27,409291008
ADP,2024-07-30,409291008
ADP,2024-07-31,409291008
ADP,2024-08-01,408100000
ADP,2024-08-09,407795008
ADP,2024-08-10,407795008
ADP,2024-08-13,407795008
ADP,2024-08-14,407795008
ADP,2024-08-15,407795008
ADP,2024-08-20,407795008
ADP,2024-08-27,407795008
ADP,2024-08-29,407795008
ADP,2024-08-31,407795008
ADP,2024-09-04,407795008
ADP,2024-09-05,407795008
ADP,2024-09-06,415372000
ADP,2024-09-07,407795008
ADP,2024-09-11,407795008
ADP,2024-09-12,407795008
ADP,2024-09-14,407795008
ADP,2024-09-16,407795008
ADP,2024-09-17,407795008
ADP,2024-09-18,407795008
ADP,2024-09-20,407825984
ADP,2024-09-21,407825984
ADP,2024-09-27,407825984
ADP,2024-09-28,410023008
ADP,2024-10-02,407825984
ADP,2024-10-04,407825984
ADP,2024-10-05,407825984
ADP,2024-10-08,407825984
ADP,2024-10-09,407825984
ADP,2024-10-10,407825984
ADP,2024-10-12,407825984
ADP,2024-10-14,407825984
ADP,2024-10-17,407825984
ADP,2024-10-18,407825984
ADP,2024-10-24,407825984
ADP,2024-10-25,408686016
ADP,2024-10-29,407825984
ADP,2024-10-31,407700000
ADP,2024-11-01,412689984
ADP,2024-11-02,407456992
ADP,2024-11-05,407456992
ADP,2024-11-06,407456992
ADP,2024-11-08,407456992
ADP,2024-11-16,407456992
ADP,2024-11-19,407456992
ADP,2024-11-20,407456992
ADP,2024-11-23,407456992
ADP,2024-11-27,407456992
ADP,2024-11-30,407456992
ADP,2024-12-04,410759008
ADP,2024-12-05,407456992
ADP,2024-12-06,407456992
ADP,2024-12-11,407456992
ADP,2024-12-12,407456992
ADP,2024-12-13,410184992
ADP,2024-12-14,407456992
ADP,2024-12-17,407456992
ADP,2024-12-20,407456992
ADP,2024-12-31,407456992
ADP,2025-01-07,407456992
ADP,2025-01-09,407456992
ADP,2025-01-11,407456992
ADP,2025-01-14,407456992
ADP,2025-01-15,407456992
ADP,2025-01-16,407456992
ADP,2025-01-18,407456992
ADP,2025-01-24,407456992
ADP,2025-01-25,407456992
ADP,2025-01-30,406900000
ADP,2025-01-31,406871008
ADP,2025-02-04,406871008
ADP,2025-02-08,410860000
ADP,2025-02-15,406871008
ADP,2025-02-19,406871008
ADP,2025-02-22,406871008
ADP,2025-02-26,406871008
ADP,2025-02-27,406871008
ADP,2025-02-28,406871008
ADP,2025-03-04,406871008
ADP,2025-03-10,411516992
ADP,2025-03-11,406871008
ADP,2025-03-12,406871008
ADP,2025-03-14,406871008
ADP,2025-03-15,406871008
ADP,2025-03-19,406871008
ADP,2025-03-22,406871008
ADP,2025-03-26,406871008
ADP,2025-03-28,406871008
ADP,2025-03-29,406871008
ADP,2025-04-09,406871008
ADP,2025-04-10,406871008
ADP,2025-04-11,406871008
ADP,2025-04-12,406871008
ADP,2025-04-16,406871008
ADP,2025-04-17,406871008
ADP,2025-04-18,406871008
ADP,2025-04-22,418912000
ADP,2025-04-23,406871008
ADP,2025-04-26,410761984
ADP,2025-04-29,406871008
ADP,2025-04-30,406871008
ADP,2025-05-02,406300000
ADP,2025-05-03,405923008
ADP,2025-05-06,405923008
ADP,2025-05-07,405923008
ADP,2025-05-08,405923008
ADP,2025-05-09,405923008
ADP,2025-05-13,405923008
ADP,2025-05-14,405923008
ADP,2025-05-16,405923008
ADP,2025-05-17,405923008
ADP,2025-05-22,405923008
ADP,2025-05-24,405923008
ADP,2025-05-28,405923008
ADP,2025-05-29,407888992
ADP,2025-05-30,405923008
ADP,2025-05-31,405923008
ADP,2025-06-03,405923008
ADP,2025-06-04,405923008
ADP,2025-06-05,406320992
ADP,2025-06-07,405923008
ADP,2025-06-10,405923008
ADP,2025-06-11,411150016
ADP,2025-06-13,405923008
ADP,2025-06-14,409799008
ADP,2025-06-17,406304992
ADP,2025-06-18,407047008
ADP,2025-06-19,405923008
ADP,2025-06-26,423904992
ADP,2025-07-01,405923008
ADP,2025-07-02,405923008
ADP,2025-07-04,405923008
ADP,2025-07-08,407907008
ADP,2025-07-09,405923008
ADP,2025-07-12,405923008
ADP,2025-07-17,405923008
ADP,2025-07-18,405923008
ADP,2025-07-22,405923008
ADP,2025-07-25,405923008
ADP,2025-07-30,405923008
ADP,2025-08-01,405300000
ADP,2025-08-02,417521984
ADP,2025-08-08,405043008
ADP,2025-08-30,405043008
ADP,2025-09-15,408704992
ADP,2025-09-17,405043142
ADP,2025-09-26,408702537
ADP,2025-09-27,405089516
ADP,2025-09-30,405089516
ADP,2025-10-02,405089516
ADP,2025-10-06,405089516
ADP,2025-10-07,405089516
ADP,2025-10-08,405089516
ADP,2025-10-14,406286193
ADP,2025-10-15,405089516
ADP,2025-10-16,405089516
ADP,2025-10-17,405089516
ADP,2025-10-18,405089516
ADP,2025-10-24,405089516
ADP,2025-10-25,405089516
ADP,2025-10-27,405681562
ADP,2025-10-28,405089516
ADP,2025-10-31,404900000
ADP,2025-11-01,406828836
ADP,2025-11-04,404448744
ADP,2025-11-05,404448744
ADP,2025-11-06,404448744
ADP,2025-11-07,404448744
ADP,2025-11-08,404448744
ADP,2025-11-11,404448744
ADP,2025-11-13,404448744
ADP,2025-11-14,404448744
ADP,2025-11-15,406877770
ADP,2025-11-17,405089516
ADP,2026-01-29,404448744
ADP,2026-01-31,404448744
ADP,2026-04-23,402644364
ADP,2026-04-30,400600000
ADP,2026-05-02,399734282
ADP,2026-07-31,397800000
ADP,2026-08-07,397262737
ADP,2026-09-26,396251548
ADP,2026-09-27,396251548
ADP,2026-09-28,396251548
ADP,2026-09-29,396251548
ADP,2026-09-30,396251548
ADP,2026-10-01,396251548
ADP,2026-10-02,396251548
ADP,2026-10-03,396251548
ADP,2026-10-04,396251548
ADP,2026-10-05,396251548
ADP,2026-10-06,396251548
ADP,2026-10-07,396251548
ADP,2026-10-08,396251548
ADP,2026-10-09,396251548
MSI,2019-01-05,163528000
MSI,2019-01-07,163528000
MSI,2019-01-09,163528000
MSI,2019-01-10,163528000
MSI,2019-01-12,163528000
MSI,2019-01-14,163528000
MSI,2019-01-16,163528000
MSI,2019-01-20,163528000
MSI,2019-01-24,163528000
MSI,2019-01-25,163528000
MSI,2019-01-26,163528000
MSI,2019-01-28,163528000
MSI,2019-01-30,163528000
MSI,2019-02-04,163528000
MSI,2019-02-07,163528000
MSI,2019-02-10,163528000
MSI,2019-02-13,163528000
MSI,2019-02-15,163528000
MSI,2019-02-17,163871008
MSI,2019-02-18,163871008
MSI,2019-02-20,163871008
MSI,2019-02-28,163871008
MSI,2019-03-01,163871008
MSI,2019-03-07,163871008
MSI,2019-03-09,163871008
MSI,2019-03-10,163871008
MSI,2019-03-11,163871008
MSI,2019-03-14,163871008
MSI,2019-03-17,163871008
MSI,2019-03-26,163871008
MSI,2019-03-29,164431008
MSI,2019-04-01,164431008
MSI,2019-04-05,164431008
MSI,2019-04-09,164431008
MSI,2019-04-10,164431008
MSI,2019-04-14,164431008
MSI,2019-04-17,164431008
MSI,2019-04-18,164431008
MSI,2019-04-21,164431008
MSI,2019-04-22,164431008
MSI,2019-04-29,164431008
MSI,2019-05-02,164431008
MSI,2019-05-05,164800000
MSI,2019-05-09,164800000
MSI,2019-05-12,164800000
MSI,2019-05-19,164790000
MSI,2019-05-22,164790000
MSI,2019-05-28,164790000
MSI,2019-06-03,164790000
MSI,2019-06-05,164790000
MSI,2019-06-10,164790000
MSI,2019-06-11,164790000
MSI,2019-06-17,164790000
MSI,2019-06-19,164790000
MSI,2019-06-21,164790000
MSI,2019-06-23,164790000
MSI,2019-06-26,164786000
MSI,2019-07-03,166188000
MSI,2019-07-04,164786000
MSI,2019-07-05,162794000
MSI,2019-07-06,164786000
MSI,2019-07-11,165154000
MSI,2019-07-12,165114000
MSI,2019-07-13,164786000
MSI,2019-07-17,165475008
MSI,2019-07-24,166272992
MSI,2019-07-25,165475008
MSI,2019-08-05,160299008
MSI,2019-08-06,165475008
MSI,2019-08-07,166799008
MSI,2019-08-08,170726000
MSI,2019-08-09,172772992
MSI,2019-08-11,165556000
MSI,2019-08-23,165120992
MSI,2019-08-25,165556000
MSI,2019-08-30,162887008
MSI,2019-09-04,165556000
MSI,2019-09-06,172556992
MSI,2019-09-09,171342000
MSI,2019-09-11,182148000
MSI,2019-09-12,167447008
MSI,2019-09-13,166556000
MSI,2019-09-20,165518000
MSI,2019-09-21,166556000
MSI,2019-09-26,166556000
MSI,2019-10-04,166303008
MSI,2019-10-08,166556000
MSI,2019-10-21,165920992
MSI,2019-10-22,166556000
MSI,2019-11-05,165323008
MSI,2019-11-06,172499008
MSI,2019-11-07,178772000
MSI,2019-11-08,169212992
MSI,2019-11-09,171336000
MSI,2019-11-14,171846000
MSI,2019-11-15,171484000
MSI,2019-11-16,171336000
MSI,2019-12-18,170890000
MSI,2019-12-19,171336000
MSI,2020-01-08,165906000
MSI,2020-01-09,170104000
MSI,2020-01-10,170279008
MSI,2020-01-11,171512000
MSI,2020-01-12,171336000
MSI,2020-01-13,172792000
MSI,2020-01-14,171336000
MSI,2020-02-07,173508000
MSI,2020-02-08,171336000
MSI,2020-02-12,171699008
MSI,2020-02-13,171531008
MSI,2020-02-14,171336000
MSI,2020-02-19,170579008
MSI,2020-02-27,170579008
MSI,2020-02-28,170579008
MSI,2020-03-31,175696000
MSI,2020-05-12,170067008
MSI,2020-05-21,168152992
MSI,2020-05-22,170067008
MSI,2020-08-10,170067008
MSI,2020-08-11,169787008
MSI,2020-08-28,169787008
MSI,2020-09-05,173735008
MSI,2020-09-06,169787008
MSI,2020-09-21,170726000
MSI,2020-09-22,169787008
MSI,2020-11-03,169523008
MSI,2020-11-26,169523008
MSI,2021-02-17,169028000
MSI,2021-03-17,165907008
MSI,2021-03-18,169028000
MSI,2021-04-05,169028000
MSI,2021-04-06,169355008
MSI,2021-04-23,168496992
MSI,2021-04-24,166235008
MSI,2021-04-27,169355008
MSI,2021-05-11,169668000
MSI,2021-07-20,172323008
MSI,2021-08-09,169324992
MSI,2021-09-01,169560000
MSI,2021-09-02,169324992
MSI,2021-10-26,169324992
MSI,2021-11-09,168896992
MSI,2022-02-12,168896992
MSI,2022-02-22,168208992
MSI,2022-03-15,170531008
MSI,2022-03-16,168208992
MSI,2022-04-04,167448000
MSI,2022-04-19,169792992
MSI,2022-05-17,171920992
MSI,2022-05-19,167296992
MSI,2022-06-01,169787008
MSI,2022-06-02,167296992
MSI,2022-06-14,172780000
MSI,2022-06-16,167296992
MSI,2022-07-15,167296992
MSI,2022-07-29,171707008
MSI,2022-07-30,167296992
MSI,2022-08-09,166884992
MSI,2022-08-23,169966000
MSI,2022-08-24,166884992
MSI,2022-09-02,166884992
MSI,2022-09-20,165935008
MSI,2022-09-21,166884992
MSI,2022-10-21,168907008
MSI,2022-10-23,166884992
MSI,2022-11-05,167203008
MSI,2022-11-09,167203008
MSI,2023-01-04,167404992
MSI,2023-01-05,167203008
MSI,2023-02-18,167250000
MSI,2023-02-23,167250000
MSI,2023-03-08,168532992
MSI,2023-03-09,167250000
MSI,2023-03-18,169996992
MSI,2023-03-22,167250000
MSI,2023-03-30,169659008
MSI,2023-03-31,167250000
MSI,2023-04-01,170131008
MSI,2023-04-04,167878000
MSI,2023-04-06,167327008
MSI,2023-04-07,167467008
MSI,2023-04-14,167250000
MSI,2023-04-18,167778000
MSI,2023-04-21,167250000
MSI,2023-04-22,167467008
MSI,2023-05-03,168272000
MSI,2023-05-04,170100992
MSI,2023-05-05,167467008
MSI,2023-05-06,172731008
MSI,2023-05-08,167716992
MSI,2023-05-09,167716992
MSI,2023-05-12,168374000
MSI,2023-05-15,167716992
MSI,2023-06-10,168452992
MSI,2023-06-12,167716992
MSI,2023-07-06,168026000
MSI,2023-07-07,167716992
MSI,2023-07-08,167716992
MSI,2023-07-12,168472992
MSI,2023-07-13,167716992
MSI,2023-08-22,167716992
MSI,2023-08-23,167788000
MSI,2023-08-24,167716992
MSI,2023-09-07,167020000
MSI,2023-10-11,167020000
MSI,2023-10-12,167020000
MSI,2023-10-13,167020000
MSI,2023-10-14,167095008
MSI,2023-10-17,167020000
MSI,2023-10-18,167020000
MSI,2023-10-19,167964000
MSI,2023-10-20,167020000
MSI,2023-10-25,167020000
MSI,2023-10-27,167020000
MSI,2023-10-28,167020000
MSI,2023-11-01,167020000
MSI,2023-11-02,167020000
MSI,2023-11-04,167020000
MSI,2023-11-07,165968000
MSI,2023-11-08,165968000
MSI,2023-11-10,165968000
MSI,2023-11-14,165968000
MSI,2023-11-18,165968000
MSI,2023-11-22,165968000
MSI,2023-11-23,165968000
MSI,2023-11-25,165968000
MSI,2023-11-28,165968000
MSI,2023-11-30,165968000
MSI,2023-12-01,165968000
MSI,2023-12-06,165968000
MSI,2023-12-08,165968000
MSI,2023-12-12,165968000
MSI,2023-12-13,165968000
MSI,2023-12-15,171812000
MSI,2023-12-16,165968000
MSI,2023-12-19,165968000
MSI,2023-12-20,165968000
MSI,2023-12-21,165968000
MSI,2023-12-22,165968000
MSI,2023-12-23,166343008
MSI,2023-12-26,165968000
MSI,2023-12-30,165968000
MSI,2024-01-03,165968000
MSI,2024-01-05,166102000
MSI,2024-01-06,165968000
MSI,2024-01-11,165968000
MSI,2024-01-13,165968000
MSI,2024-01-19,165968000
MSI,2024-01-23,166627008
MSI,2024-01-24,165968000
MSI,2024-01-27,167236000
MSI,2024-01-30,166903008
MSI,2024-01-31,165968000
MSI,2024-02-02,165968000
MSI,2024-02-03,165968000
MSI,2024-02-06,165968000
MSI,2024-02-09,165968000
MSI,2024-02-16,166132992
MSI,2024-02-21,166132992
MSI,2024-02-24,166132992
MSI,2024-02-28,166132992
MSI,2024-03-01,166132992
MSI,2024-03-02,166132992
MSI,2024-03-06,166132992
MSI,2024-03-08,166132992
MSI,2024-03-15,166132992
MSI,2024-03-16,166132992
MSI,2024-03-20,166132992
MSI,2024-03-21,166132992
MSI,2024-03-22,166132992
MSI,2024-03-23,166132992
MSI,2024-03-26,166280992
MSI,2024-03-27,166132992
MSI,2024-04-02,166132992
MSI,2024-04-03,166606000
MSI,2024-04-04,166606000
MSI,2024-04-05,166606000
MSI,2024-04-06,166606000
MSI,2024-04-09,166606000
MSI,2024-04-11,166606000
MSI,2024-04-16,166606000
MSI,2024-04-17,166606000
MSI,2024-04-18,166606000
MSI,2024-04-20,166606000
MSI,2024-04-23,166606000
MSI,2024-04-25,166818000
MSI,2024-04-27,166606000
MSI,2024-05-01,166606000
MSI,2024-05-02,166606000
MSI,2024-05-03,166606000
MSI,2024-05-04,166787008
MSI,2024-05-06,168724000
MSI,2024-05-07,166787008
MSI,2024-05-08,166787008
MSI,2024-05-10,166787008
MSI,2024-05-11,166787008
MSI,2024-05-17,166787008
MSI,2024-05-18,166787008
MSI,2024-05-23,166787008
MSI,2024-05-24,166787008
MSI,2024-05-30,166787008
MSI,2024-05-31,166787008
MSI,2024-06-01,166787008
MSI,2024-06-04,166787008
MSI,2024-06-05,166787008
MSI,2024-06-06,166787008
MSI,2024-06-07,166787008
MSI,2024-06-11,166787008
MSI,2024-06-14,166787008
MSI,2024-06-15,166787008
MSI,2024-06-19,166787008
MSI,2024-06-25,166787008
MSI,2024-06-27,166787008
MSI,2024-07-02,166787008
MSI,2024-07-03,166787008
MSI,2024-07-04,166787008
MSI,2024-07-06,166787008
MSI,2024-07-10,166787008
MSI,2024-07-11,166787008
MSI,2024-07-13,166787008
MSI,2024-07-16,166787008
MSI,2024-07-17,166787008
MSI,2024-07-18,166787008
MSI,2024-07-20,166787008
MSI,2024-07-27,166787008
MSI,2024-07-31,166787008
MSI,2024-08-01,166787008
MSI,2024-08-02,166840992
MSI,2024-08-03,166840992
MSI,2024-08-06,166840992
MSI,2024-08-08,166840992
MSI,2024-08-10,166840992
MSI,2024-08-17,166840992
MSI,2024-08-20,166840992
MSI,2024-08-22,166840992
MSI,2024-08-23,166840992
MSI,2024-08-27,166840992
MSI,2024-08-29,166840992
MSI,2024-08-30,166840992
MSI,2024-08-31,166840992
MSI,2024-09-04,167474000
MSI,2024-09-05,167955008
MSI,2024-09-06,166894000
MSI,2024-09-07,169087008
MSI,2024-09-10,166840992
MSI,2024-09-11,167134000
MSI,2024-09-12,167687008
MSI,2024-09-17,166840992
MSI,2024-09-18,166840992
MSI,2024-09-24,166840992
MSI,2024-09-28,167495008
MSI,2024-10-01,166840992
MSI,2024-10-02,166840992
MSI,2024-10-04,166840992
MSI,2024-10-05,166840992
MSI,2024-10-09,166840992
MSI,2024-10-16,166840992
MSI,2024-10-17,166840992
MSI,2024-10-18,166840992
MSI,2024-10-19,166840992
MSI,2024-10-25,168559008
MSI,2024-10-29,166840992
MSI,2024-10-30,166840992
MSI,2024-10-31,168767008
MSI,2024-11-01,168196000
MSI,2024-11-02,166840992
MSI,2024-11-05,166840992
MSI,2024-11-06,166840992
MSI,2024-11-07,166840992
MSI,2024-11-08,166840992
MSI,2024-11-09,167120992
MSI,2024-11-12,167120992
MSI,2024-11-14,167120992
MSI,2024-11-16,168727008
MSI,2024-11-21,167120992
MSI,2024-11-22,167120992
MSI,2024-11-27,167120992
MSI,2024-11-30,167442000
MSI,2024-12-03,167120992
MSI,2024-12-04,167120992
MSI,2024-12-06,167120992
MSI,2024-12-11,167783008
MSI,2024-12-13,170032992
MSI,2024-12-14,167120992
MSI,2024-12-17,167120992
MSI,2024-12-18,167120992
MSI,2024-12-20,167120992
MSI,2024-12-31,167120992
MSI,2025-01-04,167120992
MSI,2025-01-07,169094000
MSI,2025-01-08,167120992
MSI,2025-01-11,169863008
MSI,2025-01-16,167120992
MSI,2025-01-18,167120992
MSI,2025-01-24,167120992
MSI,2025-01-28,167120992
MSI,2025-01-29,167120992
MSI,2025-01-30,167120992
MSI,2025-01-31,167120992
MSI,2025-02-04,168588000
MSI,2025-02-06,167120992
MSI,2025-02-08,167120992
MSI,2025-02-12,167120992
MSI,2025-02-13,167120992
MSI,2025-02-14,167120992
MSI,2025-02-15,177766000
MSI,2025-02-18,167120992
MSI,2025-02-19,166936992
MSI,2025-02-20,166936992
MSI,2025-02-21,166936992
MSI,2025-02-25,166936992
MSI,2025-02-27,167015008
MSI,2025-02-28,166936992
MSI,2025-03-01,166936992
MSI,2025-03-04,171964000
MSI,2025-03-08,166936992
MSI,2025-03-10,169932992
MSI,2025-03-11,166936992
MSI,2025-03-14,166936992
MSI,2025-03-15,166936992
MSI,2025-03-22,166936992
MSI,2025-03-26,166995008
MSI,2025-03-27,166936992
MSI,2025-03-29,166964000
MSI,2025-04-01,166964000
MSI,2025-04-02,166964000
MSI,2025-04-05,166964000
MSI,2025-04-08,166964000
MSI,2025-04-10,167896992
MSI,2025-04-11,166964000
MSI,2025-04-12,166964000
MSI,2025-04-18,166964000
MSI,2025-04-22,170446000
MSI,2025-04-23,167424992
MSI,2025-04-24,166964000
MSI,2025-04-26,166964000
MSI,2025-04-30,166964000
MSI,2025-05-01,166964000
MSI,2025-05-02,166964000
MSI,2025-05-03,166916000
MSI,2025-05-06,166916000
MSI,2025-05-07,166916000
MSI,2025-05-08,166916000
MSI,2025-05-10,166916000
MSI,2025-05-14,166916000
MSI,2025-05-16,166916000
MSI,2025-05-20,166916000
MSI,2025-05-21,166916000
MSI,2025-05-22,166916000
MSI,2025-05-23,166916000
MSI,2025-05-27,166916000
MSI,2025-05-29,167872992
MSI,2025-05-30,168140992
MSI,2025-05-31,166916000
MSI,2025-06-04,166916000
MSI,2025-06-05,168839008
MSI,2025-06-06,166916000
MSI,2025-06-10,168998000
MSI,2025-06-11,166916000
MSI,2025-06-14,166916000
MSI,2025-06-16,167178000
MSI,2025-06-17,167347008
MSI,2025-06-18,166916000
MSI,2025-06-19,166916000
MSI,2025-06-21,166916000
MSI,2025-06-25,166916000
MSI,2025-06-26,166916000
MSI,2025-06-27,166916000
MSI,2025-07-08,170519008
MSI,2025-07-09,166916000
MSI,2025-07-10,166916000
MSI,2025-07-11,166916000
MSI,2025-07-12,166916000
MSI,2025-07-16,166916000
MSI,2025-07-17,166916000
MSI,2025-07-22,166916000
MSI,2025-07-23,166916000
MSI,2025-07-24,166916000
MSI,2025-07-25,166916000
MSI,2025-07-29,166916000
MSI,2025-07-31,166916000
MSI,2025-08-01,166916000
MSI,2025-08-02,167783008
MSI,2025-08-06,166916000
MSI,2025-08-07,166916000
MSI,2025-08-08,166916000
MSI,2025-08-09,166604000
MSI,2025-08-12,166604000
MSI,2025-08-13,166604000
MSI,2025-08-15,166604000
MSI,2025-08-19,166604000
MSI,2025-08-21,166604000
MSI,2025-08-23,166604000
MSI,2025-08-27,166604000
MSI,2025-08-28,166604000
MSI,2025-08-29,166604000
MSI,2025-09-09,166604000
MSI,2025-09-10,166604000
MSI,2025-09-11,166604000
MSI,2025-09-12,166604000
MSI,2025-09-13,166604000
MSI,2025-09-17,166603894
MSI,2025-09-20,166603894
MSI,2025-09-23,166603894
MSI,2025-09-24,166603894
MSI,2025-09-25,166603894
MSI,2025-09-26,166603894
MSI,2025-09-30,167462261
MSI,2025-10-01,166603894
MSI,2025-10-03,166603894
MSI,2025-10-06,166603894
MSI,2025-10-14,166603894
MSI,2025-10-15,166603894
MSI,2025-10-17,166603894
MSI,2025-10-18,166603894
MSI,2025-10-23,166603894
MSI,2025-10-24,166603894
MSI,2025-10-25,166603894
MSI,2025-10-29,166603894
MSI,2025-10-31,166603894
MSI,2025-11-01,166554998
MSI,2025-11-04,166554998
MSI,2025-11-05,166554998
MSI,2025-11-06,166554998
MSI,2025-11-07,166554998
MSI,2025-11-11,166554998
MSI,2025-11-15,168045305
MSI,2025-11-17,166603894
MSI,2026-02-14,166554999
MSI,2026-04-07,166203611
MSI,2026-05-09,165995582
MSI,2026-08-07,165493788
APH,2019-01-05,301327008
APH,2019-01-07,301327008
APH,2019-01-09,301327008
APH,2019-01-10,301327008
APH,2019-01-12,301327008
APH,2019-01-14,301327008
APH,2019-01-16,301327008
APH,2019-01-17,301327008
APH,2019-01-20,301327008
APH,2019-01-22,301327008
APH,2019-01-24,301327008
APH,2019-01-25,301327008
APH,2019-01-26,301327008
APH,2019-01-28,301327008
APH,2019-01-30,301327008
APH,2019-02-04,301327008
APH,2019-02-07,301327008
APH,2019-02-10,301327008
APH,2019-02-13,301327008
APH,2019-02-15,301327008
APH,2019-02-17,298087008
APH,2019-02-18,298087008
APH,2019-02-20,298087008
APH,2019-02-28,298087008
APH,2019-03-01,298087008
APH,2019-03-07,298087008
APH,2019-03-08,298087008
APH,2019-03-10,298087008
APH,2019-03-11,298087008
APH,2019-03-14,298087008
APH,2019-03-17,298087008
APH,2019-03-26,298087008
APH,2019-03-29,298087008
APH,2019-04-01,298087008
APH,2019-04-05,298087008
APH,2019-04-09,298087008
APH,2019-04-10,298087008
APH,2019-04-14,298087008
APH,2019-04-16,298087008
APH,2019-04-17,298087008
APH,2019-04-18,298087008
APH,2019-04-21,297964992
APH,2019-04-22,297964992
APH,2019-04-29,297964992
APH,2019-04-30,297964992
APH,2019-05-02,298732000
APH,2019-05-05,298732000
APH,2019-05-06,298732000
APH,2019-05-09,298732000
APH,2019-05-10,298732000
APH,2019-05-12,298732000
APH,2019-05-19,298732000
APH,2019-05-22,298732000
APH,2019-05-23,298732000
APH,2019-05-28,298732000
APH,2019-05-29,298732000
APH,2019-06-03,298732000
APH,2019-06-04,298732000
APH,2019-06-05,298732000
APH,2019-06-06,298732000
APH,2019-06-10,298732000
APH,2019-06-11,298732000
APH,2019-06-12,298732000
APH,2019-06-17,298732000
APH,2019-06-19,298732000
APH,2019-06-21,298732000
APH,2019-06-23,298732000
APH,2019-06-24,298732000
APH,2019-06-26,298732000
APH,2019-07-03,300319008
APH,2019-07-04,298732000
APH,2019-07-05,296561984
APH,2019-07-06,298732000
APH,2019-07-11,298548992
APH,2019-07-12,296832992
APH,2019-07-13,298732000
APH,2019-07-24,302452992
APH,2019-07-25,298732000
APH,2019-07-30,297448000
APH,2019-08-05,303156992
APH,2019-08-06,297448000
APH,2019-08-07,307384992
APH,2019-08-08,302864992
APH,2019-08-09,302457984
APH,2019-08-10,297448000
APH,2019-08-30,289199008
APH,2019-09-02,289463008
APH,2019-09-04,297448000
APH,2019-09-06,289995008
APH,2019-09-09,291520992
APH,2019-09-11,290609984
APH,2019-09-12,303756000
APH,2019-09-13,297448000
APH,2019-09-20,297321984
APH,2019-09-21,297448000
APH,2019-10-04,293582016
APH,2019-10-08,299849984
APH,2019-10-09,297448000
APH,2019-10-21,298534016
APH,2019-10-22,297448000
APH,2019-10-29,296492000
APH,2019-11-05,289424000
APH,2019-11-06,285480000
APH,2019-11-07,292451008
APH,2019-11-08,292764000
APH,2019-11-09,296492000
APH,2019-11-14,296959008
APH,2019-11-15,294828992
APH,2019-11-16,296492000
APH,2019-12-18,294044000
APH,2019-12-19,296492000
APH,2020-01-08,301179008
APH,2020-01-09,298091008
APH,2020-01-10,298808000
APH,2020-01-11,297204992
APH,2020-01-12,296492000
APH,2020-01-13,296355008
APH,2020-01-14,296492000
APH,2020-02-07,294592992
APH,2020-02-08,296492000
APH,2020-02-12,295972992
APH,2020-02-13,299179008
APH,2020-02-14,300462016
APH,2020-02-15,298100992
APH,2020-04-15,295844992
APH,2020-04-28,295894016
APH,2020-05-21,289908992
APH,2020-05-22,295894016
APH,2020-07-28,298376992
APH,2020-08-28,298376992
APH,2020-09-05,310728000
APH,2020-09-08,298376992
APH,2020-09-09,298176992
APH,2020-09-21,295436000
APH,2020-09-22,298176992
APH,2020-10-27,299155008
APH,2020-11-17,292332000
APH,2020-11-26,299155008
APH,2021-02-03,299155008
APH,2021-02-12,299576992
APH,2021-03-05,599153024
APH,2021-03-11,600214976
APH,2021-03-13,597564032
APH,2021-03-17,587961024
APH,2021-03-30,601686976
APH,2021-04-01,595702016
APH,2021-04-07,599356992
APH,2021-04-08,599356992
APH,2021-04-23,600510016
APH,2021-04-24,590035968
APH,2021-04-27,599356992
APH,2021-05-04,597616000
APH,2021-07-20,603291008
APH,2021-08-04,598185024
APH,2021-09-21,610438976
APH,2021-09-22,598185024
APH,2021-10-26,598185024
APH,2021-11-02,598028032
APH,2022-01-04,604665024
APH,2022-01-05,598028032
APH,2022-02-04,608465024
APH,2022-02-05,598028032
APH,2022-02-11,598940032
APH,2022-02-15,599974976
APH,2022-02-16,598940032
APH,2022-03-15,616700992
APH,2022-03-16,600408000
APH,2022-03-17,598940032
APH,2022-04-13,597537984
APH,2022-05-05,597137984
APH,2022-06-11,597137984
APH,2022-08-02,594828032
APH,2022-09-02,594828032
APH,2022-10-21,603001024
APH,2022-10-23,594828032
APH,2022-11-05,595094976
APH,2022-11-08,598468992
APH,2022-11-09,595094976
APH,2022-11-24,595169024
APH,2022-11-25,595094976
APH,2022-12-07,604294016
APH,2022-12-08,595094976
APH,2023-02-10,594604992
APH,2023-03-18,601806016
APH,2023-03-21,594604992
APH,2023-03-23,594604992
APH,2023-03-30,607700992
APH,2023-03-31,594604992
APH,2023-04-04,598265024
APH,2023-04-06,606641024
APH,2023-04-07,594604992
APH,2023-04-11,595262016
APH,2023-04-14,595262016
APH,2023-05-03,603851008
APH,2023-05-04,599536000
APH,2023-05-05,595318976
APH,2023-05-13,598172992
APH,2023-05-17,595318976
APH,2023-06-10,600036992
APH,2023-06-12,595318976
APH,2023-07-06,603057024
APH,2023-07-07,595318976
APH,2023-07-08,595318976
APH,2023-08-22,596454016
APH,2023-10-14,596454016
APH,2023-10-17,596454016
APH,2023-10-18,596454016
APH,2023-10-19,611961024
APH,2023-10-23,596454016
APH,2023-10-24,596454016
APH,2023-10-25,596454016
APH,2023-10-31,598310016
APH,2023-11-02,598310016
APH,2023-11-03,598310016
APH,2023-11-04,598310016
APH,2023-11-08,598310016
APH,2023-11-09,598310016
APH,2023-11-14,598310016
APH,2023-11-18,598310016
APH,2023-11-21,598310016
APH,2023-11-22,598310016
APH,2023-11-25,598310016
APH,2023-11-28,598310016
APH,2023-11-29,598310016
APH,2023-11-30,598310016
APH,2023-12-06,598310016
APH,2023-12-07,598310016
APH,2023-12-08,598310016
APH,2023-12-09,598310016
APH,2023-12-16,598310016
APH,2023-12-19,598310016
APH,2023-12-21,598310016
APH,2023-12-22,598310016
APH,2023-12-23,598310016
APH,2023-12-28,598310016
APH,2023-12-30,598310016
APH,2024-01-03,598310016
APH,2024-01-04,598310016
APH,2024-01-05,601155008
APH,2024-01-06,598310016
APH,2024-01-09,598310016
APH,2024-01-10,598310016
APH,2024-01-11,598310016
APH,2024-01-12,598310016
APH,2024-01-13,598310016
APH,2024-01-17,598310016
APH,2024-01-19,598310016
APH,2024-01-23,598310016
APH,2024-01-30,598310016
APH,2024-01-31,598310016
APH,2024-02-06,598310016
APH,2024-02-08,598310016
APH,2024-02-09,599854976
APH,2024-02-10,599854976
APH,2024-02-13,599854976
APH,2024-02-14,599854976
APH,2024-02-15,599854976
APH,2024-02-21,599854976
APH,2024-02-23,599854976
APH,2024-02-27,599854976
APH,2024-02-28,599854976
APH,2024-03-05,599854976
APH,2024-03-07,599854976
APH,2024-03-08,599854976
APH,2024-03-12,602748032
APH,2024-03-14,599854976
APH,2024-03-16,599854976
APH,2024-03-19,599854976
APH,2024-03-21,599854976
APH,2024-03-22,599854976
APH,2024-03-23,599854976
APH,2024-03-26,604512000
APH,2024-03-27,599854976
APH,2024-03-28,599854976
APH,2024-04-12,601571968
APH,2024-04-16,606550016
APH,2024-04-19,601571968
APH,2024-04-20,601571968
APH,2024-04-23,601571968
APH,2024-04-25,601571968
APH,2024-04-30,600604032
APH,2024-05-08,600604032
APH,2024-05-10,600604032
APH,2024-05-11,600792000
APH,2024-05-15,600604032
APH,2024-05-17,600604032
APH,2024-05-18,600604032
APH,2024-05-21,600604032
APH,2024-05-22,600604032
APH,2024-05-23,600604032
APH,2024-05-24,600604032
APH,2024-05-25,601308992
APH,2024-06-04,600604032
APH,2024-06-05,600604032
APH,2024-06-07,600604032
APH,2024-06-12,600604032
APH,2024-06-13,1201209984
APH,2024-06-14,1201209984
APH,2024-06-19,1201209984
APH,2024-06-21,1223849984
APH,2024-06-22,1201209984
APH,2024-06-25,1201209984
APH,2024-06-29,1201209984
APH,2024-07-03,1201209984
APH,2024-07-04,1201209984
APH,2024-07-06,1201209984
APH,2024-07-09,1201209984
APH,2024-07-11,1201209984
APH,2024-07-18,1316989952
APH,2024-07-19,1201209984
APH,2024-07-20,1201209984
APH,2024-07-24,1201209984
APH,2024-07-30,1204290048
APH,2024-07-31,1204290048
APH,2024-08-01,1204290048
APH,2024-08-07,1204290048
APH,2024-08-08,1204290048
APH,2024-08-10,1204290048
APH,2024-08-13,1204290048
APH,2024-08-14,1204290048
APH,2024-08-16,1204290048
APH,2024-08-17,1208860032
APH,2024-08-20,1204290048
APH,2024-08-23,1204290048
APH,2024-08-24,1204290048
APH,2024-08-27,1216749952
APH,2024-08-29,1208470016
APH,2024-08-30,1204290048
APH,2024-09-04,1312050048
APH,2024-09-05,1216269952
APH,2024-09-06,1204290048
APH,2024-09-07,1244729984
APH,2024-09-11,1204290048
APH,2024-09-12,1204290048
APH,2024-09-14,1204290048
APH,2024-09-16,1210189952
APH,2024-09-17,1204290048
APH,2024-09-18,1204290048
APH,2024-09-19,1204290048
APH,2024-09-21,1204290048
APH,2024-09-25,1204290048
APH,2024-09-27,1204290048
APH,2024-09-28,1217250048
APH,2024-10-02,1204290048
APH,2024-10-03,1204290048
APH,2024-10-04,1205650048
APH,2024-10-08,1204290048
APH,2024-10-09,1204290048
APH,2024-10-10,1204290048
APH,2024-10-12,1204290048
APH,2024-10-14,1204290048
APH,2024-10-16,1204290048
APH,2024-10-17,1204290048
APH,2024-10-18,1214000000
APH,2024-10-19,1204290048
APH,2024-10-22,1204290048
APH,2024-10-24,1204290048
APH,2024-10-29,1205609984
APH,2024-10-30,1205609984
APH,2024-10-31,1205609984
APH,2024-11-01,1205609984
APH,2024-11-02,1205609984
APH,2024-11-06,1205609984
APH,2024-11-07,1205609984
APH,2024-11-16,1205609984
APH,2024-11-19,1216649984
APH,2024-11-20,1205609984
APH,2024-11-21,1205609984
APH,2024-11-23,1205609984
APH,2024-11-27,1205609984
APH,2024-11-28,1205609984
APH,2024-11-30,1207110016
APH,2024-12-03,1205609984
APH,2024-12-04,1205609984
APH,2024-12-05,1205609984
APH,2024-12-06,1205609984
APH,2024-12-10,1205609984
APH,2024-12-11,1223209984
APH,2024-12-12,1205609984
APH,2024-12-13,1205609984
APH,2024-12-14,1205609984
APH,2024-12-17,1205609984
APH,2024-12-19,1205609984
APH,2024-12-20,1205609984
APH,2024-12-24,1205609984
APH,2024-12-27,1205609984
APH,2024-12-28,1205609984
APH,2025-01-01,1205609984
APH,2025-01-04,1205609984
APH,2025-01-07,1205609984
APH,2025-01-11,1205609984
APH,2025-01-14,1238429952
APH,2025-01-16,1205609984
APH,2025-01-18,1213250048
APH,2025-01-22,1205609984
APH,2025-01-23,1205609984
APH,2025-01-28,1205609984
APH,2025-01-31,1205609984
APH,2025-02-01,1205609984
APH,2025-02-06,1205609984
APH,2025-02-07,1205609984
APH,2025-02-08,1205609984
APH,2025-02-11,1211079936
APH,2025-02-13,1211079936
APH,2025-02-14,1211079936
APH,2025-02-15,1219699968
APH,2025-02-20,1211079936
APH,2025-02-22,1211079936
APH,2025-02-25,1211079936
APH,2025-02-26,1211079936
APH,2025-02-27,1211079936
APH,2025-02-28,1211079936
APH,2025-03-04,1271209984
APH,2025-03-06,1211079936
APH,2025-03-07,1211079936
APH,2025-03-08,1211079936
APH,2025-03-10,1233430016
APH,2025-03-11,1211079936
APH,2025-03-12,1211079936
APH,2025-03-13,1211079936
APH,2025-03-14,1211079936
APH,2025-03-19,1211079936
APH,2025-03-22,1211079936
APH,2025-03-27,1245309952
APH,2025-04-01,1229549952
APH,2025-04-04,1211079936
APH,2025-04-05,1211779968
APH,2025-04-08,1211779968
APH,2025-04-10,1250520064
APH,2025-04-11,1211779968
APH,2025-04-12,1211779968
APH,2025-04-15,1211779968
APH,2025-04-17,1211779968
APH,2025-04-18,1211779968
APH,2025-04-22,1239800064
APH,2025-04-23,1211779968
APH,2025-04-24,1211779968
APH,2025-04-25,1211779968
APH,2025-04-26,1214659968
APH,2025-04-29,1211779968
APH,2025-04-30,1211779968
APH,2025-05-01,1211779968
APH,2025-05-03,1211779968
APH,2025-05-06,1211779968
APH,2025-05-07,1218780032
APH,2025-05-08,1211779968
APH,2025-05-10,1211779968
APH,2025-05-13,1211779968
APH,2025-05-14,1211779968
APH,2025-05-16,1211779968
APH,2025-05-17,1211779968
APH,2025-05-20,1209600000
APH,2025-05-22,1209600000
APH,2025-05-23,1209600000
APH,2025-05-24,1209600000
APH,2025-05-27,1209600000
APH,2025-05-28,1209600000
APH,2025-05-29,1212339968
APH,2025-05-30,1209600000
APH,2025-06-05,1209600000
APH,2025-06-06,1209600000
APH,2025-06-10,1214800000
APH,2025-06-11,1215750016
APH,2025-06-14,1209600000
APH,2025-06-16,1209600000
APH,2025-06-17,1217159936
APH,2025-06-18,1209600000
APH,2025-06-25,1209600000
APH,2025-06-26,1209600000
APH,2025-06-27,1210099968
APH,2025-07-01,1209600000
APH,2025-07-03,1209600000
APH,2025-07-08,1220770048
APH,2025-07-09,1209600000
APH,2025-07-11,1210829952
APH,2025-07-12,1209600000
APH,2025-07-15,1209600000
APH,2025-07-16,1209600000
APH,2025-07-23,1209600000
APH,2025-07-29,1220920064
APH,2025-07-30,1220920064
APH,2025-08-01,1220920064
APH,2025-08-02,1246669952
APH,2025-08-05,1220920064
APH,2025-08-06,1220920064
APH,2025-08-07,1231609984
APH,2025-08-08,1220920064
APH,2025-08-09,1220920064
APH,2025-08-13,1220920064
APH,2025-08-19,1220920064
APH,2025-08-21,1220920064
APH,2025-08-22,1220920064
APH,2025-08-26,1220920064
APH,2025-08-27,1220920064
APH,2025-08-28,1220920064
APH,2025-08-30,1255459968
APH,2025-09-03,1220920064
APH,2025-09-05,1220920064
APH,2025-09-06,1220920064
APH,2025-09-12,1220920064
APH,2025-09-17,1220921111
APH,2025-09-18,1220921111
APH,2025-09-20,1220921111
APH,2025-09-23,1220921111
APH,2025-09-24,1220921111
APH,2025-09-26,1228905554
APH,2025-09-30,1236963294
APH,2025-10-01,1220921111
APH,2025-10-06,1234506880
APH,2025-10-07,1220921111
APH,2025-10-08,1220921111
APH,2025-10-14,1220921111
APH,2025-10-15,1233564374
APH,2025-10-16,1220921111
APH,2025-10-18,1220921111
APH,2025-10-22,1232792813
APH,2025-10-23,1220921111
APH,2025-10-24,1234515286
APH,2025-10-25,1220921111
APH,2025-10-28,1224055508
APH,2025-10-31,1224055508
APH,2025-11-01,1224055508
APH,2025-11-04,1224055508
APH,2025-11-05,1224055508
APH,2025-11-13,1224055508
APH,2025-11-15,1237875785
APH,2025-11-17,1224055508
APH,2026-02-13,1229214930
APH,2026-04-10,1229430709
APH,2026-05-08,1230234445
APH,2026-08-04,1232983457
APH,2026-08-05,1232983457
APH,2026-09-03,2465966914
PLTR,2020-09-30,2200000000
PLTR,2020-10-22,1587520000
PLTR,2020-11-05,1554940032
PLTR,2020-11-06,1587520000
PLTR,2020-11-08,1587520000
PLTR,2020-11-15,1877929984
PLTR,2020-11-26,1877929984
PLTR,2020-12-01,1877929984
PLTR,2021-01-08,1768259968
PLTR,2021-01-09,1877929984
PLTR,2021-01-23,1497510016
PLTR,2021-01-24,1877929984
PLTR,2021-01-27,1923590016
PLTR,2021-01-28,1877929984
PLTR,2021-02-03,2055920000
PLTR,2021-02-04,1877929984
PLTR,2021-02-18,1877929984
PLTR,2021-03-02,1822269952
PLTR,2021-03-17,1915480064
PLTR,2021-04-23,1803929984
PLTR,2021-04-24,1761549952
PLTR,2021-04-27,1822269952
PLTR,2021-04-28,1822269952
PLTR,2021-05-01,1867309952
PLTR,2021-05-03,1867309952
PLTR,2021-05-15,1876749952
PLTR,2021-05-17,1876749952
PLTR,2021-06-05,1845510016
PLTR,2021-06-18,1828809984
PLTR,2021-06-22,1876749952
PLTR,2021-06-26,1859229952
PLTR,2021-06-28,1876749952
PLTR,2021-07-14,1880080000
PLTR,2021-07-23,1918409984
PLTR,2021-07-24,1880080000
PLTR,2021-07-31,1920780032
PLTR,2021-08-01,1880080000
PLTR,2021-08-14,1953120000
PLTR,2021-08-16,1953120000
PLTR,2021-09-30,1953120000
PLTR,2021-10-05,1953120000
PLTR,2021-10-06,1949760000
PLTR,2021-10-08,1953120000
PLTR,2021-11-12,2004819968
PLTR,2021-11-15,2004819968
PLTR,2021-11-17,2029090048
PLTR,2021-11-18,2004819968
PLTR,2021-12-03,1973260032
PLTR,2021-12-04,2004819968
PLTR,2022-02-04,2144920064
PLTR,2022-02-05,2004819968
PLTR,2022-02-11,2004819968
PLTR,2022-02-25,2030119936
PLTR,2022-02-28,2030119936
PLTR,2022-03-04,2159010048
PLTR,2022-03-05,2030119936
PLTR,2022-03-16,2146989952
PLTR,2022-03-18,1929180032
PLTR,2022-03-20,2030119936
PLTR,2022-03-31,2076920064
PLTR,2022-04-01,2030119936
PLTR,2022-04-23,2092920064
PLTR,2022-04-30,2047100032
PLTR,2022-05-04,2083970048
PLTR,2022-05-06,2047100032
PLTR,2022-05-11,2046589952
PLTR,2022-05-27,1948669952
PLTR,2022-05-29,2046589952
PLTR,2022-07-26,2080419968
PLTR,2022-07-27,2046589952
PLTR,2022-08-05,2046589952
PLTR,2022-08-07,2046589952
PLTR,2022-08-10,2064160000
PLTR,2022-09-14,2064160000
PLTR,2022-10-12,2069299968
PLTR,2022-10-14,2064160000
PLTR,2022-10-21,2030790016
PLTR,2022-10-22,2064160000
PLTR,2022-11-09,2080140032
PLTR,2022-11-12,2080189952
PLTR,2022-11-16,2080189952
PLTR,2023-02-23,2101389952
PLTR,2023-02-24,2150259968
PLTR,2023-02-25,2101389952
PLTR,2023-03-04,2010569984
PLTR,2023-03-05,2101389952
PLTR,2023-03-18,2128050048
PLTR,2023-03-22,2101389952
PLTR,2023-03-24,2071120000
PLTR,2023-03-25,2101389952
PLTR,2023-03-28,2101389952
PLTR,2023-03-30,2159180032
PLTR,2023-04-01,2101389952
PLTR,2023-04-04,2118940032
PLTR,2023-04-06,2198820096
PLTR,2023-04-07,2101389952
PLTR,2023-04-14,2101389952
PLTR,2023-04-21,2017229952
PLTR,2023-04-22,2101389952
PLTR,2023-04-27,2117970048
PLTR,2023-04-28,2117970048
PLTR,2023-05-04,2126380032
PLTR,2023-05-05,2117970048
PLTR,2023-05-11,2034870016
PLTR,2023-05-12,2047229952
PLTR,2023-05-13,2216560128
PLTR,2023-05-17,2118439936
PLTR,2023-06-09,2156100096
PLTR,2023-06-10,2118439936
PLTR,2023-07-12,2143139968
PLTR,2023-07-13,2118439936
PLTR,2023-08-21,2151830016
PLTR,2023-08-23,2126889984
PLTR,2023-08-26,2151830016
PLTR,2023-08-29,2135660032
PLTR,2023-08-30,2151830016
PLTR,2023-09-29,2047250048
PLTR,2023-10-03,2168090112
PLTR,2023-10-05,2151830016
PLTR,2023-10-06,2151830016
PLTR,2023-10-09,2151830016
PLTR,2023-10-11,2128860032
PLTR,2023-10-13,2149430016
PLTR,2023-10-14,2151830016
PLTR,2023-10-15,2151830016
PLTR,2023-10-17,2093929984
PLTR,2023-10-18,2151830016
PLTR,2023-10-19,2231889920
PLTR,2023-10-20,2151830016
PLTR,2023-10-24,2151830016
PLTR,2023-10-25,2094930048
PLTR,2023-10-26,2151830016
PLTR,2023-10-27,2151830016
PLTR,2023-11-03,2151830016
PLTR,2023-11-04,2047250048
PLTR,2023-11-07,2175990016
PLTR,2023-11-08,2145900032
PLTR,2023-11-09,2175990016
PLTR,2023-11-17,2175990016
PLTR,2023-11-18,2175990016
PLTR,2023-11-21,2175990016
PLTR,2023-11-23,2175990016
PLTR,2023-11-28,2175990016
PLTR,2023-11-29,2175990016
PLTR,2023-12-01,2175990016
PLTR,2023-12-02,2175990016
PLTR,2023-12-06,2175990016
PLTR,2023-12-08,2175990016
PLTR,2023-12-13,2175990016
PLTR,2023-12-14,2175990016
PLTR,2023-12-15,2135360000
PLTR,2023-12-16,2175990016
PLTR,2023-12-21,2175990016
PLTR,2023-12-22,2175990016
PLTR,2023-12-23,2198490112
PLTR,2023-12-26,2175990016
PLTR,2023-12-29,2175990016
PLTR,2023-12-30,2175990016
PLTR,2024-01-03,2175990016
PLTR,2024-01-05,2154560000
PLTR,2024-01-06,2175990016
PLTR,2024-01-11,2175990016
PLTR,2024-01-12,2175990016
PLTR,2024-01-13,2175990016
PLTR,2024-01-18,2175990016
PLTR,2024-01-23,2175990016
PLTR,2024-01-25,2175990016
PLTR,2024-01-27,2175990016
PLTR,2024-01-30,2175990016
PLTR,2024-02-02,2144009984
PLTR,2024-02-06,2175990016
PLTR,2024-02-09,2175990016
PLTR,2024-02-10,2187589888
PLTR,2024-02-13,2175990016
PLTR,2024-02-21,2212730112
PLTR,2024-02-22,2212730112
PLTR,2024-02-27,2212730112
PLTR,2024-03-05,2294650112
PLTR,2024-03-06,2212730112
PLTR,2024-03-08,2212730112
PLTR,2024-03-12,2272960000
PLTR,2024-03-13,2212730112
PLTR,2024-03-16,2301280000
PLTR,2024-03-19,2212730112
PLTR,2024-03-21,2212730112
PLTR,2024-03-22,2219960064
PLTR,2024-03-26,2178949888
PLTR,2024-03-27,2212730112
PLTR,2024-04-12,2212730112
PLTR,2024-04-13,2212730112
PLTR,2024-04-16,2290530048
PLTR,2024-04-17,2212730112
PLTR,2024-04-18,2212730112
PLTR,2024-04-19,2212730112
PLTR,2024-04-20,2212730112
PLTR,2024-04-25,2217860096
PLTR,2024-04-27,2212730112
PLTR,2024-04-30,2182690048
PLTR,2024-05-04,2226990080
PLTR,2024-05-06,2130439936
PLTR,2024-05-07,2226990080
PLTR,2024-05-08,2226899968
PLTR,2024-05-09,2226899968
PLTR,2024-05-10,2271140096
PLTR,2024-05-11,2285270016
PLTR,2024-05-15,2174960128
PLTR,2024-05-16,2226899968
PLTR,2024-05-17,2228950016
PLTR,2024-05-21,2266739968
PLTR,2024-05-22,2226899968
PLTR,2024-05-23,2234259968
PLTR,2024-05-24,2275259904
PLTR,2024-05-25,2196160000
PLTR,2024-05-31,2145939968
PLTR,2024-06-04,2226899968
PLTR,2024-06-07,2149199872
PLTR,2024-06-08,2226899968
PLTR,2024-06-11,2226899968
PLTR,2024-06-12,2159670016
PLTR,2024-06-13,2234390016
PLTR,2024-06-14,2226899968
PLTR,2024-06-15,2226899968
PLTR,2024-06-18,2226899968
PLTR,2024-06-21,2249550080
PLTR,2024-06-22,2226899968
PLTR,2024-06-25,2226899968
PLTR,2024-06-27,2226899968
PLTR,2024-06-28,2130339968
PLTR,2024-07-02,2226899968
PLTR,2024-07-03,2231209984
PLTR,2024-07-06,2226899968
PLTR,2024-07-10,2252100096
PLTR,2024-07-11,2226899968
PLTR,2024-07-12,2226899968
PLTR,2024-07-16,2226899968
PLTR,2024-07-18,2262409984
PLTR,2024-07-24,2199840000
PLTR,2024-07-27,2226899968
PLTR,2024-07-31,2286850048
PLTR,2024-08-01,2226899968
PLTR,2024-08-02,2226899968
PLTR,2024-08-03,2226899968
PLTR,2024-08-06,2226899968
PLTR,2024-08-07,2239450112
PLTR,2024-08-08,2239450112
PLTR,2024-08-09,2239450112
PLTR,2024-08-10,2184979968
PLTR,2024-08-12,2287470080
PLTR,2024-08-13,2239450112
PLTR,2024-08-17,2179419904
PLTR,2024-08-20,2210510080
PLTR,2024-08-22,2239450112
PLTR,2024-08-27,2306959872
PLTR,2024-08-28,2239450112
PLTR,2024-08-29,2274860032
PLTR,2024-08-30,2205309952
PLTR,2024-08-31,2239450112
PLTR,2024-09-04,2310650112
PLTR,2024-09-05,2239450112
PLTR,2024-09-06,2239450112
PLTR,2024-09-07,2226899968
PLTR,2024-09-11,2229149952
PLTR,2024-09-12,2233669888
PLTR,2024-09-14,2239450112
PLTR,2024-09-16,2195049984
PLTR,2024-09-17,2239450112
PLTR,2024-09-18,2230850048
PLTR,2024-09-20,2212090112
PLTR,2024-09-21,2217179904
PLTR,2024-09-25,2239450112
PLTR,2024-09-27,2239450112
PLTR,2024-09-28,2239450112
PLTR,2024-10-01,2239450112
PLTR,2024-10-04,2142320000
PLTR,2024-10-05,2239450112
PLTR,2024-10-08,2303950080
PLTR,2024-10-09,2239450112
PLTR,2024-10-12,2239970048
PLTR,2024-10-14,2245129984
PLTR,2024-10-15,2239450112
PLTR,2024-10-18,2243190016
PLTR,2024-10-24,2239450112
PLTR,2024-10-25,2189590016
PLTR,2024-10-29,2241449984
PLTR,2024-10-30,2303010048
PLTR,2024-10-31,2239450112
PLTR,2024-11-01,2354230016
PLTR,2024-11-05,2239450112
PLTR,2024-11-06,2142320000
PLTR,2024-11-07,2180649984
PLTR,2024-11-16,2180649984
PLTR,2024-11-19,2445730048
PLTR,2024-11-20,2278020096
PLTR,2024-11-30,2243040000
PLTR,2024-12-03,2278020096
PLTR,2024-12-04,2180649984
PLTR,2024-12-06,2278020096
PLTR,2024-12-11,2328470016
PLTR,2024-12-13,2256549888
PLTR,2024-12-14,2278020096
PLTR,2025-01-07,2397139968
PLTR,2025-01-11,2310870016
PLTR,2025-01-14,2357949952
PLTR,2025-01-18,2278020096
PLTR,2025-02-04,2278020096
PLTR,2025-02-08,2286860032
PLTR,2025-02-15,2254119936
PLTR,2025-02-19,2345359872
PLTR,2025-02-22,2345359872
PLTR,2025-02-27,2306749952
PLTR,2025-03-04,2345359872
PLTR,2025-03-05,2345359872
PLTR,2025-03-07,2345359872
PLTR,2025-03-10,2607280128
PLTR,2025-03-11,2345359872
PLTR,2025-03-13,2345359872
PLTR,2025-03-15,2345359872
PLTR,2025-03-20,2345359872
PLTR,2025-03-21,2345359872
PLTR,2025-03-22,2345359872
PLTR,2025-03-26,2351429888
PLTR,2025-03-27,2452610048
PLTR,2025-03-28,2345359872
PLTR,2025-04-01,2385649920
PLTR,2025-04-03,2345359872
PLTR,2025-04-05,2345359872
PLTR,2025-04-09,2345359872
PLTR,2025-04-10,2435899904
PLTR,2025-04-11,2345359872
PLTR,2025-04-15,2345359872
PLTR,2025-04-16,2345359872
PLTR,2025-04-18,2345359872
PLTR,2025-04-22,2422330112
PLTR,2025-04-23,2340120064
PLTR,2025-04-24,2345359872
PLTR,2025-04-25,2345359872
PLTR,2025-04-26,2248950016
PLTR,2025-04-29,2359689984
PLTR,2025-04-30,2330619904
PLTR,2025-05-07,2682889984
PLTR,2025-05-08,2359909888
PLTR,2025-05-09,2359909888
PLTR,2025-05-10,2359909888
PLTR,2025-05-14,2359909888
PLTR,2025-05-20,2359909888
PLTR,2025-05-27,2358380032
PLTR,2025-05-28,2359909888
PLTR,2025-05-29,2359909888
PLTR,2025-05-30,2359909888
PLTR,2025-05-31,2359909888
PLTR,2025-06-04,2339889920
PLTR,2025-06-05,2359909888
PLTR,2025-06-06,2359909888
PLTR,2025-06-07,2359909888
PLTR,2025-06-10,2359909888
PLTR,2025-06-11,2346589952
PLTR,2025-06-13,2359909888
PLTR,2025-06-14,2321949952
PLTR,2025-06-16,2292989952
PLTR,2025-06-17,2359909888
PLTR,2025-06-18,2330240000
PLTR,2025-06-19,2359909888
PLTR,2025-06-24,2359909888
PLTR,2025-06-25,2359909888
PLTR,2025-06-26,2359909888
PLTR,2025-06-27,2337829888
PLTR,2025-06-28,2603770112
PLTR,2025-07-01,2359909888
PLTR,2025-07-02,2359909888
PLTR,2025-07-08,2349949952
PLTR,2025-07-09,2359909888
PLTR,2025-07-10,2303520000
PLTR,2025-07-11,2359909888
PLTR,2025-07-16,2359909888
PLTR,2025-07-17,2359909888
PLTR,2025-07-18,2359909888
PLTR,2025-07-19,2367140096
PLTR,2025-07-24,2359909888
PLTR,2025-07-25,2359909888
PLTR,2025-07-26,2359909888
PLTR,2025-08-01,2359909888
PLTR,2025-08-02,2359909888
PLTR,2025-08-06,2372339968
PLTR,2025-08-07,2337710080
PLTR,2025-08-08,2372339968
PLTR,2025-08-13,2372339968
PLTR,2025-08-19,2372339968
PLTR,2025-08-20,2372339968
PLTR,2025-08-21,2372339968
PLTR,2025-08-22,2372339968
PLTR,2025-08-27,2372339968
PLTR,2025-08-29,2351340032
PLTR,2025-08-30,2393690112
PLTR,2025-09-05,2353499904
PLTR,2025-09-06,2372339968
PLTR,2025-09-11,2372339968
PLTR,2025-09-12,2406690048
PLTR,2025-09-17,2372342421
PLTR,2025-09-18,2372342421
PLTR,2025-09-20,2372342421
PLTR,2025-09-23,2372342421
PLTR,2025-09-25,2372342421
PLTR,2025-09-26,2378169970
PLTR,2025-09-30,2355232269
PLTR,2025-10-01,2309268960
PLTR,2025-10-02,2277679609
PLTR,2025-10-03,2372342421
PLTR,2025-10-06,2563972091
PLTR,2025-10-07,2372342421
PLTR,2025-10-08,2337962534
PLTR,2025-10-09,2372342421
PLTR,2025-10-10,2372342421
PLTR,2025-10-14,2348647110
PLTR,2025-10-15,2338949596
PLTR,2025-10-16,2372342421
PLTR,2025-10-17,2372342421
PLTR,2025-10-18,2372342421
PLTR,2025-10-20,2327401301
PLTR,2025-10-22,2328427097
PLTR,2025-10-23,2372342421
PLTR,2025-10-24,2319018362
PLTR,2025-10-25,2372342421
PLTR,2025-10-28,2372342421
PLTR,2025-10-30,2372342421
PLTR,2025-10-31,2372342421
PLTR,2025-11-01,2302285719
PLTR,2025-11-05,2383436338
PLTR,2025-11-06,2383436338
PLTR,2025-11-07,2383436338
PLTR,2025-11-08,2383436338
PLTR,2025-11-12,2383436338
PLTR,2025-11-13,2383436338
PLTR,2025-11-14,2383436338
PLTR,2025-11-15,2357822718
PLTR,2025-11-17,2383436338
PLTR,2026-02-24,2391675711
PLTR,2026-04-28,2397157109
PLTR,2026-05-05,2397311977
PLTR,2026-08-04,2403058480
PLTR,2026-08-06,2403058480
WDAY,2019-01-05,218000000
WDAY,2019-01-07,218000000
WDAY,2019-01-09,218000000
WDAY,2019-01-10,218000000
WDAY,2019-01-12,218000000
WDAY,2019-01-14,218000000
WDAY,2019-01-16,218000000
WDAY,2019-01-17,218000000
WDAY,2019-01-20,218000000
WDAY,2019-01-22,218000000
WDAY,2019-01-25,218000000
WDAY,2019-01-26,218000000
WDAY,2019-01-28,218000000
WDAY,2019-01-30,218000000
WDAY,2019-02-04,218000000
WDAY,2019-02-07,218000000
WDAY,2019-02-10,218000000
WDAY,2019-02-13,218000000
WDAY,2019-02-15,218000000
WDAY,2019-02-20,218000000
WDAY,2019-02-28,218000000
WDAY,2019-03-01,218000000
WDAY,2019-03-10,218000000
WDAY,2019-03-11,218000000
WDAY,2019-03-17,218000000
WDAY,2019-03-26,222000000
WDAY,2019-04-01,222000000
WDAY,2019-04-05,222000000
WDAY,2019-04-09,222000000
WDAY,2019-04-14,222000000
WDAY,2019-04-17,222000000
WDAY,2019-04-18,222000000
WDAY,2019-04-21,222000000
WDAY,2019-04-29,225392000
WDAY,2019-04-30,225392000
WDAY,2019-05-02,225392000
WDAY,2019-05-03,225392000
WDAY,2019-05-05,225392000
WDAY,2019-05-07,225392000
WDAY,2019-05-10,225392000
WDAY,2019-05-12,225392000
WDAY,2019-05-20,225392000
WDAY,2019-05-22,225392000
WDAY,2019-05-23,225392000
WDAY,2019-05-28,225392000
WDAY,2019-05-29,225392000
WDAY,2019-06-03,226392000
WDAY,2019-06-04,226392000
WDAY,2019-06-05,226392000
WDAY,2019-06-06,226392000
WDAY,2019-06-10,226392000
WDAY,2019-06-11,226392000
WDAY,2019-06-12,226392000
WDAY,2019-06-17,226392000
WDAY,2019-06-19,226392000
WDAY,2019-06-21,226392000
WDAY,2019-06-23,226392000
WDAY,2019-06-24,226392000
WDAY,2019-06-26,231028000
WDAY,2019-06-27,226000000
WDAY,2019-07-03,226519008
WDAY,2019-07-04,226000000
WDAY,2019-07-05,223039008
WDAY,2019-07-06,226000000
WDAY,2019-07-10,225176000
WDAY,2019-07-11,226506000
WDAY,2019-07-12,231227008
WDAY,2019-07-13,226000000
WDAY,2019-08-05,235267008
WDAY,2019-08-06,226000000
WDAY,2019-08-07,235612992
WDAY,2019-08-08,225170000
WDAY,2019-08-09,232811008
WDAY,2019-08-23,228900000
WDAY,2019-08-24,226000000
WDAY,2019-08-30,223182000
WDAY,2019-09-02,236236992
WDAY,2019-09-04,228000000
WDAY,2019-09-06,229788992
WDAY,2019-09-09,234590000
WDAY,2019-09-11,232444992
WDAY,2019-09-12,226256000
WDAY,2019-09-13,228000000
WDAY,2019-09-20,224402000
WDAY,2019-09-21,228000000
WDAY,2019-10-04,219680000
WDAY,2019-10-08,228000000
WDAY,2019-10-21,223247008
WDAY,2019-10-22,228000000
WDAY,2019-11-05,223628000
WDAY,2019-11-06,223818000
WDAY,2019-11-07,228192992
WDAY,2019-11-08,222976000
WDAY,2019-11-09,228000000
WDAY,2019-11-14,231719008
WDAY,2019-11-15,225835008
WDAY,2019-11-16,228000000
WDAY,2019-12-06,230000000
WDAY,2019-12-18,228796000
WDAY,2019-12-19,230000000
WDAY,2020-01-08,227244992
WDAY,2020-01-09,242512000
WDAY,2020-01-11,237660000
WDAY,2020-01-12,230000000
WDAY,2020-02-06,222640000
WDAY,2020-02-07,228816000
WDAY,2020-02-08,230000000
WDAY,2020-02-12,227887008
WDAY,2020-02-13,231584000
WDAY,2020-02-14,230000000
WDAY,2020-03-06,232000000
WDAY,2020-03-09,232000000
WDAY,2020-03-10,232000000
WDAY,2020-04-29,233272000
WDAY,2020-05-21,230172000
WDAY,2020-05-22,233272000
WDAY,2020-06-01,235000000
WDAY,2020-08-28,235000000
WDAY,2020-09-01,237000000
WDAY,2020-09-05,248138000
WDAY,2020-09-06,237000000
WDAY,2020-09-21,240240000
WDAY,2020-09-22,237000000
WDAY,2020-11-07,237000000
WDAY,2020-11-24,240000000
WDAY,2020-11-26,240000000
WDAY,2020-12-01,240000000
WDAY,2021-03-04,242900000
WDAY,2021-03-17,242900000
WDAY,2021-04-23,241623008
WDAY,2021-04-24,239868992
WDAY,2021-04-27,242900000
WDAY,2021-04-28,243940000
WDAY,2021-05-28,247000000
WDAY,2021-07-03,244108000
WDAY,2021-07-14,247000000
WDAY,2021-08-24,240210000
WDAY,2021-08-28,248000000
WDAY,2021-08-30,248000000
WDAY,2021-10-05,252836992
WDAY,2021-10-19,246472000
WDAY,2021-10-20,248000000
WDAY,2021-10-23,248194000
WDAY,2021-10-26,246804992
WDAY,2021-10-27,248000000
WDAY,2021-11-03,245267008
WDAY,2021-11-06,248479008
WDAY,2021-11-07,248000000
WDAY,2021-11-18,247126000
WDAY,2021-11-24,250000000
WDAY,2021-12-02,262812992
WDAY,2021-12-03,244562000
WDAY,2021-12-04,249691008
WDAY,2022-02-04,260546000
WDAY,2022-02-05,250000000
WDAY,2022-02-11,250000000
WDAY,2022-03-02,239219008
WDAY,2022-03-04,254088992
WDAY,2022-03-05,254088992
WDAY,2022-03-16,254956000
WDAY,2022-03-18,239916992
WDAY,2022-03-20,251000000
WDAY,2022-03-23,249652992
WDAY,2022-03-24,251000000
WDAY,2022-05-04,259864992
WDAY,2022-05-06,251000000
WDAY,2022-05-12,253652000
WDAY,2022-05-13,253652000
WDAY,2022-05-27,248160992
WDAY,2022-05-29,254000000
WDAY,2022-05-30,254000000
WDAY,2022-07-01,266247008
WDAY,2022-07-02,254000000
WDAY,2022-09-02,256000000
WDAY,2022-10-12,265203008
WDAY,2022-10-14,256000000
WDAY,2022-10-21,257900992
WDAY,2022-10-23,256000000
WDAY,2022-10-25,258647008
WDAY,2022-11-25,250772000
WDAY,2022-11-27,256000000
WDAY,2022-12-05,257000000
WDAY,2023-03-01,259000000
WDAY,2023-03-04,254430000
WDAY,2023-03-05,259000000
WDAY,2023-03-08,262024992
WDAY,2023-03-09,259000000
WDAY,2023-03-18,263048000
WDAY,2023-03-22,259000000
WDAY,2023-03-30,270702016
WDAY,2023-04-01,259000000
WDAY,2023-04-04,261763008
WDAY,2023-04-05,256756992
WDAY,2023-04-06,265191008
WDAY,2023-04-07,259000000
WDAY,2023-04-21,257678000
WDAY,2023-04-22,259000000
WDAY,2023-04-28,259042000
WDAY,2023-05-04,258732000
WDAY,2023-05-06,259628000
WDAY,2023-05-07,259000000
WDAY,2023-05-09,261711008
WDAY,2023-05-11,257600000
WDAY,2023-05-12,259160000
WDAY,2023-05-13,255620000
WDAY,2023-05-16,260407008
WDAY,2023-05-20,260407008
WDAY,2023-05-24,260407008
WDAY,2023-05-27,261000000
WDAY,2023-05-31,261000000
WDAY,2023-06-23,265642000
WDAY,2023-06-24,261000000
WDAY,2023-07-12,260190000
WDAY,2023-07-15,261000000
WDAY,2023-07-21,271988000
WDAY,2023-07-26,261000000
WDAY,2023-08-22,261000000
WDAY,2023-08-26,262000000
WDAY,2023-10-20,263659008
WDAY,2023-10-24,262000000
WDAY,2023-10-25,258558000
WDAY,2023-11-04,255498000
WDAY,2023-11-08,258238000
WDAY,2023-11-09,262000000
WDAY,2023-11-25,262000000
WDAY,2023-11-28,262000000
WDAY,2023-11-29,262000000
WDAY,2023-11-30,263000000
WDAY,2023-12-02,263000000
WDAY,2023-12-06,263000000
WDAY,2023-12-07,263000000
WDAY,2023-12-09,263000000
WDAY,2023-12-12,263000000
WDAY,2023-12-15,270763008
WDAY,2023-12-16,263000000
WDAY,2023-12-21,263000000
WDAY,2023-12-22,263000000
WDAY,2023-12-23,263318000
WDAY,2023-12-26,263000000
WDAY,2023-12-27,263000000
WDAY,2023-12-28,263000000
WDAY,2023-12-30,263000000
WDAY,2024-01-02,263000000
WDAY,2024-01-04,263000000
WDAY,2024-01-05,263000000
WDAY,2024-01-06,261660992
WDAY,2024-01-12,263000000
WDAY,2024-01-13,263000000
WDAY,2024-01-16,263000000
WDAY,2024-01-25,263000000
WDAY,2024-01-26,263000000
WDAY,2024-01-30,263000000
WDAY,2024-02-06,263000000
WDAY,2024-02-07,263000000
WDAY,2024-02-09,259248992
WDAY,2024-02-10,257398000
WDAY,2024-02-13,263000000
WDAY,2024-02-14,263000000
WDAY,2024-02-15,263000000
WDAY,2024-02-17,263000000
WDAY,2024-02-21,263000000
WDAY,2024-02-22,263000000
WDAY,2024-02-27,263000000
WDAY,2024-03-05,281320000
WDAY,2024-03-12,264188000
WDAY,2024-03-16,264188000
WDAY,2024-03-22,264188000
WDAY,2024-03-26,262464992
WDAY,2024-03-27,264188000
WDAY,2024-04-16,264188000
WDAY,2024-04-17,264188000
WDAY,2024-04-25,264188000
WDAY,2024-04-30,266599008
WDAY,2024-05-04,264188000
WDAY,2024-05-06,270296000
WDAY,2024-05-07,264188000
WDAY,2024-05-09,265291008
WDAY,2024-05-10,269249984
WDAY,2024-05-11,264882000
WDAY,2024-05-15,265506000
WDAY,2024-05-16,265291008
WDAY,2024-05-21,265947008
WDAY,2024-05-22,265291008
WDAY,2024-05-23,264250000
WDAY,2024-05-24,264254000
WDAY,2024-05-25,313315008
WDAY,2024-05-30,265394000
WDAY,2024-05-31,270691008
WDAY,2024-06-07,265394000
WDAY,2024-06-08,265394000
WDAY,2024-06-11,265394000
WDAY,2024-06-12,265394000
WDAY,2024-06-13,269459008
WDAY,2024-06-15,262290000
WDAY,2024-06-21,265394000
WDAY,2024-06-27,265394000
WDAY,2024-06-28,265394000
WDAY,2024-07-03,265394000
WDAY,2024-07-10,269497984
WDAY,2024-07-11,265394000
WDAY,2024-07-12,265394000
WDAY,2024-07-16,265394000
WDAY,2024-07-17,265394000
WDAY,2024-07-18,269953984
WDAY,2024-07-19,265394000
WDAY,2024-07-24,268857984
WDAY,2024-07-25,265394000
WDAY,2024-07-26,265394000
WDAY,2024-07-30,265394000
WDAY,2024-07-31,266332000
WDAY,2024-08-01,265394000
WDAY,2024-08-06,265394000
WDAY,2024-08-07,265394000
WDAY,2024-08-09,265394000
WDAY,2024-08-10,265394000
WDAY,2024-08-13,265394000
WDAY,2024-08-14,265394000
WDAY,2024-08-15,265394000
WDAY,2024-08-16,265394000
WDAY,2024-08-17,265394000
WDAY,2024-08-20,265394000
WDAY,2024-08-21,265394000
WDAY,2024-08-22,265394000
WDAY,2024-08-23,265394000
WDAY,2024-08-27,265394000
WDAY,2024-08-29,269860000
WDAY,2024-08-30,264104000
WDAY,2024-08-31,265000000
WDAY,2024-09-04,267922000
WDAY,2024-09-05,265000000
WDAY,2024-09-06,267922000
WDAY,2024-09-07,265000000
WDAY,2024-09-11,265000000
WDAY,2024-09-12,265000000
WDAY,2024-09-16,265892992
WDAY,2024-09-17,265000000
WDAY,2024-09-18,265000000
WDAY,2024-09-20,266135008
WDAY,2024-09-21,264188992
WDAY,2024-09-28,266838000
WDAY,2024-10-04,265000000
WDAY,2024-10-05,263458000
WDAY,2024-10-12,269708000
WDAY,2024-10-15,265000000
WDAY,2024-10-18,268359008
WDAY,2024-10-25,269827008
WDAY,2024-10-29,260956992
WDAY,2024-10-30,265000000
WDAY,2024-10-31,265000000
WDAY,2024-11-01,270145984
WDAY,2024-11-05,262791008
WDAY,2024-11-06,265000000
WDAY,2024-11-07,265000000
WDAY,2024-11-08,258652000
WDAY,2024-11-12,265000000
WDAY,2024-11-14,259068000
WDAY,2024-11-16,277340000
WDAY,2024-11-19,265000000
WDAY,2024-11-20,265000000
WDAY,2024-11-30,268615008
WDAY,2024-12-03,265000000
WDAY,2024-12-04,265000000
WDAY,2024-12-06,271224000
WDAY,2024-12-11,274867008
WDAY,2024-12-13,263619008
WDAY,2024-12-14,266000000
WDAY,2024-12-17,261528000
WDAY,2024-12-21,259950000
WDAY,2025-01-07,264639008
WDAY,2025-01-11,271304992
WDAY,2025-01-14,270012000
WDAY,2025-01-18,267128992
WDAY,2025-02-04,263676000
WDAY,2025-02-08,271801984
WDAY,2025-02-15,266000000
WDAY,2025-02-19,266000000
WDAY,2025-02-21,266000000
WDAY,2025-02-27,250428000
WDAY,2025-03-04,275164000
WDAY,2025-03-10,276268000
WDAY,2025-03-11,266000000
WDAY,2025-03-13,266000000
WDAY,2025-03-22,266000000
WDAY,2025-03-26,262928000
WDAY,2025-03-27,272787008
WDAY,2025-03-28,266000000
WDAY,2025-04-01,271649984
WDAY,2025-04-10,273905984
WDAY,2025-04-11,266000000
WDAY,2025-04-18,274051008
WDAY,2025-04-22,274596992
WDAY,2025-04-23,266036000
WDAY,2025-04-24,261410000
WDAY,2025-04-25,267482000
WDAY,2025-04-26,264512000
WDAY,2025-04-29,267482000
WDAY,2025-04-30,263559008
WDAY,2025-05-07,268076000
WDAY,2025-05-10,266244000
WDAY,2025-05-27,265159008
WDAY,2025-05-28,266596000
WDAY,2025-05-29,264544992
WDAY,2025-05-30,266596000
WDAY,2025-05-31,266596000
WDAY,2025-06-04,266596000
WDAY,2025-06-05,268348992
WDAY,2025-06-06,266596000
WDAY,2025-06-10,266406000
WDAY,2025-06-11,266775008
WDAY,2025-06-14,273300992
WDAY,2025-06-16,265391008
WDAY,2025-06-17,269836000
WDAY,2025-06-18,273145984
WDAY,2025-06-19,266596000
WDAY,2025-06-27,262380992
WDAY,2025-06-28,266596000
WDAY,2025-07-08,267416000
WDAY,2025-07-09,266596000
WDAY,2025-07-10,266928992
WDAY,2025-07-11,273673984
WDAY,2025-07-12,266596000
WDAY,2025-08-02,275185984
WDAY,2025-08-07,276368000
WDAY,2025-08-08,266596000
WDAY,2025-08-22,266596000
WDAY,2025-08-23,266596000
WDAY,2025-08-26,267000000
WDAY,2025-09-05,269656992
WDAY,2025-09-12,266776000
WDAY,2025-09-16,267000000
WDAY,2025-09-20,267000000
WDAY,2025-09-23,267000000
WDAY,2025-09-26,267000000
WDAY,2025-09-30,265900480
WDAY,2025-10-01,273588211
WDAY,2025-10-02,283626416
WDAY,2025-10-06,262054719
WDAY,2025-10-07,267000000
WDAY,2025-10-08,272943003
WDAY,2025-10-15,266347078
WDAY,2025-10-18,259420277
WDAY,2025-10-20,259306592
WDAY,2025-10-22,254588472
WDAY,2025-10-23,267000000
WDAY,2025-10-24,267582945
WDAY,2025-10-25,267000000
WDAY,2025-10-27,271291491
WDAY,2025-10-28,267000000
WDAY,2025-10-30,267000000
WDAY,2025-10-31,267000000
WDAY,2025-11-01,259154260
WDAY,2025-11-15,258521055
WDAY,2025-11-17,267000000
WDAY,2025-11-28,267000000
WDAY,2026-03-19,263000000
WDAY,2026-04-23,257049000
WDAY,2026-05-06,249685551
WDAY,2026-05-26,246973479
WDAY,2026-08-29,241000000
ADSK,2019-01-05,219008992
ADSK,2019-01-07,219008992
ADSK,2019-01-09,219008992
ADSK,2019-01-10,219008992
ADSK,2019-01-12,219008992
ADSK,2019-01-14,219008992
ADSK,2019-01-16,219008992
ADSK,2019-01-20,219008992
ADSK,2019-01-24,219008992
ADSK,2019-01-25,219008992
ADSK,2019-01-26,219008992
ADSK,2019-01-28,219008992
ADSK,2019-01-30,219008992
ADSK,2019-02-04,219008992
ADSK,2019-02-07,219008992
ADSK,2019-02-10,219008992
ADSK,2019-02-13,219008992
ADSK,2019-02-15,219008992
ADSK,2019-02-17,219008992
ADSK,2019-02-18,219008992
ADSK,2019-02-20,219008992
ADSK,2019-02-28,219008992
ADSK,2019-03-01,219008992
ADSK,2019-03-07,219008992
ADSK,2019-03-08,219008992
ADSK,2019-03-10,219008992
ADSK,2019-03-11,219008992
ADSK,2019-03-14,219008992
ADSK,2019-03-17,219008992
ADSK,2019-03-26,219008992
ADSK,2019-03-29,219535008
ADSK,2019-04-01,219535008
ADSK,2019-04-05,219535008
ADSK,2019-04-09,219535008
ADSK,2019-04-10,219535008
ADSK,2019-04-14,219535008
ADSK,2019-04-16,219535008
ADSK,2019-04-17,219535008
ADSK,2019-04-18,219535008
ADSK,2019-04-21,219535008
ADSK,2019-04-22,219535008
ADSK,2019-04-29,219535008
ADSK,2019-04-30,219535008
ADSK,2019-05-02,220167008
ADSK,2019-05-05,220167008
ADSK,2019-05-06,220167008
ADSK,2019-05-09,220167008
ADSK,2019-05-10,220167008
ADSK,2019-05-12,220167008
ADSK,2019-05-19,220167008
ADSK,2019-05-22,220167008
ADSK,2019-05-23,220167008
ADSK,2019-05-28,220167008
ADSK,2019-06-03,220167008
ADSK,2019-06-04,220167008
ADSK,2019-06-05,219620000
ADSK,2019-06-06,219620000
ADSK,2019-06-10,219620000
ADSK,2019-06-11,219620000
ADSK,2019-06-12,219620000
ADSK,2019-06-17,219620000
ADSK,2019-06-19,219620000
ADSK,2019-06-21,219620000
ADSK,2019-06-23,219620000
ADSK,2019-06-24,219620000
ADSK,2019-06-26,219620000
ADSK,2019-07-03,220670000
ADSK,2019-07-04,219620000
ADSK,2019-07-05,217194000
ADSK,2019-07-06,219620000
ADSK,2019-07-11,221400992
ADSK,2019-07-12,220370000
ADSK,2019-07-13,219620000
ADSK,2019-07-24,218820000
ADSK,2019-07-25,219620000
ADSK,2019-08-05,228106000
ADSK,2019-08-06,219620000
ADSK,2019-08-07,226028992
ADSK,2019-08-08,220536992
ADSK,2019-08-09,232491008
ADSK,2019-08-10,219620000
ADSK,2019-08-23,218506000
ADSK,2019-08-24,219620000
ADSK,2019-08-30,215692992
ADSK,2019-09-02,215406000
ADSK,2019-09-04,219620000
ADSK,2019-09-06,211618000
ADSK,2019-09-09,208620000
ADSK,2019-09-11,211860992
ADSK,2019-09-12,229406000
ADSK,2019-09-13,219588000
ADSK,2019-09-20,222886000
ADSK,2019-09-21,219588000
ADSK,2019-10-04,216660000
ADSK,2019-10-08,218591008
ADSK,2019-10-09,219588000
ADSK,2019-10-16,219588000
ADSK,2019-10-17,219588000
ADSK,2019-10-21,212586000
ADSK,2019-10-22,219588000
ADSK,2019-11-05,215364000
ADSK,2019-11-06,213912000
ADSK,2019-11-07,218107008
ADSK,2019-11-08,219936000
ADSK,2019-11-09,219588000
ADSK,2019-11-14,221184992
ADSK,2019-11-15,218112000
ADSK,2019-11-16,219588000
ADSK,2019-11-18,219588000
ADSK,2019-11-19,219588000
ADSK,2019-11-28,219588000
ADSK,2019-12-09,220032992
ADSK,2019-12-18,216596000
ADSK,2019-12-19,220032992
ADSK,2020-01-08,220868000
ADSK,2020-01-09,220480000
ADSK,2020-01-10,223360992
ADSK,2020-01-11,222908000
ADSK,2020-01-12,220032992
ADSK,2020-01-13,222824992
ADSK,2020-01-14,220032992
ADSK,2020-02-07,224300992
ADSK,2020-02-08,220032992
ADSK,2020-02-12,219712992
ADSK,2020-02-13,221434000
ADSK,2020-02-14,220032992
ADSK,2020-03-23,219520992
ADSK,2020-04-15,219520992
ADSK,2020-05-08,219184000
ADSK,2020-05-21,217032000
ADSK,2020-05-22,219184000
ADSK,2020-05-29,219184000
ADSK,2020-06-04,219196992
ADSK,2020-08-28,219196992
ADSK,2020-09-05,219196992
ADSK,2020-09-21,219279008
ADSK,2020-11-26,219279008
ADSK,2020-12-08,219888992
ADSK,2021-02-03,213702000
ADSK,2021-03-17,219888992
ADSK,2021-03-23,219592000
ADSK,2021-03-30,219592000
ADSK,2021-04-01,219592000
ADSK,2021-04-07,221760992
ADSK,2021-04-08,219116000
ADSK,2021-04-23,220256000
ADSK,2021-04-24,214832992
ADSK,2021-04-27,219592000
ADSK,2021-05-07,220063008
ADSK,2021-06-05,220012992
ADSK,2021-06-07,220012992
ADSK,2021-08-17,221746000
ADSK,2021-08-27,242767008
ADSK,2021-08-28,220012992
ADSK,2021-09-04,219850000
ADSK,2021-11-25,260158000
ADSK,2021-11-26,219850000
ADSK,2021-12-07,219972992
ADSK,2022-02-11,219972992
ADSK,2022-03-15,219972992
ADSK,2022-03-16,219972992
ADSK,2022-04-05,217308000
ADSK,2022-04-12,220824000
ADSK,2022-04-13,220510000
ADSK,2022-04-14,217308000
ADSK,2022-04-21,219331008
ADSK,2022-04-22,217308000
ADSK,2022-05-05,217527008
ADSK,2022-05-07,217527008
ADSK,2022-06-06,217272000
ADSK,2022-09-14,215859008
ADSK,2022-09-17,215859008
ADSK,2022-09-21,217984992
ADSK,2022-09-23,215859008
ADSK,2022-09-24,215859008
ADSK,2022-10-01,215859008
ADSK,2022-10-04,209511008
ADSK,2022-10-05,215859008
ADSK,2022-10-06,215859008
ADSK,2022-10-08,215859008
ADSK,2022-10-11,215859008
ADSK,2022-10-13,215859008
ADSK,2022-10-20,219891008
ADSK,2022-10-21,215859008
ADSK,2022-10-23,215859008
ADSK,2022-10-28,215859008
ADSK,2022-10-30,215859008
ADSK,2022-11-05,215859008
ADSK,2022-11-18,215859008
ADSK,2022-11-22,215859008
ADSK,2022-11-24,228816992
ADSK,2022-11-25,215859008
ADSK,2022-11-26,215859008
ADSK,2022-12-05,215859008
ADSK,2022-12-08,215767008
ADSK,2023-03-16,215000000
ADSK,2023-03-18,216598000
ADSK,2023-03-21,215000000
ADSK,2023-03-23,214783008
ADSK,2023-03-25,215770000
ADSK,2023-03-26,214783008
ADSK,2023-03-30,216840000
ADSK,2023-04-01,214783008
ADSK,2023-04-04,215372000
ADSK,2023-04-05,214783008
ADSK,2023-04-06,221056000
ADSK,2023-04-07,214783008
ADSK,2023-04-25,216719008
ADSK,2023-05-13,216212000
ADSK,2023-05-17,214152992
ADSK,2023-05-24,221612992
ADSK,2023-05-26,214152992
ADSK,2023-06-06,213726000
ADSK,2023-07-12,218592000
ADSK,2023-07-13,213726000
ADSK,2023-07-19,217236000
ADSK,2023-07-24,213726000
ADSK,2023-08-22,213726000
ADSK,2023-08-31,213764000
ADSK,2023-09-01,213764000
ADSK,2023-10-11,213764000
ADSK,2023-10-12,213764000
ADSK,2023-10-13,214196000
ADSK,2023-10-14,217100000
ADSK,2023-10-16,213764000
ADSK,2023-10-17,213764000
ADSK,2023-10-18,213764000
ADSK,2023-10-19,218199008
ADSK,2023-10-20,213764000
ADSK,2023-10-22,213764000
ADSK,2023-10-26,213764000
ADSK,2023-10-31,213764000
ADSK,2023-11-02,213764000
ADSK,2023-11-04,213764000
ADSK,2023-11-07,213764000
ADSK,2023-11-08,213764000
ADSK,2023-11-09,213764000
ADSK,2023-11-14,213764000
ADSK,2023-11-15,213764000
ADSK,2023-11-17,213764000
ADSK,2023-11-18,213764000
ADSK,2023-11-21,213764000
ADSK,2023-11-22,213764000
ADSK,2023-11-23,213764000
ADSK,2023-12-05,213915008
ADSK,2023-12-06,214750000
ADSK,2023-12-22,213915008
ADSK,2024-01-06,214504000
ADSK,2024-03-05,217230000
ADSK,2024-03-16,217474000
ADSK,2024-03-28,214367008
ADSK,2024-03-29,213915008
ADSK,2024-04-04,215824992
ADSK,2024-04-16,220772000
ADSK,2024-04-17,215208992
ADSK,2024-04-25,216831008
ADSK,2024-04-30,215050000
ADSK,2024-05-11,214799008
ADSK,2024-05-15,214728000
ADSK,2024-05-16,213915008
ADSK,2024-05-21,215003008
ADSK,2024-05-22,213915008
ADSK,2024-05-23,214227008
ADSK,2024-05-24,218688000
ADSK,2024-05-25,214184000
ADSK,2024-05-31,223074000
ADSK,2024-06-07,214322000
ADSK,2024-06-12,220702000
ADSK,2024-06-15,215508992
ADSK,2024-06-21,216056992
ADSK,2024-07-10,219042000
ADSK,2024-07-18,218652992
ADSK,2024-08-13,216291008
ADSK,2024-08-17,217106000
ADSK,2024-08-29,217514000
ADSK,2024-09-04,216052000
ADSK,2024-09-05,217160000
ADSK,2024-09-06,218950000
ADSK,2024-09-07,215508992
ADSK,2024-09-10,215508992
ADSK,2024-09-11,215508992
ADSK,2024-09-12,215508992
ADSK,2024-09-13,215508992
ADSK,2024-09-18,215508992
ADSK,2024-09-20,215508992
ADSK,2024-09-21,215508992
ADSK,2024-09-24,215508992
ADSK,2024-09-27,215508992
ADSK,2024-09-28,216594000
ADSK,2024-10-03,215508992
ADSK,2024-10-04,216824992
ADSK,2024-10-11,215508992
ADSK,2024-10-12,215508992
ADSK,2024-10-15,215508992
ADSK,2024-10-16,215560992
ADSK,2024-10-17,215508992
ADSK,2024-10-18,216536992
ADSK,2024-10-25,215904000
ADSK,2024-10-29,215508992
ADSK,2024-10-30,215990000
ADSK,2024-10-31,215508992
ADSK,2024-11-01,219447008
ADSK,2024-11-02,215508992
ADSK,2024-11-06,215508992
ADSK,2024-11-07,215508992
ADSK,2024-11-08,215508992
ADSK,2024-11-09,215508992
ADSK,2024-11-12,215508992
ADSK,2024-11-13,215508992
ADSK,2024-11-15,215508992
ADSK,2024-11-16,215508992
ADSK,2024-11-20,215508992
ADSK,2024-11-26,215508992
ADSK,2024-11-28,215508992
ADSK,2024-11-30,215508992
ADSK,2024-12-07,215508992
ADSK,2024-12-11,218740992
ADSK,2024-12-12,215508992
ADSK,2024-12-14,215508992
ADSK,2024-12-17,215508992
ADSK,2024-12-19,215508992
ADSK,2024-12-21,215508992
ADSK,2024-12-25,215508992
ADSK,2024-12-27,215508992
ADSK,2024-12-28,215508992
ADSK,2025-01-01,215508992
ADSK,2025-01-03,215508992
ADSK,2025-01-04,215508992
ADSK,2025-01-07,216650000
ADSK,2025-01-11,224138000
ADSK,2025-01-14,215614000
ADSK,2025-01-22,215508992
ADSK,2025-01-23,215508992
ADSK,2025-01-25,215508992
ADSK,2025-01-29,215508992
ADSK,2025-02-01,215508992
ADSK,2025-02-04,215508992
ADSK,2025-02-05,215508992
ADSK,2025-02-06,215508992
ADSK,2025-02-07,215508992
ADSK,2025-02-08,220196000
ADSK,2025-02-11,215508992
ADSK,2025-02-12,215508992
ADSK,2025-02-13,215508992
ADSK,2025-02-15,216050000
ADSK,2025-02-20,215508992
ADSK,2025-02-21,215508992
ADSK,2025-02-25,215508992
ADSK,2025-02-26,215508992
ADSK,2025-02-28,215508992
ADSK,2025-03-04,217236000
ADSK,2025-03-08,213000000
ADSK,2025-03-10,222732000
ADSK,2025-03-11,213000000
ADSK,2025-03-22,213000000
ADSK,2025-03-27,213000000
ADSK,2025-03-28,213000000
ADSK,2025-04-04,213000000
ADSK,2025-04-05,213000000
ADSK,2025-04-10,213000000
ADSK,2025-04-11,213000000
ADSK,2025-04-15,213000000
ADSK,2025-04-17,213000000
ADSK,2025-04-18,213000000
ADSK,2025-04-22,217356000
ADSK,2025-04-23,213000000
ADSK,2025-04-25,213000000
ADSK,2025-04-26,214404992
ADSK,2025-04-29,213000000
ADSK,2025-05-07,213000000
ADSK,2025-05-08,213944992
ADSK,2025-05-10,215536992
ADSK,2025-05-13,213944992
ADSK,2025-05-15,213944992
ADSK,2025-05-16,213944992
ADSK,2025-05-17,213944992
ADSK,2025-05-21,213944992
ADSK,2025-05-22,213944992
ADSK,2025-05-23,213944992
ADSK,2025-05-29,215551008
ADSK,2025-05-30,214580000
ADSK,2025-05-31,213944992
ADSK,2025-06-05,214776000
ADSK,2025-06-06,214044992
ADSK,2025-06-10,214412000
ADSK,2025-06-14,218638000
ADSK,2025-06-17,215710000
ADSK,2025-06-18,215148000
ADSK,2025-06-19,213944992
ADSK,2025-06-26,213944992
ADSK,2025-07-08,214216000
ADSK,2025-07-09,213944992
ADSK,2025-07-10,213944992
ADSK,2025-08-02,213944992
ADSK,2025-08-07,222846000
ADSK,2025-08-08,213944992
ADSK,2025-08-30,213944992
ADSK,2025-09-04,213000000
ADSK,2025-09-18,213000000
ADSK,2025-09-19,213000000
ADSK,2025-09-20,213244243
ADSK,2025-09-26,215228660
ADSK,2025-09-30,213562215
ADSK,2025-10-01,216493342
ADSK,2025-10-02,217823583
ADSK,2025-10-06,214342521
ADSK,2025-10-07,213000000
ADSK,2025-10-08,219264108
ADSK,2025-10-15,213958740
ADSK,2025-10-16,213000000
ADSK,2025-10-23,213000000
ADSK,2025-10-24,213000000
ADSK,2025-10-28,213000000
ADSK,2025-10-29,213000000
ADSK,2025-11-01,213000000
ADSK,2025-11-04,213000000
ADSK,2025-11-17,213944536
ADSK,2025-11-28,213000000
ADSK,2026-03-06,212000000
ADSK,2026-04-23,211000000
ADSK,2026-05-08,211145251
ADSK,2026-09-01,209000000
MCHP,2019-01-05,236510000
MCHP,2019-01-07,236510000
MCHP,2019-01-09,236510000
MCHP,2019-01-10,236510000
MCHP,2019-01-12,236510000
MCHP,2019-01-14,236510000
MCHP,2019-01-16,236510000
MCHP,2019-01-17,236510000
MCHP,2019-01-20,236510000
MCHP,2019-01-24,236510000
MCHP,2019-01-25,236510000
MCHP,2019-01-26,236510000
MCHP,2019-01-29,236510000
MCHP,2019-01-30,236510000
MCHP,2019-02-04,236510000
MCHP,2019-02-07,236510000
MCHP,2019-02-11,236968992
MCHP,2019-02-13,236968992
MCHP,2019-02-14,236968992
MCHP,2019-02-15,236968992
MCHP,2019-02-16,236968992
MCHP,2019-02-17,236968992
MCHP,2019-02-19,236968992
MCHP,2019-02-20,236968992
MCHP,2019-02-27,236968992
MCHP,2019-02-28,236968992
MCHP,2019-03-07,236968992
MCHP,2019-03-08,236968992
MCHP,2019-03-10,236968992
MCHP,2019-03-12,236968992
MCHP,2019-03-14,236968992
MCHP,2019-03-17,236968992
MCHP,2019-03-19,236968992
MCHP,2019-03-26,236968992
MCHP,2019-03-29,236968992
MCHP,2019-04-01,236968992
MCHP,2019-04-05,236968992
MCHP,2019-04-06,236968992
MCHP,2019-04-09,236968992
MCHP,2019-04-10,236968992
MCHP,2019-04-14,236968992
MCHP,2019-04-16,236968992
MCHP,2019-04-17,236968992
MCHP,2019-04-18,236968992
MCHP,2019-04-21,236968992
MCHP,2019-04-22,236968992
MCHP,2019-04-29,236968992
MCHP,2019-04-30,236968992
MCHP,2019-05-02,236968992
MCHP,2019-05-04,236968992
MCHP,2019-05-05,236968992
MCHP,2019-05-08,236968992
MCHP,2019-05-09,236968992
MCHP,2019-05-10,236968992
MCHP,2019-05-12,236968992
MCHP,2019-05-14,236968992
MCHP,2019-05-19,236968992
MCHP,2019-05-21,236968992
MCHP,2019-05-22,236968992
MCHP,2019-05-24,236968992
MCHP,2019-05-28,236968992
MCHP,2019-06-02,236968992
MCHP,2019-06-03,237926000
MCHP,2019-06-05,237926000
MCHP,2019-06-06,237926000
MCHP,2019-06-10,237927008
MCHP,2019-06-11,237927008
MCHP,2019-06-14,237927008
MCHP,2019-06-17,237927008
MCHP,2019-06-18,237927008
MCHP,2019-06-19,237927008
MCHP,2019-06-21,237926000
MCHP,2019-06-23,237926000
MCHP,2019-06-24,237927008
MCHP,2019-06-27,237927008
MCHP,2019-07-03,233604992
MCHP,2019-07-04,237927008
MCHP,2019-07-17,238035008
MCHP,2019-07-26,233767008
MCHP,2019-08-19,238044000
MCHP,2019-08-26,224756992
MCHP,2019-08-29,238044000
MCHP,2019-09-01,233396992
MCHP,2019-09-02,234044992
MCHP,2019-09-08,231344000
MCHP,2019-09-10,227024992
MCHP,2019-09-12,245372000
MCHP,2019-09-15,238044000
MCHP,2019-09-16,238044000
MCHP,2019-10-21,237076992
MCHP,2019-10-26,238044000
MCHP,2019-11-06,224946000
MCHP,2019-11-08,228119008
MCHP,2019-11-09,228392000
MCHP,2019-11-10,238978000
MCHP,2019-11-14,240024000
MCHP,2019-11-15,237784000
MCHP,2019-11-16,238978000
MCHP,2019-12-18,237148992
MCHP,2019-12-19,238978000
MCHP,2020-01-08,247894000
MCHP,2020-01-09,255012000
MCHP,2020-01-10,251787008
MCHP,2020-01-11,235955008
MCHP,2020-01-12,238978000
MCHP,2020-01-13,242344992
MCHP,2020-01-14,238978000
MCHP,2020-02-06,238978000
MCHP,2020-02-07,239472000
MCHP,2020-02-08,239538000
MCHP,2020-02-12,241111008
MCHP,2020-02-13,241386000
MCHP,2020-02-14,239538000
MCHP,2020-03-31,244696000
MCHP,2020-05-21,236227008
MCHP,2020-05-22,244696000
MCHP,2020-05-26,244696000
MCHP,2020-05-27,245332000
MCHP,2020-06-05,251988992
MCHP,2020-07-16,252450000
MCHP,2020-08-06,252452000
MCHP,2020-08-28,252452000
MCHP,2020-09-05,265606000
MCHP,2020-09-06,252452000
MCHP,2020-09-21,257730000
MCHP,2020-09-22,252452000
MCHP,2020-11-07,252452000
MCHP,2020-11-13,260376000
MCHP,2020-11-26,260376000
MCHP,2020-12-04,268846016
MCHP,2021-02-06,269262016
MCHP,2021-02-08,269262016
MCHP,2021-03-17,269262016
MCHP,2021-03-18,269262016
MCHP,2021-04-23,275096992
MCHP,2021-04-24,266283008
MCHP,2021-04-27,269262016
MCHP,2021-05-20,273531008
MCHP,2021-06-26,274175008
MCHP,2021-06-28,273531008
MCHP,2021-07-22,274040000
MCHP,2021-08-05,274040000
MCHP,2021-10-16,548080000
MCHP,2021-10-18,548080000
MCHP,2021-11-07,554870976
MCHP,2021-11-09,554870976
MCHP,2021-11-20,559099008
MCHP,2021-11-21,554870976
MCHP,2021-12-03,556385984
MCHP,2021-12-04,554870976
MCHP,2021-12-09,564718016
MCHP,2021-12-10,554870976
MCHP,2022-02-07,555990976
MCHP,2022-02-12,555990976
MCHP,2022-03-04,561628032
MCHP,2022-03-05,555990976
MCHP,2022-03-15,563417024
MCHP,2022-03-16,555990976
MCHP,2022-04-23,555990976
MCHP,2022-05-24,554500992
MCHP,2022-07-20,552483968
MCHP,2022-07-29,558284992
MCHP,2022-07-30,552483968
MCHP,2022-08-25,557321984
MCHP,2022-08-26,552483968
MCHP,2022-09-01,552483968
MCHP,2022-09-03,556166976
MCHP,2022-09-09,552483968
MCHP,2022-09-10,542417984
MCHP,2022-09-12,552483968
MCHP,2022-09-13,552483968
MCHP,2022-09-16,552483968
MCHP,2022-09-20,552483968
MCHP,2022-09-21,552483968
MCHP,2022-09-23,552483968
MCHP,2022-10-07,552483968
MCHP,2022-10-12,552483968
MCHP,2022-10-14,552483968
MCHP,2022-10-15,552483968
MCHP,2022-10-18,552483968
MCHP,2022-10-19,552483968
MCHP,2022-10-21,553043968
MCHP,2022-10-22,552483968
MCHP,2022-11-09,550009024
MCHP,2023-02-07,547795968
MCHP,2023-03-07,547795968
MCHP,2023-03-18,558248000
MCHP,2023-03-22,547795968
MCHP,2023-03-30,568972992
MCHP,2023-04-01,547795968
MCHP,2023-04-04,554948992
MCHP,2023-04-06,562400000
MCHP,2023-04-07,547795968
MCHP,2023-04-25,551148032
MCHP,2023-04-26,547795968
MCHP,2023-05-06,553988992
MCHP,2023-05-08,547795968
MCHP,2023-05-12,555433984
MCHP,2023-05-15,550467968
MCHP,2023-05-17,547795968
MCHP,2023-05-30,545384000
MCHP,2023-07-12,544334016
MCHP,2023-07-19,551184000
MCHP,2023-07-20,544334016
MCHP,2023-08-22,544334016
MCHP,2023-09-01,544334016
MCHP,2023-09-04,544334016
MCHP,2023-09-07,544334016
MCHP,2023-09-20,545523968
MCHP,2023-09-21,544334016
MCHP,2023-10-20,552841024
MCHP,2023-10-25,544334016
MCHP,2023-10-26,544334016
MCHP,2023-10-31,544334016
MCHP,2023-11-02,544334016
MCHP,2023-11-03,544334016
MCHP,2023-11-04,544334016
MCHP,2023-11-07,541044992
MCHP,2023-11-08,541044992
MCHP,2023-11-10,541044992
MCHP,2023-11-15,541044992
MCHP,2023-11-17,541044992
MCHP,2023-11-23,541044992
MCHP,2023-12-02,541044992
MCHP,2023-12-05,541044992
MCHP,2023-12-06,541044992
MCHP,2023-12-08,541044992
MCHP,2023-12-09,541044992
MCHP,2023-12-12,541044992
MCHP,2023-12-13,541044992
MCHP,2023-12-14,541044992
MCHP,2023-12-16,541044992
MCHP,2023-12-19,541044992
MCHP,2023-12-22,541044992
MCHP,2023-12-26,541044992
MCHP,2023-12-27,541044992
MCHP,2023-12-28,541044992
MCHP,2023-12-29,541044992
MCHP,2023-12-30,541044992
MCHP,2024-01-05,548766016
MCHP,2024-01-06,541044992
MCHP,2024-01-09,541044992
MCHP,2024-01-10,541044992
MCHP,2024-01-12,541044992
MCHP,2024-01-13,541044992
MCHP,2024-01-17,541044992
MCHP,2024-01-18,541044992
MCHP,2024-01-19,541044992
MCHP,2024-01-20,541044992
MCHP,2024-01-23,541044992
MCHP,2024-01-24,541044992
MCHP,2024-01-25,549588992
MCHP,2024-01-26,541044992
MCHP,2024-01-27,558038976
MCHP,2024-01-30,555992000
MCHP,2024-01-31,541044992
MCHP,2024-02-01,541044992
MCHP,2024-02-03,549171968
MCHP,2024-02-06,540387968
MCHP,2024-02-07,540387968
MCHP,2024-02-15,540387968
MCHP,2024-02-16,540387968
MCHP,2024-02-17,540387968
MCHP,2024-02-23,540387968
MCHP,2024-02-28,540387968
MCHP,2024-03-01,540387968
MCHP,2024-03-05,540387968
MCHP,2024-03-07,540387968
MCHP,2024-03-12,540387968
MCHP,2024-03-13,540387968
MCHP,2024-03-15,540387968
MCHP,2024-03-16,542460992
MCHP,2024-03-19,540387968
MCHP,2024-03-21,540387968
MCHP,2024-03-22,540387968
MCHP,2024-03-26,549286976
MCHP,2024-03-27,540387968
MCHP,2024-03-30,540387968
MCHP,2024-04-02,540387968
MCHP,2024-04-04,540387968
MCHP,2024-04-05,540387968
MCHP,2024-04-06,540387968
MCHP,2024-04-09,540387968
MCHP,2024-04-10,540387968
MCHP,2024-04-12,540387968
MCHP,2024-04-13,540387968
MCHP,2024-04-16,540387968
MCHP,2024-04-17,540387968
MCHP,2024-04-19,540387968
MCHP,2024-04-23,540387968
MCHP,2024-04-24,540387968
MCHP,2024-04-30,542824000
MCHP,2024-05-01,540387968
MCHP,2024-05-02,540387968
MCHP,2024-05-04,540387968
MCHP,2024-05-06,540387968
MCHP,2024-05-08,540387968
MCHP,2024-05-10,543401024
MCHP,2024-05-11,540387968
MCHP,2024-05-14,540387968
MCHP,2024-05-16,540387968
MCHP,2024-05-17,540387968
MCHP,2024-05-18,540387968
MCHP,2024-05-21,544225024
MCHP,2024-05-22,540387968
MCHP,2024-05-24,547820992
MCHP,2024-05-25,536886016
MCHP,2024-05-29,536886016
MCHP,2024-05-31,536886016
MCHP,2024-06-01,536886016
MCHP,2024-06-04,536886016
MCHP,2024-06-05,536886016
MCHP,2024-06-06,536886016
MCHP,2024-06-07,536886016
MCHP,2024-06-12,541363008
MCHP,2024-06-13,536886016
MCHP,2024-06-15,536886016
MCHP,2024-06-19,536886016
MCHP,2024-06-21,563699008
MCHP,2024-06-25,536886016
MCHP,2024-06-27,536886016
MCHP,2024-06-28,540488000
MCHP,2024-07-02,536886016
MCHP,2024-07-03,536886016
MCHP,2024-07-06,536886016
MCHP,2024-07-10,536504992
MCHP,2024-07-18,556035008
MCHP,2024-07-24,556897984
MCHP,2024-08-03,536504992
MCHP,2024-08-06,536504992
MCHP,2024-08-07,536504992
MCHP,2024-08-08,536504992
MCHP,2024-08-09,536504992
MCHP,2024-08-10,536504992
MCHP,2024-08-13,536504992
MCHP,2024-08-14,536504992
MCHP,2024-08-16,536504992
MCHP,2024-08-17,539756992
MCHP,2024-08-21,536504992
MCHP,2024-08-22,536504992
MCHP,2024-08-24,536504992
MCHP,2024-08-27,546392000
MCHP,2024-08-28,536504992
MCHP,2024-08-29,536504992
MCHP,2024-08-30,536504992
MCHP,2024-08-31,536504992
MCHP,2024-09-03,536504992
MCHP,2024-09-04,536504992
MCHP,2024-09-05,536504992
MCHP,2024-09-06,536504992
MCHP,2024-09-07,536504992
MCHP,2024-09-10,536504992
MCHP,2024-09-11,536504992
MCHP,2024-09-12,536504992
MCHP,2024-09-16,540825024
MCHP,2024-09-17,536504992
MCHP,2024-09-19,536504992
MCHP,2024-09-20,536504992
MCHP,2024-09-21,536504992
MCHP,2024-09-24,536504992
MCHP,2024-09-26,536504992
MCHP,2024-09-27,536504992
MCHP,2024-09-28,536504992
MCHP,2024-10-02,536504992
MCHP,2024-10-04,542680000
MCHP,2024-10-08,536504992
MCHP,2024-10-09,536504992
MCHP,2024-10-10,536504992
MCHP,2024-10-11,536504992
MCHP,2024-10-16,536719008
MCHP,2024-10-17,536504992
MCHP,2024-10-18,541382976
MCHP,2024-10-19,536504992
MCHP,2024-10-22,536504992
MCHP,2024-10-23,536504992
MCHP,2024-10-24,536504992
MCHP,2024-10-25,536504992
MCHP,2024-10-29,536504992
MCHP,2024-10-31,536504992
MCHP,2024-11-01,552665024
MCHP,2024-11-05,536504992
MCHP,2024-11-06,537009984
MCHP,2024-11-07,537009984
MCHP,2024-11-08,537009984
MCHP,2024-11-13,537009984
MCHP,2024-11-16,537009984
MCHP,2024-11-20,537009984
MCHP,2024-11-21,537009984
MCHP,2024-11-26,537009984
MCHP,2024-11-30,537009984
MCHP,2024-12-03,537009984
MCHP,2024-12-04,577414976
MCHP,2024-12-05,537009984
MCHP,2024-12-06,537009984
MCHP,2024-12-11,537009984
MCHP,2024-12-12,537009984
MCHP,2024-12-13,537185024
MCHP,2024-12-14,537009984
MCHP,2024-12-17,537009984
MCHP,2024-12-21,537009984
MCHP,2024-12-24,537009984
MCHP,2024-12-25,537009984
MCHP,2024-12-27,537009984
MCHP,2024-12-31,537009984
MCHP,2025-01-01,537009984
MCHP,2025-01-07,537009984
MCHP,2025-01-11,537009984
MCHP,2025-01-14,537009984
MCHP,2025-01-16,537009984
MCHP,2025-01-18,537009984
MCHP,2025-01-22,537009984
MCHP,2025-01-28,537009984
MCHP,2025-01-30,537009984
MCHP,2025-02-04,537009984
MCHP,2025-02-05,537009984
MCHP,2025-02-07,537009984
MCHP,2025-02-08,537819008
MCHP,2025-02-13,537819008
MCHP,2025-02-15,537819008
MCHP,2025-02-20,537819008
MCHP,2025-02-25,537819008
MCHP,2025-02-26,537819008
MCHP,2025-02-27,537819008
MCHP,2025-03-04,546264000
MCHP,2025-03-06,537819008
MCHP,2025-03-07,537819008
MCHP,2025-03-08,537819008
MCHP,2025-03-10,601411008
MCHP,2025-03-11,537819008
MCHP,2025-03-12,537819008
MCHP,2025-03-13,537819008
MCHP,2025-03-15,537819008
MCHP,2025-03-20,537819008
MCHP,2025-03-22,537819008
MCHP,2025-03-25,537819008
MCHP,2025-03-26,553534016
MCHP,2025-03-27,539777984
MCHP,2025-03-28,537819008
MCHP,2025-03-29,537819008
MCHP,2025-04-01,537819008
MCHP,2025-04-02,537819008
MCHP,2025-04-03,537819008
MCHP,2025-04-04,537819008
MCHP,2025-04-05,537819008
MCHP,2025-04-10,622212992
MCHP,2025-04-11,537819008
MCHP,2025-04-16,537819008
MCHP,2025-04-17,537819008
MCHP,2025-04-18,537819008
MCHP,2025-04-22,537819008
MCHP,2025-04-26,540457024
MCHP,2025-04-29,537819008
MCHP,2025-04-30,550585024
MCHP,2025-05-01,537819008
MCHP,2025-05-07,537819008
MCHP,2025-05-10,537819008
MCHP,2025-05-24,539398976
MCHP,2025-05-27,539398976
MCHP,2025-05-29,539398976
MCHP,2025-05-30,540049984
MCHP,2025-05-31,539398976
MCHP,2025-06-03,539398976
MCHP,2025-06-04,539398976
MCHP,2025-06-05,539398976
MCHP,2025-06-06,541913024
MCHP,2025-06-07,539398976
MCHP,2025-06-10,539398976
MCHP,2025-06-12,539398976
MCHP,2025-06-14,539398976
MCHP,2025-06-16,539398976
MCHP,2025-06-17,543384000
MCHP,2025-06-18,539398976
MCHP,2025-06-19,539398976
MCHP,2025-06-26,539398976
MCHP,2025-06-27,539398976
MCHP,2025-06-28,541619008
MCHP,2025-07-01,539398976
MCHP,2025-07-04,539398976
MCHP,2025-07-08,539398976
MCHP,2025-07-09,539675008
MCHP,2025-07-10,539675008
MCHP,2025-07-11,543438016
MCHP,2025-07-12,539675008
MCHP,2025-07-15,539675008
MCHP,2025-07-17,539675008
MCHP,2025-07-22,539675008
MCHP,2025-07-23,539675008
MCHP,2025-07-24,539675008
MCHP,2025-07-26,539675008
MCHP,2025-07-29,539675008
MCHP,2025-08-02,549678016
MCHP,2025-08-05,539675008
MCHP,2025-08-06,539675008
MCHP,2025-08-07,547504000
MCHP,2025-08-09,539680000
MCHP,2025-08-12,539680000
MCHP,2025-08-14,539680000
MCHP,2025-08-16,539680000
MCHP,2025-08-23,539680000
MCHP,2025-08-26,539680000
MCHP,2025-08-30,539680000
MCHP,2025-09-04,539680000
MCHP,2025-09-05,539680000
MCHP,2025-09-09,539680000
MCHP,2025-09-10,539680000
MCHP,2025-09-12,539680000
MCHP,2025-09-13,539680000
MCHP,2025-09-16,539680000
MCHP,2025-09-17,539679667
MCHP,2025-09-20,539679667
MCHP,2025-09-23,539679667
MCHP,2025-09-26,539679667
MCHP,2025-09-30,542627816
MCHP,2025-10-01,541360388
MCHP,2025-10-02,542289255
MCHP,2025-10-03,539679667
MCHP,2025-10-06,539679667
MCHP,2025-10-07,539679667
MCHP,2025-10-08,539679667
MCHP,2025-10-09,539679667
MCHP,2025-10-11,539679667
MCHP,2025-10-18,541461061
MCHP,2025-10-23,539679667
MCHP,2025-10-24,556082785
MCHP,2025-10-25,539679667
MCHP,2025-10-28,539679667
MCHP,2025-10-30,539679667
MCHP,2025-10-31,539679667
MCHP,2025-11-01,539679667
MCHP,2025-11-05,539679667
MCHP,2025-11-07,539679667
MCHP,2025-11-08,540446834
MCHP,2025-11-12,540446834
MCHP,2025-11-14,540446834
MCHP,2025-11-15,553887266
MCHP,2025-11-17,540446834
MCHP,2026-02-07,541135458
MCHP,2026-05-23,542079281
MCHP,2026-07-08,543008370
MCHP,2026-08-08,543008691
AMZN,2019-01-05,488968992
AMZN,2019-01-07,488968992
AMZN,2019-01-09,488968992
AMZN,2019-01-10,488968992
AMZN,2019-01-12,488968992
AMZN,2019-01-14,488968992
AMZN,2019-01-16,488968992
AMZN,2019-01-20,488968992
AMZN,2019-01-22,488968992
AMZN,2019-01-24,488968992
AMZN,2019-01-25,488968992
AMZN,2019-01-26,488968992
AMZN,2019-01-28,488968992
AMZN,2019-01-29,488968992
AMZN,2019-01-30,488968992
AMZN,2019-02-04,491203008
AMZN,2019-02-05,491203008
AMZN,2019-02-07,491203008
AMZN,2019-02-11,491203008
AMZN,2019-02-13,491203008
AMZN,2019-02-14,491203008
AMZN,2019-02-15,491203008
AMZN,2019-02-16,491203008
AMZN,2019-02-17,491203008
AMZN,2019-02-19,491203008
AMZN,2019-02-20,491203008
AMZN,2019-02-26,491203008
AMZN,2019-02-28,491203008
AMZN,2019-03-02,491203008
AMZN,2019-03-07,491203008
AMZN,2019-03-08,491203008
AMZN,2019-03-10,491203008
AMZN,2019-03-12,491203008
AMZN,2019-03-14,491203008
AMZN,2019-03-15,491203008
AMZN,2019-03-17,491203008
AMZN,2019-03-18,491203008
AMZN,2019-03-26,491203008
AMZN,2019-03-27,491203008
AMZN,2019-03-29,491203008
AMZN,2019-03-30,491203008
AMZN,2019-04-01,491203008
AMZN,2019-04-03,491203008
AMZN,2019-04-04,491203008
AMZN,2019-04-05,491203008
AMZN,2019-04-06,491203008
AMZN,2019-04-09,491203008
AMZN,2019-04-14,492052992
AMZN,2019-04-15,492052992
AMZN,2019-04-17,492052992
AMZN,2019-04-19,492052992
AMZN,2019-04-21,492052992
AMZN,2019-04-29,492332000
AMZN,2019-05-02,492332000
AMZN,2019-05-03,492332000
AMZN,2019-05-05,492332000
AMZN,2019-05-06,492332000
AMZN,2019-05-09,492332000
AMZN,2019-05-12,492332000
AMZN,2019-05-13,492332000
AMZN,2019-05-19,492332000
AMZN,2019-05-20,492332000
AMZN,2019-05-22,492332000
AMZN,2019-05-24,492332000
AMZN,2019-05-28,492332000
AMZN,2019-06-01,492332000
AMZN,2019-06-03,492332000
AMZN,2019-06-05,492332000
AMZN,2019-06-07,492332000
AMZN,2019-06-10,492332000
AMZN,2019-06-11,492332000
AMZN,2019-06-17,492332000
AMZN,2019-06-18,492332000
AMZN,2019-06-19,492332000
AMZN,2019-06-20,492332000
AMZN,2019-06-21,492332000
AMZN,2019-06-22,492332000
AMZN,2019-06-23,492332000
AMZN,2019-06-24,492332000
AMZN,2019-06-27,492332000
AMZN,2019-07-03,495436000
AMZN,2019-07-04,492332000
AMZN,2019-07-05,491140992
AMZN,2019-07-06,492332000
AMZN,2019-07-11,499540000
AMZN,2019-07-12,488344000
AMZN,2019-07-13,492332000
AMZN,2019-07-29,494000000
AMZN,2019-07-30,494656000
AMZN,2019-08-08,502577984
AMZN,2019-08-09,505548000
AMZN,2019-08-10,494656000
AMZN,2019-08-30,488523008
AMZN,2019-09-02,491303008
AMZN,2019-09-05,494656000
AMZN,2019-09-07,477342016
AMZN,2019-09-09,479219008
AMZN,2019-09-11,482630016
AMZN,2019-09-12,495319008
AMZN,2019-09-20,495756000
AMZN,2019-09-21,494656000
AMZN,2019-10-04,491446016
AMZN,2019-10-08,492304000
AMZN,2019-10-09,494656000
AMZN,2019-10-21,486361984
AMZN,2019-10-22,494656000
AMZN,2019-10-29,495796992
AMZN,2019-11-05,491707008
AMZN,2019-11-07,492164992
AMZN,2019-11-08,491275008
AMZN,2019-11-09,495796992
AMZN,2019-11-14,488856992
AMZN,2019-11-15,496219008
AMZN,2019-11-16,495796992
AMZN,2019-12-18,501808000
AMZN,2019-12-19,495796992
AMZN,2020-01-07,501889984
AMZN,2020-01-09,494528000
AMZN,2020-01-12,491926016
AMZN,2020-01-13,495796992
AMZN,2020-02-03,498000000
AMZN,2020-02-04,497809984
AMZN,2020-02-07,500339008
AMZN,2020-02-08,497809984
AMZN,2020-02-12,501751008
AMZN,2020-02-13,497809984
AMZN,2020-03-05,480969984
AMZN,2020-03-06,497809984
AMZN,2020-04-21,497809984
AMZN,2020-05-04,498524992
AMZN,2020-05-05,498776000
AMZN,2020-05-21,489070016
AMZN,2020-05-22,498776000
AMZN,2020-08-03,501000000
AMZN,2020-08-04,500889984
AMZN,2020-08-28,500889984
AMZN,2020-09-05,525198016
AMZN,2020-09-06,500889984
AMZN,2020-09-21,510012992
AMZN,2020-09-22,500889984
AMZN,2020-11-03,501751008
AMZN,2020-11-26,501751008
AMZN,2021-02-04,503564992
AMZN,2021-02-19,503564992
AMZN,2021-03-17,503564992
AMZN,2021-03-18,503564992
AMZN,2021-04-16,504116992
AMZN,2021-04-23,512188000
AMZN,2021-04-24,507307008
AMZN,2021-04-28,504116992
AMZN,2021-05-04,504324000
AMZN,2021-05-25,497809984
AMZN,2021-08-01,506440992
AMZN,2021-08-02,504324000
AMZN,2021-08-05,506440992
AMZN,2021-10-21,510753984
AMZN,2021-10-30,507000000
AMZN,2021-11-02,507148000
AMZN,2022-02-06,508844000
AMZN,2022-02-07,508844000
AMZN,2022-02-11,508844000
AMZN,2022-03-15,522015008
AMZN,2022-03-16,508844000
AMZN,2022-04-12,520086016
AMZN,2022-04-13,508844000
AMZN,2022-04-19,508540000
AMZN,2022-04-30,591665984
AMZN,2022-05-01,508540000
AMZN,2022-05-03,508720000
AMZN,2022-05-05,508720000
AMZN,2022-05-07,515964992
AMZN,2022-06-06,10174400512
AMZN,2022-07-30,10187599872
AMZN,2022-08-05,10187599872
AMZN,2022-09-02,10187599872
AMZN,2022-10-04,9934359552
AMZN,2022-10-05,10187599872
AMZN,2022-10-07,10242599936
AMZN,2022-10-08,10187599872
AMZN,2022-10-30,10201700352
AMZN,2022-11-05,10201700352
AMZN,2022-11-18,10445800448
AMZN,2022-11-19,10201700352
AMZN,2023-02-08,10247300096
AMZN,2023-03-18,10360099840
AMZN,2023-03-21,10247300096
AMZN,2023-03-25,10307800064
AMZN,2023-03-26,10247300096
AMZN,2023-03-30,10564500480
AMZN,2023-04-01,10247300096
AMZN,2023-04-04,10335299584
AMZN,2023-04-05,10401399808
AMZN,2023-04-06,10536099840
AMZN,2023-04-07,10247300096
AMZN,2023-04-15,10257999872
AMZN,2023-04-29,10257999872
AMZN,2023-05-03,10260400128
AMZN,2023-06-10,10328500224
AMZN,2023-06-12,10260400128
AMZN,2023-07-12,10393499648
AMZN,2023-07-13,10260400128
AMZN,2023-08-22,10317800448
AMZN,2023-09-08,10317800448
AMZN,2023-10-11,10317800448
AMZN,2023-10-12,10317800448
AMZN,2023-10-13,10317800448
AMZN,2023-10-14,10317800448
AMZN,2023-10-17,10402499584
AMZN,2023-10-18,10317800448
AMZN,2023-10-19,10586699776
AMZN,2023-10-20,10317800448
AMZN,2023-10-22,10317800448
AMZN,2023-10-24,10317800448
AMZN,2023-10-25,10317800448
AMZN,2023-10-26,10317800448
AMZN,2023-10-27,10330000384
AMZN,2023-10-28,10334000128
AMZN,2023-10-29,10334000128
AMZN,2023-10-31,10334000128
AMZN,2023-11-04,10334000128
AMZN,2023-11-07,10334000128
AMZN,2023-11-09,10334000128
AMZN,2023-11-11,10334000128
AMZN,2023-11-14,10334000128
AMZN,2023-11-18,10334000128
AMZN,2023-11-21,10334000128
AMZN,2023-11-22,10334000128
AMZN,2023-11-25,10334000128
AMZN,2023-12-03,10334699520
AMZN,2023-12-05,10334000128
AMZN,2023-12-06,10334000128
AMZN,2023-12-09,10334000128
AMZN,2023-12-12,10334000128
AMZN,2023-12-13,10334000128
AMZN,2023-12-15,10432199680
AMZN,2023-12-16,10334000128
AMZN,2023-12-21,10334000128
AMZN,2023-12-22,10334000128
AMZN,2023-12-23,10362300416
AMZN,2023-12-26,10334000128
AMZN,2023-12-29,10334000128
AMZN,2024-01-05,10334000128
AMZN,2024-01-06,10381899776
AMZN,2024-01-12,10334000128
AMZN,2024-01-13,10334000128
AMZN,2024-01-16,10334000128
AMZN,2024-01-17,10334000128
AMZN,2024-01-18,10334000128
AMZN,2024-01-24,10334000128
AMZN,2024-01-26,10334000128
AMZN,2024-02-03,10387399680
AMZN,2024-02-06,10387399680
AMZN,2024-02-07,10387399680
AMZN,2024-02-08,10387399680
AMZN,2024-02-09,10428999680
AMZN,2024-02-13,10387399680
AMZN,2024-02-15,10387399680
AMZN,2024-02-16,10387399680
AMZN,2024-02-20,10387399680
AMZN,2024-02-23,10387399680
AMZN,2024-02-24,10387399680
AMZN,2024-02-28,10387399680
AMZN,2024-03-02,10387399680
AMZN,2024-03-05,10428300288
AMZN,2024-03-06,10387399680
AMZN,2024-03-12,10591500288
AMZN,2024-03-15,10387399680
AMZN,2024-03-16,10387399680
AMZN,2024-03-19,10387399680
AMZN,2024-03-22,10387399680
AMZN,2024-03-26,10460099584
AMZN,2024-03-27,10387399680
AMZN,2024-03-28,10387399680
AMZN,2024-03-29,10387399680
AMZN,2024-04-02,10387399680
AMZN,2024-04-03,10387399680
AMZN,2024-04-04,10387399680
AMZN,2024-04-06,10387399680
AMZN,2024-04-09,10387399680
AMZN,2024-04-10,10387399680
AMZN,2024-04-11,10387399680
AMZN,2024-04-12,10564200448
AMZN,2024-04-13,10402700288
AMZN,2024-04-16,10402700288
AMZN,2024-04-17,10402700288
AMZN,2024-04-19,10402700288
AMZN,2024-04-25,10577699840
AMZN,2024-04-26,10402700288
AMZN,2024-04-27,10402700288
AMZN,2024-04-30,10402700288
AMZN,2024-05-01,10403000320
AMZN,2024-05-02,10406599680
AMZN,2024-05-03,10406599680
AMZN,2024-05-04,10406599680
AMZN,2024-05-07,10406599680
AMZN,2024-05-09,10406599680
AMZN,2024-05-10,10406599680
AMZN,2024-05-11,10518800384
AMZN,2024-05-14,10406599680
AMZN,2024-05-15,10406599680
AMZN,2024-05-16,10406599680
AMZN,2024-05-17,10406599680
AMZN,2024-05-18,10406599680
AMZN,2024-05-21,10428800000
AMZN,2024-05-22,10406599680
AMZN,2024-05-23,10407799808
AMZN,2024-05-24,10406599680
AMZN,2024-05-25,10406599680
AMZN,2024-05-31,10567400448
AMZN,2024-06-04,10406599680
AMZN,2024-06-08,10406599680
AMZN,2024-06-12,10406599680
AMZN,2024-06-13,10406599680
AMZN,2024-06-15,10416300032
AMZN,2024-06-19,10406599680
AMZN,2024-06-21,10406599680
AMZN,2024-06-27,10406599680
AMZN,2024-06-28,10406599680
AMZN,2024-07-02,10406599680
AMZN,2024-07-04,10406599680
AMZN,2024-07-06,10406599680
AMZN,2024-07-11,10406599680
AMZN,2024-07-13,10406599680
AMZN,2024-07-16,10406599680
AMZN,2024-07-18,10690799616
AMZN,2024-07-19,10441900032
AMZN,2024-07-20,10406599680
AMZN,2024-07-23,10406599680
AMZN,2024-07-25,10463299584
AMZN,2024-07-26,10406599680
AMZN,2024-07-30,10406599680
AMZN,2024-07-31,10406599680
AMZN,2024-08-01,10406599680
AMZN,2024-08-02,10490000384
AMZN,2024-08-03,10495599616
AMZN,2024-08-09,10495599616
AMZN,2024-08-10,10495599616
AMZN,2024-08-13,10504399872
AMZN,2024-08-15,10495599616
AMZN,2024-08-17,10495599616
AMZN,2024-08-21,10495599616
AMZN,2024-08-22,10495599616
AMZN,2024-08-23,10495599616
AMZN,2024-08-27,10587700224
AMZN,2024-08-30,10495599616
AMZN,2024-08-31,10495599616
AMZN,2024-09-04,10495599616
AMZN,2024-09-05,10495599616
AMZN,2024-09-06,10495599616
AMZN,2024-09-07,10495599616
AMZN,2024-09-11,10495599616
AMZN,2024-09-12,10495599616
AMZN,2024-09-13,10495599616
AMZN,2024-09-17,10586399744
AMZN,2024-09-19,10495599616
AMZN,2024-09-20,10495599616
AMZN,2024-09-21,10495599616
AMZN,2024-09-24,10495599616
AMZN,2024-09-26,10495599616
AMZN,2024-09-30,10587899904
AMZN,2024-10-01,10495599616
AMZN,2024-10-04,10495599616
AMZN,2024-10-08,10495599616
AMZN,2024-10-09,10495599616
AMZN,2024-10-10,10495599616
AMZN,2024-10-12,10495599616
AMZN,2024-10-15,10563300352
AMZN,2024-10-16,10495599616
AMZN,2024-10-17,10495599616
AMZN,2024-10-18,10531500032
AMZN,2024-10-19,10495599616
AMZN,2024-10-22,10495599616
AMZN,2024-10-24,10495599616
AMZN,2024-10-29,10495599616
AMZN,2024-10-30,10495599616
AMZN,2024-10-31,10495599616
AMZN,2024-11-01,10495599616
AMZN,2024-11-02,10515000320
AMZN,2024-11-05,10515000320
AMZN,2024-11-07,10515000320
AMZN,2024-11-08,10515000320
AMZN,2024-11-12,10515000320
AMZN,2024-11-13,10515000320
AMZN,2024-11-14,10515000320
AMZN,2024-11-16,10515000320
AMZN,2024-11-19,10562499584
AMZN,2024-11-20,10515000320
AMZN,2024-11-21,10515000320
AMZN,2024-11-23,10515000320
AMZN,2024-11-30,10515000320
AMZN,2024-12-03,10515000320
AMZN,2024-12-04,10515000320
AMZN,2024-12-05,10515000320
AMZN,2024-12-10,10515000320
AMZN,2024-12-11,10515000320
AMZN,2024-12-13,10574300160
AMZN,2024-12-14,10515000320
AMZN,2024-12-17,10515000320
AMZN,2025-01-03,10515000320
AMZN,2025-01-04,10515000320
AMZN,2025-01-07,10515000320
AMZN,2025-01-09,10515000320
AMZN,2025-01-11,10515000320
AMZN,2025-01-15,10515000320
AMZN,2025-01-16,10515000320
AMZN,2025-01-17,10515000320
AMZN,2025-01-18,10515000320
AMZN,2025-01-22,10515000320
AMZN,2025-01-23,10515000320
AMZN,2025-01-25,10515000320
AMZN,2025-01-28,10515000320
AMZN,2025-01-30,10515000320
AMZN,2025-01-31,10515000320
AMZN,2025-02-07,10515000320
AMZN,2025-02-08,10959200256
AMZN,2025-02-11,10597699584
AMZN,2025-02-12,10597699584
AMZN,2025-02-13,10775000064
AMZN,2025-02-19,10597699584
AMZN,2025-02-22,10597699584
AMZN,2025-02-25,10597699584
AMZN,2025-02-27,10597699584
AMZN,2025-03-01,10597699584
AMZN,2025-03-04,10972999680
AMZN,2025-03-05,10597699584
AMZN,2025-03-07,10597699584
AMZN,2025-03-11,10854299648
AMZN,2025-03-12,10597699584
AMZN,2025-03-13,10597699584
AMZN,2025-03-19,10597699584
AMZN,2025-03-22,10597699584
AMZN,2025-03-27,10597699584
AMZN,2025-03-28,10597699584
AMZN,2025-03-29,10597699584
AMZN,2025-04-01,10597699584
AMZN,2025-04-04,10597699584
AMZN,2025-04-08,10597699584
AMZN,2025-04-09,10597699584
AMZN,2025-04-10,11175499776
AMZN,2025-04-11,10612400128
AMZN,2025-04-14,10772599808
AMZN,2025-04-15,10612400128
AMZN,2025-04-16,10612400128
AMZN,2025-04-22,10947900416
AMZN,2025-04-23,10612400128
AMZN,2025-04-29,10612400128
AMZN,2025-05-01,10612400128
AMZN,2025-05-02,10612400128
AMZN,2025-05-03,10616399872
AMZN,2025-05-06,10616399872
AMZN,2025-05-07,10616399872
AMZN,2025-05-08,10616399872
AMZN,2025-05-10,10616399872
AMZN,2025-05-14,10616399872
AMZN,2025-05-15,10879200256
AMZN,2025-05-16,10616399872
AMZN,2025-05-22,10616399872
AMZN,2025-05-28,10616399872
AMZN,2025-05-29,10616399872
AMZN,2025-05-30,10616399872
AMZN,2025-05-31,10616399872
AMZN,2025-06-03,10616399872
AMZN,2025-06-06,10616399872
AMZN,2025-06-07,10616399872
AMZN,2025-06-10,10616399872
AMZN,2025-06-11,10616399872
AMZN,2025-06-13,10616399872
AMZN,2025-06-17,10616399872
AMZN,2025-06-18,10616399872
AMZN,2025-06-19,10616399872
AMZN,2025-06-24,10616399872
AMZN,2025-06-26,10616399872
AMZN,2025-06-27,10616399872
AMZN,2025-06-28,10616399872
AMZN,2025-07-01,10616399872
AMZN,2025-07-02,10616399872
AMZN,2025-07-04,10616399872
AMZN,2025-07-08,10616399872
AMZN,2025-07-09,10616399872
AMZN,2025-07-10,10616399872
AMZN,2025-07-11,10616399872
AMZN,2025-07-15,10616399872
AMZN,2025-07-16,10616399872
AMZN,2025-07-19,10616399872
AMZN,2025-07-22,10616399872
AMZN,2025-07-25,10616399872
AMZN,2025-07-26,10616399872
AMZN,2025-07-29,10616399872
AMZN,2025-07-30,10616399872
AMZN,2025-08-01,10616399872
AMZN,2025-08-02,10664899584
AMZN,2025-08-05,10664899584
AMZN,2025-08-06,10664899584
AMZN,2025-08-07,10664899584
AMZN,2025-08-08,10664899584
AMZN,2025-08-12,10664899584
AMZN,2025-08-13,10664899584
AMZN,2025-08-14,10664899584
AMZN,2025-08-16,10664899584
AMZN,2025-08-22,10664899584
AMZN,2025-08-27,10664899584
AMZN,2025-08-29,10664899584
AMZN,2025-09-03,10664899584
AMZN,2025-09-04,10664899584
AMZN,2025-09-05,10664899584
AMZN,2025-09-06,10664899584
AMZN,2025-09-12,10664899584
AMZN,2025-09-13,10664899584
AMZN,2025-09-16,10664899584
AMZN,2025-09-17,10664912097
AMZN,2025-09-18,10664912097
AMZN,2025-09-20,10664912097
AMZN,2025-09-23,10845292150
AMZN,2025-09-24,10664912097
AMZN,2025-09-25,10664912097
AMZN,2025-09-26,10664912097
AMZN,2025-09-30,10664912097
AMZN,2025-10-01,10675112177
AMZN,2025-10-02,10664912097
AMZN,2025-10-03,10664912097
AMZN,2025-10-06,10805808845
AMZN,2025-10-07,10664912097
AMZN,2025-10-08,10664912097
AMZN,2025-10-09,10664912097
AMZN,2025-10-10,10664912097
AMZN,2025-10-15,10846283124
AMZN,2025-10-16,10664912097
AMZN,2025-10-17,10664912097
AMZN,2025-10-18,10664912097
AMZN,2025-10-20,10664912097
AMZN,2025-10-24,10664912097
AMZN,2025-11-01,10690216011
AMZN,2025-11-02,10690216011
AMZN,2025-11-04,10690216011
AMZN,2025-11-05,10890882668
AMZN,2025-11-06,10690216011
AMZN,2025-11-08,10690216011
AMZN,2025-11-11,10690216011
AMZN,2025-11-15,10821856576
AMZN,2025-11-17,10690216011
AMZN,2026-02-07,10734920870
AMZN,2026-04-10,10754251799
AMZN,2026-05-05,10757109436
AMZN,2026-08-04,10786313572
AMZN,2026-08-05,10786313572
TSLA,2019-01-05,171732992
TSLA,2019-01-07,171732992
TSLA,2019-01-09,171732992
TSLA,2019-01-10,171732992
TSLA,2019-01-12,171732992
TSLA,2019-01-14,171732992
TSLA,2019-01-16,171732992
TSLA,2019-01-17,171732992
TSLA,2019-01-20,171732992
TSLA,2019-01-22,171732992
TSLA,2019-01-24,171732992
TSLA,2019-01-25,171732992
TSLA,2019-01-26,171732992
TSLA,2019-01-28,171732992
TSLA,2019-01-30,171732992
TSLA,2019-02-04,171732992
TSLA,2019-02-07,171732992
TSLA,2019-02-10,171732992
TSLA,2019-02-11,171732992
TSLA,2019-02-13,171732992
TSLA,2019-02-14,171732992
TSLA,2019-02-15,171732992
TSLA,2019-02-17,171732992
TSLA,2019-02-18,171732992
TSLA,2019-02-20,172720992
TSLA,2019-02-28,172720992
TSLA,2019-03-01,172720992
TSLA,2019-03-07,172720992
TSLA,2019-03-09,172720992
TSLA,2019-03-10,172720992
TSLA,2019-03-11,172720992
TSLA,2019-03-14,172720992
TSLA,2019-03-15,172720992
TSLA,2019-03-17,172720992
TSLA,2019-03-18,172720992
TSLA,2019-03-26,172720992
TSLA,2019-03-27,172720992
TSLA,2019-03-29,172720992
TSLA,2019-03-30,172720992
TSLA,2019-04-01,172720992
TSLA,2019-04-02,172720992
TSLA,2019-04-05,172720992
TSLA,2019-04-11,172720992
TSLA,2019-04-14,172720992
TSLA,2019-04-15,172720992
TSLA,2019-04-17,172720992
TSLA,2019-04-19,172720992
TSLA,2019-04-21,173708992
TSLA,2019-04-23,173708992
TSLA,2019-04-29,173708992
TSLA,2019-05-01,173708992
TSLA,2019-05-02,173720992
TSLA,2019-05-03,173720992
TSLA,2019-05-05,176404992
TSLA,2019-05-07,176404992
TSLA,2019-05-09,176404992
TSLA,2019-05-11,176404992
TSLA,2019-05-12,176404992
TSLA,2019-05-13,176404992
TSLA,2019-05-20,177290000
TSLA,2019-05-22,177290000
TSLA,2019-05-23,177290000
TSLA,2019-05-28,178190000
TSLA,2019-06-03,178190000
TSLA,2019-06-05,178190000
TSLA,2019-06-10,178190000
TSLA,2019-06-11,178190000
TSLA,2019-06-17,178190000
TSLA,2019-06-19,178190000
TSLA,2019-06-21,178190000
TSLA,2019-06-23,178190000
TSLA,2019-06-26,181335008
TSLA,2019-06-27,178188992
TSLA,2019-07-05,170336992
TSLA,2019-07-06,178188992
TSLA,2019-07-10,174730000
TSLA,2019-07-11,185051008
TSLA,2019-07-12,177950000
TSLA,2019-07-13,178188992
TSLA,2019-07-31,179127008
TSLA,2019-08-05,178752992
TSLA,2019-08-06,179127008
TSLA,2019-08-07,183850000
TSLA,2019-08-08,183128000
TSLA,2019-08-09,182872000
TSLA,2019-08-10,179127008
TSLA,2019-08-30,174183008
TSLA,2019-09-02,171172000
TSLA,2019-09-04,179127008
TSLA,2019-09-06,176030000
TSLA,2019-09-09,177678000
TSLA,2019-09-11,171576000
TSLA,2019-09-12,179127008
TSLA,2019-09-20,181415008
TSLA,2019-09-21,179127008
TSLA,2019-10-04,186891008
TSLA,2019-10-08,179127008
TSLA,2019-10-21,175695008
TSLA,2019-10-22,179127008
TSLA,2019-10-31,180244992
TSLA,2019-11-05,181171008
TSLA,2019-11-06,178796992
TSLA,2019-11-07,180244992
TSLA,2019-11-08,190504000
TSLA,2019-11-09,180244992
TSLA,2019-11-14,178276992
TSLA,2019-11-15,181932000
TSLA,2019-11-16,180244992
TSLA,2019-11-20,185152992
TSLA,2019-12-18,179059008
TSLA,2019-12-19,180244992
TSLA,2020-01-07,175056992
TSLA,2020-01-08,171750000
TSLA,2020-01-09,196451008
TSLA,2020-01-11,189114000
TSLA,2020-01-12,180244992
TSLA,2020-02-07,183743008
TSLA,2020-02-08,180244992
TSLA,2020-02-12,180968992
TSLA,2020-02-13,180244992
TSLA,2020-02-17,181342000
TSLA,2020-02-21,184388992
TSLA,2020-03-09,179030000
TSLA,2020-03-10,184388992
TSLA,2020-05-04,185371008
TSLA,2020-06-02,185475008
TSLA,2020-07-30,186362000
TSLA,2020-08-04,193427008
TSLA,2020-08-28,186362000
TSLA,2020-08-31,4659040256
TSLA,2020-10-22,933539968
TSLA,2020-10-27,947900992
TSLA,2020-11-26,947900992
TSLA,2021-02-09,959854016
TSLA,2021-03-17,959854016
TSLA,2021-04-14,959854016
TSLA,2021-04-23,992435968
TSLA,2021-04-25,979224000
TSLA,2021-04-27,959854016
TSLA,2021-05-01,963329984
TSLA,2021-05-03,963329984
TSLA,2021-07-29,990014976
TSLA,2021-08-28,1001769984
TSLA,2021-08-30,1001769984
TSLA,2021-10-06,1002969984
TSLA,2021-10-07,1001769984
TSLA,2021-10-26,1004259968
TSLA,2021-10-27,1004259968
TSLA,2021-12-03,1013889984
TSLA,2021-12-04,1004259968
TSLA,2022-02-04,1020630016
TSLA,2022-02-05,1004259968
TSLA,2022-02-08,1033510016
TSLA,2022-02-11,1033510016
TSLA,2022-03-04,1083500032
TSLA,2022-03-05,1033510016
TSLA,2022-03-15,1072590016
TSLA,2022-03-17,1033510016
TSLA,2022-03-28,1036860032
TSLA,2022-03-31,1033510016
TSLA,2022-04-01,1049230016
TSLA,2022-04-02,1033510016
TSLA,2022-04-29,1036009984
TSLA,2022-07-01,1036390016
TSLA,2022-07-26,1044489984
TSLA,2022-08-19,1048380032
TSLA,2022-08-20,1044489984
TSLA,2022-08-29,3133469952
TSLA,2022-09-02,3133469952
TSLA,2022-09-15,3024950016
TSLA,2022-09-16,3121710080
TSLA,2022-09-17,3133469952
TSLA,2022-10-12,3226970112
TSLA,2022-10-13,3133469952
TSLA,2022-10-26,3157750016
TSLA,2022-11-08,3324229888
TSLA,2022-11-10,3157750016
TSLA,2022-12-06,3372539904
TSLA,2022-12-07,3157750016
TSLA,2023-01-04,3598259968
TSLA,2023-01-06,3157750016
TSLA,2023-02-02,3164100096
TSLA,2023-03-16,3211770112
TSLA,2023-03-25,3164100096
TSLA,2023-03-30,3242540032
TSLA,2023-04-01,3164100096
TSLA,2023-04-04,3370909952
TSLA,2023-04-05,3164100096
TSLA,2023-04-06,3284509952
TSLA,2023-04-07,3164100096
TSLA,2023-04-08,3169309952
TSLA,2023-04-13,3169309952
TSLA,2023-04-25,3169499904
TSLA,2023-05-03,3199559936
TSLA,2023-05-04,3169499904
TSLA,2023-05-14,3180069888
TSLA,2023-05-16,3169499904
TSLA,2023-07-19,3201809920
TSLA,2023-07-20,3169499904
TSLA,2023-08-22,3173989888
TSLA,2023-10-11,3173989888
TSLA,2023-10-12,3173989888
TSLA,2023-10-13,3173989888
TSLA,2023-10-14,3173989888
TSLA,2023-10-17,3173989888
TSLA,2023-10-18,3173989888
TSLA,2023-10-19,3173989888
TSLA,2023-10-20,3173989888
TSLA,2023-10-22,3173989888
TSLA,2023-10-24,3178919936
TSLA,2023-10-26,3178919936
TSLA,2023-10-27,3178919936
TSLA,2023-10-28,3178919936
TSLA,2023-11-01,3178919936
TSLA,2023-11-14,3178919936
TSLA,2023-11-15,3178919936
TSLA,2023-11-16,3178919936
TSLA,2023-11-18,3178919936
TSLA,2023-11-21,3178919936
TSLA,2023-11-23,3178919936
TSLA,2023-11-25,3178919936
TSLA,2023-11-28,3178919936
TSLA,2023-11-29,3178919936
TSLA,2023-12-01,3178919936
TSLA,2023-12-02,3178919936
TSLA,2023-12-05,3178919936
TSLA,2023-12-13,3178919936
TSLA,2023-12-15,3178919936
TSLA,2023-12-20,3178919936
TSLA,2023-12-22,3178919936
TSLA,2023-12-23,3203589888
TSLA,2023-12-26,3178919936
TSLA,2023-12-27,3178919936
TSLA,2023-12-28,3178919936
TSLA,2023-12-30,3178919936
TSLA,2024-01-05,3178919936
TSLA,2024-01-06,3178919936
TSLA,2024-01-12,3178919936
TSLA,2024-01-13,3178919936
TSLA,2024-01-16,3178919936
TSLA,2024-01-18,3178919936
TSLA,2024-01-20,3178919936
TSLA,2024-01-26,3178919936
TSLA,2024-01-30,3184790016
TSLA,2024-02-01,3184790016
TSLA,2024-02-02,3184790016
TSLA,2024-02-03,3184790016
TSLA,2024-02-06,3184790016
TSLA,2024-02-07,3184790016
TSLA,2024-02-10,3184790016
TSLA,2024-02-13,3184790016
TSLA,2024-02-14,3184790016
TSLA,2024-02-17,3184790016
TSLA,2024-02-20,3184790016
TSLA,2024-02-21,3184790016
TSLA,2024-02-22,3184790016
TSLA,2024-02-24,3184790016
TSLA,2024-02-27,3184790016
TSLA,2024-02-29,3184790016
TSLA,2024-03-01,3184790016
TSLA,2024-03-02,3184790016
TSLA,2024-03-05,3430240000
TSLA,2024-03-07,3184790016
TSLA,2024-03-09,3184790016
TSLA,2024-03-12,3184790016
TSLA,2024-03-13,3334929920
TSLA,2024-03-14,3184790016
TSLA,2024-03-15,3184790016
TSLA,2024-03-19,3184790016
TSLA,2024-03-20,3230889984
TSLA,2024-03-23,3220960000
TSLA,2024-03-27,3184790016
TSLA,2024-04-12,3250889984
TSLA,2024-04-13,3184790016
TSLA,2024-04-16,3184790016
TSLA,2024-04-17,3273789952
TSLA,2024-04-18,3217979904
TSLA,2024-04-19,3184790016
TSLA,2024-04-20,3184790016
TSLA,2024-04-23,3184790016
TSLA,2024-04-24,3184790016
TSLA,2024-04-25,3189199872
TSLA,2024-05-01,3374390016
TSLA,2024-05-02,3189199872
TSLA,2024-05-03,3189199872
TSLA,2024-05-04,3189199872
TSLA,2024-05-07,3189199872
TSLA,2024-05-08,3189199872
TSLA,2024-05-10,3189199872
TSLA,2024-05-11,3255450112
TSLA,2024-05-14,3189199872
TSLA,2024-05-15,3189199872
TSLA,2024-05-18,3189199872
TSLA,2024-05-20,3234949888
TSLA,2024-05-21,3189199872
TSLA,2024-05-23,3304110080
TSLA,2024-05-24,3306119936
TSLA,2024-05-25,3189199872
TSLA,2024-05-29,3189199872
TSLA,2024-05-30,3189199872
TSLA,2024-05-31,3189199872
TSLA,2024-06-01,3189199872
TSLA,2024-06-05,3218579968
TSLA,2024-06-06,3189199872
TSLA,2024-06-07,3189199872
TSLA,2024-06-08,3189199872
TSLA,2024-06-11,3189199872
TSLA,2024-06-12,3189199872
TSLA,2024-06-13,3189199872
TSLA,2024-06-15,3189199872
TSLA,2024-06-18,3189199872
TSLA,2024-06-19,3189199872
TSLA,2024-06-21,3246980096
TSLA,2024-06-22,3189199872
TSLA,2024-06-26,3189199872
TSLA,2024-06-27,3189199872
TSLA,2024-06-28,3189199872
TSLA,2024-07-02,3189199872
TSLA,2024-07-03,3189199872
TSLA,2024-07-06,3189199872
TSLA,2024-07-10,3189199872
TSLA,2024-07-17,3189199872
TSLA,2024-07-18,3292770048
TSLA,2024-07-19,3322919936
TSLA,2024-07-20,3189199872
TSLA,2024-07-24,3189199872
TSLA,2024-07-25,3194639872
TSLA,2024-07-30,3194639872
TSLA,2024-07-31,3329779968
TSLA,2024-08-01,3194639872
TSLA,2024-08-07,3194639872
TSLA,2024-08-08,3194639872
TSLA,2024-08-09,3194639872
TSLA,2024-08-10,3194639872
TSLA,2024-08-13,3235239936
TSLA,2024-08-15,3194639872
TSLA,2024-08-16,3194639872
TSLA,2024-08-17,3194639872
TSLA,2024-08-22,3194639872
TSLA,2024-08-23,3194639872
TSLA,2024-08-27,3301169920
TSLA,2024-08-31,3194639872
TSLA,2024-09-05,3194639872
TSLA,2024-09-06,3194639872
TSLA,2024-09-07,3194639872
TSLA,2024-09-10,3194639872
TSLA,2024-09-11,3194639872
TSLA,2024-09-12,3194639872
TSLA,2024-09-14,3194639872
TSLA,2024-09-17,3244090112
TSLA,2024-09-18,3194639872
TSLA,2024-09-21,3268900096
TSLA,2024-09-24,3194639872
TSLA,2024-09-28,3194639872
TSLA,2024-09-30,3194639872
TSLA,2024-10-04,3194639872
TSLA,2024-10-05,3194639872
TSLA,2024-10-08,3194639872
TSLA,2024-10-11,3194639872
TSLA,2024-10-12,3194639872
TSLA,2024-10-16,3194639872
TSLA,2024-10-18,3194639872
TSLA,2024-10-19,3194639872
TSLA,2024-10-24,3194639872
TSLA,2024-10-25,3210060032
TSLA,2024-10-30,3247040000
TSLA,2024-10-31,3233359872
TSLA,2024-11-02,3210060032
TSLA,2024-11-05,3291360000
TSLA,2024-11-06,3210060032
TSLA,2024-11-08,3210060032
TSLA,2024-11-12,3210060032
TSLA,2024-11-13,3210060032
TSLA,2024-11-14,3210060032
TSLA,2024-11-15,3210060032
TSLA,2024-11-16,3210060032
TSLA,2024-11-21,3247320064
TSLA,2024-11-23,3210060032
TSLA,2024-11-26,3210060032
TSLA,2024-11-30,3210060032
TSLA,2024-12-04,3261850112
TSLA,2024-12-06,3210060032
TSLA,2024-12-11,3210060032
TSLA,2024-12-13,3261270016
TSLA,2024-12-14,3210060032
TSLA,2024-12-17,3210060032
TSLA,2024-12-18,3210060032
TSLA,2024-12-20,3210060032
TSLA,2024-12-21,3210060032
TSLA,2024-12-24,3210060032
TSLA,2024-12-25,3210060032
TSLA,2024-12-31,3210060032
TSLA,2025-01-01,3210060032
TSLA,2025-01-04,3210060032
TSLA,2025-01-07,3210060032
TSLA,2025-01-08,3210060032
TSLA,2025-01-11,3210060032
TSLA,2025-01-14,3210060032
TSLA,2025-01-16,3210060032
TSLA,2025-01-17,3210060032
TSLA,2025-01-18,3210060032
TSLA,2025-01-22,3228450048
TSLA,2025-01-28,3210060032
TSLA,2025-01-29,3210060032
TSLA,2025-01-30,3210060032
TSLA,2025-01-31,3216519936
TSLA,2025-02-05,3216519936
TSLA,2025-02-06,3216519936
TSLA,2025-02-07,3216519936
TSLA,2025-02-08,3216519936
TSLA,2025-02-11,3216519936
TSLA,2025-02-12,3216519936
TSLA,2025-02-13,3216519936
TSLA,2025-02-15,3216519936
TSLA,2025-02-20,3216519936
TSLA,2025-02-28,3216519936
TSLA,2025-03-04,3216519936
TSLA,2025-03-06,3216519936
TSLA,2025-03-11,3216519936
TSLA,2025-03-12,3216519936
TSLA,2025-03-20,3216519936
TSLA,2025-03-22,3216519936
TSLA,2025-03-27,3216519936
TSLA,2025-03-28,3216519936
TSLA,2025-03-29,3216519936
TSLA,2025-04-01,3216519936
TSLA,2025-04-02,3216519936
TSLA,2025-04-05,3216519936
TSLA,2025-04-10,3216519936
TSLA,2025-04-11,3216519936
TSLA,2025-04-12,3216519936
TSLA,2025-04-15,3216519936
TSLA,2025-04-16,3216519936
TSLA,2025-04-18,3216519936
TSLA,2025-04-22,3412620032
TSLA,2025-04-23,3216519936
TSLA,2025-04-24,3220960000
TSLA,2025-04-25,3220960000
TSLA,2025-04-26,3220960000
TSLA,2025-04-29,3220960000
TSLA,2025-04-30,3220960000
TSLA,2025-05-01,3220960000
TSLA,2025-05-03,3220960000
TSLA,2025-05-06,3220960000
TSLA,2025-05-07,3220960000
TSLA,2025-05-08,3220960000
TSLA,2025-05-10,3220960000
TSLA,2025-05-13,3220960000
TSLA,2025-05-14,3220960000
TSLA,2025-05-15,3266619904
TSLA,2025-05-16,3220960000
TSLA,2025-05-17,3220960000
TSLA,2025-05-21,3220960000
TSLA,2025-05-22,3220960000
TSLA,2025-05-23,3220960000
TSLA,2025-05-24,3220960000
TSLA,2025-05-28,3220960000
TSLA,2025-05-29,3220960000
TSLA,2025-05-30,3220960000
TSLA,2025-05-31,3220960000
TSLA,2025-06-03,3220960000
TSLA,2025-06-06,3220960000
TSLA,2025-06-07,3220960000
TSLA,2025-06-10,3220960000
TSLA,2025-06-11,3220960000
TSLA,2025-06-13,3220960000
TSLA,2025-06-18,3220960000
TSLA,2025-06-19,3220960000
TSLA,2025-06-24,3220960000
TSLA,2025-06-27,3238459904
TSLA,2025-06-28,3220960000
TSLA,2025-07-01,3220960000
TSLA,2025-07-02,3220960000
TSLA,2025-07-03,3220960000
TSLA,2025-07-04,3220960000
TSLA,2025-07-08,3220960000
TSLA,2025-07-09,3220960000
TSLA,2025-07-10,3220960000
TSLA,2025-07-11,3373250048
TSLA,2025-07-12,3220960000
TSLA,2025-07-17,3220960000
TSLA,2025-07-18,3220960000
TSLA,2025-07-19,3220960000
TSLA,2025-07-25,3225449984
TSLA,2025-07-26,3225449984
TSLA,2025-07-29,3225449984
TSLA,2025-08-01,3225449984
TSLA,2025-08-07,3225449984
TSLA,2025-08-08,3225449984
TSLA,2025-08-09,3225449984
TSLA,2025-08-19,3225449984
TSLA,2025-08-20,3225449984
TSLA,2025-08-21,3225449984
TSLA,2025-08-22,3225449984
TSLA,2025-08-26,3225449984
TSLA,2025-08-27,3225449984
TSLA,2025-08-28,3225449984
TSLA,2025-09-06,3225449984
TSLA,2025-09-10,3225449984
TSLA,2025-09-13,3225449984
TSLA,2025-09-16,3225449984
TSLA,2025-09-17,3225448889
TSLA,2025-09-18,3225448889
TSLA,2025-09-19,3325150886
TSLA,2025-09-25,3325150886
TSLA,2025-09-26,3477511422
TSLA,2025-09-27,3325150886
TSLA,2025-10-02,3325150886
TSLA,2025-10-03,3325150886
TSLA,2025-10-06,3372881805
TSLA,2025-10-07,3325150886
TSLA,2025-10-08,3479934053
TSLA,2025-10-09,3325150886
TSLA,2025-10-15,3376743247
TSLA,2025-10-18,3325150886
TSLA,2025-10-20,3325150886
TSLA,2025-10-24,3442834754
TSLA,2025-10-25,3325819167
TSLA,2025-10-29,3325819167
TSLA,2025-10-30,3325819167
TSLA,2025-10-31,3325819167
TSLA,2025-11-01,3325819167
TSLA,2025-11-05,3325819167
TSLA,2025-11-06,3325819167
TSLA,2025-11-11,3325819167
TSLA,2025-11-12,3325819167
TSLA,2025-11-13,3325819167
TSLA,2025-11-17,3325819167
TSLA,2026-01-30,3752431984
TSLA,2026-04-24,3755723871
TSLA,2026-07-24,3949547394
HD,2019-01-05,1129529984
HD,2019-01-07,1129529984
HD,2019-01-09,1129529984
HD,2019-01-10,1129529984
HD,2019-01-12,1129529984
HD,2019-01-14,1129529984
HD,2019-01-16,1129529984
HD,2019-01-20,1129529984
HD,2019-01-22,1129529984
HD,2019-01-23,1129529984
HD,2019-01-25,1129529984
HD,2019-01-29,1129529984
HD,2019-01-30,1129529984
HD,2019-02-04,1129529984
HD,2019-02-07,1129529984
HD,2019-02-11,1129529984
HD,2019-02-14,1129529984
HD,2019-02-15,1129529984
HD,2019-02-16,1129529984
HD,2019-02-17,1129529984
HD,2019-02-19,1129529984
HD,2019-02-20,1129529984
HD,2019-02-27,1129529984
HD,2019-02-28,1129529984
HD,2019-03-07,1129529984
HD,2019-03-08,1129529984
HD,2019-03-10,1129529984
HD,2019-03-12,1129529984
HD,2019-03-14,1129529984
HD,2019-03-17,1129529984
HD,2019-03-18,1129529984
HD,2019-03-26,1129529984
HD,2019-03-29,1129529984
HD,2019-04-01,1103900032
HD,2019-04-05,1103900032
HD,2019-04-06,1103900032
HD,2019-04-09,1103900032
HD,2019-04-10,1103900032
HD,2019-04-14,1102739968
HD,2019-04-16,1102739968
HD,2019-04-17,1102739968
HD,2019-04-18,1102739968
HD,2019-04-21,1102739968
HD,2019-04-22,1102739968
HD,2019-04-29,1102739968
HD,2019-04-30,1102739968
HD,2019-05-02,1102739968
HD,2019-05-04,1102739968
HD,2019-05-05,1102739968
HD,2019-05-08,1102739968
HD,2019-05-09,1102739968
HD,2019-05-10,1102739968
HD,2019-05-12,1102739968
HD,2019-05-14,1102739968
HD,2019-05-19,1102739968
HD,2019-05-21,1102739968
HD,2019-05-22,1102739968
HD,2019-05-24,1102739968
HD,2019-05-28,1102739968
HD,2019-06-02,1102739968
HD,2019-06-03,1100290048
HD,2019-06-05,1100290048
HD,2019-06-10,1100290048
HD,2019-06-11,1100290048
HD,2019-06-13,1100290048
HD,2019-06-17,1100290048
HD,2019-06-18,1100290048
HD,2019-06-19,1100290048
HD,2019-06-20,1100290048
HD,2019-06-21,1100290048
HD,2019-06-22,1100290048
HD,2019-06-23,1100290048
HD,2019-06-25,1100290048
HD,2019-06-27,1100290048
HD,2019-07-03,1099549952
HD,2019-07-04,1100290048
HD,2019-08-13,1100290048
HD,2019-08-27,1106259968
HD,2019-08-28,1100290048
HD,2019-08-30,1069280000
HD,2019-09-03,1066510016
HD,2019-09-07,1094000000
HD,2019-09-10,1079900032
HD,2019-09-11,1071830016
HD,2019-09-12,1093549952
HD,2019-09-15,1095149952
HD,2019-09-20,1082300032
HD,2019-09-21,1095149952
HD,2019-11-05,1082419968
HD,2019-11-08,1082470016
HD,2019-11-09,1095149952
HD,2019-11-14,1103049984
HD,2019-11-15,1103320064
HD,2019-11-16,1095149952
HD,2019-11-28,1090829952
HD,2019-12-09,1097389952
HD,2019-12-13,1090829952
HD,2019-12-18,1101920000
HD,2019-12-19,1090829952
HD,2020-01-08,1089340032
HD,2020-01-14,1090829952
HD,2020-02-07,1094179968
HD,2020-02-09,1090829952
HD,2020-02-13,1090610048
HD,2020-02-16,1090829952
HD,2020-02-25,1065750016
HD,2020-02-26,1090829952
HD,2020-03-27,1074739968
HD,2020-04-08,1074119936
HD,2020-05-21,1073710016
HD,2020-05-29,1075520000
HD,2020-08-27,1076460032
HD,2020-08-28,1076460032
HD,2020-09-05,1076460032
HD,2020-11-26,1076460032
HD,2021-03-17,1076600064
HD,2021-03-26,1077069952
HD,2021-04-06,1075219968
HD,2021-04-23,1090240000
HD,2021-04-24,1082060032
HD,2021-04-28,1075219968
HD,2021-05-27,1063260032
HD,2021-06-02,1072000000
HD,2021-06-03,1073710016
HD,2021-06-04,1063260032
HD,2021-06-05,1064689984
HD,2021-06-06,1063260032
HD,2021-06-08,1066860032
HD,2021-06-09,1063260032
HD,2021-06-10,1075570048
HD,2021-06-11,1063260032
HD,2021-08-25,1055360000
HD,2021-09-01,1058339968
HD,2021-09-02,1055360000
HD,2021-10-27,1061249984
HD,2021-10-28,1055360000
HD,2021-11-16,1059769984
HD,2021-11-26,1044240000
HD,2022-02-12,1044240000
HD,2022-03-25,1033350016
HD,2022-03-28,1050310016
HD,2022-04-06,1033369984
HD,2022-04-15,1053390016
HD,2022-04-21,1033369984
HD,2022-05-04,1040179968
HD,2022-05-05,1033369984
HD,2022-05-26,1027750016
HD,2022-06-01,1047139968
HD,2022-06-02,1027750016
HD,2022-06-14,1049820032
HD,2022-06-16,1027750016
HD,2022-06-23,1028600000
HD,2022-07-09,1028540032
HD,2022-07-10,1027750016
HD,2022-07-29,1030230016
HD,2022-07-30,1027750016
HD,2022-08-23,1057740032
HD,2022-08-24,1023729984
HD,2022-09-01,1023729984
HD,2022-09-03,1023729984
HD,2022-09-10,1024169984
HD,2022-09-12,1023729984
HD,2022-10-04,995724992
HD,2022-10-07,1023729984
HD,2022-11-26,1019190016
HD,2022-12-03,1028870016
HD,2022-12-05,1019190016
HD,2023-03-15,1019190016
HD,2023-03-20,1014960000
HD,2023-03-30,1024140032
HD,2023-03-31,1014960000
HD,2023-04-06,1034729984
HD,2023-04-07,1012670016
HD,2023-04-25,1018070016
HD,2023-04-27,1012670016
HD,2023-05-03,1024440000
HD,2023-05-04,1016819968
HD,2023-05-06,1012670016
HD,2023-05-11,1018099968
HD,2023-05-14,1012670016
HD,2023-05-27,1005379968
HD,2023-06-22,1007750016
HD,2023-06-23,1006140032
HD,2023-06-24,1005379968
HD,2023-07-05,1007390016
HD,2023-07-06,1005379968
HD,2023-07-12,1016329984
HD,2023-07-13,1005379968
HD,2023-07-19,1007630016
HD,2023-07-21,1005379968
HD,2023-08-22,1005379968
HD,2023-08-24,1000070016
HD,2023-09-07,1005529984
HD,2023-09-20,1000070016
HD,2023-10-11,1000070016
HD,2023-10-13,1017230016
HD,2023-10-14,1003830016
HD,2023-10-15,1000070016
HD,2023-10-17,1004760000
HD,2023-10-18,1000070016
HD,2023-10-19,1019710016
HD,2023-10-25,1006280000
HD,2023-10-28,1000070016
HD,2023-10-31,1000070016
HD,2023-11-01,1000070016
HD,2023-11-03,1000070016
HD,2023-11-07,1000070016
HD,2023-11-08,1000070016
HD,2023-11-14,1012289984
HD,2023-11-17,1000070016
HD,2023-11-21,1000070016
HD,2023-11-23,1000070016
HD,2023-11-28,995262016
HD,2023-11-29,995262016
HD,2023-12-02,995262016
HD,2023-12-05,995262016
HD,2023-12-06,995262016
HD,2023-12-07,995262016
HD,2023-12-08,995262016
HD,2023-12-09,995262016
HD,2023-12-15,995262016
HD,2023-12-19,995262016
HD,2023-12-20,995262016
HD,2023-12-22,995262016
HD,2023-12-23,996347008
HD,2023-12-26,995262016
HD,2023-12-28,995262016
HD,2023-12-29,995262016
HD,2023-12-30,995262016
HD,2024-01-03,995262016
HD,2024-01-04,995262016
HD,2024-01-05,995262016
HD,2024-01-06,995262016
HD,2024-01-09,995262016
HD,2024-01-10,995262016
HD,2024-01-17,995262016
HD,2024-01-20,995262016
HD,2024-01-25,995262016
HD,2024-01-27,995262016
HD,2024-01-30,995262016
HD,2024-01-31,995262016
HD,2024-02-01,995262016
HD,2024-02-09,995262016
HD,2024-02-10,996824000
HD,2024-02-13,995262016
HD,2024-02-15,995262016
HD,2024-02-16,995262016
HD,2024-02-17,995262016
HD,2024-02-22,995262016
HD,2024-02-24,995262016
HD,2024-02-28,995262016
HD,2024-03-05,995262016
HD,2024-03-06,995262016
HD,2024-03-07,995262016
HD,2024-03-12,995262016
HD,2024-03-13,995262016
HD,2024-03-14,995262016
HD,2024-03-15,991016000
HD,2024-03-19,991016000
HD,2024-03-20,991016000
HD,2024-03-23,991016000
HD,2024-03-26,991016000
HD,2024-03-27,991016000
HD,2024-03-29,991016000
HD,2024-04-02,991016000
HD,2024-04-03,991030976
HD,2024-04-04,991030976
HD,2024-04-05,991030976
HD,2024-04-09,991030976
HD,2024-04-11,991030976
HD,2024-04-12,1004040000
HD,2024-04-13,991030976
HD,2024-04-17,1000209984
HD,2024-04-18,991030976
HD,2024-04-20,991030976
HD,2024-04-25,991030976
HD,2024-04-26,991030976
HD,2024-05-01,991030976
HD,2024-05-03,991030976
HD,2024-05-04,991030976
HD,2024-05-07,991030976
HD,2024-05-08,991030976
HD,2024-05-09,991030976
HD,2024-05-10,991030976
HD,2024-05-11,991030976
HD,2024-05-14,991030976
HD,2024-05-15,992369024
HD,2024-05-16,991030976
HD,2024-05-20,1009779968
HD,2024-05-21,991030976
HD,2024-05-22,991614016
HD,2024-05-23,991614016
HD,2024-05-24,1002840000
HD,2024-05-29,991614016
HD,2024-06-01,991614016
HD,2024-06-05,991614016
HD,2024-06-07,991614016
HD,2024-06-11,991614016
HD,2024-06-12,991614016
HD,2024-06-13,991614016
HD,2024-06-14,991614016
HD,2024-06-15,991614016
HD,2024-06-19,991614016
HD,2024-06-21,991614016
HD,2024-06-28,991614016
HD,2024-06-29,991614016
HD,2024-07-02,991614016
HD,2024-07-03,991614016
HD,2024-07-06,991614016
HD,2024-07-10,991614016
HD,2024-07-12,991614016
HD,2024-07-13,991614016
HD,2024-07-16,991614016
HD,2024-07-18,991614016
HD,2024-07-19,999036992
HD,2024-07-20,991614016
HD,2024-07-24,991614016
HD,2024-07-25,991614016
HD,2024-07-26,991614016
HD,2024-07-31,991614016
HD,2024-08-01,991614016
HD,2024-08-07,991614016
HD,2024-08-13,991614016
HD,2024-08-14,991614016
HD,2024-08-15,991614016
HD,2024-08-16,991614016
HD,2024-08-21,993292992
HD,2024-08-22,993292992
HD,2024-08-23,993292992
HD,2024-08-24,993292992
HD,2024-08-27,993292992
HD,2024-08-28,993292992
HD,2024-08-29,993292992
HD,2024-08-30,993292992
HD,2024-08-31,993292992
HD,2024-09-06,993292992
HD,2024-09-07,998259008
HD,2024-09-10,993292992
HD,2024-09-11,993292992
HD,2024-09-12,994312000
HD,2024-09-13,993292992
HD,2024-09-17,993292992
HD,2024-09-18,993292992
HD,2024-09-19,993292992
HD,2024-09-20,993292992
HD,2024-09-21,993292992
HD,2024-09-24,993292992
HD,2024-09-30,993292992
HD,2024-10-02,993292992
HD,2024-10-03,993292992
HD,2024-10-04,993292992
HD,2024-10-10,993292992
HD,2024-10-11,993292992
HD,2024-10-12,993292992
HD,2024-10-16,993292992
HD,2024-10-18,993292992
HD,2024-10-22,993292992
HD,2024-10-23,993292992
HD,2024-10-26,995110976
HD,2024-10-28,993292992
HD,2024-10-29,993292992
HD,2024-10-30,993292992
HD,2024-10-31,993292992
HD,2024-11-01,993292992
HD,2024-11-02,993292992
HD,2024-11-05,993292992
HD,2024-11-06,993292992
HD,2024-11-07,993292992
HD,2024-11-08,993292992
HD,2024-11-09,993292992
HD,2024-11-13,993292992
HD,2024-11-14,993292992
HD,2024-11-15,993292992
HD,2024-11-16,993292992
HD,2024-11-19,993292992
HD,2024-11-20,993363008
HD,2024-11-21,993363008
HD,2024-12-03,993363008
HD,2024-12-04,993363008
HD,2024-12-06,993363008
HD,2024-12-11,1008849984
HD,2024-12-12,993363008
HD,2024-12-13,1010049984
HD,2024-12-14,993363008
HD,2024-12-20,993363008
HD,2024-12-25,993363008
HD,2024-12-28,993363008
HD,2025-01-01,993363008
HD,2025-01-04,993363008
HD,2025-01-08,993363008
HD,2025-01-09,993363008
HD,2025-01-11,993363008
HD,2025-01-14,993363008
HD,2025-01-17,993363008
HD,2025-01-22,993363008
HD,2025-01-24,993363008
HD,2025-01-25,993363008
HD,2025-01-29,993363008
HD,2025-01-30,993363008
HD,2025-02-01,993363008
HD,2025-02-04,993363008
HD,2025-02-05,993363008
HD,2025-02-08,993363008
HD,2025-02-11,993363008
HD,2025-02-12,993363008
HD,2025-02-13,993363008
HD,2025-02-14,993363008
HD,2025-02-19,993363008
HD,2025-02-20,993363008
HD,2025-02-21,993363008
HD,2025-02-25,993363008
HD,2025-02-27,993363008
HD,2025-02-28,993363008
HD,2025-03-04,993363008
HD,2025-03-07,993363008
HD,2025-03-11,999062976
HD,2025-03-14,993363008
HD,2025-03-15,993363008
HD,2025-03-19,993363008
HD,2025-03-22,1005720000
HD,2025-03-27,994032000
HD,2025-03-28,994032000
HD,2025-03-29,994032000
HD,2025-04-03,994032000
HD,2025-04-05,994032000
HD,2025-04-08,994032000
HD,2025-04-09,993928000
HD,2025-04-10,998902976
HD,2025-04-11,993928000
HD,2025-04-22,1017310016
HD,2025-04-23,993928000
HD,2025-04-26,999654016
HD,2025-04-29,993928000
HD,2025-05-07,993928000
HD,2025-05-10,993928000
HD,2025-05-14,996033984
HD,2025-05-15,993928000
HD,2025-05-22,993928000
HD,2025-05-23,993928000
HD,2025-05-24,993928000
HD,2025-05-28,993928000
HD,2025-05-29,994928000
HD,2025-05-30,994928000
HD,2025-06-06,1000209984
HD,2025-06-07,994928000
HD,2025-06-10,1000729984
HD,2025-06-13,994928000
HD,2025-06-14,994928000
HD,2025-06-17,998022976
HD,2025-06-18,1008560000
HD,2025-06-19,999945024
HD,2025-06-26,994928000
HD,2025-06-27,994928000
HD,2025-06-28,994928000
HD,2025-07-01,994928000
HD,2025-07-02,994928000
HD,2025-07-03,994928000
HD,2025-07-04,994928000
HD,2025-07-08,1005859968
HD,2025-07-09,994928000
HD,2025-07-10,994928000
HD,2025-07-11,1000990016
HD,2025-07-12,994928000
HD,2025-07-15,994928000
HD,2025-07-17,994928000
HD,2025-07-18,994928000
HD,2025-07-19,994928000
HD,2025-07-22,994928000
HD,2025-07-23,994928000
HD,2025-08-01,994928000
HD,2025-08-05,994928000
HD,2025-08-07,994928000
HD,2025-08-08,996550976
HD,2025-08-19,994928000
HD,2025-08-20,994928000
HD,2025-08-21,994928000
HD,2025-08-23,994928000
HD,2025-08-26,994928000
HD,2025-08-27,995387008
HD,2025-09-17,995386647
HD,2025-09-20,999672875
HD,2025-09-23,1004301639
HD,2025-09-26,1001054329
HD,2025-09-30,1003436849
HD,2025-10-01,1007423949
HD,2025-10-02,995386647
HD,2025-10-08,1001871418
HD,2025-10-20,1003090918
HD,2025-10-22,997933044
HD,2025-10-23,995386647
HD,2025-10-24,1005572408
HD,2025-10-27,999029534
HD,2025-10-28,995386647
HD,2025-11-15,1011071761
HD,2025-11-17,995386647
HD,2025-11-26,995511485
HD,2026-03-24,996011466
HD,2026-04-09,996027658
HD,2026-05-28,997116682
HD,2026-08-26,997689626
LOW,2019-01-05,802956992
LOW,2019-01-09,802956992
LOW,2019-01-12,802956992
LOW,2019-01-16,802956992
LOW,2019-01-25,802956992
LOW,2019-01-30,802956992
LOW,2019-02-04,802956992
LOW,2019-02-07,802956992
LOW,2019-02-15,802956992
LOW,2019-02-17,802956992
LOW,2019-02-20,802956992
LOW,2019-02-28,802956992
LOW,2019-03-01,802956992
LOW,2019-03-07,801000000
LOW,2019-03-10,801000000
LOW,2019-03-14,801000000
LOW,2019-03-17,801000000
LOW,2019-03-26,801000000
LOW,2019-03-29,801000000
LOW,2019-04-01,801000000
LOW,2019-04-05,795923008
LOW,2019-04-09,795923008
LOW,2019-04-10,795923008
LOW,2019-04-14,795923008
LOW,2019-04-17,795923008
LOW,2019-04-18,795923008
LOW,2019-04-21,795923008
LOW,2019-04-22,795923008
LOW,2019-04-29,795923008
LOW,2019-04-30,795923008
LOW,2019-05-02,795923008
LOW,2019-05-05,795923008
LOW,2019-05-06,795923008
LOW,2019-05-09,795923008
LOW,2019-05-10,795923008
LOW,2019-05-12,795923008
LOW,2019-05-19,795923008
LOW,2019-05-22,795923008
LOW,2019-05-23,795923008
LOW,2019-05-28,795000000
LOW,2019-06-03,795000000
LOW,2019-06-05,782915968
LOW,2019-06-06,782915968
LOW,2019-06-10,782916992
LOW,2019-06-11,782915968
LOW,2019-06-12,782915968
LOW,2019-06-17,782915968
LOW,2019-06-19,782915968
LOW,2019-06-21,782915968
LOW,2019-06-23,782915968
LOW,2019-06-24,782915968
LOW,2019-06-26,782915968
LOW,2019-07-03,786670016
LOW,2019-07-04,782915968
LOW,2019-07-05,779425024
LOW,2019-07-06,782915968
LOW,2019-07-11,769625984
LOW,2019-07-12,796512000
LOW,2019-07-13,782915968
LOW,2019-07-24,783297984
LOW,2019-07-25,782915968
LOW,2019-08-05,784968000
LOW,2019-08-06,782915968
LOW,2019-08-07,800585024
LOW,2019-08-08,793728000
LOW,2019-08-09,803305024
LOW,2019-08-10,782915968
LOW,2019-08-23,777150016
LOW,2019-08-25,776000000
LOW,2019-08-30,745604992
LOW,2019-09-02,748196992
LOW,2019-09-04,776000000
LOW,2019-09-06,762342976
LOW,2019-09-09,759020032
LOW,2019-09-11,755267008
LOW,2019-09-12,759814976
LOW,2019-09-13,771798976
LOW,2019-09-20,766795008
LOW,2019-09-21,771798976
LOW,2019-09-24,771798976
LOW,2019-10-04,771654016
LOW,2019-10-08,771798976
LOW,2019-10-21,773443968
LOW,2019-10-22,771798976
LOW,2019-11-05,762641984
LOW,2019-11-06,764876992
LOW,2019-11-07,774060032
LOW,2019-11-08,772140992
LOW,2019-11-09,771798976
LOW,2019-11-14,761873984
LOW,2019-11-15,783356992
LOW,2019-11-16,771798976
LOW,2019-12-05,766475008
LOW,2019-12-06,766475008
LOW,2019-12-18,761624000
LOW,2019-12-19,766475008
LOW,2020-01-08,767176000
LOW,2020-01-09,761889984
LOW,2020-01-10,773990976
LOW,2020-01-11,778649024
LOW,2020-01-12,766475008
LOW,2020-01-13,763132992
LOW,2020-01-14,766475008
LOW,2020-02-07,762584000
LOW,2020-02-08,766475008
LOW,2020-02-12,777984000
LOW,2020-02-13,778934976
LOW,2020-02-14,766475008
LOW,2020-03-25,754948992
LOW,2020-04-09,754948992
LOW,2020-05-21,754174016
LOW,2020-06-01,755003008
LOW,2020-08-21,756000000
LOW,2020-08-28,755736000
LOW,2020-09-05,797705984
LOW,2020-09-06,755736000
LOW,2020-09-21,773107008
LOW,2020-09-22,755736000
LOW,2020-11-21,752000000
LOW,2020-11-23,752000000
LOW,2020-11-26,752000000
LOW,2020-11-27,752000000
LOW,2020-11-28,732723008
LOW,2021-02-26,731000000
LOW,2021-03-17,715240000
LOW,2021-03-18,731000000
LOW,2021-03-24,717257024
LOW,2021-04-17,717177984
LOW,2021-04-19,717177984
LOW,2021-04-23,726476992
LOW,2021-04-24,727814976
LOW,2021-04-27,717177984
LOW,2021-05-21,715000000
LOW,2021-05-29,706889984
LOW,2021-05-31,706889984
LOW,2021-08-14,712419008
LOW,2021-08-15,706889984
LOW,2021-08-23,699000000
LOW,2021-08-30,692433024
LOW,2021-08-31,695507008
LOW,2021-09-01,696168000
LOW,2021-09-02,692433024
LOW,2021-11-22,686000000
LOW,2021-11-26,686000000
LOW,2021-11-27,673747008
LOW,2022-02-11,673747008
LOW,2022-02-26,670000000
LOW,2022-03-23,661561024
LOW,2022-04-15,675464000
LOW,2022-04-20,661121024
LOW,2022-05-04,666072000
LOW,2022-05-06,661121024
LOW,2022-05-23,652000000
LOW,2022-05-30,639129024
LOW,2022-06-01,653299008
LOW,2022-06-02,639129024
LOW,2022-06-14,657006016
LOW,2022-06-16,639129024
LOW,2022-08-19,631000000
LOW,2022-08-23,635116992
LOW,2022-08-24,631000000
LOW,2022-09-02,620700992
LOW,2022-09-20,610233984
LOW,2022-09-21,620700992
LOW,2022-10-04,601144000
LOW,2022-10-06,620700992
LOW,2022-10-21,640334976
LOW,2022-10-23,620700992
LOW,2022-11-04,620700992
LOW,2022-11-21,611000000
LOW,2022-11-29,604702976
LOW,2023-02-04,620353984
LOW,2023-02-05,604702976
LOW,2023-03-03,601000000
LOW,2023-03-18,608033984
LOW,2023-03-22,601000000
LOW,2023-03-24,606956032
LOW,2023-03-25,601000000
LOW,2023-03-30,601969984
LOW,2023-04-01,619016000
LOW,2023-04-03,596355968
LOW,2023-04-06,607032000
LOW,2023-04-07,596355968
LOW,2023-05-04,598273024
LOW,2023-05-06,596355968
LOW,2023-05-11,604529024
LOW,2023-05-12,599347968
LOW,2023-05-13,599465984
LOW,2023-05-16,596355968
LOW,2023-05-24,592000000
LOW,2023-06-03,585980992
LOW,2023-06-10,589736000
LOW,2023-06-12,585980992
LOW,2023-07-12,586774016
LOW,2023-07-15,585980992
LOW,2023-07-19,590966976
LOW,2023-07-20,585980992
LOW,2023-08-22,585980992
LOW,2023-08-25,582000000
LOW,2023-09-02,577115008
LOW,2023-10-24,577115008
LOW,2023-10-25,583747008
LOW,2023-11-03,577115008
LOW,2023-11-04,577115008
LOW,2023-11-07,577115008
LOW,2023-11-09,577115008
LOW,2023-11-10,577115008
LOW,2023-11-14,577115008
LOW,2023-11-16,577115008
LOW,2023-11-28,575000000
LOW,2023-12-01,575113024
LOW,2023-12-06,575113024
LOW,2023-12-22,575113024
LOW,2023-12-23,576531008
LOW,2023-12-26,575113024
LOW,2024-01-05,575113024
LOW,2024-01-06,575113024
LOW,2024-01-30,575113024
LOW,2024-02-09,578505024
LOW,2024-02-29,574000000
LOW,2024-03-05,580140992
LOW,2024-03-12,574000000
LOW,2024-03-26,579889984
LOW,2024-03-27,572184000
LOW,2024-04-04,572184000
LOW,2024-04-06,572184000
LOW,2024-04-09,572184000
LOW,2024-04-10,572184000
LOW,2024-04-13,572184000
LOW,2024-04-16,572184000
LOW,2024-04-17,572184000
LOW,2024-04-18,572184000
LOW,2024-04-20,572192000
LOW,2024-04-23,572192000
LOW,2024-04-24,572192000
LOW,2024-04-25,580316992
LOW,2024-04-26,572192000
LOW,2024-04-27,572192000
LOW,2024-05-03,572192000
LOW,2024-05-04,572192000
LOW,2024-05-06,573254016
LOW,2024-05-07,572192000
LOW,2024-05-08,572192000
LOW,2024-05-09,572192000
LOW,2024-05-10,572192000
LOW,2024-05-11,572192000
LOW,2024-05-15,575651008
LOW,2024-05-16,572192000
LOW,2024-05-17,581603008
LOW,2024-05-18,572192000
LOW,2024-05-21,583160000
LOW,2024-05-22,572192000
LOW,2024-05-23,581843968
LOW,2024-05-24,581795008
LOW,2024-05-25,572192000
LOW,2024-05-29,572192000
LOW,2024-05-31,572192000
LOW,2024-06-01,569835008
LOW,2024-06-04,569835008
LOW,2024-06-06,569835008
LOW,2024-06-07,569835008
LOW,2024-06-08,569835008
LOW,2024-06-11,569835008
LOW,2024-06-12,569835008
LOW,2024-06-13,569835008
LOW,2024-06-15,569835008
LOW,2024-06-18,569835008
LOW,2024-06-21,569835008
LOW,2024-06-22,569835008
LOW,2024-06-26,569835008
LOW,2024-06-28,569835008
LOW,2024-06-29,569835008
LOW,2024-07-02,569835008
LOW,2024-07-03,569835008
LOW,2024-07-09,569835008
LOW,2024-07-10,569835008
LOW,2024-07-11,569835008
LOW,2024-07-12,569835008
LOW,2024-07-16,569835008
LOW,2024-07-18,569835008
LOW,2024-07-19,569835008
LOW,2024-07-20,569835008
LOW,2024-07-24,569835008
LOW,2024-07-26,569835008
LOW,2024-07-27,569835008
LOW,2024-08-03,569835008
LOW,2024-08-08,569835008
LOW,2024-08-09,569835008
LOW,2024-08-10,571043008
LOW,2024-08-13,569835008
LOW,2024-08-16,569835008
LOW,2024-08-17,569835008
LOW,2024-08-20,569835008
LOW,2024-08-21,569835008
LOW,2024-08-22,568000000
LOW,2024-08-31,567294016
LOW,2024-09-04,567294016
LOW,2024-09-05,567294016
LOW,2024-09-06,570408000
LOW,2024-09-07,567294016
LOW,2024-09-10,567294016
LOW,2024-09-18,567294016
LOW,2024-09-19,567294016
LOW,2024-09-21,567294016
LOW,2024-09-24,567294016
LOW,2024-09-25,567294016
LOW,2024-09-27,567294016
LOW,2024-09-28,567294016
LOW,2024-10-02,567294016
LOW,2024-10-04,567294016
LOW,2024-10-05,567294016
LOW,2024-10-09,567294016
LOW,2024-10-10,567294016
LOW,2024-10-22,567294016
LOW,2024-10-23,567294016
LOW,2024-10-24,567294016
LOW,2024-10-25,567294016
LOW,2024-10-29,567294016
LOW,2024-10-30,567294016
LOW,2024-10-31,567294016
LOW,2024-11-01,567294016
LOW,2024-11-02,567294016
LOW,2024-11-05,567294016
LOW,2024-11-06,567294016
LOW,2024-11-07,567294016
LOW,2024-11-08,567294016
LOW,2024-11-12,567294016
LOW,2024-11-16,567294016
LOW,2024-11-19,567294016
LOW,2024-11-21,565000000
LOW,2024-11-29,564649984
LOW,2024-11-30,566225024
LOW,2024-12-03,564649984
LOW,2024-12-06,569249984
LOW,2024-12-11,573094976
LOW,2024-12-13,574078976
LOW,2024-12-14,564649984
LOW,2024-12-17,569620992
LOW,2025-02-08,575878016
LOW,2025-02-15,566601024
LOW,2025-02-20,564649984
LOW,2025-02-22,564649984
LOW,2025-02-25,564649984
LOW,2025-02-26,564649984
LOW,2025-02-27,560000000
LOW,2025-03-04,560000000
LOW,2025-03-10,560646976
LOW,2025-03-11,560000000
LOW,2025-03-26,559707008
LOW,2025-03-27,559707008
LOW,2025-03-28,559707008
LOW,2025-04-01,559707008
LOW,2025-04-04,559707008
LOW,2025-04-10,559707008
LOW,2025-04-11,559707008
LOW,2025-04-15,559707008
LOW,2025-04-16,559707008
LOW,2025-04-22,576094016
LOW,2025-04-23,559705984
LOW,2025-04-24,559705984
LOW,2025-04-26,562593984
LOW,2025-04-29,559705984
LOW,2025-05-07,565177024
LOW,2025-05-10,565296000
LOW,2025-05-23,559705984
LOW,2025-05-29,559705984
LOW,2025-05-31,560438016
LOW,2025-06-03,560438016
LOW,2025-06-04,560438016
LOW,2025-06-05,561443968
LOW,2025-06-06,562408000
LOW,2025-06-10,560438016
LOW,2025-06-11,560438016
LOW,2025-06-12,560438016
LOW,2025-06-13,560438016
LOW,2025-06-14,560438016
LOW,2025-06-16,563523968
LOW,2025-06-17,571438976
LOW,2025-06-18,563334976
LOW,2025-06-19,560438016
LOW,2025-06-21,560438016
LOW,2025-06-24,560438016
LOW,2025-06-26,560438016
LOW,2025-06-27,560438016
LOW,2025-06-28,560438016
LOW,2025-07-02,560438016
LOW,2025-07-03,560438016
LOW,2025-07-08,560438016
LOW,2025-07-09,560438016
LOW,2025-07-10,560438016
LOW,2025-07-11,569889984
LOW,2025-07-12,560438016
LOW,2025-07-17,560438016
LOW,2025-07-22,560438016
LOW,2025-07-25,560438016
LOW,2025-08-01,560438016
LOW,2025-08-02,560438016
LOW,2025-08-06,560438016
LOW,2025-08-09,560438016
LOW,2025-08-12,560438016
LOW,2025-08-15,560438016
LOW,2025-08-20,560438016
LOW,2025-08-21,561000000
LOW,2025-08-22,561000000
LOW,2025-08-29,561000000
LOW,2025-08-30,560825024
LOW,2025-09-03,560825024
LOW,2025-09-04,560825024
LOW,2025-09-05,560825024
LOW,2025-09-09,560825024
LOW,2025-09-11,560825024
LOW,2025-09-12,560825024
LOW,2025-09-17,560824905
LOW,2025-09-20,560824905
LOW,2025-09-23,571184626
LOW,2025-09-24,560824905
LOW,2025-09-25,560824905
LOW,2025-09-26,560824905
LOW,2025-09-30,569237721
LOW,2025-10-01,573790536
LOW,2025-10-02,581472235
LOW,2025-10-06,563055911
LOW,2025-10-07,560824905
LOW,2025-10-08,560824905
LOW,2025-10-09,560824905
LOW,2025-10-10,560824905
LOW,2025-10-15,560824905
LOW,2025-10-18,560824905
LOW,2025-10-20,566450053
LOW,2025-10-22,560824905
LOW,2025-10-23,560824905
LOW,2025-10-24,560824905
LOW,2025-10-25,560824905
LOW,2025-10-27,560824905
LOW,2025-11-01,560824905
LOW,2025-11-04,560824905
LOW,2025-11-05,560824905
LOW,2025-11-11,560824905
LOW,2025-11-12,560824905
LOW,2025-11-14,560824905
LOW,2025-11-15,569735092
LOW,2025-11-17,560824905
LOW,2025-11-21,560824906
LOW,2025-11-28,560951457
LOW,2026-03-27,560951457
LOW,2026-04-18,560063429
LOW,2026-04-23,560062893
LOW,2026-05-20,561000000
LOW,2026-05-30,561000000
LOW,2026-08-28,560707041
LOW,2026-08-29,561054019
NKE,2019-01-05,1588109952
NKE,2019-01-07,1588109952
NKE,2019-01-09,1588109952
NKE,2019-01-10,1573799936
NKE,2019-01-12,1573799936
NKE,2019-01-14,1573799936
NKE,2019-01-16,1573799936
NKE,2019-01-20,1573799936
NKE,2019-01-24,1573799936
NKE,2019-01-25,1573799936
NKE,2019-01-28,1573799936
NKE,2019-01-30,1573799936
NKE,2019-02-04,1573799936
NKE,2019-02-07,1573799936
NKE,2019-02-11,1573799936
NKE,2019-02-14,1573799936
NKE,2019-02-15,1573799936
NKE,2019-02-17,1573799936
NKE,2019-02-18,1573799936
NKE,2019-02-20,1573799936
NKE,2019-02-28,1573799936
NKE,2019-03-01,1573799936
NKE,2019-03-07,1573799936
NKE,2019-03-09,1573799936
NKE,2019-03-10,1573799936
NKE,2019-03-11,1573799936
NKE,2019-03-14,1573799936
NKE,2019-03-15,1573799936
NKE,2019-03-17,1573799936
NKE,2019-03-18,1573799936
NKE,2019-03-26,1573799936
NKE,2019-03-27,1573799936
NKE,2019-03-29,1573799936
NKE,2019-03-30,1573799936
NKE,2019-04-01,1573799936
NKE,2019-04-02,1573799936
NKE,2019-04-05,1573799936
NKE,2019-04-09,1571750016
NKE,2019-04-11,1571750016
NKE,2019-04-14,1571750016
NKE,2019-04-15,1571750016
NKE,2019-04-17,1571750016
NKE,2019-04-19,1571750016
NKE,2019-04-21,1571750016
NKE,2019-04-23,1571750016
NKE,2019-04-29,1571750016
NKE,2019-05-01,1571750016
NKE,2019-05-02,1571750016
NKE,2019-05-03,1571750016
NKE,2019-05-05,1571750016
NKE,2019-05-07,1571750016
NKE,2019-05-09,1571750016
NKE,2019-05-11,1571750016
NKE,2019-05-12,1571750016
NKE,2019-05-13,1571750016
NKE,2019-05-19,1571750016
NKE,2019-05-20,1571750016
NKE,2019-05-22,1571750016
NKE,2019-05-23,1571750016
NKE,2019-05-28,1571750016
NKE,2019-06-01,1571750016
NKE,2019-06-03,1571750016
NKE,2019-06-04,1571750016
NKE,2019-06-05,1571750016
NKE,2019-06-06,1571750016
NKE,2019-06-10,1571750016
NKE,2019-06-11,1571750016
NKE,2019-06-12,1571750016
NKE,2019-06-17,1571750016
NKE,2019-06-19,1571750016
NKE,2019-06-21,1571750016
NKE,2019-06-23,1571750016
NKE,2019-06-24,1571750016
NKE,2019-06-26,1571750016
NKE,2019-07-05,1549139968
NKE,2019-07-06,1571750016
NKE,2019-07-10,1613319936
NKE,2019-07-11,1561040000
NKE,2019-07-12,1587030016
NKE,2019-07-13,1571750016
NKE,2019-07-25,1566889984
NKE,2019-08-05,1605120000
NKE,2019-08-06,1566889984
NKE,2019-08-07,1609939968
NKE,2019-08-08,1612720000
NKE,2019-08-09,1600050048
NKE,2019-08-10,1566889984
NKE,2019-08-30,1532019968
NKE,2019-09-02,1547970048
NKE,2019-09-04,1566889984
NKE,2019-09-06,1497420032
NKE,2019-09-09,1492860032
NKE,2019-09-11,1524839936
NKE,2019-09-12,1566889984
NKE,2019-09-20,1560130048
NKE,2019-09-21,1566889984
NKE,2019-10-04,1554489984
NKE,2019-10-08,1561049984
NKE,2019-10-21,1569869952
NKE,2019-10-22,1561049984
NKE,2019-11-05,1567529984
NKE,2019-11-06,1555670016
NKE,2019-11-07,1561049984
NKE,2019-11-08,1570429952
NKE,2019-11-09,1561049984
NKE,2019-11-14,1592269952
NKE,2019-11-15,1560710016
NKE,2019-11-16,1561049984
NKE,2019-11-20,1561049984
NKE,2019-12-18,1574320000
NKE,2019-12-19,1561049984
NKE,2020-01-07,1565340032
NKE,2020-01-08,1566720000
NKE,2020-01-09,1553090048
NKE,2020-01-11,1553849984
NKE,2020-01-12,1557369984
NKE,2020-02-05,1590480000
NKE,2020-02-06,1557369984
NKE,2020-02-07,1553190016
NKE,2020-02-08,1557369984
NKE,2020-03-09,1519200000
NKE,2020-03-10,1557369984
NKE,2020-04-09,1555030016
NKE,2020-07-28,1559890048
NKE,2020-08-28,1559890048
NKE,2020-09-05,1614489984
NKE,2020-09-06,1559890048
NKE,2020-09-21,1583020032
NKE,2020-09-22,1559890048
NKE,2020-10-10,1559890048
NKE,2020-10-12,1569830016
NKE,2020-11-07,1569830016
NKE,2020-11-26,1569830016
NKE,2020-12-01,1569830016
NKE,2021-01-07,1576489984
NKE,2021-03-05,1576489984
NKE,2021-03-17,1530720000
NKE,2021-04-06,1579970048
NKE,2021-04-23,1588770048
NKE,2021-04-25,1576450048
NKE,2021-04-27,1579970048
NKE,2021-06-25,1579970048
NKE,2021-06-29,1600600064
NKE,2021-07-22,1581799936
NKE,2021-08-11,1583100032
NKE,2021-10-06,1583100032
NKE,2021-10-07,1582819968
NKE,2021-11-04,1539970048
NKE,2021-11-05,1556290048
NKE,2021-11-06,1582819968
NKE,2021-12-03,1552089984
NKE,2021-12-04,1582819968
NKE,2022-01-08,1581299968
NKE,2022-01-10,1581299968
NKE,2022-02-04,1618290048
NKE,2022-02-05,1581299968
NKE,2022-02-11,1581299968
NKE,2022-03-04,1601479936
NKE,2022-03-05,1581299968
NKE,2022-03-15,1649350016
NKE,2022-03-17,1624070016
NKE,2022-03-18,1521970048
NKE,2022-03-20,1581299968
NKE,2022-03-28,1581299968
NKE,2022-04-07,1573769984
NKE,2022-05-27,1507719936
NKE,2022-05-28,1573769984
NKE,2022-06-03,1636489984
NKE,2022-06-05,1573769984
NKE,2022-06-07,1583190016
NKE,2022-06-08,1573769984
NKE,2022-06-09,1564380032
NKE,2022-06-13,1573769984
NKE,2022-06-18,1573769984
NKE,2022-06-24,1573769984
NKE,2022-06-29,1573769984
NKE,2022-07-01,1589939968
NKE,2022-07-02,1573769984
NKE,2022-07-23,1568560000
NKE,2022-07-25,1568560000
NKE,2022-07-29,1632109952
NKE,2022-07-30,1568560000
NKE,2022-08-05,1565820032
NKE,2022-08-06,1568560000
NKE,2022-09-02,1568560000
NKE,2022-09-15,1549789952
NKE,2022-09-16,1590860032
NKE,2022-09-17,1568560000
NKE,2022-10-08,1564589952
NKE,2022-11-08,1603939968
NKE,2022-11-10,1564589952
NKE,2022-12-06,1601410048
NKE,2022-12-07,1564589952
NKE,2023-01-04,1541670016
NKE,2023-01-05,1564589952
NKE,2023-01-07,1550560000
NKE,2023-03-01,1547170048
NKE,2023-03-02,1550560000
NKE,2023-03-18,1553910016
NKE,2023-03-21,1550560000
NKE,2023-03-30,1585030016
NKE,2023-03-31,1550560000
NKE,2023-04-04,1562919936
NKE,2023-04-06,1576310016
NKE,2023-04-07,1550560000
NKE,2023-04-08,1536989952
NKE,2023-04-25,1556089984
NKE,2023-04-27,1536989952
NKE,2023-05-04,1543289984
NKE,2023-05-06,1536989952
NKE,2023-05-11,1556780032
NKE,2023-05-14,1579180032
NKE,2023-05-16,1536989952
NKE,2023-06-23,1524189952
NKE,2023-06-24,1536989952
NKE,2023-07-05,1554739968
NKE,2023-07-06,1583920000
NKE,2023-07-07,1536989952
NKE,2023-07-08,1536989952
NKE,2023-07-12,1560380032
NKE,2023-07-13,1536989952
NKE,2023-07-14,1535849984
NKE,2023-07-15,1536989952
NKE,2023-08-22,1529970048
NKE,2023-08-23,1551079936
NKE,2023-08-24,1529970048
NKE,2023-09-13,1537760000
NKE,2023-09-15,1529970048
NKE,2023-09-20,1529970048
NKE,2023-10-07,1521910016
NKE,2023-10-10,1521910016
NKE,2023-10-11,1510370048
NKE,2023-10-12,1521910016
NKE,2023-10-13,1512710016
NKE,2023-10-14,1511859968
NKE,2023-10-15,1521910016
NKE,2023-10-16,1521910016
NKE,2023-10-17,1507580032
NKE,2023-10-18,1521910016
NKE,2023-10-19,1510759936
NKE,2023-10-22,1521910016
NKE,2023-10-24,1521910016
NKE,2023-10-25,1487619968
NKE,2023-10-28,1521910016
NKE,2023-11-01,1521910016
NKE,2023-11-02,1521910016
NKE,2023-11-04,1493760000
NKE,2023-11-08,1492550016
NKE,2023-11-09,1521910016
NKE,2023-11-10,1521910016
NKE,2023-11-14,1549810048
NKE,2023-11-30,1521910016
NKE,2023-12-01,1521910016
NKE,2023-12-06,1518480000
NKE,2023-12-07,1521910016
NKE,2023-12-08,1521910016
NKE,2023-12-12,1521910016
NKE,2023-12-14,1521910016
NKE,2023-12-15,1523800064
NKE,2023-12-16,1521910016
NKE,2023-12-19,1521910016
NKE,2023-12-20,1521910016
NKE,2023-12-21,1521910016
NKE,2023-12-22,1521910016
NKE,2023-12-23,1726019968
NKE,2023-12-26,1521910016
NKE,2023-12-30,1518409984
NKE,2024-01-05,1547800064
NKE,2024-01-06,1511859968
NKE,2024-01-09,1515120000
NKE,2024-01-17,1515120000
NKE,2024-01-20,1502620032
NKE,2024-01-25,1515120000
NKE,2024-01-26,1515120000
NKE,2024-01-27,1515120000
NKE,2024-01-31,1515120000
NKE,2024-02-01,1515120000
NKE,2024-02-02,1515120000
NKE,2024-02-03,1515120000
NKE,2024-02-07,1515120000
NKE,2024-02-09,1515120000
NKE,2024-02-10,1504540032
NKE,2024-02-13,1515120000
NKE,2024-02-14,1515120000
NKE,2024-02-15,1515120000
NKE,2024-02-16,1515120000
NKE,2024-02-22,1515120000
NKE,2024-02-24,1515120000
NKE,2024-02-28,1515120000
NKE,2024-02-29,1515120000
NKE,2024-03-01,1515120000
NKE,2024-03-02,1515120000
NKE,2024-03-05,1550739968
NKE,2024-03-06,1515120000
NKE,2024-03-07,1515120000
NKE,2024-03-12,1486339968
NKE,2024-03-13,1497479936
NKE,2024-03-14,1515120000
NKE,2024-03-16,1515120000
NKE,2024-03-20,1515120000
NKE,2024-03-22,1515120000
NKE,2024-03-23,1627469952
NKE,2024-03-26,1515120000
NKE,2024-03-27,1515120000
NKE,2024-04-12,1509360000
NKE,2024-04-17,1504669952
NKE,2024-04-18,1486279936
NKE,2024-04-19,1509360000
NKE,2024-04-20,1509360000
NKE,2024-04-23,1509360000
NKE,2024-04-25,1520610048
NKE,2024-04-26,1509360000
NKE,2024-04-30,1509360000
NKE,2024-05-01,1538809984
NKE,2024-05-04,1513619968
NKE,2024-05-07,1489799936
NKE,2024-05-09,1509360000
NKE,2024-05-11,1550019968
NKE,2024-05-14,1509360000
NKE,2024-05-15,1508220032
NKE,2024-05-16,1509360000
NKE,2024-05-17,1509360000
NKE,2024-05-20,1516099968
NKE,2024-05-21,1492280064
NKE,2024-05-22,1509360000
NKE,2024-05-23,1514579968
NKE,2024-05-24,1527520000
NKE,2024-05-25,1509360000
NKE,2024-05-29,1509360000
NKE,2024-05-31,1480610048
NKE,2024-06-01,1509360000
NKE,2024-06-05,1503939968
NKE,2024-06-06,1509360000
NKE,2024-06-07,1509360000
NKE,2024-06-08,1509360000
NKE,2024-06-12,1511410048
NKE,2024-06-13,1544640000
NKE,2024-06-15,1522130048
NKE,2024-06-18,1509360000
NKE,2024-06-21,1496880000
NKE,2024-06-22,1509360000
NKE,2024-06-28,1507280000
NKE,2024-07-03,1525040000
NKE,2024-07-10,1521650048
NKE,2024-07-11,1509360000
NKE,2024-07-16,1478259968
NKE,2024-07-17,1509360000
NKE,2024-07-18,1503990016
NKE,2024-07-19,1502720000
NKE,2024-07-20,1509360000
NKE,2024-07-24,1539379968
NKE,2024-07-25,1502599936
NKE,2024-07-26,1509360000
NKE,2024-07-27,1499360000
NKE,2024-07-31,1499360000
NKE,2024-08-01,1499360000
NKE,2024-08-02,1499360000
NKE,2024-08-03,1499360000
NKE,2024-08-08,1499360000
NKE,2024-08-10,1499360000
NKE,2024-08-13,1499360000
NKE,2024-08-14,1499360000
NKE,2024-08-17,1499360000
NKE,2024-08-20,1499360000
NKE,2024-08-23,1499360000
NKE,2024-08-24,1499360000
NKE,2024-08-27,1499360000
NKE,2024-08-30,1499360000
NKE,2024-08-31,1498279936
NKE,2024-09-05,1499360000
NKE,2024-09-06,1499360000
NKE,2024-09-07,1503079936
NKE,2024-09-10,1499360000
NKE,2024-09-11,1499360000
NKE,2024-09-12,1493430016
NKE,2024-09-17,1484519936
NKE,2024-09-18,1499360000
NKE,2024-09-19,1499360000
NKE,2024-09-20,1499360000
NKE,2024-09-21,1403350016
NKE,2024-09-24,1499360000
NKE,2024-09-26,1499360000
NKE,2024-09-27,1499360000
NKE,2024-09-30,1516999936
NKE,2024-10-01,1499360000
NKE,2024-10-08,1488499968
NKE,2024-10-09,1488499968
NKE,2024-10-10,1488499968
NKE,2024-10-12,1488499968
NKE,2024-10-15,1488499968
NKE,2024-10-17,1488499968
NKE,2024-10-18,1488499968
NKE,2024-10-19,1488499968
NKE,2024-10-24,1488499968
NKE,2024-10-26,1511149952
NKE,2024-10-28,1510000000
NKE,2024-10-29,1488499968
NKE,2024-10-30,1488499968
NKE,2024-10-31,1488499968
NKE,2024-11-01,1488499968
NKE,2024-11-02,1488499968
NKE,2024-11-05,1488499968
NKE,2024-11-06,1488499968
NKE,2024-11-07,1488499968
NKE,2024-11-08,1488499968
NKE,2024-11-09,1488499968
NKE,2024-11-12,1488499968
NKE,2024-11-13,1488499968
NKE,2024-11-14,1491219968
NKE,2024-11-15,1488499968
NKE,2024-11-16,1488499968
NKE,2024-11-19,1523680000
NKE,2024-11-20,1488499968
NKE,2024-11-21,1499660032
NKE,2024-11-22,1488499968
NKE,2024-11-23,1488499968
NKE,2024-11-30,1480370048
NKE,2024-12-03,1488499968
NKE,2024-12-04,1488499968
NKE,2024-12-05,1488499968
NKE,2024-12-06,1484519936
NKE,2024-12-07,1488499968
NKE,2024-12-11,1505949952
NKE,2024-12-13,1505490048
NKE,2024-12-14,1488499968
NKE,2024-12-17,1488499968
NKE,2024-12-18,1488499968
NKE,2024-12-20,1488499968
NKE,2025-01-07,1479129984
NKE,2025-01-17,1479129984
NKE,2025-01-22,1479129984
NKE,2025-02-01,1479129984
NKE,2025-02-08,1479129984
NKE,2025-02-13,1479129984
NKE,2025-02-19,1479129984
NKE,2025-02-21,1479129984
NKE,2025-02-22,1479129984
NKE,2025-02-26,1479129984
NKE,2025-02-27,1479129984
NKE,2025-03-01,1479129984
NKE,2025-03-04,1479129984
NKE,2025-03-05,1479129984
NKE,2025-03-06,1479129984
NKE,2025-03-07,1479129984
NKE,2025-03-11,1479129984
NKE,2025-03-13,1479129984
NKE,2025-03-18,1479129984
NKE,2025-03-19,1485609984
NKE,2025-03-20,1479129984
NKE,2025-03-21,1479129984
NKE,2025-03-22,1479129984
NKE,2025-03-27,1479129984
NKE,2025-03-28,1479129984
NKE,2025-04-01,1479129984
NKE,2025-04-05,1475990016
NKE,2025-04-08,1475990016
NKE,2025-04-10,1609479936
NKE,2025-04-11,1475990016
NKE,2025-04-14,1448819968
NKE,2025-04-15,1475990016
NKE,2025-04-17,1475990016
NKE,2025-04-22,1466520064
NKE,2025-04-23,1475990016
NKE,2025-04-24,1475990016
NKE,2025-04-26,1498019968
NKE,2025-04-29,1475990016
NKE,2025-05-01,1505820032
NKE,2025-05-06,1475990016
NKE,2025-05-07,1484009984
NKE,2025-05-08,1475990016
NKE,2025-05-09,1475990016
NKE,2025-05-10,1491430016
NKE,2025-05-13,1475990016
NKE,2025-05-14,1491769984
NKE,2025-05-15,1460140032
NKE,2025-05-16,1475990016
NKE,2025-05-17,1475990016
NKE,2025-05-22,1475990016
NKE,2025-05-23,1475990016
NKE,2025-05-28,1409980032
NKE,2025-05-29,1501080064
NKE,2025-05-30,1484160000
NKE,2025-05-31,1496700032
NKE,2025-06-04,1475990016
NKE,2025-06-05,1475990016
NKE,2025-06-06,1478349952
NKE,2025-06-07,1475990016
NKE,2025-06-10,1497209984
NKE,2025-06-12,1475990016
NKE,2025-06-17,1475990016
NKE,2025-06-18,1475990016
NKE,2025-06-19,1488140032
NKE,2025-06-26,1475990016
NKE,2025-06-27,1435629952
NKE,2025-06-28,1281350016
NKE,2025-07-08,1473289984
NKE,2025-07-09,1475990016
NKE,2025-07-10,1483209984
NKE,2025-07-11,1516429952
NKE,2025-07-12,1475990016
NKE,2025-07-19,1476899968
NKE,2025-07-21,1476899968
NKE,2025-07-22,1476899968
NKE,2025-07-29,1476899968
NKE,2025-08-01,1476899968
NKE,2025-08-02,1476899968
NKE,2025-08-05,1476899968
NKE,2025-08-07,1476899968
NKE,2025-08-08,1476899968
NKE,2025-08-09,1476899968
NKE,2025-08-14,1476899968
NKE,2025-08-15,1476899968
NKE,2025-08-16,1476899968
NKE,2025-08-20,1476899968
NKE,2025-08-22,1476899968
NKE,2025-08-23,1476899968
NKE,2025-08-28,1476899968
NKE,2025-08-29,1476899968
NKE,2025-08-30,1476899968
NKE,2025-09-03,1476899968
NKE,2025-09-04,1476899968
NKE,2025-09-05,1476899968
NKE,2025-09-09,1476899968
NKE,2025-09-10,1476899968
NKE,2025-09-11,1476899968
NKE,2025-09-12,1476899968
NKE,2025-09-13,1476899968
NKE,2025-09-16,1476899968
NKE,2025-09-17,1476903492
NKE,2025-09-18,1476903492
NKE,2025-09-20,1476903492
NKE,2025-09-23,1476903492
NKE,2025-09-24,1476903492
NKE,2025-09-26,1476903492
NKE,2025-09-30,1471807060
NKE,2025-10-01,1468007759
NKE,2025-10-02,1379571173
NKE,2025-10-03,1478201363
NKE,2025-10-06,1532454826
NKE,2025-10-07,1478201363
NKE,2025-10-08,1526681048
NKE,2025-10-09,1478201363
NKE,2025-10-11,1478201363
NKE,2025-10-14,1478201363
NKE,2025-10-15,1472519335
NKE,2025-10-16,1478201363
NKE,2025-10-18,1466572348
NKE,2025-10-20,1472736259
NKE,2025-10-22,1456793824
NKE,2025-10-23,1478201363
NKE,2025-10-24,1465472878
NKE,2025-10-25,1478201363
NKE,2025-10-27,1489408022
NKE,2025-10-28,1478201363
NKE,2025-10-31,1478201363
NKE,2025-11-01,1485295997
NKE,2025-11-04,1478201363
NKE,2025-11-05,1478201363
NKE,2025-11-07,1478201363
NKE,2025-11-08,1478201363
NKE,2025-11-13,1478201363
NKE,2025-11-14,1478201363
NKE,2025-11-15,1521047779
NKE,2025-11-17,1478201363
NKE,2026-01-04,1480383402
NKE,2026-04-06,1480887033
NKE,2026-10-06,1485308829
NKE,2026-10-07,1485308829
NKE,2026-10-08,1485308829
NKE,2026-10-09,1485308829
SBUX,2019-01-05,1240600064
SBUX,2019-01-09,1240600064
SBUX,2019-01-12,1240600064
SBUX,2019-01-16,1240600064
SBUX,2019-01-29,1243420032
SBUX,2019-01-30,1243420032
SBUX,2019-02-10,1243600000
SBUX,2019-02-13,1243600000
SBUX,2019-02-15,1243600000
SBUX,2019-02-17,1243600000
SBUX,2019-02-20,1243600000
SBUX,2019-02-28,1243600000
SBUX,2019-03-07,1243600000
SBUX,2019-03-10,1243600000
SBUX,2019-03-14,1243600000
SBUX,2019-03-17,1243600000
SBUX,2019-03-26,1243600000
SBUX,2019-03-29,1243600000
SBUX,2019-04-01,1243600000
SBUX,2019-04-05,1243600000
SBUX,2019-04-09,1243600000
SBUX,2019-04-14,1243600000
SBUX,2019-04-17,1243600000
SBUX,2019-04-21,1243600000
SBUX,2019-04-29,1243600000
SBUX,2019-05-02,1211200000
SBUX,2019-05-05,1211200000
SBUX,2019-05-09,1211200000
SBUX,2019-05-12,1211200000
SBUX,2019-05-19,1211200000
SBUX,2019-05-22,1211200000
SBUX,2019-05-28,1211200000
SBUX,2019-06-03,1211200000
SBUX,2019-06-05,1211200000
SBUX,2019-06-10,1211200000
SBUX,2019-06-11,1211200000
SBUX,2019-06-17,1211200000
SBUX,2019-06-19,1211200000
SBUX,2019-06-21,1211200000
SBUX,2019-06-23,1211200000
SBUX,2019-06-30,1211200000
SBUX,2019-07-15,1220720000
SBUX,2019-07-18,1211200000
SBUX,2019-08-01,1196999936
SBUX,2019-09-12,1205350016
SBUX,2019-11-10,1184600064
SBUX,2019-11-15,1193410048
SBUX,2019-11-16,1184600064
SBUX,2019-11-19,1187280000
SBUX,2019-11-26,1191379968
SBUX,2019-11-27,1180999936
SBUX,2020-01-28,1174000000
SBUX,2020-02-07,1154800000
SBUX,2020-03-01,1173699968
SBUX,2020-03-27,1173699968
SBUX,2020-03-30,1236679936
SBUX,2020-03-31,1173699968
SBUX,2020-04-30,1168300032
SBUX,2020-07-30,1168999936
SBUX,2020-08-05,1174759936
SBUX,2020-08-06,1168999936
SBUX,2020-08-28,1168999936
SBUX,2020-09-05,1168999936
SBUX,2020-09-06,1168999936
SBUX,2020-10-08,1149970048
SBUX,2020-10-09,1168999936
SBUX,2020-11-04,1173299968
SBUX,2020-11-14,1173699968
SBUX,2020-11-26,1173699968
SBUX,2021-01-26,1177289984
SBUX,2021-01-28,1177299968
SBUX,2021-02-03,1141740032
SBUX,2021-02-04,1177299968
SBUX,2021-03-17,1177299968
SBUX,2021-03-18,1177299968
SBUX,2021-04-23,1185629952
SBUX,2021-04-24,1169090048
SBUX,2021-04-27,1177299968
SBUX,2021-04-29,1178300032
SBUX,2021-04-30,1178300032
SBUX,2021-07-30,1179100032
SBUX,2021-08-20,1193129984
SBUX,2021-10-06,1185590016
SBUX,2021-11-20,1180000000
SBUX,2021-11-22,1180000000
SBUX,2021-11-24,1173200000
SBUX,2021-12-04,1173200000
SBUX,2022-02-01,1154520064
SBUX,2022-02-04,1150300032
SBUX,2022-02-11,1150300032
SBUX,2022-03-04,1165880064
SBUX,2022-03-05,1150300032
SBUX,2022-05-04,1166390016
SBUX,2022-05-05,1146899968
SBUX,2022-07-07,1156499968
SBUX,2022-07-08,1146899968
SBUX,2022-07-29,1170540032
SBUX,2022-07-30,1146899968
SBUX,2022-08-05,1147399936
SBUX,2022-09-01,1147399936
SBUX,2022-09-03,1181430016
SBUX,2022-09-14,1147399936
SBUX,2022-10-21,1157049984
SBUX,2022-10-23,1147399936
SBUX,2022-11-06,1147900032
SBUX,2022-11-09,1147900032
SBUX,2022-11-23,1147800064
SBUX,2022-12-21,1151309952
SBUX,2022-12-22,1147800064
SBUX,2023-02-02,1148560000
SBUX,2023-02-08,1149299968
SBUX,2023-03-10,1149299968
SBUX,2023-03-18,1169440000
SBUX,2023-03-22,1149299968
SBUX,2023-03-30,1171420032
SBUX,2023-04-01,1181170048
SBUX,2023-04-04,1149299968
SBUX,2023-05-03,1150300032
SBUX,2023-05-04,1262850048
SBUX,2023-05-06,1146400000
SBUX,2023-05-12,1160940032
SBUX,2023-05-13,1155580032
SBUX,2023-05-16,1146400000
SBUX,2023-06-08,1149910016
SBUX,2023-06-10,1146400000
SBUX,2023-07-12,1157500032
SBUX,2023-07-15,1146400000
SBUX,2023-08-22,1145400064
SBUX,2023-08-23,1150050048
SBUX,2023-08-24,1145400064
SBUX,2023-10-10,1145400064
SBUX,2023-10-12,1145400064
SBUX,2023-10-13,1152039936
SBUX,2023-10-15,1145400064
SBUX,2023-10-17,1145400064
SBUX,2023-10-19,1145400064
SBUX,2023-10-20,1145400064
SBUX,2023-10-21,1145400064
SBUX,2023-11-04,1142599936
SBUX,2023-11-08,1146899968
SBUX,2023-11-09,1142599936
SBUX,2023-11-14,1142599936
SBUX,2023-11-21,1136700032
SBUX,2023-12-03,1137040000
SBUX,2023-12-05,1136700032
SBUX,2023-12-06,1136700032
SBUX,2023-12-15,1139840000
SBUX,2023-12-16,1136700032
SBUX,2023-12-22,1136700032
SBUX,2023-12-23,1137299968
SBUX,2023-12-26,1136700032
SBUX,2024-01-12,1136700032
SBUX,2024-01-26,1132220032
SBUX,2024-03-04,1132339968
SBUX,2024-03-05,1140790016
SBUX,2024-03-12,1132220032
SBUX,2024-03-13,1132220032
SBUX,2024-03-16,1151570048
SBUX,2024-03-26,1135600000
SBUX,2024-03-27,1132220032
SBUX,2024-03-28,1134329984
SBUX,2024-03-29,1132220032
SBUX,2024-04-04,1139879936
SBUX,2024-04-09,1132220032
SBUX,2024-04-10,1132220032
SBUX,2024-04-12,1144610048
SBUX,2024-04-13,1132220032
SBUX,2024-04-25,1143949952
SBUX,2024-04-26,1132220032
SBUX,2024-05-01,1132700032
SBUX,2024-05-02,1132700032
SBUX,2024-05-04,1160899968
SBUX,2024-05-07,1132700032
SBUX,2024-05-15,1140940032
SBUX,2024-05-16,1132700032
SBUX,2024-05-24,1132700032
SBUX,2024-06-12,1132700032
SBUX,2024-06-13,1139980032
SBUX,2024-06-15,1141090048
SBUX,2024-06-21,1132700032
SBUX,2024-07-03,1132700032
SBUX,2024-07-10,1132700032
SBUX,2024-07-11,1132700032
SBUX,2024-07-18,1139340032
SBUX,2024-07-24,1137010048
SBUX,2024-07-25,1153709952
SBUX,2024-07-26,1132700032
SBUX,2024-08-01,1133200000
SBUX,2024-08-17,1134160000
SBUX,2024-08-30,1138460032
SBUX,2024-08-31,1136669952
SBUX,2024-09-07,1138300032
SBUX,2024-09-17,1159789952
SBUX,2024-09-21,1143459968
SBUX,2024-10-15,1142649984
SBUX,2024-10-24,1139030016
SBUX,2024-10-26,1137159936
SBUX,2024-10-28,1133200000
SBUX,2024-10-30,1140530048
SBUX,2024-10-31,1133779968
SBUX,2024-11-01,1133500032
SBUX,2024-11-05,1154989952
SBUX,2024-11-13,1150819968
SBUX,2024-11-16,1142829952
SBUX,2024-11-21,1134540032
SBUX,2024-11-22,1133799936
SBUX,2024-12-06,1133799936
SBUX,2024-12-11,1133799936
SBUX,2024-12-13,1140749952
SBUX,2024-12-14,1133799936
SBUX,2025-01-25,1135929984
SBUX,2025-01-28,1135929984
SBUX,2025-01-30,1135929984
SBUX,2025-01-31,1135929984
SBUX,2025-02-01,1149859968
SBUX,2025-02-05,1135929984
SBUX,2025-02-06,1135929984
SBUX,2025-02-07,1135929984
SBUX,2025-02-08,1135929984
SBUX,2025-02-12,1135929984
SBUX,2025-02-20,1135929984
SBUX,2025-02-22,1135929984
SBUX,2025-02-25,1135929984
SBUX,2025-02-27,1135929984
SBUX,2025-02-28,1135929984
SBUX,2025-03-01,1135929984
SBUX,2025-03-04,1135929984
SBUX,2025-03-06,1135929984
SBUX,2025-03-11,1196080000
SBUX,2025-03-14,1135929984
SBUX,2025-03-15,1135929984
SBUX,2025-03-19,1135929984
SBUX,2025-03-20,1135929984
SBUX,2025-03-21,1135929984
SBUX,2025-03-22,1135929984
SBUX,2025-03-26,1135929984
SBUX,2025-03-27,1135929984
SBUX,2025-03-28,1135929984
SBUX,2025-04-01,1135929984
SBUX,2025-04-03,1135929984
SBUX,2025-04-05,1135929984
SBUX,2025-04-08,1135929984
SBUX,2025-04-09,1135929984
SBUX,2025-04-10,1135929984
SBUX,2025-04-11,1135929984
SBUX,2025-04-12,1135929984
SBUX,2025-04-15,1135929984
SBUX,2025-04-17,1135929984
SBUX,2025-04-22,1147480064
SBUX,2025-04-23,1135929984
SBUX,2025-04-25,1135929984
SBUX,2025-04-26,1136610048
SBUX,2025-04-29,1135929984
SBUX,2025-04-30,1135929984
SBUX,2025-05-01,1204039936
SBUX,2025-05-02,1136400000
SBUX,2025-05-10,1136400000
SBUX,2025-05-14,1140930048
SBUX,2025-05-15,1136400000
SBUX,2025-05-16,1158840064
SBUX,2025-05-17,1136400000
SBUX,2025-05-29,1136400000
SBUX,2025-05-30,1162770048
SBUX,2025-05-31,1137750016
SBUX,2025-06-06,1136400000
SBUX,2025-06-18,1159849984
SBUX,2025-06-30,1142349952
SBUX,2025-07-01,1136400000
SBUX,2025-07-08,1136400000
SBUX,2025-07-12,1138909952
SBUX,2025-07-28,1145500032
SBUX,2025-07-29,1136400000
SBUX,2025-07-31,1136700032
SBUX,2025-09-05,1157720064
SBUX,2025-09-06,1136700032
SBUX,2025-09-17,1136700000
SBUX,2025-10-02,1136700000
SBUX,2025-10-06,1140645962
SBUX,2025-10-07,1136700000
SBUX,2025-10-08,1136700000
SBUX,2025-10-21,1147861256
SBUX,2025-10-22,1136700000
SBUX,2025-10-28,1160517078
SBUX,2025-10-29,1136700000
SBUX,2025-10-31,1136900000
SBUX,2025-11-15,1159160604
SBUX,2025-11-17,1136900000
SBUX,2025-11-18,1137100000
SBUX,2026-01-28,1139262082
SBUX,2026-01-29,1139300000
SBUX,2026-04-30,1139700000
SBUX,2026-07-31,1140000000
MCD,2019-01-05,770910016
MCD,2019-01-07,770910016
MCD,2019-01-09,770910016
MCD,2019-01-10,770910016
MCD,2019-01-12,770910016
MCD,2019-01-14,770910016
MCD,2019-01-16,770910016
MCD,2019-01-20,770910016
MCD,2019-01-24,770910016
MCD,2019-01-25,770910016
MCD,2019-01-26,770910016
MCD,2019-01-29,770910016
MCD,2019-01-30,770910016
MCD,2019-02-04,770910016
MCD,2019-02-07,770910016
MCD,2019-02-11,770910016
MCD,2019-02-13,770910016
MCD,2019-02-14,770910016
MCD,2019-02-15,770910016
MCD,2019-02-16,770910016
MCD,2019-02-17,770910016
MCD,2019-02-19,770910016
MCD,2019-02-20,770910016
MCD,2019-02-27,770910016
MCD,2019-02-28,765316992
MCD,2019-03-07,765316992
MCD,2019-03-08,765316992
MCD,2019-03-10,765316992
MCD,2019-03-12,765316992
MCD,2019-03-14,765316992
MCD,2019-03-17,765316992
MCD,2019-03-19,765316992
MCD,2019-03-26,765316992
MCD,2019-03-29,765316992
MCD,2019-04-01,765316992
MCD,2019-04-05,765316992
MCD,2019-04-06,765316992
MCD,2019-04-09,765316992
MCD,2019-04-10,765316992
MCD,2019-04-14,763494016
MCD,2019-04-16,763494016
MCD,2019-04-17,763494016
MCD,2019-04-18,763494016
MCD,2019-04-21,763494016
MCD,2019-04-22,763494016
MCD,2019-04-29,763494016
MCD,2019-04-30,763494016
MCD,2019-05-02,763494016
MCD,2019-05-04,763494016
MCD,2019-05-05,763494016
MCD,2019-05-08,763494016
MCD,2019-05-09,763494016
MCD,2019-05-10,763494016
MCD,2019-05-12,763555968
MCD,2019-05-14,763555968
MCD,2019-05-19,763555968
MCD,2019-05-21,763555968
MCD,2019-05-22,763555968
MCD,2019-05-24,763555968
MCD,2019-05-28,763555968
MCD,2019-06-02,763555968
MCD,2019-06-03,763555968
MCD,2019-06-05,763555968
MCD,2019-06-06,763555968
MCD,2019-06-10,763555968
MCD,2019-06-11,763555968
MCD,2019-06-14,763555968
MCD,2019-06-17,763555968
MCD,2019-06-18,763555968
MCD,2019-06-19,763555968
MCD,2019-06-21,763555968
MCD,2019-06-23,763555968
MCD,2019-06-24,763555968
MCD,2019-06-27,763555968
MCD,2019-07-03,775696000
MCD,2019-07-04,763555968
MCD,2019-07-17,761809984
MCD,2019-07-26,769513024
MCD,2019-08-19,759443968
MCD,2019-08-26,742732032
MCD,2019-08-29,759443968
MCD,2019-09-01,750939008
MCD,2019-09-02,759793024
MCD,2019-09-08,754185024
MCD,2019-09-10,752334016
MCD,2019-09-12,759443968
MCD,2019-09-15,759443968
MCD,2019-09-16,759443968
MCD,2019-10-21,754158016
MCD,2019-10-26,759443968
MCD,2019-11-06,791809024
MCD,2019-11-08,775128000
MCD,2019-11-09,770737024
MCD,2019-11-10,753092992
MCD,2019-11-14,759795008
MCD,2019-11-15,753092992
MCD,2019-11-27,761414016
MCD,2019-11-28,744307968
MCD,2019-11-29,753092992
MCD,2019-12-05,757734016
MCD,2019-12-09,753092992
MCD,2019-12-19,749683008
MCD,2019-12-20,747628032
MCD,2019-12-21,753092992
MCD,2020-01-01,750425984
MCD,2020-01-02,753092992
MCD,2020-01-16,744297984
MCD,2020-01-17,753092992
MCD,2020-01-22,750179968
MCD,2020-01-23,753092992
MCD,2020-01-27,745401024
MCD,2020-01-28,753092992
MCD,2020-01-29,749334976
MCD,2020-01-30,753092992
MCD,2020-02-01,753092992
MCD,2020-02-07,747824000
MCD,2020-02-09,753092992
MCD,2020-02-10,748636032
MCD,2020-02-17,751950016
MCD,2020-02-22,753092992
MCD,2020-02-25,753092992
MCD,2020-02-27,753092992
MCD,2020-02-28,745446976
MCD,2020-03-03,714606016
MCD,2020-03-04,756804992
MCD,2020-03-05,745446976
MCD,2020-04-13,745446976
MCD,2020-04-14,743515008
MCD,2020-05-09,743555968
MCD,2020-05-11,743555968
MCD,2020-08-12,744102976
MCD,2020-08-28,744102976
MCD,2020-09-05,744102976
MCD,2020-11-12,745110976
MCD,2020-11-26,745110976
MCD,2020-12-04,745110976
MCD,2020-12-05,745110976
MCD,2020-12-10,746184000
MCD,2020-12-11,745110976
MCD,2021-01-01,734624000
MCD,2021-01-02,745110976
MCD,2021-01-06,745110976
MCD,2021-02-26,745571968
MCD,2021-03-17,745571968
MCD,2021-04-07,735734016
MCD,2021-04-08,745571968
MCD,2021-04-10,746097024
MCD,2021-04-13,747777024
MCD,2021-04-14,746097024
MCD,2021-04-15,749369024
MCD,2021-04-16,742968000
MCD,2021-04-17,740336000
MCD,2021-04-18,746097024
MCD,2021-04-20,750185024
MCD,2021-04-21,742254976
MCD,2021-04-22,748507008
MCD,2021-04-23,743856000
MCD,2021-04-24,738718976
MCD,2021-04-27,738878016
MCD,2021-04-30,746097024
MCD,2021-05-01,743347968
MCD,2021-05-02,746097024
MCD,2021-05-06,742352000
MCD,2021-05-07,746668992
MCD,2021-05-08,746238016
MCD,2021-05-09,746174016
MCD,2021-05-11,739030976
MCD,2021-05-12,756544000
MCD,2021-05-13,765553984
MCD,2021-05-14,746174016
MCD,2021-05-15,739894976
MCD,2021-05-16,746174016
MCD,2021-05-18,746302976
MCD,2021-05-19,745369984
MCD,2021-05-20,746174016
MCD,2021-05-25,744019008
MCD,2021-05-26,746174016
MCD,2021-08-06,746798976
MCD,2021-08-18,746798976
MCD,2021-10-21,756300992
MCD,2021-10-22,746798976
MCD,2021-11-04,747244992
MCD,2021-12-02,748531008
MCD,2021-12-03,747244992
MCD,2022-02-08,747849024
MCD,2022-02-09,747244992
MCD,2022-02-12,747244992
MCD,2022-02-28,743585024
MCD,2022-03-04,757064000
MCD,2022-03-15,745852992
MCD,2022-03-16,743585024
MCD,2022-04-12,746582976
MCD,2022-04-14,739604992
MCD,2022-05-04,741921984
MCD,2022-05-05,739547008
MCD,2022-06-03,742809984
MCD,2022-06-28,742150976
MCD,2022-06-29,739547008
MCD,2022-07-29,752601984
MCD,2022-07-30,739547008
MCD,2022-08-08,735716992
MCD,2022-09-02,735716992
MCD,2022-09-03,741382976
MCD,2022-09-10,737305024
MCD,2022-09-12,735716992
MCD,2022-10-04,721337024
MCD,2022-10-06,735716992
MCD,2022-10-21,738604032
MCD,2022-10-22,735716992
MCD,2022-11-11,732424000
MCD,2023-03-01,731497024
MCD,2023-03-08,731497024
MCD,2023-03-18,740723008
MCD,2023-03-21,731497024
MCD,2023-03-30,735713024
MCD,2023-04-01,731497024
MCD,2023-04-06,732171008
MCD,2023-04-07,731497024
MCD,2023-04-18,730032000
MCD,2023-04-25,732881024
MCD,2023-04-26,734264000
MCD,2023-04-27,730032000
MCD,2023-05-04,737078976
MCD,2023-05-05,730032000
MCD,2023-05-08,730094016
MCD,2023-05-09,730094016
MCD,2023-05-11,730315008
MCD,2023-05-12,734502016
MCD,2023-05-13,731153984
MCD,2023-05-17,730094016
MCD,2023-07-12,730713984
MCD,2023-07-13,730094016
MCD,2023-08-22,730094016
MCD,2023-09-04,728763008
MCD,2023-09-07,738606016
MCD,2023-10-11,728763008
MCD,2023-10-12,728763008
MCD,2023-10-13,742764992
MCD,2023-10-14,728763008
MCD,2023-10-15,728763008
MCD,2023-10-17,728763008
MCD,2023-10-19,728763008
MCD,2023-10-24,728763008
MCD,2023-10-26,728763008
MCD,2023-10-27,728763008
MCD,2023-10-28,728763008
MCD,2023-11-02,728763008
MCD,2023-11-04,728763008
MCD,2023-11-08,725990016
MCD,2023-11-09,729193024
MCD,2023-11-10,725342016
MCD,2023-11-11,725342016
MCD,2023-11-14,725342016
MCD,2023-11-15,725342016
MCD,2023-11-22,725342016
MCD,2023-11-23,725342016
MCD,2023-11-25,725342016
MCD,2023-11-29,725342016
MCD,2023-11-30,725342016
MCD,2023-12-02,725342016
MCD,2023-12-06,725342016
MCD,2023-12-07,725342016
MCD,2023-12-15,740123008
MCD,2023-12-16,725342016
MCD,2023-12-19,725342016
MCD,2023-12-22,725342016
MCD,2023-12-23,725342016
MCD,2023-12-27,725342016
MCD,2023-12-29,725342016
MCD,2024-01-04,725342016
MCD,2024-01-05,725342016
MCD,2024-01-06,725342016
MCD,2024-01-09,725342016
MCD,2024-01-11,725342016
MCD,2024-01-13,725342016
MCD,2024-01-17,725342016
MCD,2024-01-20,725342016
MCD,2024-01-24,725342016
MCD,2024-01-25,725342016
MCD,2024-01-27,737627008
MCD,2024-01-30,737500992
MCD,2024-01-31,725342016
MCD,2024-02-02,725342016
MCD,2024-02-03,725342016
MCD,2024-02-06,725342016
MCD,2024-02-07,725491008
MCD,2024-02-10,728278976
MCD,2024-02-13,722142016
MCD,2024-02-24,722142016
MCD,2024-02-27,722051968
MCD,2024-03-02,722051008
MCD,2024-03-05,722051968
MCD,2024-03-09,722051008
MCD,2024-03-13,751280000
MCD,2024-03-14,722051968
MCD,2024-03-15,722051008
MCD,2024-03-20,722051968
MCD,2024-03-23,722051008
MCD,2024-03-26,732444032
MCD,2024-03-29,722230976
MCD,2024-04-02,722051008
MCD,2024-04-04,727817024
MCD,2024-04-09,722051008
MCD,2024-04-10,721004992
MCD,2024-04-12,724321024
MCD,2024-04-13,721004992
MCD,2024-04-16,721004992
MCD,2024-04-17,721004992
MCD,2024-04-25,721004992
MCD,2024-04-26,721004992
MCD,2024-05-04,721004992
MCD,2024-05-07,721004992
MCD,2024-05-09,720681984
MCD,2024-05-10,720681984
MCD,2024-05-14,720681984
MCD,2024-05-15,722438976
MCD,2024-05-16,720681984
MCD,2024-05-18,723670976
MCD,2024-05-20,732814976
MCD,2024-05-21,726102976
MCD,2024-05-22,720681984
MCD,2024-05-23,720953024
MCD,2024-05-24,720681984
MCD,2024-05-30,720681984
MCD,2024-05-31,720681984
MCD,2024-06-04,720681984
MCD,2024-06-08,720681984
MCD,2024-06-11,720681984
MCD,2024-06-12,720681984
MCD,2024-06-13,720681984
MCD,2024-06-14,720681984
MCD,2024-06-15,720681984
MCD,2024-06-18,720681984
MCD,2024-06-19,720681984
MCD,2024-06-21,720681984
MCD,2024-06-25,720681984
MCD,2024-06-28,720681984
MCD,2024-06-29,720681984
MCD,2024-07-03,727080000
MCD,2024-07-09,720681984
MCD,2024-07-10,726633024
MCD,2024-07-12,720681984
MCD,2024-07-13,720681984
MCD,2024-07-16,720681984
MCD,2024-07-19,726956032
MCD,2024-07-20,720681984
MCD,2024-07-23,720681984
MCD,2024-07-24,720681984
MCD,2024-07-25,726156032
MCD,2024-07-26,720681984
MCD,2024-07-27,720681984
MCD,2024-07-30,720681984
MCD,2024-08-01,720681984
MCD,2024-08-03,720681984
MCD,2024-08-06,720681984
MCD,2024-08-08,720681984
MCD,2024-08-09,717342976
MCD,2024-08-13,717342976
MCD,2024-08-15,717342976
MCD,2024-08-16,717342976
MCD,2024-08-17,717342976
MCD,2024-08-20,717342976
MCD,2024-08-22,717342976
MCD,2024-08-23,717342976
MCD,2024-08-24,717342976
MCD,2024-08-27,719430976
MCD,2024-08-28,717342976
MCD,2024-09-06,717342976
MCD,2024-09-07,717342976
MCD,2024-09-11,717393024
MCD,2024-09-12,717342976
MCD,2024-09-13,717342976
MCD,2024-09-14,717342976
MCD,2024-09-17,717342976
MCD,2024-09-20,717342976
MCD,2024-09-21,717342976
MCD,2024-09-24,717342976
MCD,2024-09-26,717342976
MCD,2024-09-27,717342976
MCD,2024-09-28,717342976
MCD,2024-10-01,717342976
MCD,2024-10-02,717342976
MCD,2024-10-03,717342976
MCD,2024-10-04,717342976
MCD,2024-10-05,717342976
MCD,2024-10-09,717342976
MCD,2024-10-11,717342976
MCD,2024-10-12,717342976
MCD,2024-10-15,717342976
MCD,2024-10-16,717342976
MCD,2024-10-17,717342976
MCD,2024-10-18,721424000
MCD,2024-10-19,717342976
MCD,2024-10-22,717342976
MCD,2024-10-23,717342976
MCD,2024-10-24,717342976
MCD,2024-10-26,731953984
MCD,2024-10-28,721646016
MCD,2024-10-29,717342976
MCD,2024-10-30,721696000
MCD,2024-10-31,725905984
MCD,2024-11-02,717342976
MCD,2024-11-05,723123968
MCD,2024-11-06,717342976
MCD,2024-11-09,716620032
MCD,2024-11-12,716620032
MCD,2024-11-13,723529984
MCD,2024-11-14,719753024
MCD,2024-11-16,731142016
MCD,2024-11-19,720385984
MCD,2024-11-20,716620032
MCD,2024-11-21,716620032
MCD,2024-11-28,716620032
MCD,2024-11-30,716620032
MCD,2024-12-03,716620032
MCD,2024-12-04,716620032
MCD,2024-12-05,716620032
MCD,2024-12-06,716620032
MCD,2024-12-10,716620032
MCD,2024-12-11,718193024
MCD,2024-12-12,716620032
MCD,2024-12-13,716620032
MCD,2024-12-14,716620032
MCD,2024-12-17,716620032
MCD,2024-12-18,716620032
MCD,2024-12-21,716620032
MCD,2024-12-24,716620032
MCD,2024-12-25,716620032
MCD,2024-12-27,716620032
MCD,2024-12-28,716620032
MCD,2024-12-31,716620032
MCD,2025-01-04,716620032
MCD,2025-01-07,722996992
MCD,2025-01-11,716620032
MCD,2025-01-14,716620032
MCD,2025-01-15,716620032
MCD,2025-01-17,723177984
MCD,2025-01-22,716620032
MCD,2025-01-24,716620032
MCD,2025-01-30,716620032
MCD,2025-01-31,716620032
MCD,2025-02-01,720641024
MCD,2025-02-07,716620032
MCD,2025-02-08,716766016
MCD,2025-02-11,716620032
MCD,2025-02-13,722700032
MCD,2025-02-15,716620032
MCD,2025-02-27,714460992
MCD,2025-02-28,714460992
MCD,2025-03-01,714460992
MCD,2025-03-04,714460992
MCD,2025-03-06,714460992
MCD,2025-03-07,714460992
MCD,2025-03-11,723558976
MCD,2025-03-15,714460992
MCD,2025-03-18,714460992
MCD,2025-03-19,714460992
MCD,2025-03-20,714460992
MCD,2025-03-21,714460992
MCD,2025-03-22,718110016
MCD,2025-03-26,714460992
MCD,2025-03-27,714460992
MCD,2025-03-28,714460992
MCD,2025-04-01,714460992
MCD,2025-04-02,714460992
MCD,2025-04-05,714460992
MCD,2025-04-08,714460992
MCD,2025-04-09,715072000
MCD,2025-04-10,715072000
MCD,2025-04-11,715072000
MCD,2025-04-14,715072000
MCD,2025-04-15,715072000
MCD,2025-04-17,715072000
MCD,2025-04-22,721048000
MCD,2025-04-23,715072000
MCD,2025-04-24,716419008
MCD,2025-04-25,715072000
MCD,2025-05-01,715072000
MCD,2025-05-02,715072000
MCD,2025-05-07,715072000
MCD,2025-05-08,715072000
MCD,2025-05-09,715072000
MCD,2025-05-10,715072000
MCD,2025-05-14,717800000
MCD,2025-05-15,715033024
MCD,2025-05-16,715033024
MCD,2025-05-21,715033024
MCD,2025-05-23,715033024
MCD,2025-05-28,715033024
MCD,2025-05-29,715033024
MCD,2025-05-30,715033024
MCD,2025-05-31,715033024
MCD,2025-06-03,715033024
MCD,2025-06-04,715033024
MCD,2025-06-05,715033024
MCD,2025-06-06,721025984
MCD,2025-06-07,715033024
MCD,2025-06-10,721086016
MCD,2025-06-11,715033024
MCD,2025-06-12,715033024
MCD,2025-06-14,715033024
MCD,2025-06-17,728595008
MCD,2025-06-18,715033024
MCD,2025-06-19,715033024
MCD,2025-06-25,715033024
MCD,2025-06-27,715033024
MCD,2025-06-28,715033024
MCD,2025-07-02,715033024
MCD,2025-07-08,719593024
MCD,2025-07-09,715033024
MCD,2025-07-10,715033024
MCD,2025-07-11,728137024
MCD,2025-07-12,715033024
MCD,2025-07-17,715033024
MCD,2025-07-18,715033024
MCD,2025-07-24,715033024
MCD,2025-07-25,715033024
MCD,2025-07-30,715033024
MCD,2025-08-01,715033024
MCD,2025-08-02,715033024
MCD,2025-08-06,715033024
MCD,2025-08-07,715033024
MCD,2025-08-08,715033024
MCD,2025-08-09,713603968
MCD,2025-08-13,713603968
MCD,2025-08-14,713603968
MCD,2025-08-16,713603968
MCD,2025-08-22,713603968
MCD,2025-08-26,713603968
MCD,2025-08-29,713603968
MCD,2025-09-03,713603968
MCD,2025-09-04,713603968
MCD,2025-09-05,713603968
MCD,2025-09-09,713603968
MCD,2025-09-10,713603968
MCD,2025-09-16,713603968
MCD,2025-09-17,713604434
MCD,2025-09-20,713604434
MCD,2025-09-23,713604434
MCD,2025-09-24,713604434
MCD,2025-09-26,713604434
MCD,2025-09-30,718903652
MCD,2025-10-01,716774548
MCD,2025-10-02,724812383
MCD,2025-10-06,713604434
MCD,2025-10-08,713604434
MCD,2025-10-11,713604434
MCD,2025-10-14,713604434
MCD,2025-10-15,713604434
MCD,2025-10-16,713604434
MCD,2025-10-17,713604434
MCD,2025-10-20,714346395
MCD,2025-10-22,715020132
MCD,2025-10-23,713604434
MCD,2025-10-24,716358132
MCD,2025-10-25,713604434
MCD,2025-10-27,713604434
MCD,2025-10-29,713604434
MCD,2025-11-01,713604434
MCD,2025-11-05,713604434
MCD,2025-11-06,713604434
MCD,2025-11-07,712154350
MCD,2025-11-08,712154350
MCD,2025-11-12,712154350
MCD,2025-11-13,712154350
MCD,2025-11-15,713430072
MCD,2025-11-17,713604434
MCD,2026-04-10,710827631
MCD,2026-05-09,710505859
MCD,2026-08-11,707641531
BKNG,2019-01-05,46329600
BKNG,2019-01-07,46329600
BKNG,2019-01-09,46329600
BKNG,2019-01-10,46329600
BKNG,2019-01-12,46329600
BKNG,2019-01-14,46329600
BKNG,2019-01-16,46329600
BKNG,2019-01-20,46329600
BKNG,2019-01-25,46329600
BKNG,2019-01-26,46329600
BKNG,2019-01-28,46329600
BKNG,2019-01-30,46329600
BKNG,2019-02-04,46329600
BKNG,2019-02-07,46329600
BKNG,2019-02-11,46329600
BKNG,2019-02-13,46329600
BKNG,2019-02-14,46329600
BKNG,2019-02-15,46329600
BKNG,2019-02-17,46329600
BKNG,2019-02-18,46329600
BKNG,2019-02-20,46329600
BKNG,2019-02-28,46329600
BKNG,2019-03-01,46329600
BKNG,2019-03-07,45012700
BKNG,2019-03-09,45012700
BKNG,2019-03-10,45012700
BKNG,2019-03-11,45012700
BKNG,2019-03-14,45012700
BKNG,2019-03-15,45012700
BKNG,2019-03-17,45012700
BKNG,2019-03-18,45012700
BKNG,2019-03-26,45012700
BKNG,2019-03-27,45012700
BKNG,2019-03-29,45012700
BKNG,2019-03-30,45012700
BKNG,2019-04-01,45012700
BKNG,2019-04-02,45012700
BKNG,2019-04-05,45012700
BKNG,2019-04-09,45012700
BKNG,2019-04-11,45012700
BKNG,2019-04-14,45012700
BKNG,2019-04-15,45012700
BKNG,2019-04-17,45012700
BKNG,2019-04-19,45012700
BKNG,2019-04-21,45012700
BKNG,2019-04-29,43896600
BKNG,2019-05-01,43896600
BKNG,2019-05-02,43896600
BKNG,2019-05-03,43896600
BKNG,2019-05-05,43896600
BKNG,2019-05-07,43896600
BKNG,2019-05-09,43896600
BKNG,2019-05-12,43291300
BKNG,2019-05-13,43291300
BKNG,2019-05-19,43291300
BKNG,2019-05-20,43291300
BKNG,2019-05-22,43291300
BKNG,2019-05-23,43291300
BKNG,2019-05-28,43291300
BKNG,2019-06-01,43291300
BKNG,2019-06-03,43291300
BKNG,2019-06-04,43291300
BKNG,2019-06-05,43291300
BKNG,2019-06-06,43291300
BKNG,2019-06-10,43291300
BKNG,2019-06-11,43291300
BKNG,2019-06-12,43291300
BKNG,2019-06-17,43291300
BKNG,2019-06-21,43291300
BKNG,2019-06-23,43291300
BKNG,2019-06-24,43291300
BKNG,2019-06-26,43291300
BKNG,2019-07-04,43028400
BKNG,2019-07-06,43291300
BKNG,2019-07-10,42301600
BKNG,2019-07-11,43095900
BKNG,2019-07-12,43402000
BKNG,2019-07-13,43291300
BKNG,2019-08-07,44682600
BKNG,2019-08-08,44089100
BKNG,2019-08-09,45299600
BKNG,2019-08-10,42511900
BKNG,2019-08-30,42183000
BKNG,2019-09-02,41984200
BKNG,2019-09-04,42511900
BKNG,2019-09-06,41914400
BKNG,2019-09-09,42485500
BKNG,2019-09-11,41409500
BKNG,2019-09-12,43173100
BKNG,2019-09-20,42516000
BKNG,2019-09-21,42511900
BKNG,2019-10-04,42078200
BKNG,2019-10-08,42511900
BKNG,2019-10-21,42197500
BKNG,2019-10-22,42511900
BKNG,2019-11-05,42862300
BKNG,2019-11-07,43382000
BKNG,2019-11-08,39171600
BKNG,2019-11-09,42511900
BKNG,2019-11-14,41482000
BKNG,2019-11-15,42001100
BKNG,2019-11-16,41855700
BKNG,2019-12-18,41999400
BKNG,2019-12-19,41855700
BKNG,2020-01-07,42040100
BKNG,2020-01-08,42411400
BKNG,2020-01-09,42172600
BKNG,2020-01-12,41855700
BKNG,2020-02-07,42322100
BKNG,2020-02-08,41855700
BKNG,2020-02-12,42358400
BKNG,2020-02-14,41855700
BKNG,2020-02-28,41061800
BKNG,2020-03-09,40180700
BKNG,2020-03-10,41061800
BKNG,2020-03-27,41061800
BKNG,2020-03-30,41061800
BKNG,2020-04-03,41061800
BKNG,2020-04-06,41061800
BKNG,2020-04-16,41061800
BKNG,2020-04-23,41061800
BKNG,2020-04-27,41061800
BKNG,2020-04-28,40930700
BKNG,2020-05-09,40930900
BKNG,2020-05-11,40930900
BKNG,2020-08-10,40948600
BKNG,2020-08-28,40948600
BKNG,2020-09-21,42247100
BKNG,2020-09-22,40948600
BKNG,2020-11-07,40954900
BKNG,2020-11-09,40954900
BKNG,2020-11-26,40954900
BKNG,2021-02-26,40961800
BKNG,2021-03-17,40961800
BKNG,2021-04-22,41052700
BKNG,2021-04-23,41239500
BKNG,2021-04-24,40406600
BKNG,2021-04-27,41052700
BKNG,2021-05-07,41052800
BKNG,2021-08-06,41059800
BKNG,2021-08-21,41059800
BKNG,2021-10-06,41518700
BKNG,2021-10-07,41518700
BKNG,2021-10-12,41059800
BKNG,2021-11-06,41059800
BKNG,2022-02-04,41121800
BKNG,2022-02-05,41063500
BKNG,2022-02-11,41063500
BKNG,2022-02-25,40887700
BKNG,2022-03-01,42943300
BKNG,2022-03-02,40887700
BKNG,2022-03-04,42083200
BKNG,2022-03-05,40887700
BKNG,2022-03-15,41244500
BKNG,2022-03-17,40887700
BKNG,2022-03-28,41143400
BKNG,2022-03-31,40887700
BKNG,2022-04-29,40780900
BKNG,2022-05-10,40623300
BKNG,2022-08-05,41024400
BKNG,2022-08-06,39706200
BKNG,2022-09-02,39706200
BKNG,2022-09-15,38766200
BKNG,2022-09-16,39706200
BKNG,2022-11-05,39089300
BKNG,2022-11-08,39647700
BKNG,2022-11-10,38789400
BKNG,2022-12-06,39334900
BKNG,2022-12-07,38789400
BKNG,2023-02-25,37863000
BKNG,2023-03-01,37648400
BKNG,2023-03-16,38553800
BKNG,2023-03-25,38242300
BKNG,2023-03-30,38042600
BKNG,2023-04-01,38292300
BKNG,2023-04-06,37975500
BKNG,2023-04-07,38442200
BKNG,2023-04-27,37112300
BKNG,2023-05-02,37112300
BKNG,2023-05-03,37112300
BKNG,2023-05-04,38091800
BKNG,2023-05-06,37112300
BKNG,2023-05-10,36933700
BKNG,2023-05-14,37145600
BKNG,2023-05-16,36933700
BKNG,2023-07-06,37297300
BKNG,2023-07-07,36933700
BKNG,2023-07-12,37672200
BKNG,2023-07-13,36933700
BKNG,2023-07-19,37333700
BKNG,2023-07-21,36933700
BKNG,2023-08-22,36933700
BKNG,2023-09-07,35692200
BKNG,2023-10-14,35692200
BKNG,2023-10-15,35692200
BKNG,2023-10-17,35692200
BKNG,2023-10-18,35692200
BKNG,2023-10-19,37297000
BKNG,2023-10-20,35692200
BKNG,2023-10-21,35692200
BKNG,2023-10-24,35692200
BKNG,2023-10-25,35692200
BKNG,2023-10-26,35692200
BKNG,2023-10-27,35692200
BKNG,2023-10-31,35692200
BKNG,2023-11-02,35692200
BKNG,2023-11-03,35692200
BKNG,2023-11-04,35692200
BKNG,2023-11-08,34889900
BKNG,2023-11-09,34889900
BKNG,2023-11-14,34889900
BKNG,2023-11-15,34889900
BKNG,2023-11-16,34889900
BKNG,2023-11-22,34889900
BKNG,2023-11-23,34889900
BKNG,2023-12-03,34906000
BKNG,2023-12-05,34889900
BKNG,2023-12-06,34889900
BKNG,2023-12-09,34889900
BKNG,2023-12-12,34889900
BKNG,2023-12-14,34889900
BKNG,2023-12-19,34889900
BKNG,2023-12-20,34889900
BKNG,2023-12-22,34889900
BKNG,2023-12-28,34889900
BKNG,2023-12-29,34889900
BKNG,2023-12-30,34889900
BKNG,2024-01-02,34889900
BKNG,2024-01-03,34889900
BKNG,2024-01-04,34889900
BKNG,2024-01-09,34889900
BKNG,2024-01-12,34889900
BKNG,2024-01-18,34889900
BKNG,2024-01-19,34889900
BKNG,2024-01-25,34889900
BKNG,2024-01-26,34889900
BKNG,2024-01-27,34889900
BKNG,2024-01-30,34889900
BKNG,2024-01-31,34889900
BKNG,2024-02-01,34889900
BKNG,2024-02-02,34889900
BKNG,2024-02-06,34889900
BKNG,2024-02-07,34889900
BKNG,2024-02-08,34889900
BKNG,2024-02-09,34889900
BKNG,2024-02-10,35633600
BKNG,2024-02-13,34889900
BKNG,2024-02-14,34889900
BKNG,2024-02-15,34889900
BKNG,2024-02-16,34889900
BKNG,2024-02-21,34889900
BKNG,2024-02-22,34889900
BKNG,2024-02-24,34889900
BKNG,2024-02-27,34397600
BKNG,2024-02-28,34171000
BKNG,2024-03-01,34171000
BKNG,2024-03-04,34171400
BKNG,2024-03-05,34171000
BKNG,2024-03-12,34171000
BKNG,2024-03-13,34171000
BKNG,2024-03-19,34171000
BKNG,2024-03-20,34171000
BKNG,2024-03-22,34171000
BKNG,2024-03-23,34388600
BKNG,2024-03-26,34171000
BKNG,2024-03-27,34171000
BKNG,2024-03-29,34600700
BKNG,2024-04-04,34171000
BKNG,2024-04-05,34171000
BKNG,2024-04-11,34171000
BKNG,2024-04-12,35139000
BKNG,2024-04-13,34171000
BKNG,2024-04-16,34171000
BKNG,2024-04-17,34171000
BKNG,2024-04-18,34171000
BKNG,2024-04-19,34171000
BKNG,2024-04-20,34171000
BKNG,2024-04-23,34171000
BKNG,2024-04-24,34171000
BKNG,2024-04-25,34331000
BKNG,2024-04-26,34020000
BKNG,2024-05-01,34636600
BKNG,2024-05-04,33927500
BKNG,2024-05-08,33927500
BKNG,2024-05-09,33927500
BKNG,2024-05-10,33927500
BKNG,2024-05-11,33927500
BKNG,2024-05-14,33927500
BKNG,2024-05-16,33927500
BKNG,2024-05-17,33927500
BKNG,2024-05-18,33927500
BKNG,2024-05-20,33927500
BKNG,2024-05-21,33927500
BKNG,2024-05-22,33927500
BKNG,2024-05-23,33927500
BKNG,2024-05-24,33927500
BKNG,2024-05-25,33927500
BKNG,2024-05-29,33927500
BKNG,2024-05-30,33927500
BKNG,2024-05-31,33927500
BKNG,2024-06-01,33927500
BKNG,2024-06-04,33927500
BKNG,2024-06-05,33927500
BKNG,2024-06-12,33927500
BKNG,2024-06-13,33927500
BKNG,2024-06-15,33927500
BKNG,2024-06-18,33927500
BKNG,2024-06-21,33927500
BKNG,2024-06-22,33927500
BKNG,2024-06-25,33927500
BKNG,2024-06-28,33927500
BKNG,2024-06-29,33927500
BKNG,2024-07-02,33927500
BKNG,2024-07-03,33927500
BKNG,2024-07-09,33927500
BKNG,2024-07-10,33927500
BKNG,2024-07-11,33927500
BKNG,2024-07-12,33927500
BKNG,2024-07-13,33927500
BKNG,2024-07-16,33927500
BKNG,2024-07-18,33927500
BKNG,2024-07-19,33927500
BKNG,2024-07-23,33927500
BKNG,2024-07-24,33927500
BKNG,2024-07-25,33927500
BKNG,2024-07-26,33927500
BKNG,2024-07-27,33927500
BKNG,2024-08-02,33927500
BKNG,2024-08-03,33524400
BKNG,2024-08-07,33524400
BKNG,2024-08-09,33524400
BKNG,2024-08-10,33524400
BKNG,2024-08-13,33562100
BKNG,2024-08-15,33524400
BKNG,2024-08-16,33524400
BKNG,2024-08-17,33668700
BKNG,2024-08-21,33524400
BKNG,2024-08-27,33805900
BKNG,2024-08-29,33524400
BKNG,2024-08-30,33524400
BKNG,2024-09-04,33524400
BKNG,2024-09-05,33524400
BKNG,2024-09-07,33524400
BKNG,2024-09-11,33524400
BKNG,2024-09-12,33588800
BKNG,2024-09-13,33524400
BKNG,2024-09-17,33524400
BKNG,2024-09-18,33524400
BKNG,2024-09-19,33524400
BKNG,2024-09-20,33524400
BKNG,2024-09-21,33524400
BKNG,2024-09-25,33524400
BKNG,2024-09-30,33810800
BKNG,2024-10-01,33524400
BKNG,2024-10-08,33524400
BKNG,2024-10-09,33524400
BKNG,2024-10-11,33524400
BKNG,2024-10-12,33559400
BKNG,2024-10-15,33524400
BKNG,2024-10-16,33524400
BKNG,2024-10-17,33524400
BKNG,2024-10-18,33524400
BKNG,2024-10-19,33524400
BKNG,2024-10-23,33524400
BKNG,2024-10-24,33524400
BKNG,2024-10-29,33524400
BKNG,2024-10-30,33524400
BKNG,2024-10-31,33524400
BKNG,2024-11-01,33096700
BKNG,2024-11-06,33096700
BKNG,2024-11-08,33096700
BKNG,2024-11-09,33096700
BKNG,2024-11-12,33096700
BKNG,2024-11-13,33096700
BKNG,2024-11-14,33096700
BKNG,2024-11-16,33096700
BKNG,2024-11-20,33096700
BKNG,2024-11-21,33096700
BKNG,2024-11-27,33096700
BKNG,2024-11-28,33096700
BKNG,2024-11-30,33231400
BKNG,2024-12-03,33096700
BKNG,2024-12-04,33096700
BKNG,2024-12-05,33096700
BKNG,2024-12-10,33096700
BKNG,2024-12-11,33096700
BKNG,2024-12-13,33247900
BKNG,2024-12-14,33096700
BKNG,2024-12-18,33096700
BKNG,2024-12-19,33096700
BKNG,2024-12-20,33096700
BKNG,2024-12-21,33096700
BKNG,2024-12-25,33096700
BKNG,2024-12-27,33096700
BKNG,2024-12-28,33096700
BKNG,2025-01-03,33096700
BKNG,2025-01-04,33096700
BKNG,2025-01-14,33096700
BKNG,2025-01-16,33096700
BKNG,2025-01-22,33096700
BKNG,2025-01-23,33096700
BKNG,2025-01-30,33096700
BKNG,2025-02-01,33096700
BKNG,2025-02-04,33096700
BKNG,2025-02-05,33096700
BKNG,2025-02-20,33096700
BKNG,2025-02-22,32815200
BKNG,2025-02-24,32815200
BKNG,2025-02-25,32815200
BKNG,2025-02-26,32815200
BKNG,2025-02-28,32815200
BKNG,2025-03-04,33278700
BKNG,2025-03-07,32815200
BKNG,2025-03-08,32815200
BKNG,2025-03-11,34454500
BKNG,2025-03-13,32815200
BKNG,2025-03-14,32815200
BKNG,2025-03-19,32815200
BKNG,2025-03-20,32815200
BKNG,2025-03-21,32815200
BKNG,2025-03-25,32815200
BKNG,2025-03-27,32815200
BKNG,2025-03-28,32815200
BKNG,2025-03-29,32815200
BKNG,2025-04-01,33009900
BKNG,2025-04-03,32815200
BKNG,2025-04-04,32815200
BKNG,2025-04-05,32815200
BKNG,2025-04-08,32815200
BKNG,2025-04-09,32815200
BKNG,2025-04-10,33703600
BKNG,2025-04-11,32815200
BKNG,2025-04-14,33029000
BKNG,2025-04-15,32815200
BKNG,2025-04-16,32815200
BKNG,2025-04-17,32815200
BKNG,2025-04-18,32815200
BKNG,2025-04-22,33818500
BKNG,2025-04-23,32815200
BKNG,2025-04-24,32640900
BKNG,2025-05-01,32540300
BKNG,2025-05-02,32540300
BKNG,2025-05-06,32540300
BKNG,2025-05-07,32721600
BKNG,2025-05-10,33135200
BKNG,2025-05-14,32826500
BKNG,2025-05-15,32540300
BKNG,2025-05-17,32540300
BKNG,2025-05-20,32540300
BKNG,2025-05-21,32540300
BKNG,2025-05-24,32540300
BKNG,2025-05-29,32540300
BKNG,2025-05-30,32540300
BKNG,2025-06-03,32540300
BKNG,2025-06-05,32540300
BKNG,2025-06-06,32540300
BKNG,2025-06-10,32540300
BKNG,2025-06-11,32540300
BKNG,2025-06-12,32566100
BKNG,2025-06-13,32540300
BKNG,2025-06-17,32540300
BKNG,2025-06-18,32540300
BKNG,2025-06-19,32631400
BKNG,2025-06-21,32540300
BKNG,2025-06-24,32540300
BKNG,2025-06-26,32540300
BKNG,2025-06-28,32540300
BKNG,2025-07-01,32540300
BKNG,2025-07-02,32540300
BKNG,2025-07-04,32540300
BKNG,2025-07-08,33124600
BKNG,2025-07-09,32540300
BKNG,2025-07-10,32800300
BKNG,2025-07-11,32548400
BKNG,2025-07-12,32540300
BKNG,2025-07-16,32540300
BKNG,2025-07-17,32540300
BKNG,2025-07-19,32540300
BKNG,2025-07-22,32540300
BKNG,2025-07-23,32540300
BKNG,2025-07-29,32540300
BKNG,2025-07-30,32540300
BKNG,2025-07-31,32409900
BKNG,2025-08-02,32409900
BKNG,2025-08-06,32409900
BKNG,2025-08-08,33031600
BKNG,2025-08-09,32409900
BKNG,2025-08-13,32409900
BKNG,2025-08-14,32409900
BKNG,2025-08-16,32409900
BKNG,2025-08-19,32409900
BKNG,2025-08-20,32409900
BKNG,2025-08-21,32409900
BKNG,2025-08-22,32409900
BKNG,2025-08-26,32409900
BKNG,2025-08-27,32409900
BKNG,2025-08-29,32409900
BKNG,2025-09-03,32409900
BKNG,2025-09-05,32409900
BKNG,2025-09-09,32409900
BKNG,2025-09-12,32409900
BKNG,2025-09-16,32409900
BKNG,2025-09-17,32409885
BKNG,2025-09-20,32409885
BKNG,2025-09-24,32409885
BKNG,2025-09-25,32409885
BKNG,2025-09-30,32963576
BKNG,2025-10-01,33302658
BKNG,2025-10-02,33041357
BKNG,2025-10-06,32448767
BKNG,2025-10-07,32409885
BKNG,2025-10-08,33509608
BKNG,2025-10-09,32409885
BKNG,2025-10-10,32409885
BKNG,2025-10-15,32409885
BKNG,2025-10-16,32409885
BKNG,2025-10-18,32409885
BKNG,2025-10-20,32409885
BKNG,2025-10-24,33282383
BKNG,2025-10-25,32409885
BKNG,2025-10-27,32409885
BKNG,2025-10-28,32409885
BKNG,2025-10-29,32409885
BKNG,2025-10-30,32233815
BKNG,2025-10-31,32233815
BKNG,2025-11-01,32233815
BKNG,2025-11-05,32233815
BKNG,2025-11-07,32233815
BKNG,2025-11-08,32233815
BKNG,2025-11-11,32233815
BKNG,2025-11-14,32233815
BKNG,2025-11-15,32410053
BKNG,2025-11-17,32409886
BKNG,2026-02-26,32233815
BKNG,2026-04-03,32233816
BKNG,2026-04-06,805845375
BKNG,2026-04-07,791833650
BKNG,2026-04-08,791833651
BKNG,2026-04-23,778173152
BKNG,2026-04-30,774878436
BKNG,2026-08-06,774878436
CMG,2019-01-05,27787300
CMG,2019-01-07,27787300
CMG,2019-01-09,27787300
CMG,2019-01-10,27787300
CMG,2019-01-12,27787300
CMG,2019-01-14,27787300
CMG,2019-01-16,27787300
CMG,2019-01-17,27787300
CMG,2019-01-22,27787300
CMG,2019-01-25,27787300
CMG,2019-01-26,27787300
CMG,2019-01-28,27787300
CMG,2019-01-30,27787300
CMG,2019-02-04,27787300
CMG,2019-02-07,27787300
CMG,2019-02-10,27659300
CMG,2019-02-13,27659300
CMG,2019-02-15,27659300
CMG,2019-02-17,27659300
CMG,2019-02-18,27659300
CMG,2019-02-20,27659300
CMG,2019-02-28,27659300
CMG,2019-03-01,27659300
CMG,2019-03-07,27659300
CMG,2019-03-08,27659300
CMG,2019-03-10,27659300
CMG,2019-03-11,27659300
CMG,2019-03-14,27659300
CMG,2019-03-17,27659300
CMG,2019-03-26,27659300
CMG,2019-03-29,27659300
CMG,2019-04-01,27725500
CMG,2019-04-05,27725500
CMG,2019-04-09,27725500
CMG,2019-04-10,27725500
CMG,2019-04-14,27725500
CMG,2019-04-16,27725500
CMG,2019-04-17,27725500
CMG,2019-04-18,27725500
CMG,2019-04-21,27725500
CMG,2019-04-22,27725500
CMG,2019-04-29,27713600
CMG,2019-04-30,27713600
CMG,2019-05-02,27713600
CMG,2019-05-05,27713600
CMG,2019-05-06,27713600
CMG,2019-05-09,27713600
CMG,2019-05-10,27713600
CMG,2019-05-12,27713600
CMG,2019-05-20,27713600
CMG,2019-05-22,27713600
CMG,2019-05-23,27713600
CMG,2019-05-28,27713600
CMG,2019-06-03,27713600
CMG,2019-06-04,27713600
CMG,2019-06-05,27713600
CMG,2019-06-06,27713600
CMG,2019-06-10,27713600
CMG,2019-06-11,27713600
CMG,2019-06-12,27713600
CMG,2019-06-17,27713600
CMG,2019-06-19,27713600
CMG,2019-06-21,27713600
CMG,2019-06-23,27713600
CMG,2019-06-24,27713600
CMG,2019-06-26,27713600
CMG,2019-07-03,27625300
CMG,2019-07-04,27713600
CMG,2019-07-05,27414000
CMG,2019-07-06,27713600
CMG,2019-07-11,27621400
CMG,2019-07-12,27603500
CMG,2019-07-13,27713600
CMG,2019-07-24,27604900
CMG,2019-07-25,27724000
CMG,2019-07-26,27722800
CMG,2019-08-05,27660500
CMG,2019-08-06,27722800
CMG,2019-08-07,28149200
CMG,2019-08-08,28250100
CMG,2019-08-09,28544700
CMG,2019-08-10,27722800
CMG,2019-08-23,27442700
CMG,2019-08-24,27722800
CMG,2019-08-30,27581500
CMG,2019-09-02,27753200
CMG,2019-09-04,27722800
CMG,2019-09-06,27733100
CMG,2019-09-09,27792400
CMG,2019-09-11,29497400
CMG,2019-09-12,27722800
CMG,2019-09-13,27722800
CMG,2019-09-20,27627200
CMG,2019-09-21,27722800
CMG,2019-10-04,27542300
CMG,2019-10-08,27722800
CMG,2019-10-21,28137800
CMG,2019-10-22,27722800
CMG,2019-10-24,27801000
CMG,2019-10-25,27795200
CMG,2019-11-05,28139800
CMG,2019-11-06,28770900
CMG,2019-11-07,28418600
CMG,2019-11-08,27519400
CMG,2019-11-09,27795200
CMG,2019-11-14,27649500
CMG,2019-11-15,27643900
CMG,2019-11-16,27795200
CMG,2019-12-18,28108000
CMG,2019-12-19,27795200
CMG,2020-01-08,27800700
CMG,2020-01-09,27861900
CMG,2020-01-10,27753400
CMG,2020-01-11,27686900
CMG,2020-01-12,27795200
CMG,2020-01-13,27828900
CMG,2020-01-14,27795200
CMG,2020-02-07,27865200
CMG,2020-02-08,27768000
CMG,2020-02-12,27775400
CMG,2020-02-13,28067900
CMG,2020-02-14,27768000
CMG,2020-04-09,27807800
CMG,2020-04-10,27807800
CMG,2020-04-14,27807800
CMG,2020-04-23,27815000
CMG,2020-05-01,27890700
CMG,2020-05-21,27325300
CMG,2020-07-24,27964000
CMG,2020-07-31,27967600
CMG,2020-08-05,27967600
CMG,2020-08-28,27967600
CMG,2020-09-05,27967600
CMG,2020-09-06,27967600
CMG,2020-09-21,27967600
CMG,2020-10-23,27979000
CMG,2020-10-30,27980300
CMG,2020-11-26,27980300
CMG,2021-02-04,28001000
CMG,2021-02-11,28144100
CMG,2021-03-17,28144100
CMG,2021-03-18,28144100
CMG,2021-03-24,28144100
CMG,2021-04-06,28182400
CMG,2021-04-09,27738100
CMG,2021-04-10,28046800
CMG,2021-04-13,28034500
CMG,2021-04-14,28214700
CMG,2021-04-23,28708400
CMG,2021-04-24,28932600
CMG,2021-04-26,28932600
CMG,2021-04-27,28159000
CMG,2021-05-04,28150500
CMG,2021-05-05,28150500
CMG,2021-05-06,28150500
CMG,2021-05-22,28150500
CMG,2021-05-25,28150500
CMG,2021-06-15,28150500
CMG,2021-06-16,28150500
CMG,2021-07-22,28098000
CMG,2021-07-27,28094900
CMG,2021-08-17,28094900
CMG,2021-10-23,28155000
CMG,2021-10-25,28155000
CMG,2021-10-28,28135400
CMG,2022-02-08,28726000
CMG,2022-02-09,28135400
CMG,2022-02-10,28080000
CMG,2022-02-12,28080000
CMG,2022-02-15,28031900
CMG,2022-03-15,28097500
CMG,2022-03-16,28031900
CMG,2022-04-05,28019400
CMG,2022-04-12,28622300
CMG,2022-04-13,28019400
CMG,2022-04-28,27984000
CMG,2022-05-06,29282500
CMG,2022-05-07,27962400
CMG,2022-07-28,27804000
CMG,2022-07-29,27804000
CMG,2022-09-02,27764600
CMG,2022-09-14,27764600
CMG,2022-09-15,27764600
CMG,2022-09-16,27764600
CMG,2022-09-22,27764600
CMG,2022-09-24,27764600
CMG,2022-10-01,27764600
CMG,2022-10-04,27728800
CMG,2022-10-05,27764600
CMG,2022-10-06,27764600
CMG,2022-10-08,28294900
CMG,2022-10-09,27764600
CMG,2022-10-12,27764600
CMG,2022-10-17,27764600
CMG,2022-10-19,27764600
CMG,2022-10-28,27721100
CMG,2022-11-08,27744900
CMG,2022-11-09,27721100
CMG,2023-02-09,27627000
CMG,2023-02-11,27621800
CMG,2023-02-17,28223300
CMG,2023-02-18,27621800
CMG,2023-03-18,27901700
CMG,2023-03-21,27621800
CMG,2023-04-01,27621800
CMG,2023-04-05,27897000
CMG,2023-04-07,27621800
CMG,2023-04-11,27611600
CMG,2023-04-26,27874800
CMG,2023-04-29,27589800
CMG,2023-05-06,27661900
CMG,2023-05-07,27589800
CMG,2023-05-13,27714100
CMG,2023-05-16,27589800
CMG,2023-06-08,28070200
CMG,2023-06-12,27589800
CMG,2023-07-06,27827800
CMG,2023-07-07,27589800
CMG,2023-07-19,27923000
CMG,2023-07-21,27589800
CMG,2023-07-25,27800200
CMG,2023-07-26,27589800
CMG,2023-08-22,27587600
CMG,2023-08-24,27587600
CMG,2023-08-26,27587600
CMG,2023-09-02,27587600
CMG,2023-09-09,27587600
CMG,2023-09-15,27587600
CMG,2023-09-21,27587600
CMG,2023-09-26,27587600
CMG,2023-09-27,27587600
CMG,2023-09-30,27587600
CMG,2023-10-04,28037200
CMG,2023-10-05,27587600
CMG,2023-10-10,27587600
CMG,2023-10-13,27587600
CMG,2023-10-14,27776500
CMG,2023-10-15,27587600
CMG,2023-10-17,27587600
CMG,2023-10-18,27587600
CMG,2023-10-19,27587600
CMG,2023-10-22,27587600
CMG,2023-10-24,27587600
CMG,2023-10-25,27587600
CMG,2023-10-28,27485000
CMG,2023-10-31,27444700
CMG,2023-11-04,27444700
CMG,2023-11-07,27444700
CMG,2023-11-08,27501400
CMG,2023-11-09,27444700
CMG,2023-11-10,27444700
CMG,2023-11-15,27444700
CMG,2023-11-16,27444700
CMG,2023-11-17,27444700
CMG,2023-11-23,27444700
CMG,2023-11-25,27444700
CMG,2023-11-30,27444700
CMG,2023-12-01,27444700
CMG,2023-12-02,27444700
CMG,2023-12-06,27444700
CMG,2023-12-09,27444700
CMG,2023-12-13,27444700
CMG,2023-12-15,28220100
CMG,2023-12-16,27444700
CMG,2023-12-19,27444700
CMG,2023-12-21,27444700
CMG,2023-12-22,27444700
CMG,2023-12-23,27477400
CMG,2023-12-26,27444700
CMG,2023-12-29,27444700
CMG,2024-01-03,27444700
CMG,2024-01-05,27444700
CMG,2024-01-30,27444700
CMG,2024-02-01,27444700
CMG,2024-02-03,27444700
CMG,2024-02-06,27444700
CMG,2024-02-08,27426000
CMG,2024-02-09,27912800
CMG,2024-02-13,27421200
CMG,2024-02-15,27421200
CMG,2024-02-17,27421200
CMG,2024-02-22,27421200
CMG,2024-02-23,27421200
CMG,2024-02-27,27421200
CMG,2024-02-28,27421200
CMG,2024-03-01,27421200
CMG,2024-03-02,27421200
CMG,2024-03-05,27421200
CMG,2024-03-08,27421200
CMG,2024-03-12,27421200
CMG,2024-03-16,27421200
CMG,2024-03-21,27421200
CMG,2024-03-22,27421200
CMG,2024-03-26,27421200
CMG,2024-03-27,27421200
CMG,2024-03-28,27578600
CMG,2024-03-29,27421200
CMG,2024-04-03,27421200
CMG,2024-04-04,27481400
CMG,2024-04-06,27421200
CMG,2024-04-09,27421200
CMG,2024-04-10,27421200
CMG,2024-04-11,27421200
CMG,2024-04-13,27421200
CMG,2024-04-16,27617000
CMG,2024-04-17,27421200
CMG,2024-04-18,27421200
CMG,2024-04-19,27421200
CMG,2024-04-23,27421200
CMG,2024-04-25,27467300
CMG,2024-04-27,27467300
CMG,2024-04-30,27467000
CMG,2024-05-03,27467300
CMG,2024-05-04,27467000
CMG,2024-05-06,27467000
CMG,2024-05-07,27467300
CMG,2024-05-08,27467300
CMG,2024-05-10,27467300
CMG,2024-05-11,27467000
CMG,2024-05-15,27629300
CMG,2024-05-16,27467300
CMG,2024-05-17,27663100
CMG,2024-05-21,27467300
CMG,2024-05-22,27467300
CMG,2024-05-23,27467300
CMG,2024-05-24,27467300
CMG,2024-05-25,27467000
CMG,2024-05-31,27467000
CMG,2024-06-01,27467300
CMG,2024-06-04,27467300
CMG,2024-06-06,27467300
CMG,2024-06-07,27467000
CMG,2024-06-12,27467000
CMG,2024-06-13,27467000
CMG,2024-06-14,27467300
CMG,2024-06-15,27467300
CMG,2024-06-18,27467300
CMG,2024-06-21,29289000
CMG,2024-06-25,1373369984
CMG,2024-06-26,1373350016
CMG,2024-06-28,1373350016
CMG,2024-07-03,1373350016
CMG,2024-07-10,1421849984
CMG,2024-07-18,1373350016
CMG,2024-07-24,1399750016
CMG,2024-07-27,1373350016
CMG,2024-07-30,1369479936
CMG,2024-08-17,1408630016
CMG,2024-08-29,1378560000
CMG,2024-09-04,1369479936
CMG,2024-09-05,1369479936
CMG,2024-09-06,1377479936
CMG,2024-09-11,1371500032
CMG,2024-09-21,1387180032
CMG,2024-09-28,1386429952
CMG,2024-10-04,1369479936
CMG,2024-10-29,1371970048
CMG,2024-10-30,1369479936
CMG,2024-10-31,1362589952
CMG,2024-11-06,1367440000
CMG,2024-11-16,1362589952
CMG,2024-11-30,1374329984
CMG,2024-12-03,1362589952
CMG,2025-01-07,1362589952
CMG,2025-01-11,1362589952
CMG,2025-01-14,1362589952
CMG,2025-01-18,1362589952
CMG,2025-02-04,1362589952
CMG,2025-02-06,1358749952
CMG,2025-02-07,1355340032
CMG,2025-02-08,1356519936
CMG,2025-02-15,1380269952
CMG,2025-03-10,1366220032
CMG,2025-03-11,1355340032
CMG,2025-03-22,1355340032
CMG,2025-03-26,1357799936
CMG,2025-04-10,1373129984
CMG,2025-04-11,1355340032
CMG,2025-04-22,1403110016
CMG,2025-04-23,1386130048
CMG,2025-04-25,1347360000
CMG,2025-04-30,1347360000
CMG,2025-05-10,1347360000
CMG,2025-05-29,1372120064
CMG,2025-05-30,1347360000
CMG,2025-06-10,1347360000
CMG,2025-06-11,1347360000
CMG,2025-06-14,1364800000
CMG,2025-06-17,1377779968
CMG,2025-06-18,1347360000
CMG,2025-06-27,1368960000
CMG,2025-07-08,1347609984
CMG,2025-07-09,1347360000
CMG,2025-07-11,1357229952
CMG,2025-07-12,1347360000
CMG,2025-07-25,1341430016
CMG,2025-07-26,1340880000
CMG,2025-08-02,1340880000
CMG,2025-08-29,1340880000
CMG,2025-08-30,1340880000
CMG,2025-09-05,1340880000
CMG,2025-09-15,1342620032
CMG,2025-09-17,1340885000
CMG,2025-09-20,1357594910
CMG,2025-09-26,1348385501
CMG,2025-09-30,1346934105
CMG,2025-10-01,1371336331
CMG,2025-10-02,1372884565
CMG,2025-10-08,1363151222
CMG,2025-10-20,1348293204
CMG,2025-10-22,1340885000
CMG,2025-10-24,1360742729
CMG,2025-10-25,1340885000
CMG,2025-10-27,1345130374
CMG,2025-10-28,1340885000
CMG,2025-10-31,1322278000
CMG,2025-11-01,1322278000
CMG,2025-11-17,1340885000
CMG,2026-02-05,1322278000
CMG,2026-02-10,1322278000
CMG,2026-04-23,1302423000
CMG,2026-04-30,1285398159
CMG,2026-05-05,1282734000
CMG,2026-07-31,1267838000
CMG,2026-08-04,1265418000
CMG,2026-08-05,1265418000
ABNB,2020-12-10,691000000
ABNB,2020-12-11,597448000
ABNB,2021-03-17,608435008
ABNB,2021-04-23,595460992
ABNB,2021-04-24,583363968
ABNB,2021-04-27,608435008
ABNB,2021-04-28,608435008
ABNB,2021-05-04,617449984
ABNB,2021-05-18,617523008
ABNB,2021-08-17,628643008
ABNB,2021-08-26,632838016
ABNB,2021-08-27,628643008
ABNB,2021-09-16,617043008
ABNB,2021-09-17,628643008
ABNB,2021-10-02,609529984
ABNB,2021-10-03,628643008
ABNB,2021-10-06,627726976
ABNB,2021-10-07,628643008
ABNB,2021-11-05,608985984
ABNB,2021-11-06,628643008
ABNB,2021-11-10,635388992
ABNB,2021-11-12,635388992
ABNB,2022-02-11,635388992
ABNB,2022-03-01,642873024
ABNB,2022-03-02,642873024
ABNB,2022-03-04,667622976
ABNB,2022-03-05,642873024
ABNB,2022-03-15,673694016
ABNB,2022-03-16,648187008
ABNB,2022-03-17,599078976
ABNB,2022-03-19,642873024
ABNB,2022-03-24,651801984
ABNB,2022-03-25,642873024
ABNB,2022-04-27,645643008
ABNB,2022-05-04,680284992
ABNB,2022-05-05,645643008
ABNB,2022-05-11,645662976
ABNB,2022-05-27,623633024
ABNB,2022-05-29,645662976
ABNB,2022-06-11,686035968
ABNB,2022-06-12,645662976
ABNB,2022-06-22,628112000
ABNB,2022-06-29,645662976
ABNB,2022-07-09,636462976
ABNB,2022-07-29,627809024
ABNB,2022-07-30,636462976
ABNB,2022-08-05,639499008
ABNB,2022-09-02,639499008
ABNB,2022-10-18,599206976
ABNB,2022-10-19,639499008
ABNB,2022-11-05,633177024
ABNB,2022-11-08,637356032
ABNB,2022-11-09,633177024
ABNB,2022-11-24,624331008
ABNB,2022-11-25,633177024
ABNB,2022-12-07,669827008
ABNB,2022-12-08,633177024
ABNB,2023-02-21,631329024
ABNB,2023-03-18,641160000
ABNB,2023-03-21,631329024
ABNB,2023-03-23,631329024
ABNB,2023-03-30,643185024
ABNB,2023-04-01,642428992
ABNB,2023-04-04,646766016
ABNB,2023-04-05,615734976
ABNB,2023-04-06,648406016
ABNB,2023-04-08,631329024
ABNB,2023-04-21,622392000
ABNB,2023-04-22,647180032
ABNB,2023-04-24,631329024
ABNB,2023-04-25,630155008
ABNB,2023-05-03,630155008
ABNB,2023-05-04,639273984
ABNB,2023-05-05,630155008
ABNB,2023-05-13,677640000
ABNB,2023-05-18,613265984
ABNB,2023-05-20,630254976
ABNB,2023-06-03,663408000
ABNB,2023-06-04,630254976
ABNB,2023-06-08,634364992
ABNB,2023-06-09,640076992
ABNB,2023-06-10,627260032
ABNB,2023-06-11,630254976
ABNB,2023-07-06,613361024
ABNB,2023-07-07,630254976
ABNB,2023-07-15,615964992
ABNB,2023-07-17,630254976
ABNB,2023-07-19,635328000
ABNB,2023-07-20,630254976
ABNB,2023-08-22,638083968
ABNB,2023-08-23,622619008
ABNB,2023-08-24,638083968
ABNB,2023-09-08,638083968
ABNB,2023-10-04,682188032
ABNB,2023-10-05,638083968
ABNB,2023-10-19,638083968
ABNB,2023-10-20,649785024
ABNB,2023-10-21,638083968
ABNB,2023-10-22,638083968
ABNB,2023-10-24,638083968
ABNB,2023-10-25,638083968
ABNB,2023-10-28,638083968
ABNB,2023-11-01,638083968
ABNB,2023-11-02,638083968
ABNB,2023-11-03,639238016
ABNB,2023-11-04,639238016
ABNB,2023-11-07,639238016
ABNB,2023-11-08,623875008
ABNB,2023-11-09,639238016
ABNB,2023-11-10,639238016
ABNB,2023-11-11,639238016
ABNB,2023-11-15,639238016
ABNB,2023-11-16,640049024
ABNB,2023-11-17,640926016
ABNB,2023-11-18,640926016
ABNB,2023-12-06,640830016
ABNB,2023-12-15,628488000
ABNB,2023-12-16,640926016
ABNB,2023-12-22,640926016
ABNB,2023-12-23,646798016
ABNB,2023-12-26,640926016
ABNB,2024-01-05,640926016
ABNB,2024-01-16,640926016
ABNB,2024-01-30,627937984
ABNB,2024-02-02,640926016
ABNB,2024-02-09,640926016
ABNB,2024-02-20,637865024
ABNB,2024-02-21,637865024
ABNB,2024-02-22,637865024
ABNB,2024-02-23,637865024
ABNB,2024-02-24,637865024
ABNB,2024-02-27,637865024
ABNB,2024-03-01,637865024
ABNB,2024-03-02,637865024
ABNB,2024-03-05,644441024
ABNB,2024-03-07,637865024
ABNB,2024-03-12,645577024
ABNB,2024-03-13,637865024
ABNB,2024-03-16,661224000
ABNB,2024-03-22,637865024
ABNB,2024-03-23,637865024
ABNB,2024-03-26,640150976
ABNB,2024-03-27,637865024
ABNB,2024-03-28,637865024
ABNB,2024-04-12,637865024
ABNB,2024-04-13,637865024
ABNB,2024-04-16,637865024
ABNB,2024-04-17,637865024
ABNB,2024-04-18,637865024
ABNB,2024-04-19,637865024
ABNB,2024-04-23,635331968
ABNB,2024-04-25,635331968
ABNB,2024-04-30,643084992
ABNB,2024-05-04,629881984
ABNB,2024-05-06,626350976
ABNB,2024-05-07,635331968
ABNB,2024-05-09,634844032
ABNB,2024-05-10,681638976
ABNB,2024-05-11,634844032
ABNB,2024-05-12,634844032
ABNB,2024-05-15,645360000
ABNB,2024-05-16,634844032
ABNB,2024-05-17,628849024
ABNB,2024-05-18,634844032
ABNB,2024-05-21,644844032
ABNB,2024-05-22,634844032
ABNB,2024-05-23,641027008
ABNB,2024-05-24,642361024
ABNB,2024-05-25,619771008
ABNB,2024-05-29,634844032
ABNB,2024-05-31,639774016
ABNB,2024-06-04,634844032
ABNB,2024-06-05,634844032
ABNB,2024-06-06,634844032
ABNB,2024-06-07,629574976
ABNB,2024-06-12,636089984
ABNB,2024-06-13,634844032
ABNB,2024-06-18,634844032
ABNB,2024-06-19,634844032
ABNB,2024-06-21,632182976
ABNB,2024-06-22,634844032
ABNB,2024-06-26,634844032
ABNB,2024-06-27,634844032
ABNB,2024-06-28,628017984
ABNB,2024-06-29,634844032
ABNB,2024-07-02,634844032
ABNB,2024-07-03,634844032
ABNB,2024-07-04,634844032
ABNB,2024-07-09,634844032
ABNB,2024-07-10,637393984
ABNB,2024-07-11,634844032
ABNB,2024-07-12,634844032
ABNB,2024-07-16,634844032
ABNB,2024-07-17,634844032
ABNB,2024-07-18,634844032
ABNB,2024-07-20,634844032
ABNB,2024-07-23,634844032
ABNB,2024-07-24,640947008
ABNB,2024-07-25,634844032
ABNB,2024-07-26,634844032
ABNB,2024-07-30,634844032
ABNB,2024-07-31,640782016
ABNB,2024-08-01,634844032
ABNB,2024-08-02,634844032
ABNB,2024-08-03,634844032
ABNB,2024-08-06,634844032
ABNB,2024-08-07,641622976
ABNB,2024-08-08,632422976
ABNB,2024-08-09,632422976
ABNB,2024-08-10,632422976
ABNB,2024-08-12,640550016
ABNB,2024-08-13,632422976
ABNB,2024-08-14,632422976
ABNB,2024-08-15,632422976
ABNB,2024-08-17,632422976
ABNB,2024-08-20,617401024
ABNB,2024-08-21,632422976
ABNB,2024-08-22,632422976
ABNB,2024-08-23,632422976
ABNB,2024-08-24,632422976
ABNB,2024-08-27,638654016
ABNB,2024-08-29,632422976
ABNB,2024-08-30,632422976
ABNB,2024-08-31,632422976
ABNB,2024-09-04,632422976
ABNB,2024-09-05,631326016
ABNB,2024-09-06,627251008
ABNB,2024-09-07,632422976
ABNB,2024-09-10,632422976
ABNB,2024-09-11,639180992
ABNB,2024-09-12,632422976
ABNB,2024-09-13,632422976
ABNB,2024-09-14,632422976
ABNB,2024-09-16,633499008
ABNB,2024-09-17,632422976
ABNB,2024-09-18,632422976
ABNB,2024-09-19,632422976
ABNB,2024-09-20,632422976
ABNB,2024-09-21,632422976
ABNB,2024-09-26,632422976
ABNB,2024-09-27,632422976
ABNB,2024-09-28,632422976
ABNB,2024-10-03,632422976
ABNB,2024-10-04,632422976
ABNB,2024-10-05,632422976
ABNB,2024-10-08,630577984
ABNB,2024-10-09,632422976
ABNB,2024-10-12,624942016
ABNB,2024-10-14,630593984
ABNB,2024-10-15,632422976
ABNB,2024-10-17,632422976
ABNB,2024-10-18,632422976
ABNB,2024-10-19,632422976
ABNB,2024-10-24,632422976
ABNB,2024-10-25,628468992
ABNB,2024-10-29,632422976
ABNB,2024-10-30,632422976
ABNB,2024-10-31,632422976
ABNB,2024-11-01,632422976
ABNB,2024-11-02,632422976
ABNB,2024-11-06,632422976
ABNB,2024-11-07,618467008
ABNB,2024-11-08,624771968
ABNB,2024-11-09,624771968
ABNB,2024-11-14,624771968
ABNB,2024-11-16,634484992
ABNB,2024-11-19,626236992
ABNB,2024-11-20,624771968
ABNB,2024-11-22,624771968
ABNB,2024-11-23,624771968
ABNB,2024-11-28,624771968
ABNB,2024-11-30,634732032
ABNB,2024-12-03,624771968
ABNB,2024-12-04,624908032
ABNB,2024-12-05,624771968
ABNB,2024-12-06,637374976
ABNB,2024-12-11,620118976
ABNB,2024-12-13,630998016
ABNB,2024-12-14,624771968
ABNB,2024-12-28,624771968
ABNB,2024-12-31,624771968
ABNB,2025-01-03,624771968
ABNB,2025-01-04,624771968
ABNB,2025-01-07,627128000
ABNB,2025-01-11,630411008
ABNB,2025-01-14,628553984
ABNB,2025-01-17,624771968
ABNB,2025-01-18,611084992
ABNB,2025-01-28,624771968
ABNB,2025-01-29,624771968
ABNB,2025-01-30,624771968
ABNB,2025-01-31,624771968
ABNB,2025-02-04,618150976
ABNB,2025-02-05,624771968
ABNB,2025-02-08,613617024
ABNB,2025-02-11,624771968
ABNB,2025-02-15,545891008
ABNB,2025-02-18,621340032
ABNB,2025-02-19,621340032
ABNB,2025-02-21,621340032
ABNB,2025-02-25,621340032
ABNB,2025-02-27,621340032
ABNB,2025-03-04,612040000
ABNB,2025-03-05,621340032
ABNB,2025-03-06,621340032
ABNB,2025-03-10,631872000
ABNB,2025-03-11,621340032
ABNB,2025-03-12,621340032
ABNB,2025-03-14,621340032
ABNB,2025-03-15,621340032
ABNB,2025-03-19,621340032
ABNB,2025-03-22,621340032
ABNB,2025-03-25,621340032
ABNB,2025-03-26,621052992
ABNB,2025-03-27,636124992
ABNB,2025-03-28,621340032
ABNB,2025-04-01,627737024
ABNB,2025-04-02,621340032
ABNB,2025-04-04,621340032
ABNB,2025-04-05,621340032
ABNB,2025-04-09,621340032
ABNB,2025-04-10,661758976
ABNB,2025-04-11,621340032
ABNB,2025-04-12,621340032
ABNB,2025-04-16,621340032
ABNB,2025-04-18,621340032
ABNB,2025-04-22,627408000
ABNB,2025-04-23,609390016
ABNB,2025-04-24,621340032
ABNB,2025-04-25,621340032
ABNB,2025-04-26,617281984
ABNB,2025-04-29,621340032
ABNB,2025-04-30,610496000
ABNB,2025-05-01,621340032
ABNB,2025-05-02,621340032
ABNB,2025-05-03,617212992
ABNB,2025-05-06,617212992
ABNB,2025-05-07,617212992
ABNB,2025-05-09,617212992
ABNB,2025-05-10,614054976
ABNB,2025-05-16,617212992
ABNB,2025-05-17,617212992
ABNB,2025-05-21,617212992
ABNB,2025-05-22,617212992
ABNB,2025-05-23,617212992
ABNB,2025-05-27,604430016
ABNB,2025-05-28,617212992
ABNB,2025-05-29,617212992
ABNB,2025-05-30,614150976
ABNB,2025-05-31,617212992
ABNB,2025-06-03,617212992
ABNB,2025-06-04,617212992
ABNB,2025-06-05,617212992
ABNB,2025-06-06,617212992
ABNB,2025-06-07,617212992
ABNB,2025-06-10,617212992
ABNB,2025-06-11,617212992
ABNB,2025-06-14,617212992
ABNB,2025-06-16,609700992
ABNB,2025-06-17,617212992
ABNB,2025-06-18,617212992
ABNB,2025-06-19,617212992
ABNB,2025-06-26,617212992
ABNB,2025-06-27,598518976
ABNB,2025-06-28,617212992
ABNB,2025-07-01,617212992
ABNB,2025-07-04,617212992
ABNB,2025-07-08,617212992
ABNB,2025-07-09,617212992
ABNB,2025-07-10,617212992
ABNB,2025-07-11,617212992
ABNB,2025-07-15,617212992
ABNB,2025-07-16,617212992
ABNB,2025-07-17,617212992
ABNB,2025-07-18,617212992
ABNB,2025-07-19,617212992
ABNB,2025-07-22,617212992
ABNB,2025-07-25,617212992
ABNB,2025-07-29,617212992
ABNB,2025-07-30,617212992
ABNB,2025-07-31,617212992
ABNB,2025-08-01,617212992
ABNB,2025-08-02,617212992
ABNB,2025-08-07,614659008
ABNB,2025-08-08,612236032
ABNB,2025-08-12,612236032
ABNB,2025-08-13,612236032
ABNB,2025-08-14,612236032
ABNB,2025-08-19,612236032
ABNB,2025-08-20,612236032
ABNB,2025-08-22,612236032
ABNB,2025-08-26,612236032
ABNB,2025-08-28,612236032
ABNB,2025-08-29,609372992
ABNB,2025-08-30,611907008
ABNB,2025-09-04,612236032
ABNB,2025-09-05,612236032
ABNB,2025-09-06,612236032
ABNB,2025-09-09,612236032
ABNB,2025-09-10,612236032
ABNB,2025-09-12,612236032
ABNB,2025-09-15,623324032
ABNB,2025-09-17,612235670
ABNB,2025-09-18,612235670
ABNB,2025-09-20,604669470
ABNB,2025-09-23,620044798
ABNB,2025-09-26,618923748
ABNB,2025-09-30,616120667
ABNB,2025-10-01,623732107
ABNB,2025-10-02,619142842
ABNB,2025-10-03,612235670
ABNB,2025-10-06,618703307
ABNB,2025-10-07,612235670
ABNB,2025-10-08,614789845
ABNB,2025-10-10,612235670
ABNB,2025-10-11,612235670
ABNB,2025-10-14,608784569
ABNB,2025-10-15,592158286
ABNB,2025-10-16,612235670
ABNB,2025-10-17,612235670
ABNB,2025-10-18,597550961
ABNB,2025-10-20,605979036
ABNB,2025-10-22,599615691
ABNB,2025-10-23,612235670
ABNB,2025-10-24,612956796
ABNB,2025-10-25,612235670
ABNB,2025-10-27,607112756
ABNB,2025-10-28,612235670
ABNB,2025-11-01,611268014
ABNB,2025-11-04,612235670
ABNB,2025-11-05,612235670
ABNB,2025-11-06,612235670
ABNB,2025-11-07,612235670
ABNB,2025-11-08,606349756
ABNB,2025-11-11,606349756
ABNB,2025-11-12,606349756
ABNB,2025-11-15,602225266
ABNB,2025-11-17,612235671
ABNB,2026-02-14,599513958
ABNB,2026-04-28,594525252
ABNB,2026-05-13,593504923
ABNB,2026-08-08,598785682
ABNB,2026-08-20,589585682
ORLY,2019-01-05,80104400
ORLY,2019-01-07,80104400
ORLY,2019-01-09,80104400
ORLY,2019-01-10,80104400
ORLY,2019-01-12,80104400
ORLY,2019-01-14,80104400
ORLY,2019-01-16,80104400
ORLY,2019-01-20,80104400
ORLY,2019-01-24,80104400
ORLY,2019-01-25,80104400
ORLY,2019-01-26,80104400
ORLY,2019-01-28,80104400
ORLY,2019-01-30,80104400
ORLY,2019-02-04,80104400
ORLY,2019-02-07,80104400
ORLY,2019-02-10,79043904
ORLY,2019-02-13,79043904
ORLY,2019-02-15,79043904
ORLY,2019-02-17,79043904
ORLY,2019-02-18,79043904
ORLY,2019-02-20,79043904
ORLY,2019-02-28,79043904
ORLY,2019-03-01,79043904
ORLY,2019-03-07,78375600
ORLY,2019-03-09,78375600
ORLY,2019-03-10,78375600
ORLY,2019-03-11,78375600
ORLY,2019-03-14,78375600
ORLY,2019-03-17,78375600
ORLY,2019-03-26,78375600
ORLY,2019-03-29,78388800
ORLY,2019-04-01,78388800
ORLY,2019-04-05,78388800
ORLY,2019-04-09,78388800
ORLY,2019-04-10,78388800
ORLY,2019-04-14,78388800
ORLY,2019-04-17,78388800
ORLY,2019-04-18,78388800
ORLY,2019-04-21,78388800
ORLY,2019-04-22,78388800
ORLY,2019-04-29,78262096
ORLY,2019-05-02,78262096
ORLY,2019-05-05,78262096
ORLY,2019-05-09,78276704
ORLY,2019-05-10,78276704
ORLY,2019-05-12,78276704
ORLY,2019-05-19,78276704
ORLY,2019-05-22,78276704
ORLY,2019-05-23,78276704
ORLY,2019-05-28,78276704
ORLY,2019-06-03,78276704
ORLY,2019-06-04,78276704
ORLY,2019-06-05,78276704
ORLY,2019-06-06,78276704
ORLY,2019-06-10,78276704
ORLY,2019-06-11,78276704
ORLY,2019-06-12,78276704
ORLY,2019-06-17,78276704
ORLY,2019-06-19,78276704
ORLY,2019-06-21,78276704
ORLY,2019-06-23,78276704
ORLY,2019-06-24,78276704
ORLY,2019-06-26,78276704
ORLY,2019-07-03,80106400
ORLY,2019-07-04,78276704
ORLY,2019-07-05,77642400
ORLY,2019-07-06,78276704
ORLY,2019-07-10,78240200
ORLY,2019-07-11,79087504
ORLY,2019-07-12,79135504
ORLY,2019-07-13,78276704
ORLY,2019-07-26,76690200
ORLY,2019-08-05,77699800
ORLY,2019-08-06,76690200
ORLY,2019-08-07,78021000
ORLY,2019-08-08,79267504
ORLY,2019-08-09,78338704
ORLY,2019-08-11,76690200
ORLY,2019-08-12,76512800
ORLY,2019-08-23,76150200
ORLY,2019-08-25,76512800
ORLY,2019-08-30,76171400
ORLY,2019-09-02,76504800
ORLY,2019-09-04,76512800
ORLY,2019-09-06,74039400
ORLY,2019-09-09,73456000
ORLY,2019-09-11,72023504
ORLY,2019-09-12,75966704
ORLY,2019-09-13,76512800
ORLY,2019-09-20,76403104
ORLY,2019-09-21,76512800
ORLY,2019-10-04,77123200
ORLY,2019-10-08,76512800
ORLY,2019-10-21,75766800
ORLY,2019-10-22,76512800
ORLY,2019-10-25,75727800
ORLY,2019-11-05,75467800
ORLY,2019-11-06,75557800
ORLY,2019-11-07,75818000
ORLY,2019-11-08,76480704
ORLY,2019-11-09,75658896
ORLY,2019-11-14,75956400
ORLY,2019-11-15,75924400
ORLY,2019-11-16,75658896
ORLY,2019-12-18,76205104
ORLY,2019-12-19,75658896
ORLY,2020-01-08,76156704
ORLY,2020-01-09,74633696
ORLY,2020-01-10,75178496
ORLY,2020-01-11,76211200
ORLY,2020-01-12,75658896
ORLY,2020-01-13,76526000
ORLY,2020-01-14,75658896
ORLY,2020-02-07,71816200
ORLY,2020-02-08,75618704
ORLY,2020-02-12,75319104
ORLY,2020-02-13,76144400
ORLY,2020-02-14,75618704
ORLY,2020-03-03,74897104
ORLY,2020-03-31,74251600
ORLY,2020-04-22,74251600
ORLY,2020-04-24,74199296
ORLY,2020-05-12,74225600
ORLY,2020-05-21,74712400
ORLY,2020-06-17,74225600
ORLY,2020-06-18,74225600
ORLY,2020-07-31,74097696
ORLY,2020-08-12,74064800
ORLY,2020-08-28,74064800
ORLY,2020-09-05,75739296
ORLY,2020-09-06,74064800
ORLY,2020-09-21,74622000
ORLY,2020-09-22,74064800
ORLY,2020-10-30,72572400
ORLY,2020-11-10,72448400
ORLY,2020-11-26,72448400
ORLY,2021-02-12,70423104
ORLY,2021-03-02,70206704
ORLY,2021-03-17,70206704
ORLY,2021-03-27,69907904
ORLY,2021-03-29,69907904
ORLY,2021-04-23,70393696
ORLY,2021-04-24,69993200
ORLY,2021-04-27,69907904
ORLY,2021-05-04,69735000
ORLY,2021-05-11,69761696
ORLY,2021-07-30,69132600
ORLY,2021-08-10,68951696
ORLY,2021-08-24,69387696
ORLY,2021-10-29,67984600
ORLY,2021-11-10,67378400
ORLY,2022-02-04,68596400
ORLY,2022-02-05,67378400
ORLY,2022-02-12,66729000
ORLY,2022-02-17,66729000
ORLY,2022-02-23,66729000
ORLY,2022-03-01,66729000
ORLY,2022-03-02,66600900
ORLY,2022-03-20,67695504
ORLY,2022-03-22,66600900
ORLY,2022-04-01,66296400
ORLY,2022-04-23,68205400
ORLY,2022-04-30,69735000
ORLY,2022-05-04,70562400
ORLY,2022-05-05,69735000
ORLY,2022-05-11,65725400
ORLY,2022-05-12,65725400
ORLY,2022-05-13,65725400
ORLY,2022-05-15,65725400
ORLY,2022-05-19,65725400
ORLY,2022-05-20,65725400
ORLY,2022-05-24,65725400
ORLY,2022-05-25,65725400
ORLY,2022-05-26,65725400
ORLY,2022-05-27,65725400
ORLY,2022-05-28,65725400
ORLY,2022-06-03,65725400
ORLY,2022-06-05,65725400
ORLY,2022-06-07,65725400
ORLY,2022-06-08,65725400
ORLY,2022-06-09,65725400
ORLY,2022-06-12,65725400
ORLY,2022-06-14,65725400
ORLY,2022-06-22,65725400
ORLY,2022-06-30,65725400
ORLY,2022-07-02,65725400
ORLY,2022-07-12,65725400
ORLY,2022-07-13,65725400
ORLY,2022-07-14,65725400
ORLY,2022-07-16,65725400
ORLY,2022-07-19,65725400
ORLY,2022-07-20,65725400
ORLY,2022-07-22,65725400
ORLY,2022-07-23,65725400
ORLY,2022-07-26,66013200
ORLY,2022-07-27,65725400
ORLY,2022-07-29,65725400
ORLY,2022-08-01,63752800
ORLY,2022-08-10,63318300
ORLY,2022-09-14,63318300
ORLY,2022-10-21,63907400
ORLY,2022-10-22,63318300
ORLY,2022-10-30,62798800
ORLY,2022-11-11,62575900
ORLY,2023-02-10,62353200
ORLY,2023-03-03,61833200
ORLY,2023-03-04,62044200
ORLY,2023-03-05,61833200
ORLY,2023-03-08,62633100
ORLY,2023-03-09,61833200
ORLY,2023-03-18,63531700
ORLY,2023-03-22,61833200
ORLY,2023-03-24,62384900
ORLY,2023-03-25,61833200
ORLY,2023-03-30,62074200
ORLY,2023-04-01,61833200
ORLY,2023-04-06,62004000
ORLY,2023-04-07,61833200
ORLY,2023-04-21,61993100
ORLY,2023-04-22,61833200
ORLY,2023-04-28,61038900
ORLY,2023-05-04,61356700
ORLY,2023-05-05,61038900
ORLY,2023-05-11,60955200
ORLY,2023-05-12,60878900
ORLY,2023-07-12,61288800
ORLY,2023-07-13,60878900
ORLY,2023-08-21,60258300
ORLY,2023-10-03,60958600
ORLY,2023-10-05,60258300
ORLY,2023-10-19,60258300
ORLY,2023-10-20,60258300
ORLY,2023-10-21,60258300
ORLY,2023-10-24,60258300
ORLY,2023-10-25,60258300
ORLY,2023-10-27,59621100
ORLY,2023-10-31,59621100
ORLY,2023-11-01,59621100
ORLY,2023-11-02,59621100
ORLY,2023-11-04,59621100
ORLY,2023-11-08,59621100
ORLY,2023-11-09,59621100
ORLY,2023-11-10,59162200
ORLY,2023-11-14,59162200
ORLY,2023-11-15,59162200
ORLY,2023-11-17,59162200
ORLY,2023-11-21,59162200
ORLY,2023-11-22,59162200
ORLY,2023-11-23,59162200
ORLY,2023-11-25,59162200
ORLY,2023-11-28,59162200
ORLY,2023-11-29,59162200
ORLY,2023-11-30,59162200
ORLY,2023-12-01,59162200
ORLY,2023-12-02,59162200
ORLY,2023-12-03,59189900
ORLY,2023-12-05,59162200
ORLY,2023-12-06,59162200
ORLY,2023-12-07,59162200
ORLY,2023-12-15,61170700
ORLY,2023-12-16,59162200
ORLY,2023-12-22,59162200
ORLY,2023-12-23,59503300
ORLY,2023-12-26,59162200
ORLY,2023-12-28,59162200
ORLY,2023-12-29,59162200
ORLY,2023-12-30,59162200
ORLY,2024-01-03,59162200
ORLY,2024-01-04,59162200
ORLY,2024-01-05,59162200
ORLY,2024-01-09,59162200
ORLY,2024-01-10,59162200
ORLY,2024-01-11,59162200
ORLY,2024-01-13,59162200
ORLY,2024-01-16,59162200
ORLY,2024-01-24,59162200
ORLY,2024-01-25,59162200
ORLY,2024-01-27,59162200
ORLY,2024-01-31,59162200
ORLY,2024-02-02,59162200
ORLY,2024-02-07,59162200
ORLY,2024-02-09,61779800
ORLY,2024-02-10,59072800
ORLY,2024-02-13,59072800
ORLY,2024-02-16,59072800
ORLY,2024-02-17,59072800
ORLY,2024-02-21,59072800
ORLY,2024-02-22,59072800
ORLY,2024-02-27,59072800
ORLY,2024-02-28,59072800
ORLY,2024-02-29,59072800
ORLY,2024-03-01,59072800
ORLY,2024-03-02,59072800
ORLY,2024-03-05,59501500
ORLY,2024-03-07,59036600
ORLY,2024-03-08,59036600
ORLY,2024-03-09,59036600
ORLY,2024-03-13,59036600
ORLY,2024-03-14,59036600
ORLY,2024-03-16,59290100
ORLY,2024-03-22,59036600
ORLY,2024-03-26,59118200
ORLY,2024-03-27,59036600
ORLY,2024-03-28,59383800
ORLY,2024-03-29,59036600
ORLY,2024-04-03,59036600
ORLY,2024-04-04,59398000
ORLY,2024-04-05,59036600
ORLY,2024-04-09,59560400
ORLY,2024-04-16,59445600
ORLY,2024-04-25,59027000
ORLY,2024-04-26,59027000
ORLY,2024-04-30,59419200
ORLY,2024-05-04,58982100
ORLY,2024-05-06,58982100
ORLY,2024-05-07,59027000
ORLY,2024-05-10,58982100
ORLY,2024-05-11,59595500
ORLY,2024-05-12,58894100
ORLY,2024-05-14,58894100
ORLY,2024-05-15,59243900
ORLY,2024-05-16,58894100
ORLY,2024-05-17,59151700
ORLY,2024-05-18,58894100
ORLY,2024-05-21,58894100
ORLY,2024-05-22,58894100
ORLY,2024-05-23,59140600
ORLY,2024-05-24,59833800
ORLY,2024-05-25,58894100
ORLY,2024-06-01,58894100
ORLY,2024-06-04,58894100
ORLY,2024-06-05,58894100
ORLY,2024-06-07,58894100
ORLY,2024-06-12,58894100
ORLY,2024-06-13,58894100
ORLY,2024-06-15,58894100
ORLY,2024-06-18,58894100
ORLY,2024-06-21,58894100
ORLY,2024-06-22,58894100
ORLY,2024-06-25,58894100
ORLY,2024-06-27,58894100
ORLY,2024-06-29,58894100
ORLY,2024-07-03,58894100
ORLY,2024-07-10,59309900
ORLY,2024-07-11,58894100
ORLY,2024-07-16,58894100
ORLY,2024-07-18,58894100
ORLY,2024-07-24,59348300
ORLY,2024-07-25,58894100
ORLY,2024-07-26,58038700
ORLY,2024-08-10,58005700
ORLY,2024-08-13,58178500
ORLY,2024-08-16,58005700
ORLY,2024-08-17,58005700
ORLY,2024-08-23,58005700
ORLY,2024-08-24,58005700
ORLY,2024-08-28,58005700
ORLY,2024-08-29,58017400
ORLY,2024-08-30,58005700
ORLY,2024-08-31,58005700
ORLY,2024-09-04,58005700
ORLY,2024-09-05,58005700
ORLY,2024-09-06,58005700
ORLY,2024-09-07,58005700
ORLY,2024-09-10,58005700
ORLY,2024-09-11,58005700
ORLY,2024-09-12,58005700
ORLY,2024-09-14,58005700
ORLY,2024-09-16,58005700
ORLY,2024-09-18,58005700
ORLY,2024-09-19,58005700
ORLY,2024-09-20,58944200
ORLY,2024-09-21,58317400
ORLY,2024-09-24,58005700
ORLY,2024-09-25,58005700
ORLY,2024-09-26,58005700
ORLY,2024-09-27,58005700
ORLY,2024-09-28,58684400
ORLY,2024-10-01,58005700
ORLY,2024-10-03,58005700
ORLY,2024-10-04,58005700
ORLY,2024-10-05,58005700
ORLY,2024-10-10,58005700
ORLY,2024-10-12,58005700
ORLY,2024-10-15,58005700
ORLY,2024-10-16,58005700
ORLY,2024-10-17,58005700
ORLY,2024-10-18,58005700
ORLY,2024-10-22,58005700
ORLY,2024-10-23,58005700
ORLY,2024-10-25,58033900
ORLY,2024-10-29,57838900
ORLY,2024-10-30,57838900
ORLY,2024-10-31,57838900
ORLY,2024-11-01,57838900
ORLY,2024-11-05,57838900
ORLY,2024-11-06,57838900
ORLY,2024-11-07,57838900
ORLY,2024-11-08,58774200
ORLY,2024-11-14,57730700
ORLY,2024-11-15,57730700
ORLY,2024-11-16,58255500
ORLY,2024-11-20,57730700
ORLY,2024-11-23,57730700
ORLY,2024-11-26,57730700
ORLY,2024-11-27,57730700
ORLY,2024-11-28,57730700
ORLY,2024-11-30,57730700
ORLY,2024-12-05,57730700
ORLY,2024-12-06,58109900
ORLY,2024-12-07,57730700
ORLY,2024-12-11,57730700
ORLY,2024-12-13,57730700
ORLY,2024-12-14,57730700
ORLY,2024-12-17,57809900
ORLY,2024-12-18,57730700
ORLY,2024-12-27,57730700
ORLY,2025-01-01,57730700
ORLY,2025-01-07,57730700
ORLY,2025-01-11,58123100
ORLY,2025-01-14,57730700
ORLY,2025-01-15,57730700
ORLY,2025-01-18,57730700
ORLY,2025-01-23,57730700
ORLY,2025-01-25,57730700
ORLY,2025-01-29,57730700
ORLY,2025-01-30,57730700
ORLY,2025-01-31,57730700
ORLY,2025-02-01,57730700
ORLY,2025-02-04,58695800
ORLY,2025-02-06,57730700
ORLY,2025-02-07,57482200
ORLY,2025-02-08,58092900
ORLY,2025-02-11,57382200
ORLY,2025-02-13,57382200
ORLY,2025-02-15,58116600
ORLY,2025-02-27,58079200
ORLY,2025-03-04,57272400
ORLY,2025-03-05,57272400
ORLY,2025-03-07,57272400
ORLY,2025-03-08,57272400
ORLY,2025-03-12,57272400
ORLY,2025-03-13,57272400
ORLY,2025-03-14,57272400
ORLY,2025-03-15,57272400
ORLY,2025-03-18,57272400
ORLY,2025-03-21,57272400
ORLY,2025-03-22,57446100
ORLY,2025-03-25,57272400
ORLY,2025-04-02,57240500
ORLY,2025-04-22,58177400
ORLY,2025-04-23,57781200
ORLY,2025-04-24,57240500
ORLY,2025-04-25,57013500
ORLY,2025-04-26,57232300
ORLY,2025-04-29,57013500
ORLY,2025-05-07,57013500
ORLY,2025-05-10,57013500
ORLY,2025-05-13,56989500
ORLY,2025-05-14,56989500
ORLY,2025-05-20,56989500
ORLY,2025-05-21,56989500
ORLY,2025-05-22,56989500
ORLY,2025-05-23,56989500
ORLY,2025-05-27,57533200
ORLY,2025-05-28,56989500
ORLY,2025-05-29,57149800
ORLY,2025-05-30,56989500
ORLY,2025-05-31,56989500
ORLY,2025-06-03,56989500
ORLY,2025-06-04,56989500
ORLY,2025-06-05,57218000
ORLY,2025-06-07,56989500
ORLY,2025-06-10,873624000
ORLY,2025-06-11,837721984
ORLY,2025-06-12,854841984
ORLY,2025-06-14,865681024
ORLY,2025-06-16,872206016
ORLY,2025-06-17,854841984
ORLY,2025-06-18,859488000
ORLY,2025-06-19,854841984
ORLY,2025-06-21,854841984
ORLY,2025-06-24,854841984
ORLY,2025-06-26,854841984
ORLY,2025-06-27,854841984
ORLY,2025-06-28,854841984
ORLY,2025-07-02,854841984
ORLY,2025-07-04,854841984
ORLY,2025-07-08,864449984
ORLY,2025-07-09,854841984
ORLY,2025-07-10,854841984
ORLY,2025-07-11,861932992
ORLY,2025-07-12,854841984
ORLY,2025-07-15,854841984
ORLY,2025-07-16,854841984
ORLY,2025-07-17,854841984
ORLY,2025-07-18,854841984
ORLY,2025-07-24,854841984
ORLY,2025-07-25,850561024
ORLY,2025-07-30,848860992
ORLY,2025-08-07,856819008
ORLY,2025-08-08,848860992
ORLY,2025-08-12,848497024
ORLY,2025-08-20,848497024
ORLY,2025-08-21,848497024
ORLY,2025-08-22,848497024
ORLY,2025-08-27,848497024
ORLY,2025-08-30,851033984
ORLY,2025-09-10,848497024
ORLY,2025-09-12,848497024
ORLY,2025-09-13,848497024
ORLY,2025-09-16,848497024
ORLY,2025-09-17,848496680
ORLY,2025-09-23,852433639
ORLY,2025-09-25,848496680
ORLY,2025-09-26,848496680
ORLY,2025-10-02,863510768
ORLY,2025-10-03,848496680
ORLY,2025-10-06,849954161
ORLY,2025-10-07,848496680
ORLY,2025-10-08,848496680
ORLY,2025-10-09,848496680
ORLY,2025-10-11,848496680
ORLY,2025-10-16,848496680
ORLY,2025-10-18,848496680
ORLY,2025-10-20,853790856
ORLY,2025-10-22,850925503
ORLY,2025-10-23,848496680
ORLY,2025-10-24,846832348
ORLY,2025-10-25,846832348
ORLY,2025-10-27,859916301
ORLY,2025-10-28,846832348
ORLY,2025-10-29,846032348
ORLY,2025-11-01,852392820
ORLY,2025-11-11,844104092
ORLY,2025-11-17,846032349
ORLY,2026-02-06,844104092
ORLY,2026-03-06,844104092
ORLY,2026-03-30,838487034
ORLY,2026-05-01,832292716
ORLY,2026-05-12,828715079
ORLY,2026-07-31,816165813
ORLY,2026-08-11,808960792
ROST,2019-01-05,370588992
ROST,2019-01-07,370588992
ROST,2019-01-09,370588992
ROST,2019-01-10,370588992
ROST,2019-01-12,370588992
ROST,2019-01-14,370588992
ROST,2019-01-16,370588992
ROST,2019-01-20,370588992
ROST,2019-01-24,370588992
ROST,2019-01-25,370588992
ROST,2019-01-26,370588992
ROST,2019-01-29,370588992
ROST,2019-01-30,370588992
ROST,2019-02-04,370588992
ROST,2019-02-07,370588992
ROST,2019-02-12,370588992
ROST,2019-02-13,370588992
ROST,2019-02-15,370588992
ROST,2019-02-16,370588992
ROST,2019-02-17,370588992
ROST,2019-02-18,370588992
ROST,2019-02-20,370588992
ROST,2019-02-27,370588992
ROST,2019-02-28,370588992
ROST,2019-03-01,370588992
ROST,2019-03-07,370588992
ROST,2019-03-08,370588992
ROST,2019-03-10,370588992
ROST,2019-03-14,370588992
ROST,2019-03-17,370588992
ROST,2019-03-19,370588992
ROST,2019-03-26,370588992
ROST,2019-03-29,370588992
ROST,2019-04-01,370588992
ROST,2019-04-05,368247008
ROST,2019-04-07,368247008
ROST,2019-04-09,368247008
ROST,2019-04-14,367440992
ROST,2019-04-16,367440992
ROST,2019-04-17,367440992
ROST,2019-04-18,367440992
ROST,2019-04-21,367440992
ROST,2019-04-22,367440992
ROST,2019-04-29,367440992
ROST,2019-04-30,367440992
ROST,2019-05-02,367440992
ROST,2019-05-04,367440992
ROST,2019-05-05,367440992
ROST,2019-05-08,367440992
ROST,2019-05-09,367440992
ROST,2019-05-10,367440992
ROST,2019-05-12,367440992
ROST,2019-05-14,367440992
ROST,2019-05-19,367440992
ROST,2019-05-21,367440992
ROST,2019-05-22,367440992
ROST,2019-05-28,367440992
ROST,2019-06-03,367440992
ROST,2019-06-05,367440992
ROST,2019-06-06,367440992
ROST,2019-06-10,367440992
ROST,2019-06-11,367440992
ROST,2019-06-17,364696000
ROST,2019-06-19,364696000
ROST,2019-06-21,364696000
ROST,2019-06-23,364696000
ROST,2019-06-30,364696000
ROST,2019-07-15,375752992
ROST,2019-07-16,364696000
ROST,2019-07-24,365280992
ROST,2019-07-26,364696000
ROST,2019-08-29,364696000
ROST,2019-09-24,361729984
ROST,2019-10-10,361729984
ROST,2019-11-15,363099008
ROST,2019-11-16,361729984
ROST,2019-11-19,361729984
ROST,2019-12-13,358881984
ROST,2019-12-18,357063008
ROST,2019-12-19,358881984
ROST,2020-01-08,357048992
ROST,2020-01-09,363068992
ROST,2020-01-10,364139008
ROST,2020-01-11,359940000
ROST,2020-01-12,358881984
ROST,2020-02-06,366254016
ROST,2020-02-07,357220000
ROST,2020-02-08,358881984
ROST,2020-02-12,363252000
ROST,2020-02-13,359961984
ROST,2020-02-14,358881984
ROST,2020-04-02,355896992
ROST,2020-04-09,355387008
ROST,2020-05-21,351476992
ROST,2020-05-22,355387008
ROST,2020-06-12,355921984
ROST,2020-08-28,355921984
ROST,2020-09-05,358844000
ROST,2020-09-06,355921984
ROST,2020-09-11,356006016
ROST,2020-09-21,362217984
ROST,2020-09-22,356006016
ROST,2020-11-26,356006016
ROST,2020-12-11,356463008
ROST,2021-03-17,356463008
ROST,2021-03-31,356523008
ROST,2021-04-07,356611008
ROST,2021-04-23,355300000
ROST,2021-04-24,352596992
ROST,2021-04-27,356611008
ROST,2021-04-28,356611008
ROST,2021-06-10,357120992
ROST,2021-06-29,357120992
ROST,2021-09-09,355366016
ROST,2021-10-06,361566016
ROST,2021-11-16,355366016
ROST,2021-12-13,353329984
ROST,2022-02-11,353329984
ROST,2022-03-16,354542016
ROST,2022-03-18,353329984
ROST,2022-03-28,354112992
ROST,2022-03-31,350892000
ROST,2022-04-07,351392000
ROST,2022-05-04,354436000
ROST,2022-05-05,351392000
ROST,2022-06-10,349926016
ROST,2022-06-29,367043008
ROST,2022-09-14,347063008
ROST,2022-10-21,351984992
ROST,2022-10-23,347063008
ROST,2022-12-09,344371008
ROST,2023-01-04,345084992
ROST,2023-01-05,344371008
ROST,2023-01-31,345775008
ROST,2023-02-02,344371008
ROST,2023-03-29,342048000
ROST,2023-04-06,348703008
ROST,2023-04-07,342052000
ROST,2023-04-14,342052000
ROST,2023-05-04,344616992
ROST,2023-05-06,342048000
ROST,2023-05-08,342052000
ROST,2023-05-11,349198016
ROST,2023-05-12,347223008
ROST,2023-05-17,342052000
ROST,2023-05-23,342052000
ROST,2023-06-10,340656000
ROST,2023-06-23,340783008
ROST,2023-06-24,340656000
ROST,2023-07-06,345275008
ROST,2023-07-07,340656000
ROST,2023-07-08,346584000
ROST,2023-07-12,345070016
ROST,2023-07-13,340656000
ROST,2023-08-22,340656000
ROST,2023-09-07,338632000
ROST,2023-09-20,342620992
ROST,2023-10-19,338632000
ROST,2023-10-20,338632000
ROST,2023-10-21,338632000
ROST,2023-10-23,338632000
ROST,2023-10-24,338632000
ROST,2023-10-25,338632000
ROST,2023-10-27,338632000
ROST,2023-10-31,338632000
ROST,2023-11-01,338632000
ROST,2023-11-03,338632000
ROST,2023-11-07,338632000
ROST,2023-11-08,338632000
ROST,2023-11-09,338632000
ROST,2023-11-10,338632000
ROST,2023-11-11,338632000
ROST,2023-11-14,338632000
ROST,2023-11-17,338632000
ROST,2023-11-21,338632000
ROST,2023-11-25,338632000
ROST,2023-11-29,338632000
ROST,2023-11-30,338632000
ROST,2023-12-02,338632000
ROST,2023-12-03,338632000
ROST,2023-12-05,338632000
ROST,2023-12-06,339681984
ROST,2023-12-07,338632000
ROST,2023-12-08,336665984
ROST,2023-12-09,336665984
ROST,2023-12-12,336665984
ROST,2023-12-15,344595008
ROST,2023-12-16,336665984
ROST,2023-12-19,336665984
ROST,2023-12-20,336665984
ROST,2023-12-22,336665984
ROST,2023-12-26,336665984
ROST,2023-12-27,336665984
ROST,2024-01-02,336665984
ROST,2024-01-05,336665984
ROST,2024-01-12,336665984
ROST,2024-01-13,336665984
ROST,2024-01-18,336665984
ROST,2024-01-19,336665984
ROST,2024-01-25,336665984
ROST,2024-01-30,336665984
ROST,2024-01-31,336665984
ROST,2024-02-01,336665984
ROST,2024-02-02,336665984
ROST,2024-02-06,336665984
ROST,2024-02-07,336665984
ROST,2024-02-09,336665984
ROST,2024-02-10,337104992
ROST,2024-02-13,336665984
ROST,2024-02-16,336665984
ROST,2024-02-17,336665984
ROST,2024-02-24,336665984
ROST,2024-02-27,336665984
ROST,2024-02-29,336665984
ROST,2024-03-01,336665984
ROST,2024-03-02,336665984
ROST,2024-03-05,336665984
ROST,2024-03-06,336665984
ROST,2024-03-08,336665984
ROST,2024-03-09,336665984
ROST,2024-03-12,336665984
ROST,2024-03-14,336665984
ROST,2024-03-15,336665984
ROST,2024-03-16,338800992
ROST,2024-03-19,336665984
ROST,2024-03-22,336665984
ROST,2024-03-23,336665984
ROST,2024-03-26,336759008
ROST,2024-03-27,336665984
ROST,2024-03-28,337630016
ROST,2024-03-29,336665984
ROST,2024-04-03,335174016
ROST,2024-04-04,340433984
ROST,2024-04-06,335174016
ROST,2024-04-10,335307008
ROST,2024-04-11,335307008
ROST,2024-04-12,335307008
ROST,2024-04-13,335307008
ROST,2024-04-16,341128000
ROST,2024-04-17,335307008
ROST,2024-04-19,335307008
ROST,2024-04-25,336520992
ROST,2024-04-30,341831008
ROST,2024-05-01,335307008
ROST,2024-05-02,335307008
ROST,2024-05-07,335307008
ROST,2024-05-09,335307008
ROST,2024-05-10,335307008
ROST,2024-05-11,338799008
ROST,2024-05-14,335307008
ROST,2024-05-15,337175008
ROST,2024-05-16,335307008
ROST,2024-05-17,335307008
ROST,2024-05-21,335307008
ROST,2024-05-23,337320992
ROST,2024-05-24,335307008
ROST,2024-05-25,335307008
ROST,2024-05-29,335307008
ROST,2024-05-31,335307008
ROST,2024-06-01,335307008
ROST,2024-06-04,335307008
ROST,2024-06-05,335307008
ROST,2024-06-07,335307008
ROST,2024-06-08,335307008
ROST,2024-06-12,335771008
ROST,2024-06-13,333921984
ROST,2024-06-21,336912992
ROST,2024-06-28,333921984
ROST,2024-07-03,333921984
ROST,2024-07-10,333575008
ROST,2024-07-11,333575008
ROST,2024-07-12,333575008
ROST,2024-07-13,333575008
ROST,2024-07-18,333575008
ROST,2024-07-19,333575008
ROST,2024-07-23,333575008
ROST,2024-07-24,333575008
ROST,2024-07-25,335892000
ROST,2024-07-26,333575008
ROST,2024-07-27,333575008
ROST,2024-07-31,333575008
ROST,2024-08-01,333575008
ROST,2024-08-02,333575008
ROST,2024-08-03,333575008
ROST,2024-08-07,333575008
ROST,2024-08-09,333575008
ROST,2024-08-10,333575008
ROST,2024-08-13,333575008
ROST,2024-08-14,333575008
ROST,2024-08-15,333575008
ROST,2024-08-16,333575008
ROST,2024-08-17,333575008
ROST,2024-08-22,333575008
ROST,2024-08-24,333575008
ROST,2024-08-27,335607008
ROST,2024-08-29,333575008
ROST,2024-08-30,333575008
ROST,2024-08-31,333575008
ROST,2024-09-03,333575008
ROST,2024-09-04,333575008
ROST,2024-09-05,333575008
ROST,2024-09-06,333575008
ROST,2024-09-07,333575008
ROST,2024-09-10,333575008
ROST,2024-09-11,333575008
ROST,2024-09-12,333575008
ROST,2024-09-14,331761984
ROST,2024-09-16,336268000
ROST,2024-09-17,331761984
ROST,2024-09-18,331761984
ROST,2024-09-20,331761984
ROST,2024-09-21,331761984
ROST,2024-09-24,331761984
ROST,2024-09-25,331761984
ROST,2024-09-28,331761984
ROST,2024-10-01,331761984
ROST,2024-10-04,333932992
ROST,2024-10-05,331761984
ROST,2024-10-10,331761984
ROST,2024-10-11,331761984
ROST,2024-10-15,331808992
ROST,2024-10-18,331761984
ROST,2024-10-22,331761984
ROST,2024-10-24,331761984
ROST,2024-10-25,334108992
ROST,2024-10-29,341667008
ROST,2024-10-30,331761984
ROST,2024-10-31,331761984
ROST,2024-11-01,331761984
ROST,2024-11-02,331761984
ROST,2024-11-05,331761984
ROST,2024-11-06,331761984
ROST,2024-11-07,331761984
ROST,2024-11-09,331761984
ROST,2024-11-12,331761984
ROST,2024-11-14,331761984
ROST,2024-11-15,331761984
ROST,2024-11-16,335630016
ROST,2024-11-19,331761984
ROST,2024-11-22,331761984
ROST,2024-12-04,331761984
ROST,2024-12-11,332764000
ROST,2024-12-12,329928992
ROST,2024-12-17,337873984
ROST,2025-01-11,329928992
ROST,2025-01-14,329928992
ROST,2025-02-08,329928992
ROST,2025-02-14,329928992
ROST,2025-02-15,329928992
ROST,2025-02-22,329928992
ROST,2025-02-26,329928992
ROST,2025-02-27,329928992
ROST,2025-03-01,329928992
ROST,2025-03-03,329952992
ROST,2025-03-04,338368992
ROST,2025-03-06,329928992
ROST,2025-03-10,339518016
ROST,2025-03-11,329928992
ROST,2025-03-12,329928992
ROST,2025-03-19,329928992
ROST,2025-03-20,329928992
ROST,2025-03-22,332760000
ROST,2025-03-26,332632992
ROST,2025-03-27,329928992
ROST,2025-03-28,329928992
ROST,2025-04-01,329928992
ROST,2025-04-02,328820992
ROST,2025-04-04,328820992
ROST,2025-04-09,328833984
ROST,2025-04-12,328833984
ROST,2025-04-16,328833984
ROST,2025-04-18,328833984
ROST,2025-04-22,338881984
ROST,2025-04-23,332984000
ROST,2025-04-24,328833984
ROST,2025-04-25,328833984
ROST,2025-04-26,329352000
ROST,2025-04-29,328833984
ROST,2025-05-01,328833984
ROST,2025-05-02,328833984
ROST,2025-05-10,328833984
ROST,2025-05-13,328833984
ROST,2025-05-14,328833984
ROST,2025-05-16,328833984
ROST,2025-05-28,328833984
ROST,2025-05-29,332576992
ROST,2025-05-30,328833984
ROST,2025-05-31,328833984
ROST,2025-06-04,328833984
ROST,2025-06-05,328833984
ROST,2025-06-06,329457984
ROST,2025-06-10,328833984
ROST,2025-06-11,328833984
ROST,2025-06-12,327071008
ROST,2025-06-13,327071008
ROST,2025-06-14,331102016
ROST,2025-06-16,328804000
ROST,2025-06-17,327071008
ROST,2025-06-18,327071008
ROST,2025-06-19,327071008
ROST,2025-06-25,327071008
ROST,2025-06-27,328775008
ROST,2025-06-28,327071008
ROST,2025-07-01,327071008
ROST,2025-07-03,327071008
ROST,2025-07-08,329020992
ROST,2025-07-09,327071008
ROST,2025-07-10,327943008
ROST,2025-07-12,327071008
ROST,2025-07-16,327071008
ROST,2025-07-19,327071008
ROST,2025-07-22,327071008
ROST,2025-07-23,327071008
ROST,2025-07-25,327071008
ROST,2025-07-26,327071008
ROST,2025-07-29,327071008
ROST,2025-08-02,327071008
ROST,2025-08-03,327071008
ROST,2025-08-05,327071008
ROST,2025-08-06,327071008
ROST,2025-08-07,330224992
ROST,2025-08-08,327071008
ROST,2025-08-09,327071008
ROST,2025-08-13,327071008
ROST,2025-08-14,327071008
ROST,2025-08-19,327071008
ROST,2025-08-27,327071008
ROST,2025-08-28,327071008
ROST,2025-08-30,331271008
ROST,2025-09-06,327071008
ROST,2025-09-11,327071008
ROST,2025-09-13,327071008
ROST,2025-09-16,327071008
ROST,2025-09-17,327070521
ROST,2025-09-18,325226266
ROST,2025-09-20,325226266
ROST,2025-09-23,328620831
ROST,2025-09-24,325226266
ROST,2025-09-25,325226266
ROST,2025-10-06,332747550
ROST,2025-10-07,325226266
ROST,2025-10-08,329379748
ROST,2025-10-10,325226266
ROST,2025-10-15,325226266
ROST,2025-10-18,325226266
ROST,2025-10-24,325226266
ROST,2025-10-25,325226266
ROST,2025-10-27,325226266
ROST,2025-10-31,325226266
ROST,2025-11-01,325226266
ROST,2025-11-03,325226266
ROST,2025-11-04,325226266
ROST,2025-11-06,325226266
ROST,2025-11-12,325226266
ROST,2025-11-14,325226266
ROST,2025-11-15,327839095
ROST,2025-11-17,327070522
ROST,2025-12-11,325226266
ROST,2026-04-03,323444928
ROST,2026-04-08,323444928
ROST,2026-06-04,320781076
ROST,2026-09-03,319453110
UBER,2019-05-09,1830000000
UBER,2019-05-10,1830000000
UBER,2019-05-12,1676960000
UBER,2019-05-14,1676960000
UBER,2019-05-20,1682520064
UBER,2019-05-22,1682520064
UBER,2019-05-23,1682520064
UBER,2019-05-29,1682520064
UBER,2019-06-03,1682520064
UBER,2019-06-04,1682520064
UBER,2019-06-05,1695549952
UBER,2019-06-06,1695549952
UBER,2019-06-10,1695549952
UBER,2019-06-11,1695549952
UBER,2019-06-17,1695549952
UBER,2019-06-19,1695549952
UBER,2019-06-21,1695549952
UBER,2019-06-23,1695549952
UBER,2019-06-30,1695549952
UBER,2019-07-12,1706800000
UBER,2019-07-13,1695549952
UBER,2019-07-24,1682749952
UBER,2019-07-25,1695549952
UBER,2019-08-05,1733740032
UBER,2019-08-06,1695549952
UBER,2019-08-07,1754169984
UBER,2019-08-08,1699890048
UBER,2019-08-09,1860989952
UBER,2019-08-10,1695549952
UBER,2019-08-12,1697609984
UBER,2019-08-13,1700000000
UBER,2019-08-29,1673299968
UBER,2019-08-30,1691180032
UBER,2019-09-02,1701049984
UBER,2019-09-04,1700000000
UBER,2019-09-06,1703139968
UBER,2019-09-09,1737890048
UBER,2019-09-11,1652320000
UBER,2019-09-12,1724860032
UBER,2019-09-13,1700000000
UBER,2019-09-20,1678169984
UBER,2019-09-21,1700000000
UBER,2019-10-05,1658819968
UBER,2019-10-08,1660819968
UBER,2019-10-09,1700000000
UBER,2019-10-21,1670819968
UBER,2019-10-22,1700000000
UBER,2019-11-05,1707049984
UBER,2019-11-06,1722979968
UBER,2019-11-07,1715869952
UBER,2019-11-08,1478589952
UBER,2019-11-09,1705820032
UBER,2019-11-14,1706450048
UBER,2019-11-15,1659830016
UBER,2019-11-16,1705820032
UBER,2019-12-11,1718759936
UBER,2019-12-12,1674000000
UBER,2019-12-13,1705820032
UBER,2019-12-18,1688790016
UBER,2019-12-19,1727600000
UBER,2019-12-20,1705820032
UBER,2020-01-08,1673949952
UBER,2020-01-09,1705820032
UBER,2020-01-10,1832749952
UBER,2020-01-11,1764039936
UBER,2020-01-12,1705820032
UBER,2020-01-13,1709840000
UBER,2020-01-14,1705820032
UBER,2020-02-04,1646819968
UBER,2020-02-05,1705820032
UBER,2020-02-07,1718790016
UBER,2020-02-09,1705820032
UBER,2020-02-10,1716679936
UBER,2020-02-12,1770739968
UBER,2020-02-13,1715849984
UBER,2020-02-14,1668409984
UBER,2020-02-15,1716679936
UBER,2020-03-04,1723779968
UBER,2020-04-01,1727299968
UBER,2020-05-09,1629319936
UBER,2020-05-10,1727299968
UBER,2020-05-12,1727299968
UBER,2020-05-21,1679670016
UBER,2020-05-22,1733990016
UBER,2020-07-23,1745959936
UBER,2020-08-11,1752620032
UBER,2020-08-28,1752620032
UBER,2020-09-05,1802979968
UBER,2020-09-21,1749789952
UBER,2020-11-10,1763769984
UBER,2020-11-26,1763769984
UBER,2021-01-22,1851320064
UBER,2021-03-04,1858339968
UBER,2021-03-17,1858509952
UBER,2021-03-18,1858509952
UBER,2021-03-31,1860909952
UBER,2021-04-13,1867360000
UBER,2021-04-23,1850439936
UBER,2021-04-24,1797740032
UBER,2021-04-27,1867360000
UBER,2021-05-11,1871760000
UBER,2021-06-15,1877980032
UBER,2021-06-16,1877980032
UBER,2021-08-07,1884349952
UBER,2021-08-09,1884349952
UBER,2021-09-15,1935549952
UBER,2021-10-06,1888889984
UBER,2021-10-07,1884349952
UBER,2021-10-21,1937880064
UBER,2021-11-05,1957139968
UBER,2021-11-06,1937880064
UBER,2021-11-11,1937880064
UBER,2021-11-13,1940120064
UBER,2022-02-11,1940120064
UBER,2022-02-18,1987389952
UBER,2022-02-19,1940120064
UBER,2022-02-26,1954460032
UBER,2022-02-28,1954460032
UBER,2022-03-15,2053959936
UBER,2022-03-17,2017430016
UBER,2022-03-19,1954460032
UBER,2022-03-31,1954960000
UBER,2022-05-07,1963660032
UBER,2022-05-10,1963660032
UBER,2022-07-23,2042040064
UBER,2022-07-24,1963660032
UBER,2022-08-06,1979920000
UBER,2022-08-10,1979920000
UBER,2022-09-02,1979920000
UBER,2022-10-12,2210350080
UBER,2022-10-13,1979920000
UBER,2022-11-05,1994409984
UBER,2022-11-08,2044829952
UBER,2022-11-10,1994409984
UBER,2022-12-03,2023260032
UBER,2022-12-04,1994409984
UBER,2022-12-06,2070009984
UBER,2022-12-08,1994409984
UBER,2022-12-17,2015139968
UBER,2022-12-18,1994409984
UBER,2023-02-23,2009910016
UBER,2023-03-18,2069990016
UBER,2023-03-21,2009910016
UBER,2023-03-23,2009910016
UBER,2023-03-25,2038009984
UBER,2023-03-26,2009910016
UBER,2023-03-30,2067449984
UBER,2023-03-31,2013869952
UBER,2023-04-04,2029240064
UBER,2023-04-05,2013869952
UBER,2023-04-07,2013869952
UBER,2023-05-06,2023830016
UBER,2023-05-14,2041720064
UBER,2023-05-16,2023830016
UBER,2023-07-05,2027580032
UBER,2023-07-07,2023830016
UBER,2023-07-12,2098569984
UBER,2023-07-13,2023830016
UBER,2023-07-19,2108320000
UBER,2023-07-21,2023830016
UBER,2023-08-22,2043520000
UBER,2023-08-23,2056419968
UBER,2023-08-24,2043520000
UBER,2023-09-07,2043520000
UBER,2023-10-19,2043520000
UBER,2023-10-22,2043520000
UBER,2023-10-24,2043520000
UBER,2023-10-26,2043520000
UBER,2023-10-27,2043520000
UBER,2023-11-02,2043520000
UBER,2023-11-04,2043520000
UBER,2023-11-08,2043520000
UBER,2023-11-09,2057859968
UBER,2023-11-10,2057859968
UBER,2023-11-11,2057859968
UBER,2023-11-16,2057859968
UBER,2023-11-18,2057859968
UBER,2023-11-21,2057859968
UBER,2023-11-23,2057859968
UBER,2023-11-25,2057859968
UBER,2023-11-29,2057859968
UBER,2023-12-02,2057859968
UBER,2023-12-06,2081289984
UBER,2023-12-07,2057859968
UBER,2023-12-08,2057859968
UBER,2023-12-12,2057859968
UBER,2023-12-14,2057859968
UBER,2023-12-16,2057859968
UBER,2023-12-21,2057859968
UBER,2023-12-22,2057859968
UBER,2023-12-23,2057859968
UBER,2024-01-04,2057859968
UBER,2024-01-05,2057859968
UBER,2024-01-17,2057859968
UBER,2024-01-19,2057859968
UBER,2024-01-23,2057859968
UBER,2024-01-26,2057859968
UBER,2024-01-27,2057859968
UBER,2024-01-30,2057859968
UBER,2024-02-02,2057859968
UBER,2024-02-03,2057859968
UBER,2024-02-06,2057859968
UBER,2024-02-07,2057859968
UBER,2024-02-08,2057859968
UBER,2024-02-10,2078169984
UBER,2024-02-13,2057859968
UBER,2024-02-17,2076499968
UBER,2024-02-21,2076499968
UBER,2024-02-22,2076499968
UBER,2024-03-12,2109469952
UBER,2024-03-13,2076499968
UBER,2024-03-14,2076499968
UBER,2024-03-16,2119629952
UBER,2024-03-19,2076499968
UBER,2024-03-23,2076499968
UBER,2024-03-26,2116480000
UBER,2024-03-27,2076499968
UBER,2024-03-28,2081539968
UBER,2024-04-12,2106429952
UBER,2024-04-13,2081539968
UBER,2024-04-16,2134860032
UBER,2024-04-17,2081539968
UBER,2024-04-18,2081539968
UBER,2024-04-19,2081539968
UBER,2024-04-20,2081539968
UBER,2024-04-24,2081539968
UBER,2024-04-25,2083049984
UBER,2024-04-26,2081539968
UBER,2024-04-30,2132499968
UBER,2024-05-01,2081539968
UBER,2024-05-02,2081539968
UBER,2024-05-04,2081539968
UBER,2024-05-07,2081539968
UBER,2024-05-09,2089520000
UBER,2024-05-10,2089520000
UBER,2024-05-11,2118840064
UBER,2024-05-14,2089520000
UBER,2024-05-15,2111910016
UBER,2024-05-16,2089520000
UBER,2024-05-17,2089520000
UBER,2024-05-20,2122489984
UBER,2024-05-21,2111730048
UBER,2024-05-22,2089520000
UBER,2024-05-23,2089520000
UBER,2024-05-24,2151290112
UBER,2024-05-25,2089520000
UBER,2024-05-31,2115920000
UBER,2024-06-01,2089520000
UBER,2024-06-06,2089520000
UBER,2024-06-07,2089520000
UBER,2024-06-11,2089520000
UBER,2024-06-12,2089520000
UBER,2024-06-13,2089520000
UBER,2024-06-14,2089520000
UBER,2024-06-15,2113379968
UBER,2024-06-18,2089520000
UBER,2024-06-21,2089520000
UBER,2024-06-22,2089520000
UBER,2024-06-25,2089520000
UBER,2024-06-27,2089520000
UBER,2024-06-28,2104669952
UBER,2024-06-29,2089520000
UBER,2024-07-02,2089520000
UBER,2024-07-03,2102230016
UBER,2024-07-10,2151360000
UBER,2024-07-11,2089520000
UBER,2024-07-12,2121250048
UBER,2024-07-13,2089520000
UBER,2024-07-18,2262479872
UBER,2024-07-19,2089520000
UBER,2024-07-23,2089520000
UBER,2024-07-24,2096019968
UBER,2024-07-25,2102230016
UBER,2024-07-26,2089520000
UBER,2024-07-27,2089520000
UBER,2024-07-31,2111709952
UBER,2024-08-01,2089520000
UBER,2024-08-02,2089520000
UBER,2024-08-03,2089520000
UBER,2024-08-07,2100940032
UBER,2024-08-08,2100940032
UBER,2024-08-09,2100940032
UBER,2024-08-10,2100940032
UBER,2024-08-13,2100940032
UBER,2024-08-16,2100940032
UBER,2024-08-17,2121059968
UBER,2024-08-21,2100940032
UBER,2024-08-27,2149839872
UBER,2024-08-28,2100940032
UBER,2024-08-29,2121699968
UBER,2024-08-30,2100940032
UBER,2024-08-31,2100940032
UBER,2024-09-05,2100940032
UBER,2024-09-07,2151360000
UBER,2024-09-10,2100940032
UBER,2024-09-11,2125600000
UBER,2024-09-12,2100940032
UBER,2024-09-13,2100940032
UBER,2024-09-16,2129139968
UBER,2024-09-17,2100940032
UBER,2024-09-18,2100940032
UBER,2024-09-20,2100940032
UBER,2024-09-21,2139010048
UBER,2024-09-24,2100940032
UBER,2024-09-26,2100940032
UBER,2024-09-28,2127010048
UBER,2024-09-30,2117430016
UBER,2024-10-01,2100940032
UBER,2024-10-03,2100940032
UBER,2024-10-09,2100940032
UBER,2024-10-10,2100940032
UBER,2024-10-11,2100940032
UBER,2024-10-12,2100940032
UBER,2024-10-15,2135570048
UBER,2024-10-16,2100940032
UBER,2024-10-17,2100940032
UBER,2024-10-19,2100940032
UBER,2024-10-22,2100940032
UBER,2024-10-23,2100940032
UBER,2024-10-24,2100940032
UBER,2024-10-25,2160760064
UBER,2024-10-28,2158810112
UBER,2024-10-29,2100940032
UBER,2024-11-01,2105709952
UBER,2024-11-02,2105709952
UBER,2024-11-06,2105709952
UBER,2024-11-07,2105709952
UBER,2024-11-08,2105709952
UBER,2024-11-14,2111920000
UBER,2024-11-19,2224770048
UBER,2024-11-20,2105709952
UBER,2024-11-21,2105709952
UBER,2024-11-22,2105709952
UBER,2024-11-23,2105709952
UBER,2024-11-27,2105709952
UBER,2024-11-28,2105709952
UBER,2024-11-30,2105709952
UBER,2024-12-03,2105709952
UBER,2024-12-04,2105709952
UBER,2024-12-05,2105709952
UBER,2024-12-06,2329420032
UBER,2024-12-07,2105709952
UBER,2024-12-10,2105709952
UBER,2024-12-11,2105709952
UBER,2024-12-13,2105709952
UBER,2024-12-18,2105709952
UBER,2024-12-20,2105709952
UBER,2024-12-24,2105709952
UBER,2024-12-27,2105709952
UBER,2025-01-04,2105709952
UBER,2025-01-07,2105709952
UBER,2025-01-11,2105709952
UBER,2025-01-14,2105709952
UBER,2025-01-15,2105709952
UBER,2025-01-16,2105709952
UBER,2025-01-18,2144480000
UBER,2025-01-25,2105709952
UBER,2025-01-29,2105709952
UBER,2025-02-01,2105709952
UBER,2025-02-05,2105709952
UBER,2025-02-06,2105709952
UBER,2025-02-07,2105709952
UBER,2025-02-08,2105709952
UBER,2025-02-13,2105709952
UBER,2025-02-14,2105709952
UBER,2025-02-16,2105709952
UBER,2025-02-18,2089010048
UBER,2025-02-19,2089010048
UBER,2025-02-20,2089010048
UBER,2025-02-21,2089010048
UBER,2025-02-25,2089010048
UBER,2025-02-26,2089010048
UBER,2025-02-27,2089010048
UBER,2025-03-04,2133069952
UBER,2025-03-06,2089010048
UBER,2025-03-08,2089010048
UBER,2025-03-11,2180790016
UBER,2025-03-12,2089010048
UBER,2025-03-15,2089010048
UBER,2025-03-18,2089010048
UBER,2025-03-19,2089010048
UBER,2025-03-20,2089010048
UBER,2025-03-21,2089010048
UBER,2025-03-22,2089010048
UBER,2025-03-25,2089010048
UBER,2025-03-26,2113869952
UBER,2025-03-27,2131570048
UBER,2025-03-28,2091260032
UBER,2025-03-29,2091260032
UBER,2025-04-01,2091260032
UBER,2025-04-02,2091260032
UBER,2025-04-03,2091260032
UBER,2025-04-04,2091260032
UBER,2025-04-10,2142550016
UBER,2025-04-11,2091260032
UBER,2025-04-12,2091260032
UBER,2025-04-15,2091260032
UBER,2025-04-17,2091260032
UBER,2025-04-18,2091260032
UBER,2025-04-22,2157789952
UBER,2025-04-23,2091260032
UBER,2025-04-24,2110249984
UBER,2025-04-25,2091260032
UBER,2025-04-26,2100669952
UBER,2025-04-29,2091260032
UBER,2025-04-30,2091260032
UBER,2025-05-01,2091260032
UBER,2025-05-03,2091260032
UBER,2025-05-06,2091260032
UBER,2025-05-07,2091260032
UBER,2025-05-08,2091260032
UBER,2025-05-09,2091170048
UBER,2025-05-13,2091170048
UBER,2025-05-15,2096969984
UBER,2025-05-16,2091170048
UBER,2025-05-22,2091170048
UBER,2025-05-23,2091170048
UBER,2025-05-24,2091170048
UBER,2025-05-27,2091170048
UBER,2025-05-29,2091170048
UBER,2025-05-30,2091170048
UBER,2025-05-31,2091170048
UBER,2025-06-05,2091170048
UBER,2025-06-06,2091170048
UBER,2025-06-07,2091170048
UBER,2025-06-10,2091170048
UBER,2025-06-11,2091170048
UBER,2025-06-12,2091170048
UBER,2025-06-14,2091170048
UBER,2025-06-17,2091170048
UBER,2025-06-18,2124249984
UBER,2025-06-19,2091170048
UBER,2025-06-24,2091170048
UBER,2025-06-26,2091170048
UBER,2025-06-27,2091170048
UBER,2025-06-28,2091170048
UBER,2025-07-01,2091170048
UBER,2025-07-02,2091170048
UBER,2025-07-08,2091170048
UBER,2025-07-10,2109340032
UBER,2025-07-11,2091170048
UBER,2025-07-16,2091170048
UBER,2025-07-18,2091170048
UBER,2025-07-19,2091170048
UBER,2025-07-23,2091170048
UBER,2025-07-29,2091170048
UBER,2025-08-02,2091170048
UBER,2025-08-07,2091170048
UBER,2025-08-08,2085420032
UBER,2025-08-12,2085420032
UBER,2025-08-16,2085420032
UBER,2025-08-19,2085420032
UBER,2025-08-29,2085420032
UBER,2025-08-30,2085420032
UBER,2025-09-03,2085420032
UBER,2025-09-04,2085420032
UBER,2025-09-05,2085420032
UBER,2025-09-11,2085420032
UBER,2025-09-12,2085420032
UBER,2025-09-17,2085418676
UBER,2025-09-20,2085418676
UBER,2025-09-23,2085418676
UBER,2025-09-25,2085418676
UBER,2025-09-26,2089264735
UBER,2025-09-27,2085418676
UBER,2025-10-01,2095636099
UBER,2025-10-02,2125136825
UBER,2025-10-06,2085634558
UBER,2025-10-07,2085418676
UBER,2025-10-08,2134462264
UBER,2025-10-09,2085418676
UBER,2025-10-16,2085418676
UBER,2025-10-18,2090389338
UBER,2025-10-20,2085418676
UBER,2025-10-23,2085418676
UBER,2025-10-24,2085418676
UBER,2025-10-25,2085418676
UBER,2025-10-28,2085418676
UBER,2025-10-31,2085418676
UBER,2025-11-04,2085418676
UBER,2025-11-05,2085418676
UBER,2025-11-06,2077830381
UBER,2025-11-08,2077830381
UBER,2025-11-12,2077830381
UBER,2025-11-13,2077830381
UBER,2025-11-15,2081458987
UBER,2025-11-17,2085418676
UBER,2026-02-19,2077830382
UBER,2026-03-27,2058115984
UBER,2026-05-08,2035599013
UBER,2026-08-07,2042560121
TTWO,2019-01-05,113828000
TTWO,2019-01-07,113828000
TTWO,2019-01-09,113828000
TTWO,2019-01-10,113828000
TTWO,2019-01-12,113828000
TTWO,2019-01-14,113828000
TTWO,2019-01-16,113828000
TTWO,2019-01-20,113828000
TTWO,2019-01-24,113828000
TTWO,2019-01-25,113828000
TTWO,2019-01-28,113828000
TTWO,2019-01-30,113828000
TTWO,2019-02-04,113828000
TTWO,2019-02-07,113828000
TTWO,2019-02-10,105765000
TTWO,2019-02-13,105765000
TTWO,2019-02-15,105765000
TTWO,2019-02-17,105765000
TTWO,2019-02-18,105765000
TTWO,2019-02-20,105765000
TTWO,2019-02-28,105765000
TTWO,2019-03-01,105765000
TTWO,2019-03-07,105765000
TTWO,2019-03-08,105765000
TTWO,2019-03-10,105765000
TTWO,2019-03-11,105765000
TTWO,2019-03-14,105765000
TTWO,2019-03-17,105765000
TTWO,2019-03-26,105765000
TTWO,2019-03-29,105765000
TTWO,2019-04-01,105765000
TTWO,2019-04-05,105765000
TTWO,2019-04-09,105765000
TTWO,2019-04-11,105765000
TTWO,2019-04-14,105765000
TTWO,2019-04-15,105765000
TTWO,2019-04-17,105765000
TTWO,2019-04-18,105765000
TTWO,2019-04-21,105765000
TTWO,2019-04-22,105765000
TTWO,2019-04-29,105765000
TTWO,2019-04-30,105765000
TTWO,2019-05-02,105765000
TTWO,2019-05-05,105765000
TTWO,2019-05-07,105765000
TTWO,2019-05-09,105765000
TTWO,2019-05-10,105765000
TTWO,2019-05-12,105765000
TTWO,2019-05-19,106473000
TTWO,2019-05-22,106472000
TTWO,2019-05-23,106472000
TTWO,2019-05-28,106473000
TTWO,2019-06-03,106473000
TTWO,2019-06-04,106473000
TTWO,2019-06-05,106473000
TTWO,2019-06-06,106473000
TTWO,2019-06-10,106473000
TTWO,2019-06-11,106473000
TTWO,2019-06-12,106473000
TTWO,2019-06-17,106473000
TTWO,2019-06-19,106473000
TTWO,2019-06-21,106473000
TTWO,2019-06-23,106473000
TTWO,2019-06-24,106473000
TTWO,2019-06-26,112542000
TTWO,2019-07-03,113463000
TTWO,2019-07-04,112542000
TTWO,2019-07-05,111436000
TTWO,2019-07-06,112542000
TTWO,2019-07-10,111741000
TTWO,2019-07-11,114566000
TTWO,2019-07-12,111936000
TTWO,2019-07-13,112542000
TTWO,2019-07-30,113178000
TTWO,2019-08-05,113559000
TTWO,2019-08-06,113178000
TTWO,2019-08-07,119368000
TTWO,2019-08-08,126931000
TTWO,2019-08-09,114919000
TTWO,2019-08-23,111643000
TTWO,2019-08-24,113178000
TTWO,2019-08-30,112169000
TTWO,2019-09-02,112535000
TTWO,2019-09-04,113178000
TTWO,2019-09-06,113712000
TTWO,2019-09-09,114225000
TTWO,2019-09-11,116325000
TTWO,2019-09-12,108083000
TTWO,2019-09-13,113178000
TTWO,2019-09-20,113902000
TTWO,2019-09-21,113178000
TTWO,2019-10-04,112389000
TTWO,2019-10-08,113178000
TTWO,2019-10-21,113169000
TTWO,2019-10-22,113178000
TTWO,2019-11-05,116518000
TTWO,2019-11-06,116220000
TTWO,2019-11-07,112888000
TTWO,2019-11-08,112676000
TTWO,2019-11-09,113178000
TTWO,2019-11-12,113347000
TTWO,2019-11-14,114566000
TTWO,2019-11-15,115260000
TTWO,2019-11-16,113347000
TTWO,2019-12-18,113218000
TTWO,2019-12-19,113347000
TTWO,2020-01-08,110974000
TTWO,2020-01-09,114092000
TTWO,2020-01-10,116192000
TTWO,2020-01-11,115433000
TTWO,2020-01-12,113347000
TTWO,2020-02-06,107837000
TTWO,2020-02-07,119898000
TTWO,2020-02-08,113347000
TTWO,2020-02-11,113424000
TTWO,2020-02-12,114845000
TTWO,2020-02-13,115069000
TTWO,2020-02-14,113424000
TTWO,2020-05-09,113424000
TTWO,2020-05-21,109871000
TTWO,2020-05-22,113506000
TTWO,2020-05-27,113943000
TTWO,2020-07-28,114339000
TTWO,2020-08-06,114339000
TTWO,2020-08-20,114339000
TTWO,2020-08-21,114339000
TTWO,2020-08-28,114339000
TTWO,2020-09-02,114339000
TTWO,2020-09-03,114339000
TTWO,2020-09-05,118614000
TTWO,2020-09-06,114339000
TTWO,2020-09-21,115031000
TTWO,2020-09-22,114339000
TTWO,2020-11-10,115022000
TTWO,2020-11-12,115111000
TTWO,2020-11-26,115111000
TTWO,2021-02-10,115178000
TTWO,2021-03-17,115178000
TTWO,2021-04-23,113931000
TTWO,2021-04-24,115348000
TTWO,2021-04-27,115178000
TTWO,2021-04-28,115178000
TTWO,2021-05-20,115656000
TTWO,2021-06-04,116171000
TTWO,2021-07-03,117265000
TTWO,2021-07-14,116171000
TTWO,2021-07-30,116518000
TTWO,2021-08-04,116518000
TTWO,2021-08-05,116518000
TTWO,2021-10-05,116518000
TTWO,2021-10-23,116518000
TTWO,2021-11-06,120072000
TTWO,2021-11-07,116518000
TTWO,2021-11-09,115300000
TTWO,2021-12-02,119276000
TTWO,2021-12-03,115300000
TTWO,2022-01-12,115416000
TTWO,2022-02-09,115416000
TTWO,2022-02-11,115416000
TTWO,2022-03-16,123987000
TTWO,2022-03-18,118489000
TTWO,2022-03-20,115416000
TTWO,2022-03-23,115421000
TTWO,2022-04-05,115421000
TTWO,2022-04-08,115457000
TTWO,2022-04-11,115457000
TTWO,2022-05-04,116019000
TTWO,2022-05-06,115457000
TTWO,2022-05-20,115809000
TTWO,2022-05-24,161982000
TTWO,2022-06-03,167727008
TTWO,2022-06-04,164636000
TTWO,2022-07-01,165948000
TTWO,2022-07-02,161982000
TTWO,2022-07-29,166195008
TTWO,2022-07-30,166488992
TTWO,2022-08-01,166488992
TTWO,2022-08-10,166691008
TTWO,2022-09-02,166691008
TTWO,2022-09-21,166488992
TTWO,2022-09-25,166691008
TTWO,2022-10-21,166488992
TTWO,2022-10-23,166691008
TTWO,2022-10-25,166691008
TTWO,2022-11-09,167819008
TTWO,2022-11-10,167819008
TTWO,2023-02-08,168675008
TTWO,2023-03-30,170308992
TTWO,2023-04-01,168675008
TTWO,2023-04-04,169527008
TTWO,2023-04-05,172867008
TTWO,2023-04-06,169595008
TTWO,2023-04-07,168675008
TTWO,2023-04-21,171122000
TTWO,2023-04-22,168675008
TTWO,2023-05-18,168900000
TTWO,2023-05-27,169334000
TTWO,2023-05-31,169334000
TTWO,2023-07-12,177344992
TTWO,2023-07-15,169334000
TTWO,2023-07-21,169747008
TTWO,2023-07-26,169334000
TTWO,2023-08-21,169831008
TTWO,2023-10-11,169831008
TTWO,2023-10-13,169831008
TTWO,2023-10-14,169831008
TTWO,2023-10-17,169831008
TTWO,2023-10-19,169831008
TTWO,2023-10-20,172518000
TTWO,2023-10-21,169831008
TTWO,2023-10-24,169831008
TTWO,2023-10-25,169831008
TTWO,2023-10-26,169831008
TTWO,2023-10-28,169831008
TTWO,2023-10-31,169831008
TTWO,2023-11-02,169831008
TTWO,2023-11-04,169831008
TTWO,2023-11-07,169831008
TTWO,2023-11-09,170000000
TTWO,2023-11-10,170068000
TTWO,2023-11-11,170068000
TTWO,2023-11-17,170068000
TTWO,2023-11-18,170068000
TTWO,2023-11-21,170068000
TTWO,2023-11-22,170068000
TTWO,2023-11-25,170068000
TTWO,2023-11-29,170068000
TTWO,2023-11-30,170068000
TTWO,2023-12-02,170068000
TTWO,2023-12-03,170078000
TTWO,2023-12-05,170068000
TTWO,2023-12-06,170924992
TTWO,2023-12-07,170068000
TTWO,2023-12-08,170068000
TTWO,2023-12-12,170068000
TTWO,2023-12-13,170068000
TTWO,2023-12-21,170068000
TTWO,2023-12-22,170068000
TTWO,2023-12-23,170068000
TTWO,2023-12-28,170068000
TTWO,2023-12-29,170068000
TTWO,2024-01-05,170068000
TTWO,2024-01-06,170068000
TTWO,2024-01-12,170068000
TTWO,2024-01-18,170068000
TTWO,2024-01-23,170068000
TTWO,2024-01-24,170068000
TTWO,2024-01-31,170068000
TTWO,2024-02-02,170068000
TTWO,2024-02-03,170068000
TTWO,2024-02-06,170068000
TTWO,2024-02-09,170500000
TTWO,2024-02-10,186195008
TTWO,2024-02-13,170586000
TTWO,2024-02-14,170586000
TTWO,2024-02-15,170586000
TTWO,2024-02-17,170586000
TTWO,2024-02-23,170586000
TTWO,2024-02-24,170586000
TTWO,2024-02-27,170586000
TTWO,2024-02-28,170586000
TTWO,2024-03-02,170586000
TTWO,2024-03-04,170586000
TTWO,2024-03-05,175260992
TTWO,2024-03-06,170586000
TTWO,2024-03-07,170586000
TTWO,2024-03-08,170586000
TTWO,2024-03-12,170586000
TTWO,2024-03-16,170586000
TTWO,2024-03-19,170586000
TTWO,2024-03-20,170586000
TTWO,2024-03-22,170586000
TTWO,2024-03-26,170586000
TTWO,2024-03-28,170586000
TTWO,2024-03-29,170586000
TTWO,2024-03-30,170586000
TTWO,2024-04-02,170746000
TTWO,2024-04-03,170746000
TTWO,2024-04-04,170746000
TTWO,2024-04-05,170746000
TTWO,2024-04-06,170746000
TTWO,2024-04-09,170746000
TTWO,2024-04-13,170746000
TTWO,2024-04-16,173014000
TTWO,2024-04-17,170746000
TTWO,2024-04-20,170746000
TTWO,2024-04-23,170746000
TTWO,2024-04-24,170746000
TTWO,2024-04-26,170746000
TTWO,2024-04-27,170746000
TTWO,2024-04-30,170983008
TTWO,2024-05-02,170746000
TTWO,2024-05-04,170746000
TTWO,2024-05-07,170746000
TTWO,2024-05-08,170746000
TTWO,2024-05-10,171063008
TTWO,2024-05-11,170746000
TTWO,2024-05-14,170746000
TTWO,2024-05-15,170746000
TTWO,2024-05-17,173084000
TTWO,2024-05-18,170800000
TTWO,2024-05-23,171719008
TTWO,2024-05-25,171384992
TTWO,2024-05-30,171384992
TTWO,2024-06-01,171384992
TTWO,2024-06-04,171384992
TTWO,2024-06-05,171384992
TTWO,2024-06-07,173206000
TTWO,2024-06-08,171384992
TTWO,2024-06-12,171384992
TTWO,2024-06-13,171384992
TTWO,2024-06-14,175004000
TTWO,2024-06-15,175004000
TTWO,2024-06-21,175004000
TTWO,2024-06-22,175004000
TTWO,2024-06-25,175004000
TTWO,2024-06-26,175004000
TTWO,2024-06-27,175004000
TTWO,2024-06-28,175004000
TTWO,2024-07-02,175004000
TTWO,2024-07-03,175004000
TTWO,2024-07-04,175004000
TTWO,2024-07-06,175004000
TTWO,2024-07-10,175004000
TTWO,2024-07-11,175004000
TTWO,2024-07-16,175004000
TTWO,2024-07-17,175004000
TTWO,2024-07-18,179991008
TTWO,2024-07-19,175004000
TTWO,2024-07-20,175004000
TTWO,2024-07-24,175004000
TTWO,2024-07-25,175004000
TTWO,2024-07-26,175004000
TTWO,2024-07-27,175283008
TTWO,2024-08-02,175283008
TTWO,2024-08-03,175283008
TTWO,2024-08-06,175283008
TTWO,2024-08-07,175283008
TTWO,2024-08-08,175283008
TTWO,2024-08-10,175283008
TTWO,2024-08-13,175283008
TTWO,2024-08-17,175283008
TTWO,2024-08-20,175283008
TTWO,2024-08-21,175283008
TTWO,2024-08-22,175283008
TTWO,2024-08-23,175283008
TTWO,2024-08-27,175283008
TTWO,2024-08-28,175283008
TTWO,2024-08-29,175283008
TTWO,2024-09-03,175283008
TTWO,2024-09-04,175283008
TTWO,2024-09-06,175283008
TTWO,2024-09-07,175831008
TTWO,2024-09-11,175283008
TTWO,2024-09-12,175283008
TTWO,2024-09-13,175283008
TTWO,2024-09-14,175283008
TTWO,2024-09-18,175283008
TTWO,2024-09-19,175283008
TTWO,2024-09-21,181020000
TTWO,2024-09-24,175283008
TTWO,2024-09-25,175283008
TTWO,2024-09-27,175283008
TTWO,2024-09-28,175283008
TTWO,2024-10-02,175283008
TTWO,2024-10-04,175283008
TTWO,2024-10-05,175283008
TTWO,2024-10-08,175283008
TTWO,2024-10-09,175283008
TTWO,2024-10-10,175283008
TTWO,2024-10-11,175283008
TTWO,2024-10-12,175283008
TTWO,2024-10-15,175283008
TTWO,2024-10-17,175283008
TTWO,2024-10-19,175283008
TTWO,2024-10-22,175283008
TTWO,2024-10-24,175283008
TTWO,2024-10-25,175283008
TTWO,2024-10-29,175283008
TTWO,2024-10-30,175283008
TTWO,2024-10-31,175283008
TTWO,2024-11-01,175283008
TTWO,2024-11-05,175283008
TTWO,2024-11-06,175283008
TTWO,2024-11-07,175283008
TTWO,2024-11-08,175627008
TTWO,2024-11-09,175627008
TTWO,2024-11-12,175627008
TTWO,2024-11-15,175627008
TTWO,2024-11-16,179444000
TTWO,2024-11-20,175627008
TTWO,2024-11-26,175627008
TTWO,2024-11-28,175627008
TTWO,2024-11-30,175627008
TTWO,2024-12-06,175627008
TTWO,2024-12-11,178034000
TTWO,2024-12-13,176387008
TTWO,2024-12-14,175627008
TTWO,2024-12-17,175627008
TTWO,2024-12-18,175627008
TTWO,2024-12-21,175627008
TTWO,2024-12-27,175627008
TTWO,2024-12-28,175627008
TTWO,2025-01-11,175627008
TTWO,2025-01-14,175627008
TTWO,2025-01-15,175627008
TTWO,2025-01-16,175627008
TTWO,2025-01-17,175627008
TTWO,2025-01-18,175627008
TTWO,2025-01-22,175627008
TTWO,2025-01-23,175627008
TTWO,2025-01-24,175627008
TTWO,2025-01-28,175627008
TTWO,2025-01-29,175627008
TTWO,2025-01-30,175627008
TTWO,2025-01-31,175627008
TTWO,2025-02-01,175627008
TTWO,2025-02-04,176158000
TTWO,2025-02-06,175627008
TTWO,2025-02-07,175627008
TTWO,2025-02-08,176496000
TTWO,2025-02-11,176496000
TTWO,2025-02-12,176496000
TTWO,2025-02-13,176496000
TTWO,2025-02-14,176496000
TTWO,2025-02-15,177620000
TTWO,2025-02-19,176496000
TTWO,2025-02-22,176496000
TTWO,2025-02-25,176496000
TTWO,2025-02-27,176496000
TTWO,2025-02-28,176496000
TTWO,2025-03-01,176496000
TTWO,2025-03-04,179830000
TTWO,2025-03-06,176496000
TTWO,2025-03-07,176496000
TTWO,2025-03-08,176496000
TTWO,2025-03-10,178592992
TTWO,2025-03-11,176496000
TTWO,2025-03-15,176496000
TTWO,2025-03-19,176496000
TTWO,2025-03-20,176496000
TTWO,2025-03-21,176496000
TTWO,2025-03-22,176496000
TTWO,2025-03-25,176496000
TTWO,2025-03-26,176496000
TTWO,2025-03-27,177814000
TTWO,2025-03-28,176496000
TTWO,2025-04-01,179238000
TTWO,2025-04-05,176496000
TTWO,2025-04-09,176496000
TTWO,2025-04-10,179708000
TTWO,2025-04-11,176496000
TTWO,2025-04-15,176496000
TTWO,2025-04-17,176496000
TTWO,2025-04-18,176496000
TTWO,2025-04-22,183042000
TTWO,2025-04-23,178848992
TTWO,2025-04-24,176496000
TTWO,2025-04-25,176496000
TTWO,2025-05-01,176496000
TTWO,2025-05-02,176496000
TTWO,2025-05-06,176496000
TTWO,2025-05-07,176496000
TTWO,2025-05-09,176496000
TTWO,2025-05-10,176496000
TTWO,2025-05-13,176496000
TTWO,2025-05-15,176496000
TTWO,2025-05-17,177100000
TTWO,2025-05-21,177424992
TTWO,2025-05-23,182175008
TTWO,2025-05-24,182887008
TTWO,2025-05-27,182887008
TTWO,2025-05-29,182887008
TTWO,2025-05-30,182887008
TTWO,2025-06-03,182887008
TTWO,2025-06-04,182887008
TTWO,2025-06-05,182887008
TTWO,2025-06-07,182887008
TTWO,2025-06-10,182887008
TTWO,2025-06-12,182887008
TTWO,2025-06-14,182887008
TTWO,2025-06-16,182887008
TTWO,2025-06-17,182887008
TTWO,2025-06-18,182887008
TTWO,2025-06-21,182887008
TTWO,2025-06-25,182887008
TTWO,2025-06-27,182887008
TTWO,2025-06-28,182887008
TTWO,2025-07-03,182887008
TTWO,2025-07-04,182887008
TTWO,2025-07-08,184384992
TTWO,2025-07-09,182887008
TTWO,2025-07-10,182887008
TTWO,2025-07-11,183990000
TTWO,2025-07-12,182887008
TTWO,2025-07-15,182887008
TTWO,2025-07-18,182887008
TTWO,2025-07-23,182887008
TTWO,2025-07-25,182887008
TTWO,2025-07-29,182887008
TTWO,2025-07-30,184467008
TTWO,2025-08-02,184467008
TTWO,2025-08-06,184467008
TTWO,2025-08-07,184467008
TTWO,2025-08-08,184467008
TTWO,2025-08-09,184470000
TTWO,2025-08-13,184470000
TTWO,2025-08-16,184470000
TTWO,2025-08-19,184470000
TTWO,2025-08-20,184470000
TTWO,2025-08-26,184470000
TTWO,2025-08-28,184470000
TTWO,2025-08-29,184470000
TTWO,2025-08-30,184470000
TTWO,2025-09-05,184470000
TTWO,2025-09-06,184470000
TTWO,2025-09-17,184470000
TTWO,2025-09-18,184470212
TTWO,2025-09-19,184470212
TTWO,2025-09-20,184470212
TTWO,2025-09-23,184470212
TTWO,2025-09-24,184470212
TTWO,2025-10-02,187763807
TTWO,2025-10-03,184470212
TTWO,2025-10-07,184470212
TTWO,2025-10-08,184470212
TTWO,2025-10-09,184470212
TTWO,2025-10-10,184470212
TTWO,2025-10-11,184470212
TTWO,2025-10-14,184470212
TTWO,2025-10-15,184470212
TTWO,2025-10-16,184470212
TTWO,2025-10-17,184470212
TTWO,2025-10-18,184470212
TTWO,2025-10-22,185228561
TTWO,2025-10-23,184470212
TTWO,2025-10-24,184470212
TTWO,2025-10-27,185086878
TTWO,2025-10-28,184470212
TTWO,2025-10-29,184470212
TTWO,2025-10-31,184470212
TTWO,2025-11-04,184470212
TTWO,2025-11-05,184470212
TTWO,2025-11-07,184470212
TTWO,2025-11-08,184778832
TTWO,2025-11-11,184778832
TTWO,2025-11-12,184778832
TTWO,2025-11-13,184778832
TTWO,2025-11-15,186760037
TTWO,2025-11-17,184778832
TTWO,2026-02-05,185100000
TTWO,2026-02-06,185175456
TTWO,2026-05-23,185400000
TTWO,2026-05-26,185666663
TTWO,2026-07-29,186980443
GOOGL,2019-01-05,691828992
GOOGL,2019-01-07,692758976
GOOGL,2019-01-09,692758976
GOOGL,2019-01-10,692145024
GOOGL,2019-01-12,692145024
GOOGL,2019-01-14,692753984
GOOGL,2019-01-16,692753984
GOOGL,2019-01-17,692753984
GOOGL,2019-01-20,692753984
GOOGL,2019-01-22,692228992
GOOGL,2019-01-24,692228992
GOOGL,2019-01-25,692228992
GOOGL,2019-01-28,691678976
GOOGL,2019-01-30,691678976
GOOGL,2019-02-04,692675968
GOOGL,2019-02-07,692675968
GOOGL,2019-02-10,692558016
GOOGL,2019-02-13,693006016
GOOGL,2019-02-15,692216000
GOOGL,2019-02-17,693072000
GOOGL,2019-02-18,693072000
GOOGL,2019-02-20,692393024
GOOGL,2019-02-28,692774976
GOOGL,2019-03-01,692774976
GOOGL,2019-03-07,692780992
GOOGL,2019-03-08,692780992
GOOGL,2019-03-10,692553024
GOOGL,2019-03-11,692553024
GOOGL,2019-03-14,693292032
GOOGL,2019-03-17,693244032
GOOGL,2019-03-26,694481984
GOOGL,2019-03-29,693910016
GOOGL,2019-04-01,693982016
GOOGL,2019-04-05,693742016
GOOGL,2019-04-09,693782016
GOOGL,2019-04-10,693782016
GOOGL,2019-04-14,693612992
GOOGL,2019-04-16,693612992
GOOGL,2019-04-17,693651008
GOOGL,2019-04-18,693651008
GOOGL,2019-04-21,693560000
GOOGL,2019-04-22,693560000
GOOGL,2019-04-29,693563008
GOOGL,2019-04-30,693563008
GOOGL,2019-05-02,692481024
GOOGL,2019-05-05,692865984
GOOGL,2019-05-06,692865984
GOOGL,2019-05-09,692723008
GOOGL,2019-05-10,692723008
GOOGL,2019-05-12,693104000
GOOGL,2019-05-19,692054976
GOOGL,2019-05-22,692598976
GOOGL,2019-05-23,692598976
GOOGL,2019-05-28,692462016
GOOGL,2019-05-29,692462016
GOOGL,2019-06-03,693219968
GOOGL,2019-06-04,693219968
GOOGL,2019-06-05,693705024
GOOGL,2019-06-06,693705024
GOOGL,2019-06-10,693382976
GOOGL,2019-06-11,693376000
GOOGL,2019-06-12,693376000
GOOGL,2019-06-17,693899008
GOOGL,2019-06-19,693657984
GOOGL,2019-06-21,693612992
GOOGL,2019-06-23,693019008
GOOGL,2019-06-24,693019008
GOOGL,2019-06-26,693849984
GOOGL,2019-06-27,694076032
GOOGL,2019-06-28,694043008
GOOGL,2019-07-01,693635968
GOOGL,2019-07-02,693595008
GOOGL,2019-07-03,701769024
GOOGL,2019-07-04,693820992
GOOGL,2019-07-05,687401984
GOOGL,2019-07-06,693806976
GOOGL,2019-07-11,704372992
GOOGL,2019-07-12,696211968
GOOGL,2019-07-13,694283008
GOOGL,2019-07-15,694110016
GOOGL,2019-07-16,694192000
GOOGL,2019-07-17,694280000
GOOGL,2019-07-18,694124992
GOOGL,2019-07-19,693968000
GOOGL,2019-07-22,693798016
GOOGL,2019-07-23,693894976
GOOGL,2019-07-24,699068032
GOOGL,2019-07-25,693657024
GOOGL,2019-07-26,693073024
GOOGL,2019-07-29,695500032
GOOGL,2019-07-30,692718976
GOOGL,2019-07-31,692588992
GOOGL,2019-08-01,692964992
GOOGL,2019-08-02,692604032
GOOGL,2019-08-05,701555008
GOOGL,2019-08-06,692721984
GOOGL,2019-08-07,717659008
GOOGL,2019-08-08,705526976
GOOGL,2019-08-09,713774976
GOOGL,2019-08-10,692998016
GOOGL,2019-08-13,693459968
GOOGL,2019-08-14,693555008
GOOGL,2019-08-15,693409984
GOOGL,2019-08-16,692785984
GOOGL,2019-08-19,692924032
GOOGL,2019-08-20,692822976
GOOGL,2019-08-21,693152000
GOOGL,2019-08-22,693302016
GOOGL,2019-08-24,692817984
GOOGL,2019-08-26,692708992
GOOGL,2019-08-27,692718976
GOOGL,2019-08-28,692513984
GOOGL,2019-08-29,692590016
GOOGL,2019-08-30,680707008
GOOGL,2019-09-02,682828992
GOOGL,2019-09-04,692689024
GOOGL,2019-09-06,680312000
GOOGL,2019-09-09,683622976
GOOGL,2019-09-11,683974016
GOOGL,2019-09-12,693484992
GOOGL,2019-09-13,693196032
GOOGL,2019-09-16,693267008
GOOGL,2019-09-17,693305024
GOOGL,2019-09-18,693192000
GOOGL,2019-09-19,693331008
GOOGL,2019-09-20,696817984
GOOGL,2019-09-21,693387008
GOOGL,2019-09-23,693424000
GOOGL,2019-09-24,693212992
GOOGL,2019-09-25,693521024
GOOGL,2019-09-26,693560000
GOOGL,2019-09-27,693147008
GOOGL,2019-09-30,693155008
GOOGL,2019-10-01,692790016
GOOGL,2019-10-02,693139008
GOOGL,2019-10-03,693017984
GOOGL,2019-10-04,686312000
GOOGL,2019-10-08,694390016
GOOGL,2019-10-09,693105984
GOOGL,2019-10-10,693372032
GOOGL,2019-10-11,693169024
GOOGL,2019-10-14,693324032
GOOGL,2019-10-15,693219008
GOOGL,2019-10-16,693614016
GOOGL,2019-10-17,693577024
GOOGL,2019-10-21,689054016
GOOGL,2019-10-22,693920000
GOOGL,2019-10-23,693846016
GOOGL,2019-10-24,693812992
GOOGL,2019-10-25,693916992
GOOGL,2019-10-28,693625984
GOOGL,2019-10-29,693673024
GOOGL,2019-10-30,691441984
GOOGL,2019-10-31,689848000
GOOGL,2019-11-01,690044992
GOOGL,2019-11-05,682750016
GOOGL,2019-11-06,673558976
GOOGL,2019-11-07,680800000
GOOGL,2019-11-08,690646976
GOOGL,2019-11-09,690192000
GOOGL,2019-11-11,690308992
GOOGL,2019-11-12,689928000
GOOGL,2019-11-13,690108992
GOOGL,2019-11-14,689622016
GOOGL,2019-11-15,697201024
GOOGL,2019-11-16,690294016
GOOGL,2019-11-18,690030016
GOOGL,2019-11-19,689910976
GOOGL,2019-11-20,690438976
GOOGL,2019-11-21,690001024
GOOGL,2019-11-22,690006976
GOOGL,2019-11-25,690131008
GOOGL,2019-11-26,689964032
GOOGL,2019-11-27,689830976
GOOGL,2019-11-28,689913024
GOOGL,2019-12-02,689916992
GOOGL,2019-12-03,689969984
GOOGL,2019-12-04,689830976
GOOGL,2019-12-05,690104000
GOOGL,2019-12-06,689990016
GOOGL,2019-12-09,690003008
GOOGL,2019-12-10,689833024
GOOGL,2019-12-11,690140032
GOOGL,2019-12-12,689884032
GOOGL,2019-12-13,690140992
GOOGL,2019-12-16,689932032
GOOGL,2019-12-17,689806016
GOOGL,2019-12-18,686801024
GOOGL,2019-12-19,689868032
GOOGL,2019-12-20,689585984
GOOGL,2019-12-23,689273024
GOOGL,2019-12-24,689232000
GOOGL,2019-12-25,689465024
GOOGL,2019-12-27,689166016
GOOGL,2019-12-30,688990016
GOOGL,2019-12-31,688771968
GOOGL,2020-01-01,689080000
GOOGL,2020-01-03,689358976
GOOGL,2020-01-08,674993024
GOOGL,2020-01-09,687920000
GOOGL,2020-01-10,693078016
GOOGL,2020-01-11,694419008
GOOGL,2020-01-12,689510976
GOOGL,2020-01-13,701617024
GOOGL,2020-01-14,689497024
GOOGL,2020-01-15,689756992
GOOGL,2020-01-16,689686976
GOOGL,2020-01-17,690051968
GOOGL,2020-01-20,689889024
GOOGL,2020-01-22,690185984
GOOGL,2020-01-23,690099008
GOOGL,2020-01-24,690140992
GOOGL,2020-01-27,689814016
GOOGL,2020-01-28,690208000
GOOGL,2020-01-29,690174976
GOOGL,2020-01-30,690142976
GOOGL,2020-01-31,690062976
GOOGL,2020-02-03,690035008
GOOGL,2020-02-04,690460992
GOOGL,2020-02-06,688728000
GOOGL,2020-02-07,701568000
GOOGL,2020-02-08,687345984
GOOGL,2020-02-10,687313984
GOOGL,2020-02-11,687291008
GOOGL,2020-02-12,687636992
GOOGL,2020-02-13,691105024
GOOGL,2020-02-14,685200000
GOOGL,2020-02-15,687571968
GOOGL,2020-02-17,687737024
GOOGL,2020-02-19,687337984
GOOGL,2020-02-20,687692992
GOOGL,2020-02-21,687547008
GOOGL,2020-02-24,687665024
GOOGL,2020-02-25,687702016
GOOGL,2020-02-26,687809984
GOOGL,2020-02-27,687950976
GOOGL,2020-02-28,687950976
GOOGL,2020-03-02,687305984
GOOGL,2020-03-03,687305984
GOOGL,2020-03-04,688222016
GOOGL,2020-03-06,688396032
GOOGL,2020-03-10,687222016
GOOGL,2020-03-11,688654016
GOOGL,2020-03-12,688657984
GOOGL,2020-03-13,688316992
GOOGL,2020-03-16,688819008
GOOGL,2020-03-17,690886976
GOOGL,2020-03-18,687817024
GOOGL,2020-03-19,689038976
GOOGL,2020-03-20,688396032
GOOGL,2020-03-23,688598016
GOOGL,2020-03-24,688092032
GOOGL,2020-03-25,688628992
GOOGL,2020-03-26,687555008
GOOGL,2020-03-27,686942976
GOOGL,2020-03-30,687424000
GOOGL,2020-03-31,687438016
GOOGL,2020-04-01,687537984
GOOGL,2020-04-02,688374976
GOOGL,2020-04-03,688449024
GOOGL,2020-04-06,688902976
GOOGL,2020-04-07,688300032
GOOGL,2020-04-08,688425024
GOOGL,2020-04-09,688212992
GOOGL,2020-04-10,688665024
GOOGL,2020-04-14,689299968
GOOGL,2020-04-15,688364032
GOOGL,2020-04-16,688688000
GOOGL,2020-04-17,688924032
GOOGL,2020-04-20,688419008
GOOGL,2020-04-21,688761984
GOOGL,2020-04-22,688462016
GOOGL,2020-04-23,688587008
GOOGL,2020-04-24,688665024
GOOGL,2020-04-27,688009984
GOOGL,2020-04-28,688780992
GOOGL,2020-04-29,687732992
GOOGL,2020-04-30,683796992
GOOGL,2020-05-01,683108992
GOOGL,2020-05-04,683459968
GOOGL,2020-05-05,683611008
GOOGL,2020-05-06,683140992
GOOGL,2020-05-07,683086976
GOOGL,2020-05-08,683425024
GOOGL,2020-05-09,683425024
GOOGL,2020-05-12,682540992
GOOGL,2020-05-13,682756992
GOOGL,2020-05-14,682870016
GOOGL,2020-05-15,682438976
GOOGL,2020-05-18,682652032
GOOGL,2020-05-19,682318976
GOOGL,2020-05-20,682396032
GOOGL,2020-05-21,665564032
GOOGL,2020-05-22,681676032
GOOGL,2020-05-25,681948992
GOOGL,2020-05-27,681590976
GOOGL,2020-05-28,682043008
GOOGL,2020-05-29,682262016
GOOGL,2020-06-01,681542016
GOOGL,2020-06-02,681905984
GOOGL,2020-06-04,681950016
GOOGL,2020-06-05,682115968
GOOGL,2020-06-08,682240000
GOOGL,2020-06-09,682288000
GOOGL,2020-06-10,683564992
GOOGL,2020-06-11,682883968
GOOGL,2020-06-12,683084992
GOOGL,2020-06-15,682681984
GOOGL,2020-06-16,682409984
GOOGL,2020-06-17,681748992
GOOGL,2020-06-18,682291968
GOOGL,2020-06-19,683052032
GOOGL,2020-06-22,684291008
GOOGL,2020-06-23,682897984
GOOGL,2020-06-24,682718976
GOOGL,2020-06-25,682449024
GOOGL,2020-06-26,682673984
GOOGL,2020-06-29,681969024
GOOGL,2020-06-30,682091008
GOOGL,2020-07-01,681568000
GOOGL,2020-07-02,681697024
GOOGL,2020-07-03,681424000
GOOGL,2020-07-07,681734976
GOOGL,2020-07-08,681550976
GOOGL,2020-07-09,680921024
GOOGL,2020-07-10,680921984
GOOGL,2020-07-13,683217024
GOOGL,2020-07-14,682422016
GOOGL,2020-07-15,682558016
GOOGL,2020-07-16,681902016
GOOGL,2020-07-17,683304000
GOOGL,2020-07-20,682332032
GOOGL,2020-07-21,683024000
GOOGL,2020-07-22,683160000
GOOGL,2020-07-23,683401984
GOOGL,2020-07-24,682382976
GOOGL,2020-07-27,683436032
GOOGL,2020-07-28,682788992
GOOGL,2020-07-29,681880000
GOOGL,2020-07-30,682291008
GOOGL,2020-07-31,681107968
GOOGL,2020-08-03,680092992
GOOGL,2020-08-04,678294016
GOOGL,2020-08-05,678276992
GOOGL,2020-08-06,678928000
GOOGL,2020-08-07,679088000
GOOGL,2020-08-10,679299968
GOOGL,2020-08-11,680003008
GOOGL,2020-08-12,680113984
GOOGL,2020-08-13,680025984
GOOGL,2020-08-14,680560000
GOOGL,2020-08-17,680851008
GOOGL,2020-08-18,680545984
GOOGL,2020-08-19,680768000
GOOGL,2020-08-20,680793984
GOOGL,2020-08-21,681328000
GOOGL,2020-08-24,681190976
GOOGL,2020-08-25,680806016
GOOGL,2020-08-26,680656000
GOOGL,2020-08-27,681838016
GOOGL,2020-08-28,681353984
GOOGL,2020-08-31,681177024
GOOGL,2020-09-01,681116032
GOOGL,2020-09-02,681299008
GOOGL,2020-09-03,682278976
GOOGL,2020-09-05,719075008
GOOGL,2020-09-07,682238016
GOOGL,2020-09-09,682088000
GOOGL,2020-09-10,682262016
GOOGL,2020-09-11,681468992
GOOGL,2020-09-14,681254976
GOOGL,2020-09-15,682473984
GOOGL,2020-09-16,681537024
GOOGL,2020-09-17,682108032
GOOGL,2020-09-18,682067968
GOOGL,2020-09-21,682209984
GOOGL,2020-09-22,680401984
GOOGL,2020-09-23,681452992
GOOGL,2020-09-24,681540992
GOOGL,2020-09-25,681436992
GOOGL,2020-09-28,681532032
GOOGL,2020-09-29,681504000
GOOGL,2020-09-30,680916992
GOOGL,2020-10-01,681073984
GOOGL,2020-10-02,680654976
GOOGL,2020-10-05,680809984
GOOGL,2020-10-06,680881024
GOOGL,2020-10-07,680720000
GOOGL,2020-10-08,680427008
GOOGL,2020-10-09,680726016
GOOGL,2020-10-10,681217024
GOOGL,2020-10-13,681136000
GOOGL,2020-10-14,681145024
GOOGL,2020-10-15,681153984
GOOGL,2020-10-16,680948992
GOOGL,2020-10-17,680948992
GOOGL,2020-10-20,681180032
GOOGL,2020-10-21,681206976
GOOGL,2020-10-22,681702976
GOOGL,2020-10-23,681964032
GOOGL,2020-10-24,681801984
GOOGL,2020-10-27,681460992
GOOGL,2020-10-28,681286016
GOOGL,2020-10-29,681449024
GOOGL,2020-10-30,682384000
GOOGL,2020-10-31,681174976
GOOGL,2020-11-03,676774016
GOOGL,2020-11-04,677337984
GOOGL,2020-11-05,677337984
GOOGL,2020-11-06,676588992
GOOGL,2020-11-07,676588992
GOOGL,2020-11-10,676721984
GOOGL,2020-11-11,676932992
GOOGL,2020-11-12,677460992
GOOGL,2020-11-13,677460992
GOOGL,2020-11-14,677312000
GOOGL,2020-11-17,677793024
GOOGL,2020-11-18,678016000
GOOGL,2020-11-19,677590016
GOOGL,2020-11-20,677430016
GOOGL,2020-11-21,677529984
GOOGL,2020-11-24,677820032
GOOGL,2020-11-25,677358016
GOOGL,2020-11-26,677790976
GOOGL,2020-11-28,677564992
GOOGL,2020-12-01,677617984
GOOGL,2020-12-02,676929984
GOOGL,2020-12-03,676964992
GOOGL,2020-12-04,677318976
GOOGL,2020-12-05,677190976
GOOGL,2020-12-08,676870976
GOOGL,2020-12-09,677740992
GOOGL,2020-12-10,677590016
GOOGL,2020-12-11,677859008
GOOGL,2020-12-12,677721984
GOOGL,2020-12-15,677894976
GOOGL,2020-12-16,677678976
GOOGL,2020-12-17,677516992
GOOGL,2020-12-18,677827008
GOOGL,2020-12-19,677342016
GOOGL,2020-12-22,677340992
GOOGL,2020-12-23,677054976
GOOGL,2020-12-24,677217984
GOOGL,2020-12-25,677318016
GOOGL,2020-12-29,676822016
GOOGL,2020-12-30,676606016
GOOGL,2020-12-31,677048000
GOOGL,2021-01-01,676283008
GOOGL,2021-01-05,676830016
GOOGL,2021-01-06,676590976
GOOGL,2021-01-07,678801984
GOOGL,2021-01-08,678825984
GOOGL,2021-01-09,678147008
GOOGL,2021-01-12,678385024
GOOGL,2021-01-13,678158016
GOOGL,2021-01-14,677776000
GOOGL,2021-01-15,678190976
GOOGL,2021-01-16,678062976
GOOGL,2021-01-20,677606976
GOOGL,2021-01-21,677625024
GOOGL,2021-01-22,677668992
GOOGL,2021-01-23,677905984
GOOGL,2021-01-26,677318016
GOOGL,2021-01-27,678032000
GOOGL,2021-01-28,678574976
GOOGL,2021-01-29,678190016
GOOGL,2021-01-30,677939008
GOOGL,2021-02-02,677868992
GOOGL,2021-02-03,677868032
GOOGL,2021-02-04,675916992
GOOGL,2021-02-05,675531008
GOOGL,2021-02-06,675574976
GOOGL,2021-02-09,675454976
GOOGL,2021-02-10,675417984
GOOGL,2021-02-11,675534016
GOOGL,2021-02-12,675256000
GOOGL,2021-02-13,675555968
GOOGL,2021-02-17,675875008
GOOGL,2021-02-18,675635008
GOOGL,2021-02-19,675907968
GOOGL,2021-02-20,676070016
GOOGL,2021-02-23,675830016
GOOGL,2021-02-24,675843968
GOOGL,2021-02-25,675921984
GOOGL,2021-02-26,676641024
GOOGL,2021-02-27,676558976
GOOGL,2021-03-02,676012032
GOOGL,2021-03-03,675939008
GOOGL,2021-03-04,676627968
GOOGL,2021-03-05,676577984
GOOGL,2021-03-06,675928000
GOOGL,2021-03-09,676857024
GOOGL,2021-03-10,676118016
GOOGL,2021-03-11,677166976
GOOGL,2021-03-12,676355968
GOOGL,2021-03-13,676041024
GOOGL,2021-03-17,676041024
GOOGL,2021-03-18,675529984
GOOGL,2021-03-19,676547968
GOOGL,2021-03-20,676761024
GOOGL,2021-03-23,675411008
GOOGL,2021-03-24,676003008
GOOGL,2021-03-25,676156032
GOOGL,2021-03-26,676054976
GOOGL,2021-03-27,675886976
GOOGL,2021-03-30,675763008
GOOGL,2021-03-31,675587968
GOOGL,2021-04-01,675107008
GOOGL,2021-04-02,675361984
GOOGL,2021-04-06,675108992
GOOGL,2021-04-07,678073984
GOOGL,2021-04-08,667438976
GOOGL,2021-04-09,676321024
GOOGL,2021-04-10,676331008
GOOGL,2021-04-13,675620992
GOOGL,2021-04-14,676001984
GOOGL,2021-04-15,676025984
GOOGL,2021-04-16,675772032
GOOGL,2021-04-17,676289984
GOOGL,2021-04-20,675945024
GOOGL,2021-04-21,676238016
GOOGL,2021-04-22,676284992
GOOGL,2021-04-23,684040000
GOOGL,2021-04-24,669939008
GOOGL,2021-04-27,676524032
GOOGL,2021-04-28,676448000
GOOGL,2021-04-29,677038016
GOOGL,2021-04-30,675185024
GOOGL,2021-05-01,677948032
GOOGL,2021-05-04,677356992
GOOGL,2021-05-05,676814976
GOOGL,2021-05-06,676030976
GOOGL,2021-05-07,676254976
GOOGL,2021-05-08,676596992
GOOGL,2021-05-11,677211008
GOOGL,2021-05-12,675680000
GOOGL,2021-05-13,675873984
GOOGL,2021-05-14,674944000
GOOGL,2021-05-15,675529024
GOOGL,2021-05-18,674756992
GOOGL,2021-05-19,676022016
GOOGL,2021-05-20,675464000
GOOGL,2021-05-21,677056000
GOOGL,2021-05-22,677353024
GOOGL,2021-05-25,676417024
GOOGL,2021-05-26,676491008
GOOGL,2021-05-27,677398976
GOOGL,2021-05-28,675619008
GOOGL,2021-05-29,677675008
GOOGL,2021-06-02,676771968
GOOGL,2021-06-03,677083008
GOOGL,2021-06-04,678025024
GOOGL,2021-06-05,678030016
GOOGL,2021-06-08,678755968
GOOGL,2021-06-09,681552000
GOOGL,2021-06-10,681379008
GOOGL,2021-06-11,681654016
GOOGL,2021-06-12,681312000
GOOGL,2021-06-15,680486976
GOOGL,2021-06-16,682459008
GOOGL,2021-06-17,683356032
GOOGL,2021-06-22,682496000
GOOGL,2021-06-23,682513984
GOOGL,2021-06-25,682795008
GOOGL,2021-06-28,682014016
GOOGL,2021-07-01,678715008
GOOGL,2021-07-02,680534016
GOOGL,2021-07-03,679105984
GOOGL,2021-07-14,679446016
GOOGL,2021-07-15,679867008
GOOGL,2021-07-16,681020992
GOOGL,2021-07-18,682588992
GOOGL,2021-07-20,682308992
GOOGL,2021-07-22,682979008
GOOGL,2021-07-23,682528000
GOOGL,2021-07-24,681843008
GOOGL,2021-07-27,683705984
GOOGL,2021-07-29,667430976
GOOGL,2021-07-30,668553984
GOOGL,2021-07-31,667929984
GOOGL,2021-08-04,668289024
GOOGL,2021-08-05,668894016
GOOGL,2021-08-06,668372992
GOOGL,2021-08-07,669814976
GOOGL,2021-08-10,669302016
GOOGL,2021-08-11,669772992
GOOGL,2021-08-12,670068992
GOOGL,2021-08-13,669545024
GOOGL,2021-08-14,668332032
GOOGL,2021-08-17,668158976
GOOGL,2021-08-18,668252032
GOOGL,2021-08-19,669404992
GOOGL,2021-08-20,669665984
GOOGL,2021-08-21,669102016
GOOGL,2021-08-24,669174016
GOOGL,2021-08-25,669331968
GOOGL,2021-08-26,668718016
GOOGL,2021-08-27,668300032
GOOGL,2021-08-28,667969984
GOOGL,2021-08-31,668700992
GOOGL,2021-09-01,668446016
GOOGL,2021-09-02,668136000
GOOGL,2021-09-03,668836992
GOOGL,2021-09-04,669060992
GOOGL,2021-09-08,669502976
GOOGL,2021-09-09,669411968
GOOGL,2021-09-10,669816000
GOOGL,2021-09-11,669129984
GOOGL,2021-09-14,669302016
GOOGL,2021-09-15,668689984
GOOGL,2021-09-16,668476032
GOOGL,2021-09-17,668457024
GOOGL,2021-09-18,668264000
GOOGL,2021-09-21,667441984
GOOGL,2021-09-22,668168000
GOOGL,2021-09-23,668249984
GOOGL,2021-09-24,668139008
GOOGL,2021-09-25,667696000
GOOGL,2021-09-29,667588992
GOOGL,2021-09-30,667153984
GOOGL,2021-10-01,665772032
GOOGL,2021-10-02,666566016
GOOGL,2021-10-05,667008000
GOOGL,2021-10-06,655417984
GOOGL,2021-10-07,666264000
GOOGL,2021-10-08,666664000
GOOGL,2021-10-09,667374016
GOOGL,2021-10-12,671561024
GOOGL,2021-10-13,667374016
GOOGL,2021-10-15,667347008
GOOGL,2021-10-17,667449984
GOOGL,2021-10-19,667164032
GOOGL,2021-10-20,668062976
GOOGL,2021-10-21,668214016
GOOGL,2021-10-22,668772992
GOOGL,2021-10-23,669217984
GOOGL,2021-10-26,669843968
GOOGL,2021-10-27,667590016
GOOGL,2021-10-28,665139968
GOOGL,2021-10-29,664374016
GOOGL,2021-10-30,664246016
GOOGL,2021-11-02,664377024
GOOGL,2021-11-03,664705024
GOOGL,2021-11-04,664179968
GOOGL,2021-11-05,656700992
GOOGL,2021-11-06,664593984
GOOGL,2021-11-09,664446976
GOOGL,2021-11-10,664467968
GOOGL,2021-11-11,665358976
GOOGL,2021-11-12,665902976
GOOGL,2021-11-13,665832000
GOOGL,2021-11-16,665766976
GOOGL,2021-11-17,666342016
GOOGL,2021-11-18,665942016
GOOGL,2021-11-19,665609984
GOOGL,2021-11-20,665953024
GOOGL,2021-11-23,665449984
GOOGL,2021-11-24,665889024
GOOGL,2021-11-25,665062976
GOOGL,2021-11-28,665155968
GOOGL,2021-12-01,665006016
GOOGL,2021-12-02,665040000
GOOGL,2021-12-03,656134016
GOOGL,2021-12-04,664924992
GOOGL,2021-12-08,665187968
GOOGL,2021-12-09,664908992
GOOGL,2021-12-10,664769984
GOOGL,2021-12-11,665209984
GOOGL,2021-12-14,665676992
GOOGL,2021-12-15,666112000
GOOGL,2021-12-16,665776000
GOOGL,2021-12-17,664630016
GOOGL,2021-12-18,666180992
GOOGL,2021-12-21,665547008
GOOGL,2021-12-22,665420992
GOOGL,2021-12-23,664923008
GOOGL,2021-12-24,664252992
GOOGL,2021-12-28,664102016
GOOGL,2021-12-29,663246016
GOOGL,2021-12-30,663438016
GOOGL,2021-12-31,663334016
GOOGL,2022-01-01,663385984
GOOGL,2022-01-04,663945984
GOOGL,2022-01-05,663801024
GOOGL,2022-01-06,663484032
GOOGL,2022-01-07,663310976
GOOGL,2022-01-08,663734976
GOOGL,2022-01-11,663545024
GOOGL,2022-01-12,664403968
GOOGL,2022-01-13,664252992
GOOGL,2022-01-14,665011008
GOOGL,2022-01-15,664460992
GOOGL,2022-01-19,664446976
GOOGL,2022-01-20,665022976
GOOGL,2022-01-21,664238016
GOOGL,2022-01-22,663131008
GOOGL,2022-01-26,663265024
GOOGL,2022-01-27,663780992
GOOGL,2022-01-28,664049984
GOOGL,2022-01-29,663617024
GOOGL,2022-02-01,664691968
GOOGL,2022-02-02,664305024
GOOGL,2022-02-04,683731968
GOOGL,2022-02-05,660001984
GOOGL,2022-02-06,660361024
GOOGL,2022-02-08,660374976
GOOGL,2022-02-09,660550016
GOOGL,2022-02-11,660931008
GOOGL,2022-02-12,660612992
GOOGL,2022-02-15,660444992
GOOGL,2022-02-16,660547968
GOOGL,2022-02-17,660396992
GOOGL,2022-02-18,660422016
GOOGL,2022-02-20,661126976
GOOGL,2022-02-23,659971968
GOOGL,2022-02-25,660929984
GOOGL,2022-02-26,661112000
GOOGL,2022-03-02,661222016
GOOGL,2022-03-03,661393984
GOOGL,2022-03-04,664713024
GOOGL,2022-03-05,661486976
GOOGL,2022-03-08,661185984
GOOGL,2022-03-11,661572992
GOOGL,2022-03-12,662441984
GOOGL,2022-03-15,683056000
GOOGL,2022-03-17,665889984
GOOGL,2022-03-18,642798976
GOOGL,2022-03-19,662539008
GOOGL,2022-03-22,661846016
GOOGL,2022-03-23,653321984
GOOGL,2022-03-24,661491968
GOOGL,2022-03-25,660392000
GOOGL,2022-03-28,659921024
GOOGL,2022-03-31,662540992
GOOGL,2022-04-01,676219008
GOOGL,2022-04-02,657174016
GOOGL,2022-04-07,662422976
GOOGL,2022-04-08,662310016
GOOGL,2022-04-09,662683008
GOOGL,2022-04-12,663355008
GOOGL,2022-04-13,662606976
GOOGL,2022-04-14,661928000
GOOGL,2022-04-19,661678976
GOOGL,2022-04-20,662243008
GOOGL,2022-04-21,661481984
GOOGL,2022-04-23,660918976
GOOGL,2022-04-26,661254016
GOOGL,2022-04-29,660849984
GOOGL,2022-04-30,660852992
GOOGL,2022-05-03,660043008
GOOGL,2022-05-05,659305024
GOOGL,2022-05-06,659148032
GOOGL,2022-05-07,658265984
GOOGL,2022-05-10,660096000
GOOGL,2022-05-11,659019008
GOOGL,2022-05-14,659756032
GOOGL,2022-05-17,659451008
GOOGL,2022-05-18,659115008
GOOGL,2022-05-19,659904000
GOOGL,2022-05-20,659526016
GOOGL,2022-05-22,659665024
GOOGL,2022-05-24,659001984
GOOGL,2022-05-25,658369984
GOOGL,2022-05-26,658601984
GOOGL,2022-05-27,646459008
GOOGL,2022-05-28,659846016
GOOGL,2022-06-01,659262976
GOOGL,2022-06-03,658828992
GOOGL,2022-06-05,658563008
GOOGL,2022-06-07,659009984
GOOGL,2022-06-08,658713984
GOOGL,2022-06-09,658464000
GOOGL,2022-06-13,659249984
GOOGL,2022-06-14,659926016
GOOGL,2022-06-15,659905024
GOOGL,2022-06-16,660286976
GOOGL,2022-06-17,660281024
GOOGL,2022-06-18,660611968
GOOGL,2022-07-01,659678016
GOOGL,2022-07-02,659489984
GOOGL,2022-07-06,660225984
GOOGL,2022-07-07,660254976
GOOGL,2022-07-08,659880000
GOOGL,2022-07-09,660640000
GOOGL,2022-07-12,660792000
GOOGL,2022-07-14,660846016
GOOGL,2022-07-15,661545024
GOOGL,2022-07-16,13225499648
GOOGL,2022-07-18,13225499648
GOOGL,2022-07-20,13214600192
GOOGL,2022-07-21,13214000128
GOOGL,2022-07-22,13208399872
GOOGL,2022-07-23,13196699648
GOOGL,2022-07-26,13210800128
GOOGL,2022-07-27,13195100160
GOOGL,2022-07-28,13199899648
GOOGL,2022-07-29,13144000512
GOOGL,2022-07-30,13061000192
GOOGL,2022-08-02,13077300224
GOOGL,2022-08-05,13068399616
GOOGL,2022-08-06,13083299840
GOOGL,2022-08-09,13088100352
GOOGL,2022-08-13,13093099520
GOOGL,2022-08-16,13084399616
GOOGL,2022-08-19,13016200192
GOOGL,2022-08-20,13091800064
GOOGL,2022-08-23,13088799744
GOOGL,2022-08-29,13097600000
GOOGL,2022-08-30,13095799808
GOOGL,2022-09-02,13089500160
GOOGL,2022-09-13,13100099584
GOOGL,2022-09-15,13017600000
GOOGL,2022-09-16,13361000448
GOOGL,2022-09-17,13093799936
GOOGL,2022-09-20,13090599936
GOOGL,2022-09-21,13086000128
GOOGL,2022-09-22,13089300480
GOOGL,2022-09-23,13070499840
GOOGL,2022-09-24,13070799872
GOOGL,2022-10-01,13076200448
GOOGL,2022-10-05,13090700288
GOOGL,2022-10-06,13091999744
GOOGL,2022-10-08,13099599872
GOOGL,2022-10-11,13097499648
GOOGL,2022-10-12,13097499648
GOOGL,2022-10-13,13090700288
GOOGL,2022-10-14,13084399616
GOOGL,2022-10-16,13083599872
GOOGL,2022-10-18,13093900288
GOOGL,2022-10-19,13081900032
GOOGL,2022-10-22,13065299968
GOOGL,2022-10-26,13070499840
GOOGL,2022-10-29,12961300480
GOOGL,2022-11-01,12952699904
GOOGL,2022-11-05,12951400448
GOOGL,2022-11-08,12671899648
GOOGL,2022-11-10,12948599808
GOOGL,2022-11-11,12957899776
GOOGL,2022-11-12,12963200000
GOOGL,2022-11-15,12963999744
GOOGL,2022-11-16,12960300032
GOOGL,2022-11-17,12951600128
GOOGL,2022-11-19,12966099968
GOOGL,2022-11-23,12960600064
GOOGL,2022-11-26,12951700480
GOOGL,2022-11-29,13141900288
GOOGL,2022-11-30,12958999552
GOOGL,2022-12-04,12966599680
GOOGL,2022-12-06,13091800064
GOOGL,2022-12-07,12963699712
GOOGL,2022-12-11,12958699520
GOOGL,2022-12-13,12959299584
GOOGL,2022-12-14,12956999680
GOOGL,2022-12-15,12958400512
GOOGL,2022-12-16,12965799936
GOOGL,2022-12-18,12983499776
GOOGL,2022-12-21,12991899648
GOOGL,2022-12-24,12982599680
GOOGL,2022-12-29,12974100480
GOOGL,2022-12-30,12977399808
GOOGL,2023-01-01,12977500160
GOOGL,2023-01-04,12847899648
GOOGL,2023-01-06,12983199744
GOOGL,2023-01-13,12995099648
GOOGL,2023-01-19,12987100160
GOOGL,2023-01-20,12999199744
GOOGL,2023-01-21,13021200384
GOOGL,2023-01-24,13029600256
GOOGL,2023-01-26,13037100032
GOOGL,2023-01-27,12732000256
GOOGL,2023-01-29,13025099776
GOOGL,2023-01-31,13006399488
GOOGL,2023-02-02,13003599872
GOOGL,2023-02-06,12832100352
GOOGL,2023-02-07,12840099840
GOOGL,2023-02-08,12829200384
GOOGL,2023-02-11,12825299968
GOOGL,2023-02-16,12816799744
GOOGL,2023-02-17,12823900160
GOOGL,2023-02-18,12822200320
GOOGL,2023-02-22,12823900160
GOOGL,2023-02-23,12816799744
GOOGL,2023-02-25,12821699584
GOOGL,2023-02-28,12822299648
GOOGL,2023-03-01,12822899712
GOOGL,2023-03-02,12816900096
GOOGL,2023-03-03,12827100160
GOOGL,2023-03-04,12830600192
GOOGL,2023-03-07,12835200000
GOOGL,2023-03-09,12832300032
GOOGL,2023-03-10,12828999680
GOOGL,2023-03-11,12832000000
GOOGL,2023-03-15,12822200320
GOOGL,2023-03-16,12823400448
GOOGL,2023-03-17,12851600384
GOOGL,2023-03-18,12856299520
GOOGL,2023-03-21,12848900096
GOOGL,2023-03-22,12859299840
GOOGL,2023-03-23,12860699648
GOOGL,2023-03-24,12844300288
GOOGL,2023-03-25,12842099712
GOOGL,2023-03-28,12841900032
GOOGL,2023-03-29,12826500096
GOOGL,2023-03-30,12882799616
GOOGL,2023-04-01,12819900416
GOOGL,2023-04-04,12742599680
GOOGL,2023-04-05,12874099712
GOOGL,2023-04-06,12860499968
GOOGL,2023-04-07,12391999488
GOOGL,2023-04-11,12835600384
GOOGL,2023-04-13,12840099840
GOOGL,2023-04-14,12849200128
GOOGL,2023-04-15,12839300096
GOOGL,2023-04-18,12832300032
GOOGL,2023-04-20,12855100416
GOOGL,2023-04-21,12841600000
GOOGL,2023-04-24,12835300352
GOOGL,2023-04-25,12908000256
GOOGL,2023-04-27,12738899968
GOOGL,2023-04-28,12739600384
GOOGL,2023-04-29,12745199616
GOOGL,2023-05-02,12724899840
GOOGL,2023-05-04,12722899968
GOOGL,2023-05-06,12732900352
GOOGL,2023-05-10,12722599936
GOOGL,2023-05-11,12228100096
GOOGL,2023-05-14,12101099520
GOOGL,2023-05-16,12719699968
GOOGL,2023-05-18,12728099840
GOOGL,2023-05-19,12730000384
GOOGL,2023-05-23,12735500288
GOOGL,2023-05-27,12735699968
GOOGL,2023-05-31,12743100416
GOOGL,2023-06-01,12720900096
GOOGL,2023-06-02,12727900160
GOOGL,2023-06-05,12723399680
GOOGL,2023-06-09,6823000064
GOOGL,2023-06-13,12729299968
GOOGL,2023-06-14,12725499904
GOOGL,2023-06-15,12714300416
GOOGL,2023-06-16,12729900032
GOOGL,2023-06-17,12723200000
GOOGL,2023-06-20,12722199552
GOOGL,2023-06-23,13002099712
GOOGL,2023-06-24,12729600000
GOOGL,2023-06-28,12734199808
GOOGL,2023-07-05,12735099904
GOOGL,2023-07-06,12541599744
GOOGL,2023-07-07,12737099776
GOOGL,2023-07-09,12729400320
GOOGL,2023-07-11,12718199808
GOOGL,2023-07-12,12801000448
GOOGL,2023-07-13,12729100288
GOOGL,2023-07-14,12710700032
GOOGL,2023-07-16,12710099968
GOOGL,2023-07-19,12621400064
GOOGL,2023-07-21,12713299968
GOOGL,2023-08-22,12638600192
GOOGL,2023-08-23,12564799488
GOOGL,2023-08-24,12645799936
GOOGL,2023-08-25,12637599744
GOOGL,2023-08-26,12645199872
GOOGL,2023-08-30,12648699904
GOOGL,2023-08-31,12653800448
GOOGL,2023-09-02,12657699840
GOOGL,2023-09-07,12648299520
GOOGL,2023-09-08,12649299968
GOOGL,2023-09-12,12643699712
GOOGL,2023-09-13,12641099776
GOOGL,2023-09-15,12646400000
GOOGL,2023-09-17,12647000064
GOOGL,2023-09-19,12640499712
GOOGL,2023-09-20,12642199552
GOOGL,2023-09-21,12645900288
GOOGL,2023-09-23,12649499648
GOOGL,2023-09-25,12653500416
GOOGL,2023-09-26,12655899648
GOOGL,2023-09-27,12648899584
GOOGL,2023-09-29,12645000192
GOOGL,2023-09-30,12655099904
GOOGL,2023-10-03,12652699648
GOOGL,2023-10-04,12647100416
GOOGL,2023-10-07,12657500160
GOOGL,2023-10-10,12654300160
GOOGL,2023-10-11,12656900096
GOOGL,2023-10-12,12656499712
GOOGL,2023-10-13,12800400384
GOOGL,2023-10-14,12812499968
GOOGL,2023-10-17,12610499584
GOOGL,2023-10-18,12661699584
GOOGL,2023-10-19,12664500224
GOOGL,2023-10-20,12660799488
GOOGL,2023-10-21,12657800192
GOOGL,2023-10-24,12668499968
GOOGL,2023-10-25,12457700352
GOOGL,2023-10-26,12563900416
GOOGL,2023-10-27,12572699648
GOOGL,2023-10-28,12573400064
GOOGL,2023-10-31,12575299584
GOOGL,2023-11-01,12573500416
GOOGL,2023-11-02,12566700032
GOOGL,2023-11-03,12564899840
GOOGL,2023-11-04,12408299520
GOOGL,2023-11-07,12568699904
GOOGL,2023-11-08,12499600384
GOOGL,2023-11-09,12577699840
GOOGL,2023-11-10,12579699712
GOOGL,2023-11-11,12579500032
GOOGL,2023-11-14,12583199744
GOOGL,2023-11-15,12593099776
GOOGL,2023-11-16,12588300288
GOOGL,2023-11-17,12590799872
GOOGL,2023-11-18,12584999936
GOOGL,2023-11-21,12587899904
GOOGL,2023-11-22,12583499776
GOOGL,2023-11-23,12579200000
GOOGL,2023-11-25,12580100096
GOOGL,2023-11-28,12584800256
GOOGL,2023-11-29,12575299584
GOOGL,2023-11-30,12575800320
GOOGL,2023-12-01,12576000000
GOOGL,2023-12-02,12579800064
GOOGL,2023-12-03,12581300224
GOOGL,2023-12-05,12579300352
GOOGL,2023-12-06,12411299840
GOOGL,2023-12-07,12579000320
GOOGL,2023-12-08,12576600064
GOOGL,2023-12-09,12586000384
GOOGL,2023-12-12,12577200128
GOOGL,2023-12-13,12564400128
GOOGL,2023-12-14,12576000000
GOOGL,2023-12-15,12636499968
GOOGL,2023-12-16,12572999680
GOOGL,2023-12-19,12572499968
GOOGL,2023-12-20,12576300032
GOOGL,2023-12-21,12570600448
GOOGL,2023-12-22,12384400384
GOOGL,2023-12-23,12477200384
GOOGL,2023-12-26,12565799936
GOOGL,2023-12-27,12568599552
GOOGL,2023-12-28,12559599616
GOOGL,2023-12-29,12558900224
GOOGL,2023-12-30,12567600128
GOOGL,2024-01-02,12566800384
GOOGL,2024-01-03,12572800000
GOOGL,2024-01-04,12575299584
GOOGL,2024-01-05,12808599552
GOOGL,2024-01-06,12586000384
GOOGL,2024-01-09,12585700352
GOOGL,2024-01-10,12581799936
GOOGL,2024-01-11,12576799744
GOOGL,2024-01-12,12591800320
GOOGL,2024-01-13,12578199552
GOOGL,2024-01-16,12579800064
GOOGL,2024-01-17,12579900416
GOOGL,2024-01-18,12573500416
GOOGL,2024-01-19,12576300032
GOOGL,2024-01-20,12577800192
GOOGL,2024-01-23,12583400448
GOOGL,2024-01-24,12579900416
GOOGL,2024-01-25,12579500032
GOOGL,2024-01-26,12583100416
GOOGL,2024-01-27,12576900096
GOOGL,2024-01-30,12462699520
GOOGL,2024-01-31,12519700480
GOOGL,2024-02-01,12501399552
GOOGL,2024-02-02,12495299584
GOOGL,2024-02-03,12479599616
GOOGL,2024-02-06,12483200000
GOOGL,2024-02-07,12484100096
GOOGL,2024-02-08,12477400064
GOOGL,2024-02-09,12485099520
GOOGL,2024-02-10,12483900416
GOOGL,2024-02-13,12478300160
GOOGL,2024-02-14,12481500160
GOOGL,2024-02-15,12482799616
GOOGL,2024-02-16,12480700416
GOOGL,2024-02-17,12484299776
GOOGL,2024-02-20,12483000320
GOOGL,2024-02-21,12478000128
GOOGL,2024-02-22,12484700160
GOOGL,2024-02-23,12480199680
GOOGL,2024-02-24,12485799936
GOOGL,2024-02-27,12481599488
GOOGL,2024-02-28,12482400256
GOOGL,2024-02-29,12476699648
GOOGL,2024-03-01,12481699840
GOOGL,2024-03-02,12471900160
GOOGL,2024-03-05,12469399552
GOOGL,2024-03-06,12479599616
GOOGL,2024-03-07,12483500032
GOOGL,2024-03-08,12469300224
GOOGL,2024-03-09,12470700032
GOOGL,2024-03-12,12261499904
GOOGL,2024-03-13,12359400448
GOOGL,2024-03-14,12471900160
GOOGL,2024-03-15,12479899648
GOOGL,2024-03-16,12470299648
GOOGL,2024-03-19,12463699968
GOOGL,2024-03-20,12519700480
GOOGL,2024-03-21,12468799488
GOOGL,2024-03-22,12476800000
GOOGL,2024-03-23,12470200320
GOOGL,2024-03-26,12424099840
GOOGL,2024-03-27,12476699648
GOOGL,2024-03-28,12472099840
GOOGL,2024-04-12,12611500032
GOOGL,2024-04-13,12485799936
GOOGL,2024-04-16,12720499712
GOOGL,2024-04-17,12491799552
GOOGL,2024-04-18,12486299648
GOOGL,2024-04-19,12486400000
GOOGL,2024-04-20,12491799552
GOOGL,2024-04-23,12492099584
GOOGL,2024-04-24,12492499968
GOOGL,2024-04-25,12503199744
GOOGL,2024-04-26,12503900160
GOOGL,2024-04-27,12490399744
GOOGL,2024-04-30,12926400512
GOOGL,2024-05-01,12423900160
GOOGL,2024-05-02,12416600064
GOOGL,2024-05-03,12417300480
GOOGL,2024-05-04,12377199616
GOOGL,2024-05-07,12353300480
GOOGL,2024-05-08,12414699520
GOOGL,2024-05-09,12417000448
GOOGL,2024-05-10,12412900352
GOOGL,2024-05-11,12509299712
GOOGL,2024-05-14,12416400384
GOOGL,2024-05-15,12328999936
GOOGL,2024-05-16,12402599936
GOOGL,2024-05-17,12398300160
GOOGL,2024-05-18,12397200384
GOOGL,2024-05-21,12341999616
GOOGL,2024-05-22,12411400192
GOOGL,2024-05-23,12409600000
GOOGL,2024-05-24,12611900416
GOOGL,2024-05-25,12401000448
GOOGL,2024-05-29,12411199488
GOOGL,2024-05-30,12407799808
GOOGL,2024-05-31,12680999936
GOOGL,2024-06-01,12405499904
GOOGL,2024-06-04,12396900352
GOOGL,2024-06-05,12356299776
GOOGL,2024-06-06,12411199488
GOOGL,2024-06-07,12409499648
GOOGL,2024-06-08,12405999616
GOOGL,2024-06-11,12412199936
GOOGL,2024-06-12,12301899776
GOOGL,2024-06-13,12413299712
GOOGL,2024-06-14,12411899904
GOOGL,2024-06-15,12290400256
GOOGL,2024-06-18,12376699904
GOOGL,2024-06-19,12401600512
GOOGL,2024-06-21,12401999872
GOOGL,2024-06-22,12381500416
GOOGL,2024-06-25,12407199744
GOOGL,2024-06-26,12406200320
GOOGL,2024-06-27,12403500032
GOOGL,2024-06-28,12401899520
GOOGL,2024-06-29,12395899904
GOOGL,2024-07-02,12403999744
GOOGL,2024-07-03,12399500288
GOOGL,2024-07-04,12405499904
GOOGL,2024-07-06,12398100480
GOOGL,2024-07-09,12401099776
GOOGL,2024-07-10,12258700288
GOOGL,2024-07-11,12401500160
GOOGL,2024-07-12,12411299840
GOOGL,2024-07-13,12409900032
GOOGL,2024-07-16,12408000512
GOOGL,2024-07-17,12406299648
GOOGL,2024-07-18,12608499712
GOOGL,2024-07-19,12406400000
GOOGL,2024-07-20,12412699648
GOOGL,2024-07-23,12409900032
GOOGL,2024-07-24,12401800192
GOOGL,2024-07-25,12765599744
GOOGL,2024-07-26,12371800064
GOOGL,2024-07-27,12365899776
GOOGL,2024-07-30,12362699776
GOOGL,2024-07-31,12337200128
GOOGL,2024-08-01,12363100160
GOOGL,2024-08-02,12364300288
GOOGL,2024-08-03,12368300032
GOOGL,2024-08-06,12364000256
GOOGL,2024-08-07,12388299776
GOOGL,2024-08-08,12374700032
GOOGL,2024-08-09,12372400128
GOOGL,2024-08-10,12368700416
GOOGL,2024-08-13,12367099904
GOOGL,2024-08-14,12370199552
GOOGL,2024-08-15,12367800320
GOOGL,2024-08-16,12374700032
GOOGL,2024-08-17,12371000320
GOOGL,2024-08-20,12368000000
GOOGL,2024-08-21,12369500160
GOOGL,2024-08-22,12369899520
GOOGL,2024-08-23,12369000448
GOOGL,2024-08-24,12371000320
GOOGL,2024-08-27,12371500032
GOOGL,2024-08-28,12367699968
GOOGL,2024-08-29,12366600192
GOOGL,2024-08-30,12365899776
GOOGL,2024-08-31,12250099712
GOOGL,2024-09-03,12369099776
GOOGL,2024-09-04,12353300480
GOOGL,2024-09-05,12358500352
GOOGL,2024-09-06,12356500480
GOOGL,2024-09-07,12357199872
GOOGL,2024-09-10,12341199872
GOOGL,2024-09-11,12345299968
GOOGL,2024-09-12,12156300288
GOOGL,2024-09-13,12340500480
GOOGL,2024-09-14,12342299648
GOOGL,2024-09-16,12295400448
GOOGL,2024-09-17,12342899712
GOOGL,2024-09-18,12343700480
GOOGL,2024-09-19,12347400192
GOOGL,2024-09-20,12347899904
GOOGL,2024-09-21,12347599872
GOOGL,2024-09-24,12352100352
GOOGL,2024-09-25,12355800064
GOOGL,2024-09-26,12361900032
GOOGL,2024-09-27,12347100160
GOOGL,2024-09-28,12256700416
GOOGL,2024-09-30,12214099968
GOOGL,2024-10-01,12355099648
GOOGL,2024-10-02,12355800064
GOOGL,2024-10-03,12358800384
GOOGL,2024-10-04,12355500032
GOOGL,2024-10-05,12360099840
GOOGL,2024-10-08,12499399680
GOOGL,2024-10-09,12355200000
GOOGL,2024-10-10,12351800320
GOOGL,2024-10-11,12347899904
GOOGL,2024-10-12,12260200448
GOOGL,2024-10-15,12357399552
GOOGL,2024-10-16,12359300096
GOOGL,2024-10-17,12363400192
GOOGL,2024-10-18,12364199936
GOOGL,2024-10-19,12365700096
GOOGL,2024-10-22,12368900096
GOOGL,2024-10-23,12366799872
GOOGL,2024-10-24,12372899840
GOOGL,2024-10-25,12181999616
GOOGL,2024-10-28,12076000256
GOOGL,2024-10-29,12364300288
GOOGL,2024-10-30,12148599808
GOOGL,2024-10-31,12015299584
GOOGL,2024-11-01,12295000064
GOOGL,2024-11-02,12284900352
GOOGL,2024-11-05,12288400384
GOOGL,2024-11-06,12295400448
GOOGL,2024-11-07,12298099712
GOOGL,2024-11-08,12009600000
GOOGL,2024-11-09,12287899648
GOOGL,2024-11-12,12290700288
GOOGL,2024-11-13,12292800512
GOOGL,2024-11-14,12290799616
GOOGL,2024-11-15,12296800256
GOOGL,2024-11-16,12285899776
GOOGL,2024-11-19,12088999936
GOOGL,2024-11-20,12286400512
GOOGL,2024-11-21,12283499520
GOOGL,2024-11-22,12294200320
GOOGL,2024-11-23,12301800448
GOOGL,2024-11-26,12299799552
GOOGL,2024-11-27,12290100224
GOOGL,2024-11-28,12293000192
GOOGL,2024-11-30,12313400320
GOOGL,2024-12-03,12289099776
GOOGL,2024-12-04,12295300096
GOOGL,2024-12-05,12295600128
GOOGL,2024-12-06,12294500352
GOOGL,2024-12-07,12297400320
GOOGL,2024-12-10,12295600128
GOOGL,2024-12-11,12281600000
GOOGL,2024-12-12,12278099968
GOOGL,2024-12-13,12498100224
GOOGL,2024-12-14,12286499840
GOOGL,2024-12-17,12283199488
GOOGL,2024-12-18,12289099776
GOOGL,2024-12-19,12292400128
GOOGL,2024-12-20,12275900416
GOOGL,2024-12-21,12285800448
GOOGL,2024-12-24,12279700480
GOOGL,2024-12-25,12282200064
GOOGL,2024-12-27,12283400192
GOOGL,2024-12-28,12277699584
GOOGL,2024-12-31,12282999808
GOOGL,2025-01-01,12274299904
GOOGL,2025-01-03,12276100096
GOOGL,2025-01-04,12279700480
GOOGL,2025-01-07,11962800128
GOOGL,2025-01-08,12275500032
GOOGL,2025-01-09,12282099712
GOOGL,2025-01-11,12404200448
GOOGL,2025-01-14,12278099968
GOOGL,2025-01-15,12281600000
GOOGL,2025-01-16,12281499648
GOOGL,2025-01-17,12284000256
GOOGL,2025-01-18,12284800000
GOOGL,2025-01-22,12285100032
GOOGL,2025-01-23,12287299584
GOOGL,2025-01-24,12285700096
GOOGL,2025-01-25,12287699968
GOOGL,2025-01-28,12297499648
GOOGL,2025-01-29,12291200000
GOOGL,2025-01-30,12291099648
GOOGL,2025-01-31,12289500160
GOOGL,2025-02-01,12283899904
GOOGL,2025-02-04,12279799808
GOOGL,2025-02-05,12276700160
GOOGL,2025-02-06,12246599680
GOOGL,2025-02-07,12239099904
GOOGL,2025-02-08,12243399680
GOOGL,2025-02-11,12241000448
GOOGL,2025-02-12,12241899520
GOOGL,2025-02-13,12355900416
GOOGL,2025-02-14,12241399808
GOOGL,2025-02-15,12238699520
GOOGL,2025-02-19,12250699776
GOOGL,2025-02-20,12245199872
GOOGL,2025-02-21,12252000256
GOOGL,2025-02-22,12248699904
GOOGL,2025-02-25,12249499648
GOOGL,2025-02-26,12251100160
GOOGL,2025-02-27,12252699648
GOOGL,2025-02-28,12245799936
GOOGL,2025-03-01,12252600320
GOOGL,2025-03-04,12244299776
GOOGL,2025-03-05,12244400128
GOOGL,2025-03-06,12252600320
GOOGL,2025-03-07,12249299968
GOOGL,2025-03-08,12249799680
GOOGL,2025-03-11,12839799808
GOOGL,2025-03-12,12254999552
GOOGL,2025-03-13,12252199936
GOOGL,2025-03-14,12256499712
GOOGL,2025-03-15,12260800512
GOOGL,2025-03-18,12266300416
GOOGL,2025-03-19,12258400256
GOOGL,2025-03-20,12270199808
GOOGL,2025-03-21,12266000384
GOOGL,2025-03-22,12177000448
GOOGL,2025-03-25,12263799808
GOOGL,2025-03-26,12261900288
GOOGL,2025-03-27,12670499840
GOOGL,2025-03-28,12472399872
GOOGL,2025-03-29,12251599872
GOOGL,2025-04-01,12227099648
GOOGL,2025-04-02,12253299712
GOOGL,2025-04-03,12253700096
GOOGL,2025-04-04,12259699712
GOOGL,2025-04-05,12270799872
GOOGL,2025-04-08,12283299840
GOOGL,2025-04-09,12261399552
GOOGL,2025-04-10,12271399936
GOOGL,2025-04-11,12281700352
GOOGL,2025-04-12,12269100032
GOOGL,2025-04-15,12272900096
GOOGL,2025-04-16,12273300480
GOOGL,2025-04-17,12267799552
GOOGL,2025-04-18,12270000128
GOOGL,2025-04-22,12560000000
GOOGL,2025-04-23,12278200320
GOOGL,2025-04-24,12273899520
GOOGL,2025-04-25,12265600000
GOOGL,2025-04-26,12062600192
GOOGL,2025-04-29,12196299776
GOOGL,2025-04-30,12199499776
GOOGL,2025-05-01,12206600192
GOOGL,2025-05-02,12185199616
GOOGL,2025-05-03,12193999872
GOOGL,2025-05-06,12195900416
GOOGL,2025-05-07,12200599552
GOOGL,2025-05-08,12186000384
GOOGL,2025-05-09,12186800128
GOOGL,2025-05-10,12193000448
GOOGL,2025-05-13,12173299712
GOOGL,2025-05-14,12181300224
GOOGL,2025-05-15,12182299648
GOOGL,2025-05-16,12019200000
GOOGL,2025-05-17,12175500288
GOOGL,2025-05-20,12178299904
GOOGL,2025-05-21,12179399680
GOOGL,2025-05-22,12183300096
GOOGL,2025-05-23,12170200064
GOOGL,2025-05-24,12170999808
GOOGL,2025-05-27,11859200000
GOOGL,2025-05-28,12168899584
GOOGL,2025-05-29,12167100416
GOOGL,2025-05-30,12169700352
GOOGL,2025-05-31,12170000384
GOOGL,2025-06-03,12177999872
GOOGL,2025-06-04,12184999936
GOOGL,2025-06-05,12178299904
GOOGL,2025-06-06,11802900480
GOOGL,2025-06-07,12173700096
GOOGL,2025-06-10,12182500352
GOOGL,2025-06-11,12177800192
GOOGL,2025-06-12,12179099648
GOOGL,2025-06-13,12174199808
GOOGL,2025-06-14,12172600320
GOOGL,2025-06-17,12028000256
GOOGL,2025-06-18,12359199744
GOOGL,2025-06-19,12155499520
GOOGL,2025-06-21,12170500096
GOOGL,2025-06-24,12161800192
GOOGL,2025-06-25,12166500352
GOOGL,2025-06-26,12160700416
GOOGL,2025-06-27,11960200192
GOOGL,2025-06-28,11822799872
GOOGL,2025-07-01,12170699776
GOOGL,2025-07-02,12167999488
GOOGL,2025-07-03,12168999936
GOOGL,2025-07-04,12165799936
GOOGL,2025-07-08,12158499840
GOOGL,2025-07-09,12159800320
GOOGL,2025-07-10,12166899712
GOOGL,2025-07-11,12167900160
GOOGL,2025-07-12,12168699904
GOOGL,2025-07-15,12172300288
GOOGL,2025-07-16,12167700480
GOOGL,2025-07-17,12158600192
GOOGL,2025-07-18,12168099840
GOOGL,2025-07-19,12160700416
GOOGL,2025-07-22,12164899840
GOOGL,2025-07-23,12156699648
GOOGL,2025-07-24,12171499520
GOOGL,2025-07-25,12123100160
GOOGL,2025-07-26,12119300096
GOOGL,2025-07-29,12117699584
GOOGL,2025-07-30,12112900096
GOOGL,2025-07-31,12119100416
GOOGL,2025-08-01,12121199616
GOOGL,2025-08-02,12117499904
GOOGL,2025-08-05,12113800192
GOOGL,2025-08-06,12112100352
GOOGL,2025-08-07,12090500096
GOOGL,2025-08-08,12115000320
GOOGL,2025-08-09,12112100352
GOOGL,2025-08-12,12110999552
GOOGL,2025-08-13,12115900416
GOOGL,2025-08-14,12122800128
GOOGL,2025-08-15,12117499904
GOOGL,2025-08-16,12120899584
GOOGL,2025-08-19,12115099648
GOOGL,2025-08-20,12118800384
GOOGL,2025-08-21,12117699584
GOOGL,2025-08-22,12117699584
GOOGL,2025-08-23,12110600192
GOOGL,2025-08-26,12111500288
GOOGL,2025-08-27,12115200000
GOOGL,2025-08-28,12113099776
GOOGL,2025-08-29,12112700416
GOOGL,2025-08-30,12040500224
GOOGL,2025-09-03,12110399488
GOOGL,2025-09-04,12104399872
GOOGL,2025-09-05,12102400000
GOOGL,2025-09-06,12097899520
GOOGL,2025-09-09,12096799744
GOOGL,2025-09-10,12101000192
GOOGL,2025-09-11,12102899712
GOOGL,2025-09-12,12103300096
GOOGL,2025-09-13,12107100160
GOOGL,2025-09-17,12099621118
GOOGL,2025-09-18,12100963491
GOOGL,2025-09-19,12100463516
GOOGL,2025-09-20,11972675173
GOOGL,2025-09-23,12101525839
GOOGL,2025-09-24,12108672177
GOOGL,2025-09-25,12109160233
GOOGL,2025-09-26,12175669718
GOOGL,2025-09-27,12108095887
GOOGL,2025-09-30,12231632698
GOOGL,2025-10-01,12279432168
GOOGL,2025-10-02,12189179094
GOOGL,2025-10-03,12110354756
GOOGL,2025-10-06,12127136988
GOOGL,2025-10-07,12117417322
GOOGL,2025-10-08,12347675863
GOOGL,2025-10-09,12112646063
GOOGL,2025-10-10,12109287542
GOOGL,2025-10-11,12115116794
GOOGL,2025-10-14,12104897809
GOOGL,2025-10-15,12040785496
GOOGL,2025-10-16,12108708999
GOOGL,2025-10-17,12103069435
GOOGL,2025-10-18,12104504145
GOOGL,2025-10-20,11951163126
GOOGL,2025-10-22,12241758764
GOOGL,2025-10-23,12112122293
GOOGL,2025-10-24,12107946183
GOOGL,2025-10-25,12106325716
GOOGL,2025-10-27,11685951573
GOOGL,2025-10-28,12107309318
GOOGL,2025-10-29,12113489289
GOOGL,2025-10-30,12105865827
GOOGL,2025-10-31,12075067856
GOOGL,2025-11-01,12087521249
GOOGL,2025-11-04,12074623009
GOOGL,2025-11-05,12077130576
GOOGL,2025-11-06,12075367908
GOOGL,2025-11-07,12078203266
GOOGL,2025-11-08,12083870817
GOOGL,2025-11-11,12076132816
GOOGL,2025-11-12,12074981223
GOOGL,2025-11-13,12080578320
GOOGL,2025-11-14,12077675414
GOOGL,2025-11-15,12172056148
GOOGL,2025-11-17,12112122294
GOOGL,2026-02-06,12097000000
GOOGL,2026-04-28,12097444154
GOOGL,2026-05-01,12115444154
GOOGL,2026-06-05,12166363532
GOOGL,2026-06-06,12194935223
GOOGL,2026-06-16,12202573129
GOOGL,2026-07-24,12229934831
META,2022-06-09,2706319872
META,2022-07-30,2687549952
META,2022-08-01,2687549952
META,2022-08-03,2683190016
META,2022-08-05,2659660032
META,2022-08-06,2687549952
META,2022-08-09,2637979904
META,2022-08-10,2687549952
META,2022-09-02,2687549952
META,2022-10-12,2797319936
META,2022-10-13,2687549952
META,2022-10-29,2651549952
META,2022-11-08,2488979968
META,2022-11-10,2651549952
META,2022-12-03,2772559872
META,2022-12-04,2651549952
META,2022-12-16,2658200064
META,2023-01-06,2622200064
META,2023-02-06,2592640000
META,2023-03-18,2716169984
META,2023-03-21,2592640000
META,2023-03-25,2570870016
META,2023-03-30,2652969984
META,2023-04-01,2592640000
META,2023-04-04,2579500032
META,2023-04-05,2612720128
META,2023-04-06,2632359936
META,2023-04-07,2576079872
META,2023-04-18,2565360128
META,2023-04-25,2564160000
META,2023-04-27,2565360128
META,2023-04-29,2562729984
META,2023-05-02,2562729984
META,2023-05-04,2586629888
META,2023-05-06,2562729984
META,2023-05-11,2565920000
META,2023-05-14,2554729984
META,2023-05-16,2562729984
META,2023-06-09,2626080000
META,2023-06-13,2562729984
META,2023-06-23,2587209984
META,2023-06-25,2562729984
META,2023-07-05,2570350080
META,2023-07-06,2497440000
META,2023-07-07,2562729984
META,2023-07-12,2599239936
META,2023-07-13,2562729984
META,2023-07-19,2574530048
META,2023-07-21,2562729984
META,2023-08-21,2573159936
META,2023-08-23,2593740032
META,2023-08-24,2573159936
META,2023-09-09,2579899904
META,2023-09-12,2573159936
META,2023-09-16,2670929920
META,2023-09-17,2573159936
META,2023-09-26,2558190080
META,2023-10-10,2573159936
META,2023-10-11,2573159936
META,2023-10-13,2602210048
META,2023-10-14,2650599936
META,2023-10-15,2573159936
META,2023-10-17,2550840064
META,2023-10-18,2573159936
META,2023-10-19,2630230016
META,2023-10-20,2607379968
META,2023-10-21,2573159936
META,2023-10-24,2573159936
META,2023-10-25,2585179904
META,2023-10-27,2569860096
META,2023-10-28,2569860096
META,2023-11-01,2569860096
META,2023-11-02,2569860096
META,2023-11-03,2569860096
META,2023-11-04,2569860096
META,2023-11-07,2569860096
META,2023-11-08,2545920000
META,2023-11-09,2569860096
META,2023-11-14,2569860096
META,2023-11-21,2569860096
META,2023-11-22,2569860096
META,2023-11-23,2569860096
META,2023-11-25,2569860096
META,2023-11-29,2569860096
META,2023-11-30,2569860096
META,2023-12-02,2569860096
META,2023-12-03,2569939968
META,2023-12-05,2569860096
META,2023-12-06,2569860096
META,2023-12-08,2569860096
META,2023-12-13,2569860096
META,2023-12-14,2569860096
META,2023-12-15,2581969920
META,2023-12-16,2569860096
META,2023-12-19,2569860096
META,2023-12-20,2569860096
META,2023-12-21,2569860096
META,2023-12-22,2569860096
META,2023-12-23,2574949888
META,2023-12-26,2569860096
META,2023-12-27,2569860096
META,2023-12-29,2569860096
META,2023-12-30,2569860096
META,2024-01-05,2569860096
META,2024-01-06,2569860096
META,2024-01-09,2569860096
META,2024-01-10,2569860096
META,2024-01-11,2569860096
META,2024-01-12,2569860096
META,2024-01-18,2569860096
META,2024-01-23,2569860096
META,2024-01-24,2569860096
META,2024-01-26,2569860096
META,2024-01-30,2569860096
META,2024-02-01,2569860096
META,2024-02-02,2569860096
META,2024-02-03,2549410048
META,2024-02-06,2549410048
META,2024-02-08,2549410048
META,2024-02-10,2549410048
META,2024-02-13,2549410048
META,2024-02-14,2549410048
META,2024-02-16,2549410048
META,2024-02-17,2549410048
META,2024-02-21,2549410048
META,2024-02-22,2549410048
META,2024-02-24,2549410048
META,2024-03-02,2549410048
META,2024-03-05,2549410048
META,2024-03-07,2549410048
META,2024-03-09,2549410048
META,2024-03-12,2549410048
META,2024-03-13,2570909952
META,2024-03-14,2549410048
META,2024-03-16,2590779904
META,2024-03-19,2549410048
META,2024-03-20,2553769984
META,2024-03-21,2549410048
META,2024-03-22,2549410048
META,2024-03-23,2549410048
META,2024-03-26,2549410048
META,2024-03-27,2549410048
META,2024-04-12,2607660032
META,2024-04-13,2549410048
META,2024-04-16,2607150080
META,2024-04-17,2549410048
META,2024-04-19,2549410048
META,2024-04-20,2536529920
META,2024-04-25,2549900032
META,2024-04-26,2536529920
META,2024-04-30,2599089920
META,2024-05-04,2536529920
META,2024-05-07,2461329920
META,2024-05-10,2520379904
META,2024-05-11,2533499904
META,2024-05-15,2515889920
META,2024-05-16,2536529920
META,2024-05-20,2553139968
META,2024-05-21,2559520000
META,2024-05-22,2536529920
META,2024-05-23,2536529920
META,2024-05-24,2547429888
META,2024-05-31,2578299904
META,2024-06-05,2539190016
META,2024-06-12,2512189952
META,2024-06-13,2536529920
META,2024-06-15,2535729920
META,2024-06-18,2536529920
META,2024-06-25,2536529920
META,2024-06-27,2536529920
META,2024-06-28,2536529920
META,2024-07-03,2536529920
META,2024-07-10,2536529920
META,2024-07-11,2536529920
META,2024-07-12,2536529920
META,2024-07-13,2536529920
META,2024-07-16,2536529920
META,2024-07-18,2689149952
META,2024-07-20,2536529920
META,2024-07-23,2536529920
META,2024-07-24,2536529920
META,2024-07-25,2580790016
META,2024-07-26,2536529920
META,2024-07-27,2536529920
META,2024-07-30,2536529920
META,2024-07-31,2550390016
META,2024-08-01,2536529920
META,2024-08-02,2529819904
META,2024-08-07,2529819904
META,2024-08-08,2529819904
META,2024-08-09,2529819904
META,2024-08-10,2490040064
META,2024-08-13,2529819904
META,2024-08-17,2577349888
META,2024-08-20,2529819904
META,2024-08-21,2529819904
META,2024-08-23,2529819904
META,2024-08-27,2529819904
META,2024-08-28,2529819904
META,2024-08-29,2529819904
META,2024-08-30,2529819904
META,2024-08-31,2529819904
META,2024-09-03,2529819904
META,2024-09-06,2529819904
META,2024-09-07,2529819904
META,2024-09-10,2529819904
META,2024-09-12,2529819904
META,2024-09-16,2488730112
META,2024-09-17,2529819904
META,2024-09-18,2529819904
META,2024-09-19,2529819904
META,2024-09-21,2529819904
META,2024-09-24,2529819904
META,2024-09-25,2529819904
META,2024-09-27,2529819904
META,2024-09-28,2529819904
META,2024-09-30,2507369984
META,2024-10-01,2529819904
META,2024-10-03,2529819904
META,2024-10-05,2529819904
META,2024-10-08,2529819904
META,2024-10-09,2529819904
META,2024-10-10,2529819904
META,2024-10-11,2529819904
META,2024-10-12,2529819904
META,2024-10-15,2529819904
META,2024-10-16,2529819904
META,2024-10-17,2529819904
META,2024-10-18,2529819904
META,2024-10-19,2529819904
META,2024-10-22,2529819904
META,2024-10-23,2529819904
META,2024-10-24,2511589888
META,2024-10-26,2487630080
META,2024-10-28,2466500096
META,2024-10-29,2529819904
META,2024-10-30,2529819904
META,2024-10-31,2529819904
META,2024-11-01,2524489984
META,2024-11-02,2524489984
META,2024-11-05,2524489984
META,2024-11-06,2472669952
META,2024-11-07,2524489984
META,2024-11-08,2524489984
META,2024-11-09,2524489984
META,2024-11-13,2524489984
META,2024-11-14,2524489984
META,2024-11-15,2524489984
META,2024-11-16,2524489984
META,2024-11-19,2523030016
META,2024-11-20,2524489984
META,2024-11-21,2524489984
META,2024-11-22,2524489984
META,2024-11-27,2524489984
META,2024-11-30,2501979904
META,2024-12-03,2524489984
META,2024-12-04,2438840064
META,2024-12-06,2524489984
META,2024-12-10,2524489984
META,2024-12-11,2501050112
META,2024-12-12,2524489984
META,2024-12-13,2532049920
META,2024-12-14,2574660096
META,2024-12-18,2524489984
META,2024-12-21,2524489984
META,2024-12-24,2524489984
META,2024-12-25,2524489984
META,2025-01-04,2501979904
META,2025-01-07,2422060032
META,2025-01-09,2524489984
META,2025-01-11,2524489984
META,2025-01-15,2524489984
META,2025-01-17,2524489984
META,2025-01-22,2524489984
META,2025-01-25,2524489984
META,2025-01-30,2524489984
META,2025-01-31,2533659904
META,2025-02-01,2525639936
META,2025-02-08,2524689920
META,2025-02-13,2514170112
META,2025-02-15,2533659904
META,2025-02-26,2533659904
META,2025-03-04,2584519936
META,2025-03-05,2533659904
META,2025-03-11,2533659904
META,2025-03-12,2533659904
META,2025-03-13,2533659904
META,2025-03-18,2533659904
META,2025-03-19,2526279936
META,2025-03-20,2533659904
META,2025-03-22,2490099968
META,2025-03-27,2597230080
META,2025-03-28,2533659904
META,2025-04-01,2533659904
META,2025-04-02,2533659904
META,2025-04-05,2533659904
META,2025-04-09,2533659904
META,2025-04-10,2716770048
META,2025-04-11,2533659904
META,2025-04-12,2533659904
META,2025-04-14,2591290112
META,2025-04-15,2533659904
META,2025-04-16,2533659904
META,2025-04-17,2533659904
META,2025-04-22,2612059904
META,2025-04-23,2524450048
META,2025-04-24,2427450112
META,2025-04-26,2459320064
META,2025-04-29,2524450048
META,2025-05-01,2549459968
META,2025-05-02,2524450048
META,2025-05-06,2514330112
META,2025-05-07,2514330112
META,2025-05-09,2514330112
META,2025-05-10,2537750016
META,2025-05-14,2514330112
META,2025-05-15,2514330112
META,2025-05-16,2528229888
META,2025-05-17,2514330112
META,2025-05-21,2514330112
META,2025-05-28,2514330112
META,2025-05-29,2509400064
META,2025-05-30,2508600064
META,2025-05-31,2504849920
META,2025-06-06,2526560000
META,2025-06-07,2514330112
META,2025-06-10,2514330112
META,2025-06-11,2514330112
META,2025-06-12,2514330112
META,2025-06-13,2514330112
META,2025-06-17,2445390080
META,2025-06-18,2531960064
META,2025-06-19,2514330112
META,2025-06-24,2514330112
META,2025-06-27,2454040064
META,2025-06-28,2514330112
META,2025-07-08,2514330112
META,2025-07-09,2514330112
META,2025-07-10,2514330112
META,2025-07-11,2514330112
META,2025-07-12,2514330112
META,2025-07-15,2514330112
META,2025-07-22,2514330112
META,2025-07-23,2514330112
META,2025-07-24,2514330112
META,2025-07-25,2514330112
META,2025-07-26,2514330112
META,2025-07-31,2514330112
META,2025-08-01,2512140032
META,2025-08-02,2512140032
META,2025-08-07,2512140032
META,2025-08-08,2512140032
META,2025-08-09,2512140032
META,2025-08-15,2512140032
META,2025-08-19,2512140032
META,2025-08-23,2512140032
META,2025-08-26,2512140032
META,2025-08-28,2512140032
META,2025-08-30,2512140032
META,2025-09-03,2512140032
META,2025-09-04,2512140032
META,2025-09-05,2512140032
META,2025-09-11,2512140032
META,2025-09-12,2512140032
META,2025-09-13,2512140032
META,2025-09-16,2512140032
META,2025-09-17,2512141475
META,2025-09-18,2512141475
META,2025-09-19,2512141475
META,2025-09-20,2518176708
META,2025-09-23,2555544829
META,2025-09-26,2551555640
META,2025-09-30,2513324216
META,2025-10-01,2544194044
META,2025-10-02,2603404205
META,2025-10-03,2512141475
META,2025-10-06,2570440863
META,2025-10-07,2512141475
META,2025-10-08,2521230673
META,2025-10-10,2512141475
META,2025-10-11,2512141475
META,2025-10-15,2537133498
META,2025-10-16,2512141475
META,2025-10-17,2512141475
META,2025-10-18,2495164113
META,2025-10-20,2459800191
META,2025-10-22,2456110172
META,2025-10-23,2512141475
META,2025-10-24,2497307333
META,2025-10-25,2512141475
META,2025-10-27,2470452012
META,2025-10-28,2512141475
META,2025-10-30,2512141475
META,2025-10-31,2520527597
META,2025-11-01,2520527597
META,2025-11-05,2520527597
META,2025-11-06,2520527597
META,2025-11-07,2520527597
META,2025-11-08,2520527597
META,2025-11-11,2520527597
META,2025-11-12,2520527597
META,2025-11-14,2520527597
META,2025-11-15,2522305937
META,2025-11-17,2520527597
META,2026-01-30,2529555464
META,2026-04-18,2538423304
META,2026-07-31,2547506225
NFLX,2019-01-05,436084992
NFLX,2019-01-12,436084992
NFLX,2019-01-14,436084992
NFLX,2019-01-16,436084992
NFLX,2019-01-20,436084992
NFLX,2019-01-24,436084992
NFLX,2019-01-25,436084992
NFLX,2019-01-30,436084992
NFLX,2019-02-04,436599008
NFLX,2019-02-07,436599008
NFLX,2019-02-11,436599008
NFLX,2019-02-14,436599008
NFLX,2019-02-15,436599008
NFLX,2019-02-17,436599008
NFLX,2019-02-18,436599008
NFLX,2019-02-20,436599008
NFLX,2019-02-28,436599008
NFLX,2019-03-01,436599008
NFLX,2019-03-07,436599008
NFLX,2019-03-09,436599008
NFLX,2019-03-10,436599008
NFLX,2019-03-11,436599008
NFLX,2019-03-14,436599008
NFLX,2019-03-15,436599008
NFLX,2019-03-17,436599008
NFLX,2019-03-18,436599008
NFLX,2019-03-26,436599008
NFLX,2019-03-27,436599008
NFLX,2019-03-29,436599008
NFLX,2019-03-30,436599008
NFLX,2019-04-01,436599008
NFLX,2019-04-02,436599008
NFLX,2019-04-05,436599008
NFLX,2019-04-09,436599008
NFLX,2019-04-11,436599008
NFLX,2019-04-14,436599008
NFLX,2019-04-15,436599008
NFLX,2019-04-17,436599008
NFLX,2019-04-19,436599008
NFLX,2019-04-21,437192000
NFLX,2019-04-23,437192000
NFLX,2019-04-29,437220000
NFLX,2019-05-01,437220000
NFLX,2019-05-02,437220000
NFLX,2019-05-03,437220000
NFLX,2019-05-05,437220000
NFLX,2019-05-07,437220000
NFLX,2019-05-09,437220000
NFLX,2019-05-11,437220000
NFLX,2019-05-12,437220000
NFLX,2019-05-13,437220000
NFLX,2019-05-19,437220000
NFLX,2019-05-20,437220000
NFLX,2019-05-22,437220000
NFLX,2019-05-23,437220000
NFLX,2019-05-28,437220000
NFLX,2019-06-01,437220000
NFLX,2019-06-03,437220000
NFLX,2019-06-04,437220000
NFLX,2019-06-05,437220000
NFLX,2019-06-06,437220000
NFLX,2019-06-10,437220000
NFLX,2019-06-11,437220000
NFLX,2019-06-12,437220000
NFLX,2019-06-17,437220000
NFLX,2019-06-19,437220000
NFLX,2019-06-21,437220000
NFLX,2019-06-23,437220000
NFLX,2019-06-24,437220000
NFLX,2019-06-26,437220000
NFLX,2019-07-05,430015008
NFLX,2019-07-06,437220000
NFLX,2019-07-10,430852000
NFLX,2019-07-11,438451008
NFLX,2019-07-12,435499008
NFLX,2019-07-13,437220000
NFLX,2019-07-23,437835008
NFLX,2019-08-05,438755008
NFLX,2019-08-06,437835008
NFLX,2019-08-07,453775008
NFLX,2019-08-08,433080992
NFLX,2019-08-09,454540000
NFLX,2019-08-10,437835008
NFLX,2019-08-30,430444000
NFLX,2019-09-02,434884000
NFLX,2019-09-04,437835008
NFLX,2019-09-06,438580992
NFLX,2019-09-09,443236992
NFLX,2019-09-11,446592000
NFLX,2019-09-12,437835008
NFLX,2019-09-20,430385984
NFLX,2019-09-21,437835008
NFLX,2019-10-04,437639008
NFLX,2019-10-08,437835008
NFLX,2019-10-21,410895008
NFLX,2019-10-22,438251008
NFLX,2019-11-05,439168000
NFLX,2019-11-06,430096000
NFLX,2019-11-07,438251008
NFLX,2019-11-08,431860992
NFLX,2019-11-09,438251008
NFLX,2019-11-14,424894016
NFLX,2019-11-15,448328992
NFLX,2019-11-16,438251008
NFLX,2019-11-20,438295008
NFLX,2019-12-18,454487008
NFLX,2019-12-19,438251008
NFLX,2020-01-07,443508992
NFLX,2020-01-08,430395008
NFLX,2020-01-09,442727008
NFLX,2020-01-11,449527008
NFLX,2020-01-12,438251008
NFLX,2020-01-31,438807008
NFLX,2020-02-05,452302016
NFLX,2020-02-06,438807008
NFLX,2020-02-07,435577984
NFLX,2020-02-08,438807008
NFLX,2020-02-12,441904992
NFLX,2020-02-13,438807008
NFLX,2020-03-09,434321984
NFLX,2020-03-10,438807008
NFLX,2020-04-23,439780992
NFLX,2020-04-24,439804000
NFLX,2020-05-21,443115008
NFLX,2020-05-22,439804000
NFLX,2020-07-22,441015008
NFLX,2020-08-28,441015008
NFLX,2020-09-05,463739008
NFLX,2020-09-06,463739008
NFLX,2020-09-21,441240992
NFLX,2020-09-22,441015008
NFLX,2020-10-24,441795008
NFLX,2020-10-26,441795008
NFLX,2020-11-26,441795008
NFLX,2021-01-30,442895008
NFLX,2021-03-05,442895008
NFLX,2021-03-17,437816000
NFLX,2021-04-10,442312992
NFLX,2021-04-23,443000000
NFLX,2021-04-25,445830016
NFLX,2021-04-26,445830016
NFLX,2021-04-27,443403008
NFLX,2021-04-30,443403008
NFLX,2021-05-02,443403008
NFLX,2021-06-15,443403008
NFLX,2021-06-16,443403008
NFLX,2021-07-27,442596000
NFLX,2021-10-23,442952000
NFLX,2021-10-25,442952000
NFLX,2021-11-05,456132992
NFLX,2021-11-06,442952000
NFLX,2021-12-03,443886016
NFLX,2021-12-04,442952000
NFLX,2022-01-25,454793984
NFLX,2022-01-26,442952000
NFLX,2022-01-29,443963008
NFLX,2022-01-31,443963008
NFLX,2022-02-04,470102016
NFLX,2022-02-05,443963008
NFLX,2022-02-11,443963008
NFLX,2022-02-24,455948000
NFLX,2022-02-25,443963008
NFLX,2022-03-04,458388992
NFLX,2022-03-05,443963008
NFLX,2022-03-15,456449984
NFLX,2022-03-17,443963008
NFLX,2022-03-28,446172000
NFLX,2022-03-31,443963008
NFLX,2022-04-01,452116992
NFLX,2022-04-02,443963008
NFLX,2022-04-13,444273984
NFLX,2022-04-14,444273984
NFLX,2022-07-24,444705984
NFLX,2022-07-25,444705984
NFLX,2022-08-03,454326016
NFLX,2022-08-05,444705984
NFLX,2022-08-10,451571008
NFLX,2022-08-13,444705984
NFLX,2022-09-02,444705984
NFLX,2022-10-22,445020000
NFLX,2022-11-08,448788992
NFLX,2022-11-10,445020000
NFLX,2022-12-03,461654016
NFLX,2022-12-04,445020000
NFLX,2022-12-06,456152992
NFLX,2022-12-07,445020000
NFLX,2023-01-28,445347008
NFLX,2023-03-18,454972992
NFLX,2023-03-21,445347008
NFLX,2023-03-30,457060992
NFLX,2023-04-01,445347008
NFLX,2023-04-06,451071008
NFLX,2023-04-07,445347008
NFLX,2023-04-25,445951008
NFLX,2023-04-27,444540992
NFLX,2023-06-15,449775008
NFLX,2023-06-16,444540992
NFLX,2023-06-23,455276000
NFLX,2023-06-25,444540992
NFLX,2023-06-27,453048000
NFLX,2023-06-28,444540992
NFLX,2023-07-19,468988000
NFLX,2023-07-21,444540992
NFLX,2023-08-21,443147008
NFLX,2023-09-21,454504000
NFLX,2023-10-10,443147008
NFLX,2023-10-11,458139008
NFLX,2023-10-13,448950016
NFLX,2023-10-14,443147008
NFLX,2023-10-17,449512992
NFLX,2023-10-18,443147008
NFLX,2023-10-19,455345984
NFLX,2023-10-20,443147008
NFLX,2023-10-21,443147008
NFLX,2023-10-24,437680000
NFLX,2023-10-25,437680000
NFLX,2023-10-31,437680000
NFLX,2023-11-02,437680000
NFLX,2023-11-03,437680000
NFLX,2023-11-04,437680000
NFLX,2023-11-07,437680000
NFLX,2023-11-08,437961984
NFLX,2023-11-09,437680000
NFLX,2023-11-16,437680000
NFLX,2023-11-17,437680000
NFLX,2023-11-23,437680000
NFLX,2023-11-25,437680000
NFLX,2023-11-29,437680000
NFLX,2023-12-01,437680000
NFLX,2023-12-03,437792000
NFLX,2023-12-05,437680000
NFLX,2023-12-06,437680000
NFLX,2023-12-07,437680000
NFLX,2023-12-08,437680000
NFLX,2023-12-12,437680000
NFLX,2023-12-13,437680000
NFLX,2023-12-14,437680000
NFLX,2023-12-15,447107008
NFLX,2023-12-16,437680000
NFLX,2023-12-20,437680000
NFLX,2023-12-21,437680000
NFLX,2023-12-22,437680000
NFLX,2023-12-23,442040992
NFLX,2023-12-26,437680000
NFLX,2023-12-28,437680000
NFLX,2023-12-29,437680000
NFLX,2023-12-30,437680000
NFLX,2024-01-05,437680000
NFLX,2024-01-06,437680000
NFLX,2024-01-09,437680000
NFLX,2024-01-10,437680000
NFLX,2024-01-11,437680000
NFLX,2024-01-16,437751008
NFLX,2024-01-17,437680000
NFLX,2024-01-18,437680000
NFLX,2024-01-20,439872992
NFLX,2024-01-26,437680000
NFLX,2024-01-27,437680000
NFLX,2024-01-30,432760000
NFLX,2024-01-31,432760000
NFLX,2024-02-03,435097984
NFLX,2024-02-06,432760000
NFLX,2024-02-07,437319008
NFLX,2024-02-08,432760000
NFLX,2024-02-09,432760000
NFLX,2024-02-10,432760000
NFLX,2024-02-13,432760000
NFLX,2024-02-15,432760000
NFLX,2024-02-17,432760000
NFLX,2024-02-22,432760000
NFLX,2024-02-27,432760000
NFLX,2024-02-29,432760000
NFLX,2024-03-02,432760000
NFLX,2024-03-04,432760000
NFLX,2024-03-05,435304000
NFLX,2024-03-07,432760000
NFLX,2024-03-09,432760000
NFLX,2024-03-12,435655008
NFLX,2024-03-13,433617984
NFLX,2024-03-14,432760000
NFLX,2024-03-15,432760000
NFLX,2024-03-16,432760000
NFLX,2024-03-19,432760000
NFLX,2024-03-21,432760000
NFLX,2024-03-23,432760000
NFLX,2024-03-26,432760000
NFLX,2024-04-12,432760000
NFLX,2024-04-13,432760000
NFLX,2024-04-17,432760000
NFLX,2024-04-18,435185984
NFLX,2024-04-20,430900992
NFLX,2024-04-25,448467008
NFLX,2024-05-01,437843008
NFLX,2024-05-11,431881984
NFLX,2024-05-15,432959008
NFLX,2024-05-16,430900992
NFLX,2024-05-23,437723008
NFLX,2024-05-24,434155008
NFLX,2024-05-31,435532000
NFLX,2024-06-05,432504000
NFLX,2024-06-21,435115008
NFLX,2024-07-10,436044992
NFLX,2024-07-11,430900992
NFLX,2024-07-16,430985984
NFLX,2024-07-17,430900992
NFLX,2024-07-18,436561984
NFLX,2024-07-19,437500992
NFLX,2024-07-20,430900992
NFLX,2024-07-21,430900992
NFLX,2024-07-23,429164992
NFLX,2024-07-24,429164992
NFLX,2024-07-25,430383008
NFLX,2024-07-26,429164992
NFLX,2024-07-27,429164992
NFLX,2024-07-30,429164992
NFLX,2024-08-02,429164992
NFLX,2024-08-07,429164992
NFLX,2024-08-08,429164992
NFLX,2024-08-09,429164992
NFLX,2024-08-13,429164992
NFLX,2024-08-20,429164992
NFLX,2024-08-21,429164992
NFLX,2024-08-22,429164992
NFLX,2024-08-23,429164992
NFLX,2024-08-24,429164992
NFLX,2024-08-27,429164992
NFLX,2024-08-28,429164992
NFLX,2024-08-30,429164992
NFLX,2024-09-04,429164992
NFLX,2024-09-05,429164992
NFLX,2024-09-06,429164992
NFLX,2024-09-07,440819008
NFLX,2024-09-11,429164992
NFLX,2024-09-14,429164992
NFLX,2024-09-17,429164992
NFLX,2024-09-19,429164992
NFLX,2024-09-20,429164992
NFLX,2024-09-21,431184992
NFLX,2024-09-24,429164992
NFLX,2024-09-25,429164992
NFLX,2024-10-04,429164992
NFLX,2024-10-08,429164992
NFLX,2024-10-11,429164992
NFLX,2024-10-12,429164992
NFLX,2024-10-15,435056992
NFLX,2024-10-16,429164992
NFLX,2024-10-17,429164992
NFLX,2024-10-18,429164992
NFLX,2024-10-19,429164992
NFLX,2024-10-22,427457984
NFLX,2024-10-23,427457984
NFLX,2024-10-28,427555008
NFLX,2024-10-29,427457984
NFLX,2024-10-30,427457984
NFLX,2024-10-31,427457984
NFLX,2024-11-05,427457984
NFLX,2024-11-06,427457984
NFLX,2024-11-07,427457984
NFLX,2024-11-08,427457984
NFLX,2024-11-12,427457984
NFLX,2024-11-14,427457984
NFLX,2024-11-16,427457984
NFLX,2024-11-21,427457984
NFLX,2024-11-23,427457984
NFLX,2024-11-28,427457984
NFLX,2024-11-30,427457984
NFLX,2024-12-05,427457984
NFLX,2024-12-06,427457984
NFLX,2024-12-10,427457984
NFLX,2024-12-11,427616992
NFLX,2024-12-13,432543008
NFLX,2024-12-14,435687008
NFLX,2024-12-18,427457984
NFLX,2024-12-24,427457984
NFLX,2024-12-25,427457984
NFLX,2024-12-31,427457984
NFLX,2025-01-04,427457984
NFLX,2025-01-07,427457984
NFLX,2025-01-08,427457984
NFLX,2025-01-09,427457984
NFLX,2025-01-11,427457984
NFLX,2025-01-14,427457984
NFLX,2025-01-15,427457984
NFLX,2025-01-17,427457984
NFLX,2025-01-22,427457984
NFLX,2025-01-24,427457984
NFLX,2025-01-28,427756992
NFLX,2025-01-29,427756992
NFLX,2025-02-08,427756992
NFLX,2025-02-11,427756992
NFLX,2025-02-12,427756992
NFLX,2025-02-15,427756992
NFLX,2025-02-21,427756992
NFLX,2025-03-04,427756992
NFLX,2025-03-11,439815008
NFLX,2025-03-27,427756992
NFLX,2025-04-01,427756992
NFLX,2025-04-10,439040992
NFLX,2025-04-11,427756992
NFLX,2025-04-22,425571008
NFLX,2025-05-10,427143008
NFLX,2025-05-29,425571008
NFLX,2025-05-30,425571008
NFLX,2025-06-06,428672000
NFLX,2025-06-07,425571008
NFLX,2025-06-10,425571008
NFLX,2025-06-18,425571008
NFLX,2025-07-08,425571008
NFLX,2025-07-09,425571008
NFLX,2025-07-11,427444000
NFLX,2025-07-12,425571008
NFLX,2025-07-19,425571008
NFLX,2025-07-22,424926016
NFLX,2025-07-23,424926016
NFLX,2025-07-30,424926016
NFLX,2025-08-02,424926016
NFLX,2025-08-06,424926016
NFLX,2025-08-13,424926016
NFLX,2025-08-14,424926016
NFLX,2025-08-15,424926016
NFLX,2025-08-19,424926016
NFLX,2025-08-20,424926016
NFLX,2025-08-26,424926016
NFLX,2025-08-29,424926016
NFLX,2025-09-03,424926016
NFLX,2025-09-06,424926016
NFLX,2025-09-12,424926016
NFLX,2025-09-16,424926016
NFLX,2025-09-17,424926016
NFLX,2025-09-19,424926346
NFLX,2025-09-20,424926346
NFLX,2025-09-23,424926346
NFLX,2025-09-24,424926346
NFLX,2025-09-26,424926346
NFLX,2025-09-30,426405686
NFLX,2025-10-01,429069566
NFLX,2025-10-02,439337333
NFLX,2025-10-06,428319655
NFLX,2025-10-07,424926346
NFLX,2025-10-08,424926346
NFLX,2025-10-10,424926346
NFLX,2025-10-11,424926346
NFLX,2025-10-14,424926346
NFLX,2025-10-15,424926346
NFLX,2025-10-18,424926346
NFLX,2025-10-20,424926346
NFLX,2025-10-24,423732334
NFLX,2025-10-25,423732334
NFLX,2025-10-27,423782660
NFLX,2025-10-28,423732334
NFLX,2025-10-30,423732334
NFLX,2025-10-31,423732334
NFLX,2025-11-05,423732334
NFLX,2025-11-08,423732334
NFLX,2025-11-12,423732334
NFLX,2025-11-13,423732334
NFLX,2025-11-14,423732334
NFLX,2025-11-15,439757026
NFLX,2025-11-17,4249263470
NFLX,2025-12-03,4237323341
NFLX,2026-01-28,4241889631
NFLX,2026-04-14,4241889631
NFLX,2026-04-18,4222162151
NFLX,2026-04-20,4222162151
NFLX,2026-04-23,4210798528
NFLX,2026-07-21,4163939676
DIS,2019-01-05,1488669952
DIS,2019-01-07,1488669952
DIS,2019-01-09,1488669952
DIS,2019-01-10,1488669952
DIS,2019-01-12,1488669952
DIS,2019-01-14,1488669952
DIS,2019-01-16,1488669952
DIS,2019-01-20,1488669952
DIS,2019-01-22,1490680064
DIS,2019-01-25,1490680064
DIS,2019-01-26,1490680064
DIS,2019-01-29,1490680064
DIS,2019-01-30,1490680064
DIS,2019-02-04,1490680064
DIS,2019-02-07,1490680064
DIS,2019-02-11,1490780032
DIS,2019-02-13,1490780032
DIS,2019-02-14,1490780032
DIS,2019-02-15,1490780032
DIS,2019-02-16,1490780032
DIS,2019-02-17,1490780032
DIS,2019-02-19,1490780032
DIS,2019-02-20,1490780032
DIS,2019-02-27,1490780032
DIS,2019-02-28,1490780032
DIS,2019-03-07,1490780032
DIS,2019-03-08,1490780032
DIS,2019-03-10,1490780032
DIS,2019-03-12,1490780032
DIS,2019-03-14,1490780032
DIS,2019-03-17,1490780032
DIS,2019-03-18,1490780032
DIS,2019-03-26,1797619968
DIS,2019-03-27,1797619968
DIS,2019-03-29,1797619968
DIS,2019-04-01,1797619968
DIS,2019-04-05,1797619968
DIS,2019-04-06,1797619968
DIS,2019-04-09,1797619968
DIS,2019-04-14,1797619968
DIS,2019-04-16,1797619968
DIS,2019-04-17,1797619968
DIS,2019-04-19,1797619968
DIS,2019-04-21,1797619968
DIS,2019-04-29,1797619968
DIS,2019-04-30,1797619968
DIS,2019-05-02,1797619968
DIS,2019-05-03,1797619968
DIS,2019-05-05,1797619968
DIS,2019-05-06,1797619968
DIS,2019-05-09,1797619968
DIS,2019-05-10,1797619968
DIS,2019-05-12,1799699968
DIS,2019-05-13,1799699968
DIS,2019-05-19,1799699968
DIS,2019-05-21,1799699968
DIS,2019-05-22,1799699968
DIS,2019-05-24,1799699968
DIS,2019-05-28,1799699968
DIS,2019-06-01,1799699968
DIS,2019-06-03,1799699968
DIS,2019-06-05,1799699968
DIS,2019-06-07,1799699968
DIS,2019-06-10,1799699968
DIS,2019-06-11,1799699968
DIS,2019-06-12,1799699968
DIS,2019-06-17,1799699968
DIS,2019-06-18,1799699968
DIS,2019-06-19,1799699968
DIS,2019-06-20,1799699968
DIS,2019-06-21,1799699968
DIS,2019-06-22,1799699968
DIS,2019-06-23,1799699968
DIS,2019-06-24,1799699968
DIS,2019-06-27,1799699968
DIS,2019-07-05,1794029952
DIS,2019-07-06,1799699968
DIS,2019-08-05,1801479936
DIS,2019-08-11,1801379968
DIS,2019-08-31,1784519936
DIS,2019-09-02,1792060032
DIS,2019-09-03,1801379968
DIS,2019-09-07,1780880000
DIS,2019-09-09,1771820032
DIS,2019-09-12,1801379968
DIS,2019-09-13,1818710016
DIS,2019-09-14,1801379968
DIS,2019-09-19,1807849984
DIS,2019-09-20,1801379968
DIS,2019-10-03,1795680000
DIS,2019-10-04,1801379968
DIS,2019-10-05,1815299968
DIS,2019-10-10,1801379968
DIS,2019-10-24,1784099968
DIS,2019-11-05,1762979968
DIS,2019-11-07,1801379968
DIS,2019-11-08,1801920000
DIS,2019-11-09,1801379968
DIS,2019-11-11,1780999936
DIS,2019-11-14,1911320064
DIS,2019-11-15,1762200064
DIS,2019-11-16,1780999936
DIS,2019-11-22,1802400000
DIS,2019-12-06,1792189952
DIS,2019-12-08,1802400000
DIS,2019-12-13,1804470016
DIS,2019-12-15,1802400000
DIS,2019-12-16,1785560064
DIS,2019-12-17,1802400000
DIS,2019-12-18,1793539968
DIS,2019-12-19,1802400000
DIS,2020-01-08,1823309952
DIS,2020-01-10,1799299968
DIS,2020-01-13,1792729984
DIS,2020-01-14,1802400000
DIS,2020-01-21,1802400000
DIS,2020-01-22,1805260032
DIS,2020-02-07,1822419968
DIS,2020-02-08,1805440000
DIS,2020-02-12,1785430016
DIS,2020-02-14,1793350016
DIS,2020-02-16,1793350016
DIS,2020-03-06,1805440000
DIS,2020-05-07,1806269952
DIS,2020-08-06,1807059968
DIS,2020-08-28,1807059968
DIS,2020-09-05,1836220032
DIS,2020-11-26,1807059968
DIS,2020-11-28,1807059968
DIS,2021-01-21,1814259968
DIS,2021-02-03,1814259968
DIS,2021-02-13,1815260032
DIS,2021-02-15,1815260032
DIS,2021-03-17,1815260032
DIS,2021-04-23,1818739968
DIS,2021-04-24,1816160000
DIS,2021-04-28,1815260032
DIS,2021-05-18,1816930048
DIS,2021-06-18,1817040000
DIS,2021-06-22,1816930048
DIS,2021-08-14,1817129984
DIS,2021-08-16,1817129984
DIS,2021-08-17,1837319936
DIS,2021-08-18,1817129984
DIS,2021-10-21,1817129984
DIS,2021-11-16,1817129984
DIS,2021-11-27,1817660032
DIS,2021-11-29,1817660032
DIS,2022-01-21,1820470016
DIS,2022-02-11,1820630016
DIS,2022-02-12,1820630016
DIS,2022-02-26,1820630016
DIS,2022-03-01,1820630016
DIS,2022-03-08,1820630016
DIS,2022-03-15,1859010048
DIS,2022-03-16,1820630016
DIS,2022-03-22,1820630016
DIS,2022-03-24,1820630016
DIS,2022-03-25,1820630016
DIS,2022-03-28,1820630016
DIS,2022-03-29,1820630016
DIS,2022-03-30,1820630016
DIS,2022-03-31,1820630016
DIS,2022-04-01,1820630016
DIS,2022-04-05,1820630016
DIS,2022-04-12,1820630016
DIS,2022-04-14,1820630016
DIS,2022-04-19,1820630016
DIS,2022-04-21,1927760000
DIS,2022-04-23,1872819968
DIS,2022-04-26,1820630016
DIS,2022-04-27,1820630016
DIS,2022-04-28,1820630016
DIS,2022-04-29,1820630016
DIS,2022-05-06,1820630016
DIS,2022-05-07,1820630016
DIS,2022-05-10,1820630016
DIS,2022-05-11,1820630016
DIS,2022-05-14,1821479936
DIS,2022-05-16,1821479936
DIS,2022-08-12,1823059968
DIS,2022-09-02,1823059968
DIS,2022-09-21,1850169984
DIS,2022-09-22,1823059968
DIS,2022-10-04,1770499968
DIS,2022-10-05,1823059968
DIS,2022-10-21,1830450048
DIS,2022-10-23,1823059968
DIS,2022-11-11,1780999936
DIS,2022-12-05,1823590016
DIS,2023-01-26,1826780032
DIS,2023-02-08,1826790016
DIS,2023-02-10,1826809984
DIS,2023-04-04,1833580032
DIS,2023-04-07,1826809984
DIS,2023-04-25,1828829952
DIS,2023-05-11,1845590016
DIS,2023-05-12,2001549952
DIS,2023-05-15,2009059968
DIS,2023-05-17,1827299968
DIS,2023-06-23,1853319936
DIS,2023-06-24,1827299968
DIS,2023-07-11,1838509952
DIS,2023-07-12,1856140032
DIS,2023-07-13,1827299968
DIS,2023-07-19,1835629952
DIS,2023-07-21,1827299968
DIS,2023-08-22,1829779968
DIS,2023-08-25,1829779968
DIS,2023-10-10,1829779968
DIS,2023-10-11,1829779968
DIS,2023-10-12,1829779968
DIS,2023-10-13,1829779968
DIS,2023-10-14,1829779968
DIS,2023-10-15,1829779968
DIS,2023-10-17,1829779968
DIS,2023-10-18,1829779968
DIS,2023-10-19,1829779968
DIS,2023-10-25,1829779968
DIS,2023-10-27,1829779968
DIS,2023-10-31,1829779968
DIS,2023-11-02,1829779968
DIS,2023-11-03,1829779968
DIS,2023-11-04,1829779968
DIS,2023-11-07,1829779968
DIS,2023-11-08,1829779968
DIS,2023-11-10,1780999936
DIS,2023-11-15,1780999936
DIS,2023-11-16,1780999936
DIS,2023-11-22,1791939968
DIS,2023-11-23,1780999936
DIS,2023-11-25,1780999936
DIS,2023-11-28,1830320000
DIS,2023-12-01,1830320000
DIS,2023-12-06,1830320000
DIS,2023-12-08,1830320000
DIS,2023-12-16,1830320000
DIS,2023-12-19,1830320000
DIS,2023-12-20,1830320000
DIS,2023-12-22,1830320000
DIS,2023-12-23,1850419968
DIS,2023-12-26,1830320000
DIS,2023-12-27,1830320000
DIS,2023-12-29,1830320000
DIS,2024-01-03,1830320000
DIS,2024-01-05,1830320000
DIS,2024-01-06,1830320000
DIS,2024-01-10,1830320000
DIS,2024-01-23,1830320000
DIS,2024-01-24,1830320000
DIS,2024-01-25,1830320000
DIS,2024-01-26,1834290048
DIS,2024-01-30,1834290048
DIS,2024-02-02,1834290048
DIS,2024-02-03,1834310016
DIS,2024-02-07,1834310016
DIS,2024-02-08,1834310016
DIS,2024-02-09,1834300032
DIS,2024-02-10,1870690048
DIS,2024-02-13,1834300032
DIS,2024-02-15,1834300032
DIS,2024-02-17,1834300032
DIS,2024-02-24,1834300032
DIS,2024-02-29,1834300032
DIS,2024-03-12,1834300032
DIS,2024-03-13,1834300032
DIS,2024-03-14,1834300032
DIS,2024-03-15,1834300032
DIS,2024-03-16,1834300032
DIS,2024-03-19,1834300032
DIS,2024-03-20,1834300032
DIS,2024-03-21,1834300032
DIS,2024-03-22,1834300032
DIS,2024-03-23,1847440000
DIS,2024-03-26,1834300032
DIS,2024-03-27,1834300032
DIS,2024-03-28,1834300032
DIS,2024-04-12,1884819968
DIS,2024-04-13,1834300032
DIS,2024-04-16,1851520000
DIS,2024-04-17,1834300032
DIS,2024-04-19,1834300032
DIS,2024-04-23,1834300032
DIS,2024-04-25,1834300032
DIS,2024-04-26,1834300032
DIS,2024-04-30,1834300032
DIS,2024-05-04,1834300032
DIS,2024-05-08,1823040000
DIS,2024-05-10,1823040000
DIS,2024-05-11,1823040000
DIS,2024-05-15,1831350016
DIS,2024-05-16,1823040000
DIS,2024-05-17,1823040000
DIS,2024-05-18,1825159936
DIS,2024-05-20,1829240064
DIS,2024-05-21,1823040000
DIS,2024-05-23,1823040000
DIS,2024-05-24,1823040000
DIS,2024-05-25,1823040000
DIS,2024-05-29,1823040000
DIS,2024-05-30,1823040000
DIS,2024-05-31,1823040000
DIS,2024-06-01,1823040000
DIS,2024-06-04,1823040000
DIS,2024-06-05,1823040000
DIS,2024-06-06,1823040000
DIS,2024-06-12,1823040000
DIS,2024-06-13,1823040000
DIS,2024-06-14,1823040000
DIS,2024-06-15,1823040000
DIS,2024-06-18,1823040000
DIS,2024-06-19,1823040000
DIS,2024-06-21,1823040000
DIS,2024-06-22,1823040000
DIS,2024-06-27,1823040000
DIS,2024-06-28,1823040000
DIS,2024-06-29,1823040000
DIS,2024-07-02,1823040000
DIS,2024-07-03,1823040000
DIS,2024-07-10,1824550016
DIS,2024-07-11,1823040000
DIS,2024-07-12,1823040000
DIS,2024-07-13,1823040000
DIS,2024-07-16,1823040000
DIS,2024-07-18,1844770048
DIS,2024-07-19,1823040000
DIS,2024-07-20,1823040000
DIS,2024-07-24,1886989952
DIS,2024-07-25,1835100032
DIS,2024-07-26,1823040000
DIS,2024-07-30,1823040000
DIS,2024-08-02,1823040000
DIS,2024-08-03,1823040000
DIS,2024-08-06,1823040000
DIS,2024-08-08,1813590016
DIS,2024-08-13,1813590016
DIS,2024-09-07,1813590016
DIS,2024-09-12,1815229952
DIS,2024-10-24,1829560064
DIS,2024-10-26,1836679936
DIS,2024-10-28,1814339968
DIS,2024-10-29,1813590016
DIS,2024-10-30,1813590016
DIS,2024-10-31,1813590016
DIS,2024-11-05,1813970048
DIS,2024-11-15,1810940032
DIS,2024-11-16,1808589952
DIS,2024-11-19,1835500032
DIS,2024-11-20,1810940032
DIS,2024-11-21,1808589952
DIS,2024-11-22,1810940032
DIS,2024-11-23,1810940032
DIS,2024-11-26,1810940032
DIS,2024-11-27,1810940032
DIS,2024-11-30,1812940032
DIS,2024-12-03,1810940032
DIS,2024-12-04,1821980032
DIS,2024-12-06,1818560000
DIS,2024-12-10,1810940032
DIS,2024-12-11,1810940032
DIS,2024-12-12,1810940032
DIS,2024-12-13,1810940032
DIS,2024-12-14,1831229952
DIS,2024-12-17,1810940032
DIS,2024-12-18,1810940032
DIS,2024-12-31,1810940032
DIS,2025-01-01,1810940032
DIS,2025-01-03,1810940032
DIS,2025-01-04,1810940032
DIS,2025-01-07,1812729984
DIS,2025-01-09,1810940032
DIS,2025-01-14,1810940032
DIS,2025-01-15,1810940032
DIS,2025-01-16,1810940032
DIS,2025-01-17,1840199936
DIS,2025-01-18,1810940032
DIS,2025-01-23,1810940032
DIS,2025-01-24,1810940032
DIS,2025-01-25,1808460032
DIS,2025-01-30,1808460032
DIS,2025-01-31,1808460032
DIS,2025-02-01,1814380032
DIS,2025-02-04,1808460032
DIS,2025-02-06,1807789952
DIS,2025-02-07,1807789952
DIS,2025-02-08,1807789952
DIS,2025-02-11,1807789952
DIS,2025-02-13,1807789952
DIS,2025-02-14,1807789952
DIS,2025-02-15,1807789952
DIS,2025-02-19,1807789952
DIS,2025-02-20,1807789952
DIS,2025-02-25,1807789952
DIS,2025-02-27,1807789952
DIS,2025-02-28,1807789952
DIS,2025-03-04,1823980032
DIS,2025-03-05,1807789952
DIS,2025-03-06,1807789952
DIS,2025-03-07,1807789952
DIS,2025-03-08,1807789952
DIS,2025-03-11,1807789952
DIS,2025-03-12,1807789952
DIS,2025-03-13,1807789952
DIS,2025-03-14,1807789952
DIS,2025-03-18,1807789952
DIS,2025-03-19,1807789952
DIS,2025-03-20,1807789952
DIS,2025-03-22,1807789952
DIS,2025-03-27,1807789952
DIS,2025-03-28,1807789952
DIS,2025-03-29,1807789952
DIS,2025-04-01,1807789952
DIS,2025-04-02,1807789952
DIS,2025-04-04,1807789952
DIS,2025-04-05,1807789952
DIS,2025-04-08,1807789952
DIS,2025-04-10,1939510016
DIS,2025-04-11,1807789952
DIS,2025-04-14,1812700032
DIS,2025-04-15,1807789952
DIS,2025-04-17,1807789952
DIS,2025-04-18,1807789952
DIS,2025-04-22,1825219968
DIS,2025-04-23,1807789952
DIS,2025-04-24,1807789952
DIS,2025-04-26,1807789952
DIS,2025-05-01,1807789952
DIS,2025-05-06,1807789952
DIS,2025-05-09,1797750016
DIS,2025-05-15,1809280000
DIS,2025-05-16,1797750016
DIS,2025-05-17,1797750016
DIS,2025-05-20,1797750016
DIS,2025-05-21,1797750016
DIS,2025-05-22,1797750016
DIS,2025-05-24,1797750016
DIS,2025-05-28,1797750016
DIS,2025-05-29,1797750016
DIS,2025-05-30,1797750016
DIS,2025-06-04,1797750016
DIS,2025-06-05,1797750016
DIS,2025-06-06,1797750016
DIS,2025-06-07,1797750016
DIS,2025-06-10,1797750016
DIS,2025-06-12,1797750016
DIS,2025-06-14,1797750016
DIS,2025-06-18,1797750016
DIS,2025-06-19,1797750016
DIS,2025-06-21,1797750016
DIS,2025-06-24,1797750016
DIS,2025-06-26,1797750016
DIS,2025-06-27,1797750016
DIS,2025-06-28,1797750016
DIS,2025-07-01,1797750016
DIS,2025-07-03,1797750016
DIS,2025-07-04,1797750016
DIS,2025-07-08,1797750016
DIS,2025-07-09,1797750016
DIS,2025-07-10,1797750016
DIS,2025-07-11,1797750016
DIS,2025-07-12,1797750016
DIS,2025-07-17,1797750016
DIS,2025-07-19,1797750016
DIS,2025-07-22,1797750016
DIS,2025-07-23,1797750016
DIS,2025-07-24,1797750016
DIS,2025-07-31,1797750016
DIS,2025-08-01,1797750016
DIS,2025-08-02,1797750016
DIS,2025-08-05,1797750016
DIS,2025-08-07,1797929984
DIS,2025-08-08,1797929984
DIS,2025-08-13,1797929984
DIS,2025-08-14,1797929984
DIS,2025-08-16,1797929984
DIS,2025-08-19,1797929984
DIS,2025-08-20,1797929984
DIS,2025-08-21,1797929984
DIS,2025-08-22,1797929984
DIS,2025-08-23,1797929984
DIS,2025-08-28,1797929984
DIS,2025-08-29,1797929984
DIS,2025-08-30,1797929984
DIS,2025-09-05,1797929984
DIS,2025-09-06,1797929984
DIS,2025-09-09,1797929984
DIS,2025-09-10,1797929984
DIS,2025-09-12,1797929984
DIS,2025-09-15,1803219968
DIS,2025-09-16,1797929984
DIS,2025-09-17,1797933833
DIS,2025-09-18,1797933833
DIS,2025-09-20,1797933833
DIS,2025-09-23,1797933833
DIS,2025-09-26,1804935257
DIS,2025-09-30,1797933833
DIS,2025-10-02,1806211173
DIS,2025-10-03,1797933833
DIS,2025-10-06,1797933833
DIS,2025-10-07,1797933833
DIS,2025-10-08,1801448855
DIS,2025-10-10,1797933833
DIS,2025-10-11,1797933833
DIS,2025-10-14,1797933833
DIS,2025-10-15,1797933833
DIS,2025-10-16,1797933833
DIS,2025-10-23,1797933833
DIS,2025-10-24,1819667453
DIS,2025-10-25,1797933833
DIS,2025-10-30,1797933833
DIS,2025-11-01,1797933833
DIS,2025-11-04,1797933833
DIS,2025-11-07,1797933833
DIS,2025-11-11,1797933833
DIS,2025-11-12,1797933833
DIS,2025-11-15,1815831122
DIS,2025-11-17,1797933834
DIS,2026-01-24,1785288847
DIS,2026-02-03,1773386947
DIS,2026-04-23,1771519851
DIS,2026-05-06,1736511424
DIS,2026-08-07,1726686902
CMCSA,2019-01-05,4549499904
CMCSA,2019-01-07,4549499904
CMCSA,2019-01-09,4549499904
CMCSA,2019-01-10,4549499904
CMCSA,2019-01-12,4549499904
CMCSA,2019-01-14,4549499904
CMCSA,2019-01-16,4549499904
CMCSA,2019-01-17,4549499904
CMCSA,2019-01-20,4549499904
CMCSA,2019-01-24,4549510144
CMCSA,2019-01-25,4549510144
CMCSA,2019-01-26,4549510144
CMCSA,2019-01-28,4549499904
CMCSA,2019-01-29,4549499904
CMCSA,2019-01-30,4549499904
CMCSA,2019-02-04,4525960192
CMCSA,2019-02-07,4525960192
CMCSA,2019-02-10,4525960192
CMCSA,2019-02-11,4525960192
CMCSA,2019-02-13,4525960192
CMCSA,2019-02-14,4525960192
CMCSA,2019-02-15,4525960192
CMCSA,2019-02-16,4525960192
CMCSA,2019-02-17,4525960192
CMCSA,2019-02-19,4525960192
CMCSA,2019-02-20,4525960192
CMCSA,2019-02-26,4525960192
CMCSA,2019-02-28,4525960192
CMCSA,2019-03-07,4525960192
CMCSA,2019-03-08,4525960192
CMCSA,2019-03-10,4525960192
CMCSA,2019-03-12,4525960192
CMCSA,2019-03-14,4525960192
CMCSA,2019-03-17,4525960192
CMCSA,2019-03-18,4525960192
CMCSA,2019-03-26,4525960192
CMCSA,2019-03-27,4525960192
CMCSA,2019-03-29,4525960192
CMCSA,2019-03-30,4525960192
CMCSA,2019-04-01,4525960192
CMCSA,2019-04-05,4525960192
CMCSA,2019-04-06,4525960192
CMCSA,2019-04-09,4525960192
CMCSA,2019-04-14,4525960192
CMCSA,2019-04-15,4525960192
CMCSA,2019-04-17,4525960192
CMCSA,2019-04-19,4525960192
CMCSA,2019-04-21,4525960192
CMCSA,2019-04-29,4538789888
CMCSA,2019-05-02,4538789888
CMCSA,2019-05-03,4538789888
CMCSA,2019-05-05,4538789888
CMCSA,2019-05-06,4538789888
CMCSA,2019-05-09,4538789888
CMCSA,2019-05-10,4538789888
CMCSA,2019-05-12,4538789888
CMCSA,2019-05-13,4538789888
CMCSA,2019-05-19,4538789888
CMCSA,2019-05-21,4538789888
CMCSA,2019-05-22,4538789888
CMCSA,2019-05-24,4538789888
CMCSA,2019-05-28,4538789888
CMCSA,2019-06-01,4538789888
CMCSA,2019-06-03,4538789888
CMCSA,2019-06-05,4538789888
CMCSA,2019-06-07,4538789888
CMCSA,2019-06-10,4538789888
CMCSA,2019-06-11,4538789888
CMCSA,2019-06-17,4538789888
CMCSA,2019-06-18,4538789888
CMCSA,2019-06-19,4538789888
CMCSA,2019-06-20,4538789888
CMCSA,2019-06-21,4538789888
CMCSA,2019-06-22,4538789888
CMCSA,2019-06-23,4538789888
CMCSA,2019-06-24,4538789888
CMCSA,2019-06-27,4538789888
CMCSA,2019-07-05,4493740032
CMCSA,2019-07-06,4538789888
CMCSA,2019-07-29,4544990208
CMCSA,2019-08-09,4608730112
CMCSA,2019-08-11,4544990208
CMCSA,2019-08-22,4562570240
CMCSA,2019-08-23,4544990208
CMCSA,2019-08-30,4503830016
CMCSA,2019-09-02,4494669824
CMCSA,2019-09-03,4544990208
CMCSA,2019-09-07,4334430208
CMCSA,2019-09-09,4340040192
CMCSA,2019-09-11,4544990208
CMCSA,2019-09-13,4600820224
CMCSA,2019-09-14,4544990208
CMCSA,2019-09-20,4519810048
CMCSA,2019-09-21,4544990208
CMCSA,2019-09-27,4452760064
CMCSA,2019-09-28,4544990208
CMCSA,2019-10-05,4543949824
CMCSA,2019-10-10,4544990208
CMCSA,2019-10-23,4514409984
CMCSA,2019-10-28,4549250048
CMCSA,2019-11-05,4556369920
CMCSA,2019-11-07,4549250048
CMCSA,2019-11-08,4633209856
CMCSA,2019-11-09,4549250048
CMCSA,2019-11-14,4546229760
CMCSA,2019-11-15,4574410240
CMCSA,2019-11-16,4549250048
CMCSA,2019-11-21,4549250048
CMCSA,2019-12-06,4604669952
CMCSA,2019-12-07,4549250048
CMCSA,2019-12-11,4433160192
CMCSA,2019-12-13,4650899968
CMCSA,2019-12-15,4549250048
CMCSA,2019-12-17,4544030208
CMCSA,2019-12-18,4534620160
CMCSA,2019-12-19,4549250048
CMCSA,2020-01-08,4585639936
CMCSA,2020-01-09,4583880192
CMCSA,2020-01-10,4622580224
CMCSA,2020-01-13,4508160000
CMCSA,2020-01-14,4549250048
CMCSA,2020-02-03,4553030144
CMCSA,2020-02-07,4554059776
CMCSA,2020-02-08,4553030144
CMCSA,2020-02-10,4553030144
CMCSA,2020-02-12,4566289920
CMCSA,2020-02-14,4557980160
CMCSA,2020-02-15,4553030144
CMCSA,2020-03-06,4553030144
CMCSA,2020-04-28,4564160000
CMCSA,2020-08-03,4568099840
CMCSA,2020-08-28,4568099840
CMCSA,2020-09-05,4643140096
CMCSA,2020-11-03,4575320064
CMCSA,2020-11-07,4575320064
CMCSA,2020-11-26,4575320064
CMCSA,2020-12-01,4575320064
CMCSA,2021-02-05,4580660224
CMCSA,2021-03-17,4580660224
CMCSA,2021-04-23,4602129920
CMCSA,2021-04-24,4602970112
CMCSA,2021-04-28,4594290176
CMCSA,2021-07-03,4584840192
CMCSA,2021-07-14,4594290176
CMCSA,2021-07-15,4594290176
CMCSA,2021-07-31,4589740032
CMCSA,2021-08-02,4589740032
CMCSA,2021-08-04,4608650240
CMCSA,2021-08-18,4580290048
CMCSA,2021-08-25,4610549760
CMCSA,2021-08-26,4589740032
CMCSA,2021-10-06,4588930048
CMCSA,2021-10-07,4589740032
CMCSA,2021-10-19,4589740032
CMCSA,2021-10-23,4580290048
CMCSA,2021-10-26,4601619968
CMCSA,2021-11-02,4568920064
CMCSA,2021-11-03,4568920064
CMCSA,2021-11-05,4587990016
CMCSA,2021-11-06,4568920064
CMCSA,2022-02-05,4533230080
CMCSA,2022-02-11,4533230080
CMCSA,2022-03-15,4538270208
CMCSA,2022-03-16,4523789824
CMCSA,2022-03-19,4533230080
CMCSA,2022-03-23,4523789824
CMCSA,2022-03-24,4533230080
CMCSA,2022-04-12,4523789824
CMCSA,2022-04-13,4533230080
CMCSA,2022-04-26,4480010240
CMCSA,2022-05-04,4488889856
CMCSA,2022-05-06,4480010240
CMCSA,2022-07-29,4470569984
CMCSA,2022-08-01,4413239808
CMCSA,2022-08-24,4458270208
CMCSA,2022-09-02,4413239808
CMCSA,2022-09-23,4444499968
CMCSA,2022-09-24,4500559872
CMCSA,2022-09-25,4413239808
CMCSA,2022-10-04,4225929984
CMCSA,2022-10-05,4413239808
CMCSA,2022-10-08,4530840064
CMCSA,2022-10-09,4413239808
CMCSA,2022-10-21,4403789824
CMCSA,2022-10-23,4413239808
CMCSA,2022-10-25,4403789824
CMCSA,2022-10-26,4413239808
CMCSA,2022-10-29,4416000000
CMCSA,2022-11-01,4323409920
CMCSA,2022-11-04,4398830080
CMCSA,2022-11-05,4313959936
CMCSA,2022-11-12,4313959936
CMCSA,2022-11-13,4323409920
CMCSA,2022-11-24,4313959936
CMCSA,2022-11-25,4323409920
CMCSA,2022-12-30,4313959936
CMCSA,2022-12-31,4323409920
CMCSA,2023-02-04,4446720000
CMCSA,2023-02-05,4323409920
CMCSA,2023-02-07,4216059904
CMCSA,2023-03-18,4240630016
CMCSA,2023-03-21,4216059904
CMCSA,2023-04-05,4206609920
CMCSA,2023-04-07,4216059904
CMCSA,2023-04-21,4206609920
CMCSA,2023-04-22,4216059904
CMCSA,2023-04-28,4206609920
CMCSA,2023-04-29,4168829952
CMCSA,2023-05-03,4213349888
CMCSA,2023-05-04,4200430080
CMCSA,2023-05-06,4159379968
CMCSA,2023-05-07,4168829952
CMCSA,2023-05-09,4159379968
CMCSA,2023-05-11,4159379968
CMCSA,2023-05-16,4168829952
CMCSA,2023-06-02,4168829952
CMCSA,2023-06-22,4170880000
CMCSA,2023-06-24,4168829952
CMCSA,2023-07-06,4175859968
CMCSA,2023-07-07,4168829952
CMCSA,2023-07-12,4184770048
CMCSA,2023-07-13,4168829952
CMCSA,2023-07-21,4159379968
CMCSA,2023-07-22,4168829952
CMCSA,2023-08-22,4125129984
CMCSA,2023-08-23,4150479872
CMCSA,2023-08-24,4125129984
CMCSA,2023-10-04,4224800000
CMCSA,2023-10-05,4124179968
CMCSA,2023-10-10,4125129984
CMCSA,2023-10-11,4125129984
CMCSA,2023-10-12,4125129984
CMCSA,2023-10-13,4125129984
CMCSA,2023-10-14,4125129984
CMCSA,2023-10-17,4115689984
CMCSA,2023-10-18,4125129984
CMCSA,2023-10-19,4125129984
CMCSA,2023-10-20,4125129984
CMCSA,2023-10-24,4125129984
CMCSA,2023-10-25,4125129984
CMCSA,2023-10-27,4125129984
CMCSA,2023-10-28,4115689984
CMCSA,2023-10-31,4025080064
CMCSA,2023-11-02,4025080064
CMCSA,2023-11-04,4015640064
CMCSA,2023-11-08,4063379968
CMCSA,2023-11-09,4025080064
CMCSA,2023-11-15,4025080064
CMCSA,2023-11-22,4025080064
CMCSA,2023-11-23,4025080064
CMCSA,2023-11-29,4025080064
CMCSA,2023-11-30,4025080064
CMCSA,2023-12-03,4026030080
CMCSA,2023-12-05,4025080064
CMCSA,2023-12-06,4165280000
CMCSA,2023-12-15,4015640064
CMCSA,2023-12-16,4025080064
CMCSA,2023-12-21,4025080064
CMCSA,2023-12-22,4025080064
CMCSA,2023-12-23,4026909952
CMCSA,2023-12-26,4025080064
CMCSA,2023-12-28,4025080064
CMCSA,2023-12-29,4025080064
CMCSA,2024-01-04,4025080064
CMCSA,2024-01-05,4089280000
CMCSA,2024-01-06,4025080064
CMCSA,2024-01-12,4025080064
CMCSA,2024-01-17,4025080064
CMCSA,2024-01-18,4025080064
CMCSA,2024-01-19,4025080064
CMCSA,2024-01-20,4025080064
CMCSA,2024-01-23,4025080064
CMCSA,2024-01-24,4025080064
CMCSA,2024-01-26,4025080064
CMCSA,2024-01-30,4025080064
CMCSA,2024-02-02,3971859968
CMCSA,2024-02-07,3971859968
CMCSA,2024-02-09,4126880000
CMCSA,2024-02-10,3962409984
CMCSA,2024-02-13,3971859968
CMCSA,2024-02-14,3971859968
CMCSA,2024-02-21,3971859968
CMCSA,2024-02-22,3971859968
CMCSA,2024-02-24,3971859968
CMCSA,2024-02-27,3971859968
CMCSA,2024-02-28,3971859968
CMCSA,2024-03-01,3971859968
CMCSA,2024-03-05,4062990080
CMCSA,2024-03-09,3971859968
CMCSA,2024-03-12,3962409984
CMCSA,2024-03-14,3971859968
CMCSA,2024-03-15,3971859968
CMCSA,2024-03-16,3979419904
CMCSA,2024-03-20,3971859968
CMCSA,2024-03-21,3971859968
CMCSA,2024-03-23,3984399872
CMCSA,2024-03-26,3981169920
CMCSA,2024-03-27,3971859968
CMCSA,2024-03-28,3962409984
CMCSA,2024-03-29,3971859968
CMCSA,2024-04-02,3971859968
CMCSA,2024-04-04,3996709888
CMCSA,2024-04-05,3971859968
CMCSA,2024-04-06,3971859968
CMCSA,2024-04-09,3989410048
CMCSA,2024-04-10,3971859968
CMCSA,2024-04-12,4047520000
CMCSA,2024-04-13,3971859968
CMCSA,2024-04-16,3965809920
CMCSA,2024-04-17,4006400000
CMCSA,2024-04-23,3971859968
CMCSA,2024-04-25,4217280000
CMCSA,2024-04-26,3971859968
CMCSA,2024-04-27,3971859968
CMCSA,2024-04-30,3943229952
CMCSA,2024-05-01,3923630080
CMCSA,2024-05-04,3914180096
CMCSA,2024-05-07,3923630080
CMCSA,2024-05-10,3923630080
CMCSA,2024-05-11,3914180096
CMCSA,2024-05-18,3923630080
CMCSA,2024-05-20,3929629952
CMCSA,2024-05-21,3923630080
CMCSA,2024-05-23,3955909888
CMCSA,2024-05-24,3944930048
CMCSA,2024-05-30,3923630080
CMCSA,2024-05-31,3914180096
CMCSA,2024-06-05,3924620032
CMCSA,2024-06-07,3923630080
CMCSA,2024-06-12,3972770048
CMCSA,2024-06-13,3923630080
CMCSA,2024-06-15,3938299904
CMCSA,2024-06-18,3923630080
CMCSA,2024-06-21,3914180096
CMCSA,2024-06-25,3923630080
CMCSA,2024-06-26,3923630080
CMCSA,2024-06-27,3923630080
CMCSA,2024-06-28,3915429888
CMCSA,2024-06-29,3923630080
CMCSA,2024-07-02,3923630080
CMCSA,2024-07-03,3924649984
CMCSA,2024-07-10,3932009984
CMCSA,2024-07-11,3923630080
CMCSA,2024-07-12,3923630080
CMCSA,2024-07-16,3914180096
CMCSA,2024-07-17,3923630080
CMCSA,2024-07-18,3914180096
CMCSA,2024-07-19,3929499904
CMCSA,2024-07-20,3923630080
CMCSA,2024-07-24,3872499968
CMCSA,2024-07-25,3863059968
CMCSA,2024-07-26,3872499968
CMCSA,2024-07-30,3872499968
CMCSA,2024-07-31,3872499968
CMCSA,2024-08-01,3872499968
CMCSA,2024-08-07,3872499968
CMCSA,2024-08-09,3872499968
CMCSA,2024-08-13,3927780096
CMCSA,2024-08-14,3872499968
CMCSA,2024-08-15,3872499968
CMCSA,2024-08-16,3872499968
CMCSA,2024-08-17,3872499968
CMCSA,2024-08-21,3872499968
CMCSA,2024-08-22,3872499968
CMCSA,2024-08-27,3872499968
CMCSA,2024-08-30,3872499968
CMCSA,2024-08-31,3872499968
CMCSA,2024-09-03,3872499968
CMCSA,2024-09-04,3872499968
CMCSA,2024-09-05,3872499968
CMCSA,2024-09-07,3872499968
CMCSA,2024-09-10,3872499968
CMCSA,2024-09-11,3872499968
CMCSA,2024-09-12,3918560000
CMCSA,2024-09-13,3872499968
CMCSA,2024-09-17,3872499968
CMCSA,2024-09-21,3887950080
CMCSA,2024-09-24,3872499968
CMCSA,2024-09-26,3872499968
CMCSA,2024-09-27,3872499968
CMCSA,2024-09-30,3863059968
CMCSA,2024-10-01,3872499968
CMCSA,2024-10-02,3872499968
CMCSA,2024-10-03,3872499968
CMCSA,2024-10-05,3872499968
CMCSA,2024-10-08,3872499968
CMCSA,2024-10-10,3872499968
CMCSA,2024-10-11,3872499968
CMCSA,2024-10-12,3872499968
CMCSA,2024-10-15,3872499968
CMCSA,2024-10-16,3874340096
CMCSA,2024-10-17,3872499968
CMCSA,2024-10-18,3870670080
CMCSA,2024-10-19,3872499968
CMCSA,2024-10-22,3872499968
CMCSA,2024-10-24,3863200000
CMCSA,2024-10-26,3863059968
CMCSA,2024-10-29,3872499968
CMCSA,2024-10-30,3872499968
CMCSA,2024-10-31,3872499968
CMCSA,2024-11-01,3863059968
CMCSA,2024-11-02,3826540032
CMCSA,2024-11-05,3919209984
CMCSA,2024-11-06,3823840000
CMCSA,2024-11-08,3826540032
CMCSA,2024-11-12,3826540032
CMCSA,2024-11-13,3840440064
CMCSA,2024-11-14,3826540032
CMCSA,2024-11-16,3826540032
CMCSA,2024-11-19,3817100032
CMCSA,2024-11-20,3826540032
CMCSA,2024-11-21,3826540032
CMCSA,2024-11-23,3826540032
CMCSA,2024-11-26,3826540032
CMCSA,2024-11-30,3817100032
CMCSA,2024-12-03,3826540032
CMCSA,2024-12-04,3864930048
CMCSA,2024-12-05,3826540032
CMCSA,2024-12-06,3826540032
CMCSA,2024-12-11,3826540032
CMCSA,2024-12-12,3826540032
CMCSA,2024-12-13,3817100032
CMCSA,2024-12-14,3826540032
CMCSA,2024-12-18,3826540032
CMCSA,2024-12-19,3826540032
CMCSA,2024-12-20,3826540032
CMCSA,2024-12-21,3826540032
CMCSA,2024-12-25,3826540032
CMCSA,2024-12-27,3826540032
CMCSA,2024-12-31,3826540032
CMCSA,2025-01-01,3826540032
CMCSA,2025-01-04,3826540032
CMCSA,2025-01-07,3844910080
CMCSA,2025-01-11,3826540032
CMCSA,2025-01-14,3826540032
CMCSA,2025-01-17,3826540032
CMCSA,2025-01-22,3826540032
CMCSA,2025-01-23,3826540032
CMCSA,2025-01-25,3826540032
CMCSA,2025-01-28,3826540032
CMCSA,2025-01-30,3826540032
CMCSA,2025-02-01,3817100032
CMCSA,2025-02-04,3781019904
CMCSA,2025-02-08,3792019968
CMCSA,2025-02-13,3816770048
CMCSA,2025-02-15,3781019904
CMCSA,2025-02-21,3781019904
CMCSA,2025-02-22,3781019904
CMCSA,2025-02-25,3781019904
CMCSA,2025-02-28,3781019904
CMCSA,2025-03-01,3781019904
CMCSA,2025-03-04,3771579904
CMCSA,2025-03-07,3781019904
CMCSA,2025-03-11,3935990016
CMCSA,2025-03-12,3781019904
CMCSA,2025-03-13,3781019904
CMCSA,2025-03-14,3781019904
CMCSA,2025-03-15,3781019904
CMCSA,2025-03-18,3781019904
CMCSA,2025-03-19,3772640000
CMCSA,2025-03-20,3781019904
CMCSA,2025-03-21,3781019904
CMCSA,2025-03-22,3771579904
CMCSA,2025-03-27,3771579904
CMCSA,2025-04-01,3771579904
CMCSA,2025-04-08,3781019904
CMCSA,2025-04-09,3781019904
CMCSA,2025-04-10,3949420032
CMCSA,2025-04-11,3781019904
CMCSA,2025-04-14,3771579904
CMCSA,2025-04-15,3781019904
CMCSA,2025-04-22,3827160064
CMCSA,2025-04-23,3781019904
CMCSA,2025-04-24,3771579904
CMCSA,2025-04-26,3724260096
CMCSA,2025-04-29,3733700096
CMCSA,2025-05-01,3733700096
CMCSA,2025-05-02,3733700096
CMCSA,2025-05-06,3733700096
CMCSA,2025-05-07,3733700096
CMCSA,2025-05-09,3733700096
CMCSA,2025-05-10,3733700096
CMCSA,2025-05-13,3733700096
CMCSA,2025-05-14,3758550016
CMCSA,2025-05-15,3733700096
CMCSA,2025-05-16,3733700096
CMCSA,2025-05-17,3733700096
CMCSA,2025-05-24,3733700096
CMCSA,2025-05-28,3733700096
CMCSA,2025-05-29,3733700096
CMCSA,2025-05-30,3733700096
CMCSA,2025-05-31,3733700096
CMCSA,2025-06-06,3733700096
CMCSA,2025-06-07,3733700096
CMCSA,2025-06-10,3733700096
CMCSA,2025-06-11,3733700096
CMCSA,2025-06-13,3733700096
CMCSA,2025-06-14,3733700096
CMCSA,2025-06-17,3733700096
CMCSA,2025-06-18,3733700096
CMCSA,2025-06-19,3733700096
CMCSA,2025-06-27,3733700096
CMCSA,2025-06-28,3733700096
CMCSA,2025-07-03,3733700096
CMCSA,2025-07-08,3733700096
CMCSA,2025-07-09,3733700096
CMCSA,2025-07-10,3733700096
CMCSA,2025-07-11,3733700096
CMCSA,2025-07-12,3733700096
CMCSA,2025-07-17,3733700096
CMCSA,2025-07-23,3733700096
CMCSA,2025-07-25,3733700096
CMCSA,2025-07-26,3733700096
CMCSA,2025-07-29,3733700096
CMCSA,2025-07-30,3733700096
CMCSA,2025-07-31,3733700096
CMCSA,2025-08-01,3733700096
CMCSA,2025-08-02,3692209920
CMCSA,2025-08-07,3692209920
CMCSA,2025-08-08,3749329920
CMCSA,2025-08-12,3692209920
CMCSA,2025-08-22,3692209920
CMCSA,2025-08-28,3692209920
CMCSA,2025-08-29,3692209920
CMCSA,2025-08-30,3692209920
CMCSA,2025-09-05,3692209920
CMCSA,2025-09-10,3692209920
CMCSA,2025-09-11,3692209920
CMCSA,2025-09-16,3692209920
CMCSA,2025-09-17,3692206502
CMCSA,2025-09-19,3692206502
CMCSA,2025-09-20,3692206502
CMCSA,2025-09-23,3703931515
CMCSA,2025-09-25,3692206502
CMCSA,2025-09-26,3691038821
CMCSA,2025-09-27,3692206502
CMCSA,2025-09-30,3719174031
CMCSA,2025-10-01,3727459906
CMCSA,2025-10-02,3785287338
CMCSA,2025-10-06,3682762127
CMCSA,2025-10-07,3692206502
CMCSA,2025-10-08,3692206502
CMCSA,2025-10-09,3692206502
CMCSA,2025-10-10,3692206502
CMCSA,2025-10-11,3692206502
CMCSA,2025-10-15,3692206502
CMCSA,2025-10-16,3692206502
CMCSA,2025-10-17,3692206502
CMCSA,2025-10-18,3692206502
CMCSA,2025-10-20,3688460604
CMCSA,2025-10-22,3682762127
CMCSA,2025-10-23,3692206502
CMCSA,2025-10-24,3704807889
CMCSA,2025-10-25,3692206502
CMCSA,2025-10-27,3682762127
CMCSA,2025-10-28,3692206502
CMCSA,2025-10-30,3692206502
CMCSA,2025-10-31,3692206502
CMCSA,2025-11-01,3643894505
CMCSA,2025-11-04,3643894505
CMCSA,2025-11-05,3643894505
CMCSA,2025-11-06,3643894505
CMCSA,2025-11-07,3643894505
CMCSA,2025-11-08,3643894505
CMCSA,2025-11-15,3704824766
CMCSA,2025-11-17,3692206502
CMCSA,2026-01-06,3941164648
CMCSA,2026-02-05,3643894506
CMCSA,2026-04-24,3572228557
CMCSA,2026-07-25,3548636573
TMUS,2019-01-05,848380992
TMUS,2019-01-07,848380992
TMUS,2019-01-09,848380992
TMUS,2019-01-10,848380992
TMUS,2019-01-12,848380992
TMUS,2019-01-14,848380992
TMUS,2019-01-16,848380992
TMUS,2019-01-17,848380992
TMUS,2019-01-20,848380992
TMUS,2019-01-22,848380992
TMUS,2019-01-24,848380992
TMUS,2019-01-25,848380992
TMUS,2019-01-26,848380992
TMUS,2019-01-28,848380992
TMUS,2019-01-30,848380992
TMUS,2019-02-04,848380992
TMUS,2019-02-07,848380992
TMUS,2019-02-10,850220992
TMUS,2019-02-11,850220992
TMUS,2019-02-14,850220992
TMUS,2019-02-15,850220992
TMUS,2019-02-18,850220992
TMUS,2019-02-20,850220992
TMUS,2019-03-01,850220992
TMUS,2019-03-09,850220992
TMUS,2019-03-11,850220992
TMUS,2019-03-15,850220992
TMUS,2019-03-18,850220992
TMUS,2019-03-27,850220992
TMUS,2019-03-30,850220992
TMUS,2019-04-02,850220992
TMUS,2019-04-05,850220992
TMUS,2019-04-11,850220992
TMUS,2019-04-14,850220992
TMUS,2019-04-15,850220992
TMUS,2019-04-17,850220992
TMUS,2019-04-19,850220992
TMUS,2019-04-21,850220992
TMUS,2019-04-23,850220992
TMUS,2019-04-29,854302976
TMUS,2019-05-01,854302976
TMUS,2019-05-02,854302976
TMUS,2019-05-03,854302976
TMUS,2019-05-05,854302976
TMUS,2019-05-07,854302976
TMUS,2019-05-09,854302976
TMUS,2019-05-11,854302976
TMUS,2019-05-12,854302976
TMUS,2019-05-13,854302976
TMUS,2019-05-19,854302976
TMUS,2019-05-20,854302976
TMUS,2019-05-22,854302976
TMUS,2019-05-28,854302976
TMUS,2019-06-01,854302976
TMUS,2019-06-03,854302976
TMUS,2019-06-04,854302976
TMUS,2019-06-05,854302976
TMUS,2019-06-06,854302976
TMUS,2019-06-10,854302976
TMUS,2019-06-11,854302976
TMUS,2019-06-12,854302976
TMUS,2019-06-17,854302976
TMUS,2019-06-19,854302976
TMUS,2019-06-21,854302976
TMUS,2019-06-23,854302976
TMUS,2019-06-24,854302976
TMUS,2019-06-26,865299968
TMUS,2019-06-27,854302976
TMUS,2019-07-05,850472000
TMUS,2019-07-06,854302976
TMUS,2019-07-10,852161984
TMUS,2019-07-11,893864000
TMUS,2019-07-12,850283008
TMUS,2019-07-13,854302976
TMUS,2019-07-29,854452992
TMUS,2019-07-30,854457024
TMUS,2019-08-05,871825024
TMUS,2019-08-06,854457024
TMUS,2019-08-07,871728000
TMUS,2019-08-08,857708992
TMUS,2019-08-09,870321984
TMUS,2019-08-10,854457024
TMUS,2019-08-30,844051968
TMUS,2019-09-02,843619008
TMUS,2019-09-04,854457024
TMUS,2019-09-06,856872000
TMUS,2019-09-09,842582016
TMUS,2019-09-11,850860032
TMUS,2019-09-12,854457024
TMUS,2019-09-20,863841984
TMUS,2019-09-21,854457024
TMUS,2019-10-04,847635008
TMUS,2019-10-08,854457024
TMUS,2019-10-21,860254976
TMUS,2019-10-22,854457024
TMUS,2019-10-30,855574976
TMUS,2019-11-05,857545984
TMUS,2019-11-06,873971968
TMUS,2019-11-07,855574976
TMUS,2019-11-08,865513984
TMUS,2019-11-09,855574976
TMUS,2019-11-14,861542016
TMUS,2019-11-15,843174976
TMUS,2019-11-16,855574976
TMUS,2019-11-20,855574976
TMUS,2019-12-18,855801984
TMUS,2019-12-19,855574976
TMUS,2020-01-07,860172032
TMUS,2020-01-08,855248000
TMUS,2020-01-09,864281024
TMUS,2020-01-11,860995008
TMUS,2020-01-12,855574976
TMUS,2020-02-07,865825984
TMUS,2020-02-08,855574976
TMUS,2020-02-10,856932992
TMUS,2020-02-12,957902976
TMUS,2020-02-13,856932992
TMUS,2020-03-09,837859968
TMUS,2020-03-10,856932992
TMUS,2020-04-03,1235929984
TMUS,2020-04-23,1234489984
TMUS,2020-05-08,1235760000
TMUS,2020-05-21,1241560064
TMUS,2020-06-24,1237240064
TMUS,2020-06-26,1238800000
TMUS,2020-08-04,1238800000
TMUS,2020-08-06,1258550016
TMUS,2020-08-17,1257560064
TMUS,2020-08-28,1257560064
TMUS,2020-09-05,1257560064
TMUS,2020-09-06,1257560064
TMUS,2020-09-21,1271069952
TMUS,2020-09-22,1257560064
TMUS,2020-10-05,1232349952
TMUS,2020-11-07,1257560064
TMUS,2020-11-09,1241190016
TMUS,2020-11-26,1241190016
TMUS,2021-02-07,1241810048
TMUS,2021-02-08,1241810048
TMUS,2021-02-25,1242800000
TMUS,2021-03-17,1236380032
TMUS,2021-04-14,1242800000
TMUS,2021-04-23,1246480000
TMUS,2021-04-24,1231619968
TMUS,2021-04-27,1246809984
TMUS,2021-05-06,1246860032
TMUS,2021-07-31,1247920000
TMUS,2021-08-02,1246860032
TMUS,2021-08-04,1247920000
TMUS,2021-08-05,1247970048
TMUS,2021-08-31,1252310016
TMUS,2021-09-01,1255980032
TMUS,2021-09-02,1247970048
TMUS,2021-09-11,1253980032
TMUS,2021-10-05,1260899968
TMUS,2021-10-06,1248560000
TMUS,2021-10-19,1249880064
TMUS,2021-10-20,1247970048
TMUS,2021-10-26,1258089984
TMUS,2021-10-27,1247970048
TMUS,2021-11-04,1249049984
TMUS,2022-02-05,1249209984
TMUS,2022-02-11,1249209984
TMUS,2022-02-15,1249289984
TMUS,2022-03-04,1266329984
TMUS,2022-03-05,1249289984
TMUS,2022-05-01,1253570048
TMUS,2022-05-02,1253570048
TMUS,2022-05-04,1255059968
TMUS,2022-05-06,1253570048
TMUS,2022-05-10,1253580032
TMUS,2022-05-11,1253580032
TMUS,2022-06-03,1265139968
TMUS,2022-06-04,1253580032
TMUS,2022-07-27,1259670016
TMUS,2022-07-28,1254009984
TMUS,2022-07-29,1254009984
TMUS,2022-08-02,1254040064
TMUS,2022-09-02,1254040064
TMUS,2022-10-30,1244150016
TMUS,2023-02-08,1233959936
TMUS,2023-02-16,1219379968
TMUS,2023-03-08,1226640000
TMUS,2023-03-09,1219379968
TMUS,2023-03-30,1228089984
TMUS,2023-04-01,1221660032
TMUS,2023-04-04,1219379968
TMUS,2023-04-07,1204999936
TMUS,2023-05-03,1199890048
TMUS,2023-05-04,1203750016
TMUS,2023-05-06,1199890048
TMUS,2023-07-12,1214460032
TMUS,2023-07-15,1199890048
TMUS,2023-08-21,1176460032
TMUS,2023-10-13,1192960000
TMUS,2023-10-15,1176460032
TMUS,2023-10-20,1176460032
TMUS,2023-10-21,1176460032
TMUS,2023-10-24,1176460032
TMUS,2023-10-26,1161980032
TMUS,2023-10-27,1156480000
TMUS,2023-11-01,1156480000
TMUS,2023-11-02,1156480000
TMUS,2023-11-03,1156480000
TMUS,2023-11-04,1156480000
TMUS,2023-11-07,1156480000
TMUS,2023-11-08,1158050048
TMUS,2023-11-09,1156480000
TMUS,2023-11-11,1156480000
TMUS,2023-11-16,1156480000
TMUS,2023-11-17,1156480000
TMUS,2023-11-22,1156480000
TMUS,2023-11-23,1156480000
TMUS,2023-11-28,1156480000
TMUS,2023-11-29,1156480000
TMUS,2023-11-30,1156480000
TMUS,2023-12-01,1156480000
TMUS,2023-12-02,1156480000
TMUS,2023-12-03,1156550016
TMUS,2023-12-05,1156480000
TMUS,2023-12-07,1156480000
TMUS,2023-12-08,1156480000
TMUS,2023-12-14,1156480000
TMUS,2023-12-15,1176050048
TMUS,2023-12-16,1156480000
TMUS,2023-12-19,1156480000
TMUS,2023-12-20,1156480000
TMUS,2023-12-22,1156480000
TMUS,2023-12-23,1156480000
TMUS,2023-12-26,1156480000
TMUS,2023-12-28,1156480000
TMUS,2023-12-30,1156480000
TMUS,2024-01-03,1156480000
TMUS,2024-01-04,1156480000
TMUS,2024-01-05,1156480000
TMUS,2024-01-06,1156480000
TMUS,2024-01-09,1156480000
TMUS,2024-01-10,1156480000
TMUS,2024-01-12,1156480000
TMUS,2024-01-13,1156480000
TMUS,2024-01-17,1156480000
TMUS,2024-01-18,1156480000
TMUS,2024-01-20,1156480000
TMUS,2024-01-24,1156480000
TMUS,2024-01-26,1195810048
TMUS,2024-01-27,1195810048
TMUS,2024-01-30,1195810048
TMUS,2024-02-03,1195810048
TMUS,2024-02-04,1195810048
TMUS,2024-02-06,1186870016
TMUS,2024-02-08,1186870016
TMUS,2024-02-09,1186870016
TMUS,2024-02-10,1186870016
TMUS,2024-02-14,1186870016
TMUS,2024-02-21,1186870016
TMUS,2024-02-22,1186870016
TMUS,2024-02-27,1186870016
TMUS,2024-03-01,1186870016
TMUS,2024-03-04,1187090048
TMUS,2024-03-05,1186870016
TMUS,2024-03-07,1186870016
TMUS,2024-03-12,1186870016
TMUS,2024-03-15,1186870016
TMUS,2024-03-16,1186870016
TMUS,2024-03-20,1186870016
TMUS,2024-03-21,1186870016
TMUS,2024-03-22,1188560000
TMUS,2024-03-26,1186870016
TMUS,2024-03-28,1186870016
TMUS,2024-03-29,1186870016
TMUS,2024-04-02,1186870016
TMUS,2024-04-03,1186870016
TMUS,2024-04-04,1186870016
TMUS,2024-04-05,1186870016
TMUS,2024-04-06,1186870016
TMUS,2024-04-09,1186870016
TMUS,2024-04-10,1186870016
TMUS,2024-04-11,1186870016
TMUS,2024-04-16,1186870016
TMUS,2024-04-17,1186870016
TMUS,2024-04-19,1186870016
TMUS,2024-04-20,1186870016
TMUS,2024-04-23,1186870016
TMUS,2024-04-24,1186870016
TMUS,2024-04-25,1186870016
TMUS,2024-04-26,1186870016
TMUS,2024-04-27,1186870016
TMUS,2024-04-30,1184770048
TMUS,2024-05-01,1171849984
TMUS,2024-05-02,1171849984
TMUS,2024-05-04,1174060032
TMUS,2024-05-06,1187879936
TMUS,2024-05-07,1171849984
TMUS,2024-05-09,1171849984
TMUS,2024-05-10,1171849984
TMUS,2024-05-11,1175490048
TMUS,2024-05-15,1178640000
TMUS,2024-05-16,1171849984
TMUS,2024-05-23,1171849984
TMUS,2024-05-24,1175619968
TMUS,2024-05-29,1171849984
TMUS,2024-05-31,1171849984
TMUS,2024-06-01,1171849984
TMUS,2024-06-07,1171849984
TMUS,2024-06-11,1171849984
TMUS,2024-06-12,1186899968
TMUS,2024-06-13,1202729984
TMUS,2024-06-15,1175120000
TMUS,2024-06-18,1175120000
TMUS,2024-06-19,1175120000
TMUS,2024-06-21,1175120000
TMUS,2024-06-22,1175120000
TMUS,2024-06-28,1175120000
TMUS,2024-07-03,1175120000
TMUS,2024-07-04,1175120000
TMUS,2024-07-06,1175120000
TMUS,2024-07-10,1175910016
TMUS,2024-07-11,1175120000
TMUS,2024-07-12,1175120000
TMUS,2024-07-13,1175120000
TMUS,2024-07-16,1175120000
TMUS,2024-07-17,1175120000
TMUS,2024-07-18,1175120000
TMUS,2024-07-20,1175120000
TMUS,2024-07-24,1175120000
TMUS,2024-07-25,1186659968
TMUS,2024-07-26,1175120000
TMUS,2024-08-01,1166780032
TMUS,2024-08-03,1166780032
TMUS,2024-08-06,1166780032
TMUS,2024-08-07,1166780032
TMUS,2024-08-10,1166780032
TMUS,2024-08-13,1166780032
TMUS,2024-08-14,1166780032
TMUS,2024-08-15,1166780032
TMUS,2024-08-16,1166780032
TMUS,2024-08-17,1166780032
TMUS,2024-08-23,1166780032
TMUS,2024-08-24,1166780032
TMUS,2024-08-28,1166780032
TMUS,2024-08-29,1166780032
TMUS,2024-08-30,1166780032
TMUS,2024-08-31,1166780032
TMUS,2024-09-03,1166780032
TMUS,2024-09-04,1166780032
TMUS,2024-09-06,1176370048
TMUS,2024-09-07,1166780032
TMUS,2024-09-11,1166780032
TMUS,2024-09-12,1166780032
TMUS,2024-09-13,1166780032
TMUS,2024-09-18,1184920064
TMUS,2024-09-21,1166780032
TMUS,2024-09-24,1166780032
TMUS,2024-09-25,1166780032
TMUS,2024-09-26,1166780032
TMUS,2024-09-28,1166780032
TMUS,2024-10-02,1166780032
TMUS,2024-10-03,1166780032
TMUS,2024-10-04,1167059968
TMUS,2024-10-05,1166780032
TMUS,2024-10-09,1166780032
TMUS,2024-10-12,1166780032
TMUS,2024-10-16,1166840064
TMUS,2024-10-17,1166780032
TMUS,2024-10-18,1166780032
TMUS,2024-10-19,1166780032
TMUS,2024-10-22,1166780032
TMUS,2024-10-25,1160489984
TMUS,2024-10-29,1160489984
TMUS,2024-10-30,1160489984
TMUS,2024-10-31,1160489984
TMUS,2024-11-07,1160489984
TMUS,2024-11-08,1163640064
TMUS,2024-11-12,1160489984
TMUS,2024-11-16,1160489984
TMUS,2024-11-20,1160489984
TMUS,2024-11-23,1160489984
TMUS,2024-11-28,1160489984
TMUS,2024-11-30,1160489984
TMUS,2024-12-04,1160489984
TMUS,2024-12-06,1160489984
TMUS,2024-12-13,1165810048
TMUS,2024-12-14,1160489984
TMUS,2024-12-17,1160489984
TMUS,2024-12-18,1160489984
TMUS,2024-12-21,1160489984
TMUS,2024-12-25,1160489984
TMUS,2024-12-27,1160489984
TMUS,2025-01-01,1160489984
TMUS,2025-01-07,1197260032
TMUS,2025-01-09,1160489984
TMUS,2025-01-11,1183660032
TMUS,2025-01-15,1160489984
TMUS,2025-01-17,1160489984
TMUS,2025-01-18,1160489984
TMUS,2025-01-25,1160489984
TMUS,2025-01-28,1160489984
TMUS,2025-01-30,1144579968
TMUS,2025-01-31,1144579968
TMUS,2025-02-01,1144579968
TMUS,2025-02-04,1166889984
TMUS,2025-02-07,1141740032
TMUS,2025-02-08,1146060032
TMUS,2025-02-13,1141740032
TMUS,2025-02-14,1141740032
TMUS,2025-02-15,1141740032
TMUS,2025-02-20,1141740032
TMUS,2025-02-21,1141740032
TMUS,2025-02-26,1141740032
TMUS,2025-02-27,1171890048
TMUS,2025-02-28,1141740032
TMUS,2025-03-04,1141740032
TMUS,2025-03-05,1141740032
TMUS,2025-03-06,1141740032
TMUS,2025-03-11,1141740032
TMUS,2025-03-14,1141740032
TMUS,2025-03-15,1141740032
TMUS,2025-03-20,1141740032
TMUS,2025-03-21,1141740032
TMUS,2025-03-22,1147059968
TMUS,2025-03-26,1141740032
TMUS,2025-03-27,1141740032
TMUS,2025-03-28,1141740032
TMUS,2025-03-29,1141740032
TMUS,2025-04-01,1141740032
TMUS,2025-04-02,1141740032
TMUS,2025-04-05,1141740032
TMUS,2025-04-10,1141740032
TMUS,2025-04-12,1141740032
TMUS,2025-04-15,1141740032
TMUS,2025-04-16,1141740032
TMUS,2025-04-17,1141740032
TMUS,2025-04-22,1175049984
TMUS,2025-04-23,1153120000
TMUS,2025-04-26,1280269952
TMUS,2025-04-29,1135449984
TMUS,2025-04-30,1135449984
TMUS,2025-05-02,1135449984
TMUS,2025-05-09,1135449984
TMUS,2025-05-10,1152579968
TMUS,2025-05-13,1135449984
TMUS,2025-05-15,1135449984
TMUS,2025-05-21,1135449984
TMUS,2025-05-22,1135449984
TMUS,2025-05-23,1135449984
TMUS,2025-05-24,1135449984
TMUS,2025-05-28,1135449984
TMUS,2025-05-29,1144140032
TMUS,2025-05-30,1135449984
TMUS,2025-05-31,1135449984
TMUS,2025-06-03,1135449984
TMUS,2025-06-05,1135449984
TMUS,2025-06-06,1135449984
TMUS,2025-06-07,1135449984
TMUS,2025-06-10,1173190016
TMUS,2025-06-11,1140089984
TMUS,2025-06-14,1138930048
TMUS,2025-06-17,1135449984
TMUS,2025-06-18,1135449984
TMUS,2025-06-19,1135449984
TMUS,2025-06-21,1135449984
TMUS,2025-06-24,1135449984
TMUS,2025-06-26,1135449984
TMUS,2025-07-08,1150349952
TMUS,2025-07-09,1135449984
TMUS,2025-07-10,1153330048
TMUS,2025-07-11,1137389952
TMUS,2025-07-12,1135449984
TMUS,2025-07-17,1135449984
TMUS,2025-07-18,1135449984
TMUS,2025-07-19,1135449984
TMUS,2025-07-23,1135449984
TMUS,2025-07-25,1125420032
TMUS,2025-07-26,1125420032
TMUS,2025-07-29,1125420032
TMUS,2025-07-30,1125420032
TMUS,2025-07-31,1125420032
TMUS,2025-08-01,1125420032
TMUS,2025-08-05,1125420032
TMUS,2025-08-13,1125420032
TMUS,2025-08-20,1125420032
TMUS,2025-08-27,1125420032
TMUS,2025-08-29,1125420032
TMUS,2025-08-30,1125420032
TMUS,2025-09-04,1125420032
TMUS,2025-09-05,1127830016
TMUS,2025-09-09,1125420032
TMUS,2025-09-12,1125420032
TMUS,2025-09-13,1125420032
TMUS,2025-09-16,1125420032
TMUS,2025-09-17,1125419038
TMUS,2025-09-18,1125419038
TMUS,2025-09-19,1125419038
TMUS,2025-09-20,1128537720
TMUS,2025-09-23,1128879095
TMUS,2025-09-25,1125419038
TMUS,2025-09-26,1125419038
TMUS,2025-09-30,1125419038
TMUS,2025-10-02,1145731197
TMUS,2025-10-03,1125419038
TMUS,2025-10-08,1125419038
TMUS,2025-10-09,1125419038
TMUS,2025-10-10,1125419038
TMUS,2025-10-11,1125419038
TMUS,2025-10-15,1125419038
TMUS,2025-10-17,1125419038
TMUS,2025-10-18,1125419038
TMUS,2025-10-20,1125419038
TMUS,2025-10-22,1126647232
TMUS,2025-10-23,1125419038
TMUS,2025-10-24,1129908953
TMUS,2025-10-25,1118506626
TMUS,2025-10-28,1118506626
TMUS,2025-10-30,1118506626
TMUS,2025-10-31,1118506626
TMUS,2025-11-01,1121701599
TMUS,2025-11-05,1118506626
TMUS,2025-11-06,1118506626
TMUS,2025-11-11,1118506626
TMUS,2025-11-12,1118506626
TMUS,2025-11-13,1118506626
TMUS,2025-11-15,1118506626
TMUS,2025-11-17,1125419039
TMUS,2026-02-13,1118506626
TMUS,2026-04-23,1101862739
TMUS,2026-04-29,1083161329
TMUS,2026-04-30,1082204717
TMUS,2026-07-24,1072671613
LLY,2019-01-05,982833024
LLY,2019-01-07,982833024
LLY,2019-01-09,982833024
LLY,2019-01-10,982833024
LLY,2019-01-12,982833024
LLY,2019-01-14,982833024
LLY,2019-01-16,982833024
LLY,2019-01-17,982833024
LLY,2019-01-20,982833024
LLY,2019-01-22,982833024
LLY,2019-01-25,982833024
LLY,2019-01-26,982833024
LLY,2019-01-28,982833024
LLY,2019-01-30,982833024
LLY,2019-02-04,1008720000
LLY,2019-02-07,1008720000
LLY,2019-02-11,1008720000
LLY,2019-02-13,1008720000
LLY,2019-02-14,1008720000
LLY,2019-02-15,1008720000
LLY,2019-02-17,1008720000
LLY,2019-02-18,1008720000
LLY,2019-02-20,1035420032
LLY,2019-02-28,1035420032
LLY,2019-03-01,1035420032
LLY,2019-03-07,1035420032
LLY,2019-03-09,1035420032
LLY,2019-03-10,1035420032
LLY,2019-03-11,1035420032
LLY,2019-03-14,1035420032
LLY,2019-03-15,1035420032
LLY,2019-03-17,970417984
LLY,2019-03-18,970417984
LLY,2019-03-26,970214016
LLY,2019-03-27,970214016
LLY,2019-03-29,970419968
LLY,2019-04-01,970817984
LLY,2019-04-02,970817984
LLY,2019-04-05,970817984
LLY,2019-04-09,970817984
LLY,2019-04-11,970817984
LLY,2019-04-14,970817984
LLY,2019-04-15,970817984
LLY,2019-04-17,970817984
LLY,2019-04-19,970817984
LLY,2019-04-21,970817984
LLY,2019-04-23,970817984
LLY,2019-04-29,970817984
LLY,2019-05-01,970817984
LLY,2019-05-02,970817984
LLY,2019-05-03,970817984
LLY,2019-05-05,920830976
LLY,2019-05-07,920830976
LLY,2019-05-09,920830976
LLY,2019-05-11,920830976
LLY,2019-05-12,920830976
LLY,2019-05-13,920830976
LLY,2019-05-19,920830976
LLY,2019-05-20,920830976
LLY,2019-05-22,920830976
LLY,2019-05-28,920830976
LLY,2019-06-01,920830976
LLY,2019-06-03,920830976
LLY,2019-06-04,920830976
LLY,2019-06-05,920830976
LLY,2019-06-06,920830976
LLY,2019-06-10,920830976
LLY,2019-06-11,920830976
LLY,2019-06-12,920830976
LLY,2019-06-17,920830976
LLY,2019-06-19,920830976
LLY,2019-06-21,920830976
LLY,2019-06-23,920830976
LLY,2019-06-24,920830976
LLY,2019-06-26,970830976
LLY,2019-07-01,964908992
LLY,2019-07-03,983403008
LLY,2019-07-04,970830976
LLY,2019-07-05,968963968
LLY,2019-07-06,970830976
LLY,2019-07-10,946225024
LLY,2019-07-11,983280000
LLY,2019-07-12,930905984
LLY,2019-07-13,970830976
LLY,2019-08-05,954337024
LLY,2019-08-06,970830976
LLY,2019-08-07,1003960000
LLY,2019-08-08,986835968
LLY,2019-08-09,990193984
LLY,2019-08-10,965433024
LLY,2019-08-30,954424000
LLY,2019-09-02,948340992
LLY,2019-09-04,965433024
LLY,2019-09-06,951700992
LLY,2019-09-09,956291008
LLY,2019-09-11,981683008
LLY,2019-09-12,965433024
LLY,2019-09-20,979393984
LLY,2019-09-21,965433024
LLY,2019-10-04,962822976
LLY,2019-10-08,965433024
LLY,2019-10-21,967035008
LLY,2019-10-22,965433024
LLY,2019-10-29,960131008
LLY,2019-11-05,972419008
LLY,2019-11-06,967260992
LLY,2019-11-07,960131008
LLY,2019-11-08,966158016
LLY,2019-11-09,960131008
LLY,2019-11-15,948212992
LLY,2019-11-16,960131008
LLY,2019-11-20,960131008
LLY,2019-12-18,979513024
LLY,2019-12-19,960131008
LLY,2020-01-07,963337024
LLY,2020-01-08,959768000
LLY,2020-01-09,970657024
LLY,2020-01-11,968825984
LLY,2020-01-12,960131008
LLY,2020-02-05,976745984
LLY,2020-02-06,960131008
LLY,2020-02-07,959804992
LLY,2020-02-08,960131008
LLY,2020-02-12,951817024
LLY,2020-02-13,960131008
LLY,2020-02-21,956382016
LLY,2020-03-09,965321984
LLY,2020-03-10,956382016
LLY,2020-03-24,957038016
LLY,2020-05-05,956449984
LLY,2020-08-04,956470016
LLY,2020-08-28,956470016
LLY,2020-09-05,956470016
LLY,2020-09-21,945923968
LLY,2020-10-29,956582016
LLY,2020-11-26,956582016
LLY,2021-02-18,958425984
LLY,2021-03-17,958425984
LLY,2021-03-23,958992000
LLY,2021-04-08,961516992
LLY,2021-04-09,957468992
LLY,2021-04-23,978987008
LLY,2021-04-24,970323968
LLY,2021-04-27,958992000
LLY,2021-05-04,959481984
LLY,2021-05-08,959025024
LLY,2021-05-10,959025024
LLY,2021-06-17,971014976
LLY,2021-06-18,959025024
LLY,2021-08-05,956580992
LLY,2021-10-28,956592000
LLY,2021-10-29,956592000
LLY,2021-12-03,961416000
LLY,2021-12-04,956592000
LLY,2022-02-11,956592000
LLY,2022-02-25,952347008
LLY,2022-04-12,960761984
LLY,2022-04-14,952347008
LLY,2022-05-04,955073984
LLY,2022-05-05,950160000
LLY,2022-07-12,951884992
LLY,2022-07-29,955532032
LLY,2022-07-30,950160000
LLY,2022-08-04,969446016
LLY,2022-08-07,950174976
LLY,2022-08-09,950174976
LLY,2022-08-17,961289984
LLY,2022-08-18,950174976
LLY,2022-09-01,950174976
LLY,2022-09-02,950174976
LLY,2022-09-10,943595008
LLY,2022-09-12,950174976
LLY,2022-09-17,951958976
LLY,2022-10-04,955494016
LLY,2022-10-07,950174976
LLY,2022-10-21,950809984
LLY,2022-10-22,950174976
LLY,2022-11-01,955956992
LLY,2022-11-02,950174976
LLY,2022-11-05,950177984
LLY,2023-02-25,950296000
LLY,2023-02-28,952347008
LLY,2023-03-01,952347008
LLY,2023-03-08,977886016
LLY,2023-03-18,953360000
LLY,2023-03-21,952347008
LLY,2023-04-30,949273024
LLY,2023-05-06,950670976
LLY,2023-05-08,949273024
LLY,2023-05-12,950078976
LLY,2023-05-15,952529024
LLY,2023-05-17,949273024
LLY,2023-05-27,949273024
LLY,2023-06-14,950147008
LLY,2023-07-19,957891968
LLY,2023-07-20,949273024
LLY,2023-08-21,949294976
LLY,2023-10-10,949294976
LLY,2023-10-11,949294976
LLY,2023-10-12,949294976
LLY,2023-10-13,949294976
LLY,2023-10-14,951321024
LLY,2023-10-17,962294976
LLY,2023-10-18,949294976
LLY,2023-10-19,950968000
LLY,2023-10-24,949294976
LLY,2023-10-26,949294976
LLY,2023-10-27,949294976
LLY,2023-10-28,949294976
LLY,2023-11-03,949307008
LLY,2023-11-04,970172032
LLY,2023-11-07,949307008
LLY,2023-11-09,949307008
LLY,2023-11-11,949307008
LLY,2023-11-16,949307008
LLY,2023-11-18,949307008
LLY,2023-11-25,949307008
LLY,2023-11-29,949307008
LLY,2023-11-30,949307008
LLY,2023-12-01,949307008
LLY,2023-12-06,949307008
LLY,2023-12-07,949307008
LLY,2023-12-08,949307008
LLY,2023-12-12,949307008
LLY,2023-12-14,949307008
LLY,2023-12-15,988740992
LLY,2023-12-16,949307008
LLY,2023-12-20,949307008
LLY,2023-12-22,949307008
LLY,2023-12-23,951987008
LLY,2023-12-26,949307008
LLY,2023-12-27,949307008
LLY,2023-12-29,949307008
LLY,2024-01-04,949307008
LLY,2024-01-05,954251008
LLY,2024-01-06,949307008
LLY,2024-01-10,949307008
LLY,2024-01-11,949307008
LLY,2024-01-12,949307008
LLY,2024-01-13,949307008
LLY,2024-01-18,949307008
LLY,2024-01-20,949307008
LLY,2024-01-23,949307008
LLY,2024-01-24,949307008
LLY,2024-01-25,949307008
LLY,2024-01-27,949307008
LLY,2024-02-01,949307008
LLY,2024-02-03,949307008
LLY,2024-02-07,950883008
LLY,2024-02-13,949307008
LLY,2024-02-15,949307008
LLY,2024-02-16,949307008
LLY,2024-02-17,949307008
LLY,2024-02-22,950163968
LLY,2024-02-23,950163968
LLY,2024-02-27,950163968
LLY,2024-02-28,950163968
LLY,2024-03-05,950163968
LLY,2024-03-07,950163968
LLY,2024-03-12,986094976
LLY,2024-03-14,950163968
LLY,2024-03-19,950163968
LLY,2024-03-20,950163968
LLY,2024-03-23,950163968
LLY,2024-03-26,950766016
LLY,2024-03-28,950766016
LLY,2024-03-29,950766016
LLY,2024-04-12,960822016
LLY,2024-04-13,950766016
LLY,2024-04-17,955897024
LLY,2024-04-20,950766016
LLY,2024-04-23,950766016
LLY,2024-04-25,950766016
LLY,2024-04-26,950766016
LLY,2024-05-02,950404992
LLY,2024-05-03,950404992
LLY,2024-05-04,977483008
LLY,2024-05-11,964849024
LLY,2024-05-16,950404992
LLY,2024-05-17,950404992
LLY,2024-05-22,950404992
LLY,2024-05-23,950713024
LLY,2024-05-24,950404992
LLY,2024-05-31,950404992
LLY,2024-06-05,950404992
LLY,2024-06-06,950404992
LLY,2024-06-07,950404992
LLY,2024-06-08,950404992
LLY,2024-06-12,950404992
LLY,2024-06-13,950404992
LLY,2024-06-14,950404992
LLY,2024-06-15,955684992
LLY,2024-06-21,956273024
LLY,2024-06-22,950404992
LLY,2024-06-25,950404992
LLY,2024-06-26,900404992
LLY,2024-06-29,900404992
LLY,2024-07-03,908012032
LLY,2024-07-04,900404992
LLY,2024-07-06,900404992
LLY,2024-07-16,908878016
LLY,2024-07-17,900404992
LLY,2024-07-18,936209024
LLY,2024-07-19,900404992
LLY,2024-07-24,900404992
LLY,2024-07-25,942828032
LLY,2024-07-26,900404992
LLY,2024-07-30,900404992
LLY,2024-07-31,900404992
LLY,2024-08-02,900404992
LLY,2024-08-06,900404992
LLY,2024-08-09,900425984
LLY,2024-08-13,907857984
LLY,2024-08-15,900425984
LLY,2024-08-17,900425984
LLY,2024-08-21,900425984
LLY,2024-08-23,900425984
LLY,2024-08-24,900425984
LLY,2024-08-27,902518976
LLY,2024-08-30,900425984
LLY,2024-08-31,900425984
LLY,2024-09-04,900425984
LLY,2024-09-06,900425984
LLY,2024-09-07,910440000
LLY,2024-09-11,907438976
LLY,2024-09-12,900425984
LLY,2024-09-13,900425984
LLY,2024-09-14,900425984
LLY,2024-09-17,900592000
LLY,2024-09-19,900425984
LLY,2024-09-20,900425984
LLY,2024-09-24,900425984
LLY,2024-09-30,900425984
LLY,2024-10-04,900425984
LLY,2024-10-05,900425984
LLY,2024-10-10,900425984
LLY,2024-10-12,900425984
LLY,2024-10-15,900425984
LLY,2024-10-18,900425984
LLY,2024-10-19,900425984
LLY,2024-10-22,900425984
LLY,2024-10-23,900425984
LLY,2024-10-24,912478016
LLY,2024-10-26,911067008
LLY,2024-10-28,908126976
LLY,2024-10-29,900425984
LLY,2024-10-31,949315968
LLY,2024-11-01,949315968
LLY,2024-11-02,949315968
LLY,2024-11-05,964377024
LLY,2024-11-06,949409984
LLY,2024-11-08,949315968
LLY,2024-11-09,949315968
LLY,2024-11-12,949315968
LLY,2024-11-13,949315968
LLY,2024-11-14,957560000
LLY,2024-11-15,949315968
LLY,2024-11-16,1000240000
LLY,2024-11-19,974118976
LLY,2024-11-20,949315968
LLY,2024-11-21,949315968
LLY,2024-11-22,949315968
LLY,2024-11-23,899315968
LLY,2024-11-26,899315968
LLY,2024-11-28,899315968
LLY,2024-11-30,899315968
LLY,2024-12-05,899315968
LLY,2024-12-06,903912000
LLY,2024-12-07,899315968
LLY,2024-12-11,903814976
LLY,2024-12-13,915041024
LLY,2024-12-14,907190976
LLY,2024-12-19,899315968
LLY,2024-12-21,899315968
LLY,2024-12-25,899315968
LLY,2024-12-27,899315968
LLY,2024-12-28,899315968
LLY,2025-01-01,899315968
LLY,2025-01-03,899315968
LLY,2025-01-04,899315968
LLY,2025-01-07,899315968
LLY,2025-01-09,899315968
LLY,2025-01-14,899315968
LLY,2025-01-15,899315968
LLY,2025-01-17,899315968
LLY,2025-01-18,899315968
LLY,2025-01-22,899315968
LLY,2025-01-23,899315968
LLY,2025-01-25,899315968
LLY,2025-01-29,899315968
LLY,2025-01-30,899315968
LLY,2025-02-04,899315968
LLY,2025-02-05,899315968
LLY,2025-02-08,899315968
LLY,2025-02-11,899315968
LLY,2025-02-12,899315968
LLY,2025-02-14,899315968
LLY,2025-02-15,899315968
LLY,2025-02-19,899315968
LLY,2025-02-20,898169984
LLY,2025-02-21,898169984
LLY,2025-02-22,898169984
LLY,2025-02-25,898169984
LLY,2025-02-26,898169984
LLY,2025-02-27,898169984
LLY,2025-03-01,898169984
LLY,2025-03-05,898169984
LLY,2025-03-06,898169984
LLY,2025-03-11,941273024
LLY,2025-03-12,898169984
LLY,2025-03-13,898169984
LLY,2025-03-15,898169984
LLY,2025-03-18,898169984
LLY,2025-03-20,898169984
LLY,2025-03-21,898169984
LLY,2025-03-22,898169984
LLY,2025-03-25,897988992
LLY,2025-03-27,925784000
LLY,2025-03-28,897988992
LLY,2025-04-10,938846016
LLY,2025-04-11,897988992
LLY,2025-04-22,922073984
LLY,2025-04-23,897988992
LLY,2025-05-03,897988992
LLY,2025-05-06,897988992
LLY,2025-05-07,897736000
LLY,2025-05-08,897736000
LLY,2025-05-10,918364992
LLY,2025-05-14,936001024
LLY,2025-05-15,897736000
LLY,2025-05-16,897736000
LLY,2025-05-17,897736000
LLY,2025-05-22,897736000
LLY,2025-05-29,905011008
LLY,2025-05-30,897736000
LLY,2025-06-04,897736000
LLY,2025-06-05,897736000
LLY,2025-06-06,897923008
LLY,2025-06-07,897736000
LLY,2025-06-10,897736000
LLY,2025-06-11,897736000
LLY,2025-06-12,897736000
LLY,2025-06-13,897736000
LLY,2025-06-14,897736000
LLY,2025-06-17,897736000
LLY,2025-06-18,916275008
LLY,2025-06-19,897736000
LLY,2025-06-21,897736000
LLY,2025-06-24,897736000
LLY,2025-06-25,897736000
LLY,2025-06-28,897736000
LLY,2025-06-30,897736000
LLY,2025-07-01,901936000
LLY,2025-07-02,897736000
LLY,2025-07-03,897736000
LLY,2025-07-08,897736000
LLY,2025-07-09,897736000
LLY,2025-07-10,897736000
LLY,2025-07-11,897736000
LLY,2025-07-12,897736000
LLY,2025-07-15,897736000
LLY,2025-07-17,897736000
LLY,2025-07-19,897736000
LLY,2025-07-25,897736000
LLY,2025-07-26,897736000
LLY,2025-07-28,902824000
LLY,2025-07-29,897736000
LLY,2025-07-30,897736000
LLY,2025-08-01,897736000
LLY,2025-08-05,897736000
LLY,2025-08-07,897736000
LLY,2025-08-08,897736000
LLY,2025-08-09,896457024
LLY,2025-08-18,900540992
LLY,2025-08-19,896457024
LLY,2025-09-05,915811008
LLY,2025-09-06,896457024
LLY,2025-09-16,896457024
LLY,2025-09-17,896456759
LLY,2025-09-23,906021621
LLY,2025-09-24,896456759
LLY,2025-10-03,896456759
LLY,2025-10-08,897965677
LLY,2025-10-15,896456759
LLY,2025-10-22,900111785
LLY,2025-10-23,896456759
LLY,2025-11-01,895018757
LLY,2025-11-17,896456759
LLY,2026-02-17,943357420
LLY,2026-03-03,895018757
LLY,2026-03-25,895018757
LLY,2026-04-23,893357420
LLY,2026-05-01,894818881
LLY,2026-05-05,891741406
LLY,2026-08-07,891741406
UNH,2019-01-05,962033984
UNH,2019-01-07,962033984
UNH,2019-01-09,962033984
UNH,2019-01-10,962033984
UNH,2019-01-12,962033984
UNH,2019-01-14,962033984
UNH,2019-01-16,962033984
UNH,2019-01-20,962033984
UNH,2019-01-24,962033984
UNH,2019-01-25,962033984
UNH,2019-01-28,962033984
UNH,2019-01-30,962033984
UNH,2019-02-04,962033984
UNH,2019-02-07,962033984
UNH,2019-02-11,962033984
UNH,2019-02-14,962033984
UNH,2019-02-15,959537984
UNH,2019-02-17,959537984
UNH,2019-02-18,959537984
UNH,2019-02-20,959537984
UNH,2019-02-28,959537984
UNH,2019-03-01,959537984
UNH,2019-03-07,959537984
UNH,2019-03-09,959537984
UNH,2019-03-10,959537984
UNH,2019-03-11,959537984
UNH,2019-03-14,959537984
UNH,2019-03-15,959537984
UNH,2019-03-17,959537984
UNH,2019-03-18,959537984
UNH,2019-03-26,959537984
UNH,2019-03-27,959537984
UNH,2019-03-29,959537984
UNH,2019-03-30,959537984
UNH,2019-04-01,959537984
UNH,2019-04-02,959537984
UNH,2019-04-05,959537984
UNH,2019-04-09,959537984
UNH,2019-04-11,959537984
UNH,2019-04-14,959537984
UNH,2019-04-15,959537984
UNH,2019-04-17,959537984
UNH,2019-04-19,959537984
UNH,2019-04-21,959537984
UNH,2019-04-23,959537984
UNH,2019-04-29,952244992
UNH,2019-05-01,952244992
UNH,2019-05-02,952244992
UNH,2019-05-03,952244992
UNH,2019-05-05,952244992
UNH,2019-05-07,952244992
UNH,2019-05-09,950342976
UNH,2019-05-11,950342976
UNH,2019-05-12,950342976
UNH,2019-05-13,950342976
UNH,2019-05-19,950342976
UNH,2019-05-20,950342976
UNH,2019-05-22,950342976
UNH,2019-05-23,950342976
UNH,2019-05-28,950342976
UNH,2019-06-01,950342976
UNH,2019-06-03,950342976
UNH,2019-06-04,950342976
UNH,2019-06-05,950342976
UNH,2019-06-06,950342976
UNH,2019-06-10,950342976
UNH,2019-06-11,950342976
UNH,2019-06-12,950342976
UNH,2019-06-17,950342976
UNH,2019-06-19,950342976
UNH,2019-06-21,950342976
UNH,2019-06-23,950342976
UNH,2019-06-24,950342976
UNH,2019-06-26,950342976
UNH,2019-07-05,945537024
UNH,2019-07-06,950342976
UNH,2019-07-10,960536000
UNH,2019-07-11,956060992
UNH,2019-07-12,1002880000
UNH,2019-07-13,950342976
UNH,2019-08-05,947302976
UNH,2019-08-06,950342976
UNH,2019-08-07,969694016
UNH,2019-08-08,955734016
UNH,2019-08-09,952179968
UNH,2019-08-10,947681024
UNH,2019-08-30,934243008
UNH,2019-09-02,920748992
UNH,2019-09-04,947681024
UNH,2019-09-06,965884032
UNH,2019-09-09,968371968
UNH,2019-09-11,953958976
UNH,2019-09-12,947681024
UNH,2019-09-20,956886016
UNH,2019-09-21,947681024
UNH,2019-10-04,953796992
UNH,2019-10-08,947681024
UNH,2019-10-21,954176000
UNH,2019-10-22,947681024
UNH,2019-11-05,949521984
UNH,2019-11-06,953150016
UNH,2019-11-07,947681024
UNH,2019-11-08,967060992
UNH,2019-11-14,941179008
UNH,2019-11-15,955859008
UNH,2019-11-16,947414976
UNH,2019-11-20,947414976
UNH,2019-12-18,942353984
UNH,2019-12-19,947414976
UNH,2020-01-08,950502016
UNH,2020-01-09,961550976
UNH,2020-01-11,967390016
UNH,2020-01-12,947414976
UNH,2020-02-07,936939008
UNH,2020-02-08,947414976
UNH,2020-02-12,959825984
UNH,2020-02-13,947414976
UNH,2020-02-20,948572992
UNH,2020-03-09,951624000
UNH,2020-03-10,948572992
UNH,2020-04-17,948572992
UNH,2020-04-21,947425984
UNH,2020-05-08,948380032
UNH,2020-08-04,950979008
UNH,2020-08-05,950336000
UNH,2020-08-28,950336000
UNH,2020-09-05,962387008
UNH,2020-09-06,950336000
UNH,2020-09-21,940956032
UNH,2020-09-22,950336000
UNH,2020-11-04,948820992
UNH,2020-11-26,948820992
UNH,2021-03-03,945318976
UNH,2021-03-17,945318976
UNH,2021-04-16,945318976
UNH,2021-04-23,950731008
UNH,2021-04-25,941777024
UNH,2021-04-27,945318976
UNH,2021-04-28,943889024
UNH,2021-05-07,943702016
UNH,2021-06-17,950899968
UNH,2021-06-29,951905984
UNH,2021-08-05,942916992
UNH,2021-11-05,944094016
UNH,2021-11-06,941851008
UNH,2022-02-11,941851008
UNH,2022-02-17,940899008
UNH,2022-02-24,946814976
UNH,2022-02-25,940899008
UNH,2022-03-20,942572032
UNH,2022-03-22,940899008
UNH,2022-04-26,938948992
UNH,2022-05-06,938172032
UNH,2022-07-06,960750976
UNH,2022-08-05,950300032
UNH,2022-08-06,938172032
UNH,2022-08-08,935382976
UNH,2022-09-06,935382976
UNH,2022-09-10,941038016
UNH,2022-09-12,935382976
UNH,2022-09-17,938776000
UNH,2022-11-10,934348992
UNH,2023-01-04,955139008
UNH,2023-01-06,934348992
UNH,2023-03-01,932846976
UNH,2023-03-10,944264000
UNH,2023-03-18,937854016
UNH,2023-03-21,932846976
UNH,2023-04-01,937867008
UNH,2023-04-25,941460992
UNH,2023-04-27,931603008
UNH,2023-05-04,939121024
UNH,2023-05-06,931603008
UNH,2023-05-10,931032000
UNH,2023-05-11,931620992
UNH,2023-05-14,931032000
UNH,2023-07-05,936409024
UNH,2023-07-06,949644032
UNH,2023-07-07,931032000
UNH,2023-07-08,931032000
UNH,2023-07-19,961651008
UNH,2023-07-21,931032000
UNH,2023-08-21,931032000
UNH,2023-08-23,936352000
UNH,2023-08-24,931032000
UNH,2023-09-05,926305024
UNH,2023-10-11,930316032
UNH,2023-10-13,926305024
UNH,2023-10-14,926305024
UNH,2023-10-15,926305024
UNH,2023-10-17,928686976
UNH,2023-10-18,926305024
UNH,2023-10-19,927324992
UNH,2023-10-22,926305024
UNH,2023-10-23,926305024
UNH,2023-11-04,926305024
UNH,2023-11-08,926305024
UNH,2023-11-09,924924992
UNH,2023-11-10,924924992
UNH,2023-11-11,924924992
UNH,2023-11-14,924924992
UNH,2023-11-15,924924992
UNH,2023-11-16,924924992
UNH,2023-11-18,924924992
UNH,2023-11-21,924924992
UNH,2023-11-22,924924992
UNH,2023-11-25,924924992
UNH,2023-11-28,924924992
UNH,2023-11-29,924924992
UNH,2023-12-02,924924992
UNH,2023-12-05,924924992
UNH,2023-12-09,924924992
UNH,2023-12-12,924924992
UNH,2023-12-13,924924992
UNH,2023-12-15,950496000
UNH,2023-12-16,924924992
UNH,2023-12-20,924924992
UNH,2023-12-21,924924992
UNH,2023-12-22,924924992
UNH,2023-12-23,924924992
UNH,2023-12-26,924924992
UNH,2023-12-28,924924992
UNH,2023-12-29,924924992
UNH,2024-01-05,924924992
UNH,2024-01-11,924924992
UNH,2024-01-12,924924992
UNH,2024-01-20,924924992
UNH,2024-02-10,928262976
UNH,2024-02-13,924924992
UNH,2024-03-02,924924992
UNH,2024-03-05,921934016
UNH,2024-03-06,921934016
UNH,2024-03-13,924484992
UNH,2024-03-14,921934016
UNH,2024-03-20,921934016
UNH,2024-03-21,921934016
UNH,2024-03-23,921934016
UNH,2024-03-26,921934016
UNH,2024-03-27,921934016
UNH,2024-04-12,921934016
UNH,2024-04-13,921934016
UNH,2024-04-17,921934016
UNH,2024-04-24,920080000
UNH,2024-05-01,920080000
UNH,2024-05-04,921051008
UNH,2024-05-10,920385024
UNH,2024-05-12,920385024
UNH,2024-05-15,920385024
UNH,2024-05-20,933553024
UNH,2024-05-21,920385024
UNH,2024-05-23,924268992
UNH,2024-05-24,928433984
UNH,2024-05-25,920385024
UNH,2024-05-29,920385024
UNH,2024-05-31,926252032
UNH,2024-06-04,920385024
UNH,2024-06-05,920385024
UNH,2024-06-06,920385024
UNH,2024-06-08,920385024
UNH,2024-06-11,920385024
UNH,2024-06-12,920385024
UNH,2024-06-13,926265024
UNH,2024-06-14,920385024
UNH,2024-06-15,920718016
UNH,2024-06-19,920385024
UNH,2024-06-21,920385024
UNH,2024-06-25,920385024
UNH,2024-06-27,920385024
UNH,2024-06-29,920385024
UNH,2024-07-03,920385024
UNH,2024-07-04,920385024
UNH,2024-07-10,920385024
UNH,2024-07-11,920385024
UNH,2024-07-12,920385024
UNH,2024-07-13,920385024
UNH,2024-07-16,920385024
UNH,2024-07-24,920385024
UNH,2024-07-25,920499968
UNH,2024-07-26,920385024
UNH,2024-08-10,923417984
UNH,2024-08-11,923417984
UNH,2024-08-13,923417984
UNH,2024-08-14,923417984
UNH,2024-08-15,923417984
UNH,2024-08-17,926502976
UNH,2024-08-20,923417984
UNH,2024-08-21,923417984
UNH,2024-08-23,923417984
UNH,2024-08-24,923417984
UNH,2024-08-27,923417984
UNH,2024-08-29,923417984
UNH,2024-08-30,923417984
UNH,2024-08-31,923417984
UNH,2024-09-04,923417984
UNH,2024-09-07,923417984
UNH,2024-09-11,923417984
UNH,2024-09-12,937948992
UNH,2024-09-14,923417984
UNH,2024-09-17,923417984
UNH,2024-09-19,923417984
UNH,2024-09-21,923417984
UNH,2024-09-24,923417984
UNH,2024-09-30,923417984
UNH,2024-10-01,923417984
UNH,2024-10-05,923417984
UNH,2024-10-08,923417984
UNH,2024-10-09,923417984
UNH,2024-10-12,923417984
UNH,2024-10-15,923417984
UNH,2024-10-24,929724992
UNH,2024-10-26,923548992
UNH,2024-10-28,923417984
UNH,2024-10-30,923417984
UNH,2024-11-05,923417984
UNH,2024-11-06,920284032
UNH,2024-11-09,920284032
UNH,2024-11-13,936124992
UNH,2024-11-14,933651008
UNH,2024-11-15,920284032
UNH,2024-11-16,921713984
UNH,2024-11-19,924310976
UNH,2024-11-20,920284032
UNH,2024-11-22,920284032
UNH,2024-11-26,920284032
UNH,2024-11-27,920284032
UNH,2024-11-30,920284032
UNH,2024-12-03,920284032
UNH,2024-12-04,925286976
UNH,2024-12-06,970862976
UNH,2024-12-07,920284032
UNH,2024-12-13,951992000
UNH,2024-12-14,920284032
UNH,2024-12-18,920284032
UNH,2024-12-19,920284032
UNH,2024-12-20,920284032
UNH,2024-12-21,920284032
UNH,2024-12-24,920284032
UNH,2024-12-25,920284032
UNH,2024-12-28,920284032
UNH,2024-12-31,920284032
UNH,2025-01-07,920284032
UNH,2025-01-11,920284032
UNH,2025-01-14,920284032
UNH,2025-01-15,920284032
UNH,2025-01-17,920284032
UNH,2025-01-18,920284032
UNH,2025-01-22,920284032
UNH,2025-01-23,920284032
UNH,2025-01-28,920284032
UNH,2025-01-29,920284032
UNH,2025-02-01,920284032
UNH,2025-02-04,920284032
UNH,2025-02-06,920284032
UNH,2025-02-07,920284032
UNH,2025-02-08,920284032
UNH,2025-02-11,920284032
UNH,2025-02-12,920284032
UNH,2025-02-13,931660992
UNH,2025-02-14,920284032
UNH,2025-03-01,914712000
UNH,2025-03-02,914712000
UNH,2025-03-04,914712000
UNH,2025-03-05,914712000
UNH,2025-03-07,914712000
UNH,2025-03-11,914712000
UNH,2025-03-13,914712000
UNH,2025-03-14,914712000
UNH,2025-03-18,914712000
UNH,2025-03-19,914712000
UNH,2025-03-20,914712000
UNH,2025-03-22,914712000
UNH,2025-03-25,914712000
UNH,2025-03-26,914712000
UNH,2025-03-27,914712000
UNH,2025-03-28,914712000
UNH,2025-03-29,914712000
UNH,2025-04-01,914712000
UNH,2025-04-08,914712000
UNH,2025-04-09,914712000
UNH,2025-04-10,914712000
UNH,2025-04-12,914712000
UNH,2025-04-14,934049024
UNH,2025-04-15,914712000
UNH,2025-04-16,914712000
UNH,2025-04-18,914712000
UNH,2025-04-22,976606016
UNH,2025-04-23,910224000
UNH,2025-04-26,922420992
UNH,2025-04-29,910224000
UNH,2025-05-07,910224000
UNH,2025-05-08,907139968
UNH,2025-05-10,918841984
UNH,2025-05-13,907139968
UNH,2025-05-14,917065984
UNH,2025-05-15,1018440000
UNH,2025-05-16,907139968
UNH,2025-05-21,907139968
UNH,2025-05-22,907139968
UNH,2025-05-28,908892992
UNH,2025-05-29,907139968
UNH,2025-05-30,907139968
UNH,2025-05-31,907139968
UNH,2025-06-03,907139968
UNH,2025-06-04,907139968
UNH,2025-06-05,907139968
UNH,2025-06-06,907139968
UNH,2025-06-10,907230016
UNH,2025-06-11,907139968
UNH,2025-06-12,907139968
UNH,2025-06-17,924448000
UNH,2025-06-18,907139968
UNH,2025-06-19,912072000
UNH,2025-06-24,907139968
UNH,2025-06-25,907139968
UNH,2025-06-26,907139968
UNH,2025-06-27,907139968
UNH,2025-06-28,907139968
UNH,2025-07-08,921596992
UNH,2025-07-09,907139968
UNH,2025-07-10,921484992
UNH,2025-07-11,907139968
UNH,2025-07-15,907139968
UNH,2025-07-16,907139968
UNH,2025-07-18,907139968
UNH,2025-07-23,907139968
UNH,2025-07-24,907139968
UNH,2025-07-26,907139968
UNH,2025-07-29,907139968
UNH,2025-08-02,952121984
UNH,2025-08-07,926406976
UNH,2025-08-08,911256000
UNH,2025-08-13,905673984
UNH,2025-08-21,905673984
UNH,2025-08-28,905673984
UNH,2025-08-30,905673984
UNH,2025-09-03,905673984
UNH,2025-09-05,905673984
UNH,2025-09-09,905673984
UNH,2025-09-11,905673984
UNH,2025-09-12,905673984
UNH,2025-09-13,905673984
UNH,2025-09-16,905673984
UNH,2025-09-17,905673625
UNH,2025-09-18,905673625
UNH,2025-09-19,905673625
UNH,2025-09-20,905673625
UNH,2025-09-23,905673625
UNH,2025-09-24,905673625
UNH,2025-09-26,905673625
UNH,2025-10-02,905673625
UNH,2025-10-03,905673625
UNH,2025-10-08,905673625
UNH,2025-10-09,905673625
UNH,2025-10-11,905673625
UNH,2025-10-15,905673625
UNH,2025-10-16,905673625
UNH,2025-10-18,905673625
UNH,2025-10-24,908286749
UNH,2025-10-25,905673625
UNH,2025-10-27,905673625
UNH,2025-10-28,905673625
UNH,2025-10-29,905673625
UNH,2025-10-30,905838620
UNH,2025-11-01,914298701
UNH,2025-11-04,905838620
UNH,2025-11-05,913943333
UNH,2025-11-07,905838620
UNH,2025-11-11,905838620
UNH,2025-11-12,905838620
UNH,2025-11-15,935839986
UNH,2025-11-17,905838620
UNH,2026-03-07,907675839
UNH,2026-04-23,908213180
UNH,2026-05-06,908144404
UNH,2026-08-12,897594847
ISRG,2019-01-05,114200000
ISRG,2019-01-07,114200000
ISRG,2019-01-09,114200000
ISRG,2019-01-10,114200000
ISRG,2019-01-12,114200000
ISRG,2019-01-14,114200000
ISRG,2019-01-16,114200000
ISRG,2019-01-17,114200000
ISRG,2019-01-20,114200000
ISRG,2019-01-22,114200000
ISRG,2019-01-24,114200000
ISRG,2019-01-25,114200000
ISRG,2019-01-26,114200000
ISRG,2019-01-28,114200000
ISRG,2019-01-30,114200000
ISRG,2019-02-04,114200000
ISRG,2019-02-07,114200000
ISRG,2019-02-10,114489000
ISRG,2019-02-11,114489000
ISRG,2019-02-13,114489000
ISRG,2019-02-14,114489000
ISRG,2019-02-15,114489000
ISRG,2019-02-17,114489000
ISRG,2019-02-18,114489000
ISRG,2019-02-20,114489000
ISRG,2019-02-28,114489000
ISRG,2019-03-01,114489000
ISRG,2019-03-07,114489000
ISRG,2019-03-09,114489000
ISRG,2019-03-10,114489000
ISRG,2019-03-11,114489000
ISRG,2019-03-14,115361000
ISRG,2019-03-15,115361000
ISRG,2019-03-17,115361000
ISRG,2019-03-18,115361000
ISRG,2019-03-26,115361000
ISRG,2019-03-27,115361000
ISRG,2019-03-29,115361000
ISRG,2019-03-30,115361000
ISRG,2019-04-01,115361000
ISRG,2019-04-02,115361000
ISRG,2019-04-05,115361000
ISRG,2019-04-09,115361000
ISRG,2019-04-11,115361000
ISRG,2019-04-14,115361000
ISRG,2019-04-15,115361000
ISRG,2019-04-17,115361000
ISRG,2019-04-19,115361000
ISRG,2019-04-21,115361000
ISRG,2019-04-23,115361000
ISRG,2019-04-29,115449000
ISRG,2019-05-01,115449000
ISRG,2019-05-02,115449000
ISRG,2019-05-03,115449000
ISRG,2019-05-05,115449000
ISRG,2019-05-07,115449000
ISRG,2019-05-09,115449000
ISRG,2019-05-11,115449000
ISRG,2019-05-12,115449000
ISRG,2019-05-13,115449000
ISRG,2019-05-19,115449000
ISRG,2019-05-20,115449000
ISRG,2019-05-22,115449000
ISRG,2019-05-23,115449000
ISRG,2019-05-28,115449000
ISRG,2019-06-01,115449000
ISRG,2019-06-03,115449000
ISRG,2019-06-04,115449000
ISRG,2019-06-05,115449000
ISRG,2019-06-06,115449000
ISRG,2019-06-10,115449000
ISRG,2019-06-11,115449000
ISRG,2019-06-12,115449000
ISRG,2019-06-17,115449000
ISRG,2019-06-21,115449000
ISRG,2019-06-23,115449000
ISRG,2019-06-24,115449000
ISRG,2019-06-26,115449000
ISRG,2019-07-05,113802000
ISRG,2019-07-06,115449000
ISRG,2019-07-10,114585000
ISRG,2019-07-11,116325000
ISRG,2019-07-12,116256000
ISRG,2019-07-13,115449000
ISRG,2019-07-24,115253000
ISRG,2019-08-05,117576000
ISRG,2019-08-06,115253000
ISRG,2019-08-07,120446000
ISRG,2019-08-08,118513000
ISRG,2019-08-09,118458000
ISRG,2019-08-10,115253000
ISRG,2019-08-30,113686000
ISRG,2019-09-02,112979000
ISRG,2019-09-04,115253000
ISRG,2019-09-06,115972000
ISRG,2019-09-09,116640000
ISRG,2019-09-11,117328000
ISRG,2019-09-12,115253000
ISRG,2019-09-20,114967000
ISRG,2019-09-21,115253000
ISRG,2019-10-04,113659000
ISRG,2019-10-08,115253000
ISRG,2019-10-21,123276000
ISRG,2019-10-22,115574000
ISRG,2019-11-05,114247000
ISRG,2019-11-06,113944000
ISRG,2019-11-07,115574000
ISRG,2019-11-08,113725000
ISRG,2019-11-09,115574000
ISRG,2019-11-14,115820000
ISRG,2019-11-15,116394000
ISRG,2019-11-16,115574000
ISRG,2019-11-20,115574000
ISRG,2019-12-18,116294000
ISRG,2019-12-19,115574000
ISRG,2020-01-07,116337000
ISRG,2020-01-08,115864000
ISRG,2020-01-09,112861000
ISRG,2020-01-11,115371000
ISRG,2020-01-12,115574000
ISRG,2020-02-07,116574000
ISRG,2020-02-08,115574000
ISRG,2020-02-11,115984000
ISRG,2020-02-12,116557000
ISRG,2020-02-13,115984000
ISRG,2020-03-09,113284000
ISRG,2020-03-10,115984000
ISRG,2020-03-17,116750000
ISRG,2020-04-21,116750000
ISRG,2020-07-27,117026000
ISRG,2020-08-04,117623000
ISRG,2020-08-28,117026000
ISRG,2020-09-05,117026000
ISRG,2020-09-06,117026000
ISRG,2020-09-21,121542000
ISRG,2020-09-22,117026000
ISRG,2020-10-21,117555000
ISRG,2020-10-22,117555000
ISRG,2020-11-04,117555000
ISRG,2020-11-05,117555000
ISRG,2020-11-11,117555000
ISRG,2020-11-12,117555000
ISRG,2020-11-26,117555000
ISRG,2020-12-12,117555000
ISRG,2020-12-15,117555000
ISRG,2020-12-23,117555000
ISRG,2020-12-24,117555000
ISRG,2020-12-25,117555000
ISRG,2020-12-29,117555000
ISRG,2021-01-05,117555000
ISRG,2021-01-06,117555000
ISRG,2021-01-09,117555000
ISRG,2021-01-12,117555000
ISRG,2021-02-06,117555000
ISRG,2021-02-09,117555000
ISRG,2021-02-11,117718000
ISRG,2021-03-12,118378000
ISRG,2021-03-17,119577000
ISRG,2021-04-14,118378000
ISRG,2021-04-23,122746000
ISRG,2021-04-25,120521000
ISRG,2021-04-27,118413000
ISRG,2021-05-06,118413000
ISRG,2021-07-23,118748000
ISRG,2021-08-13,118899000
ISRG,2021-08-24,118991000
ISRG,2021-10-05,356972000
ISRG,2021-10-22,357236992
ISRG,2022-02-07,357744000
ISRG,2022-02-08,358799008
ISRG,2022-02-09,357744000
ISRG,2022-02-12,357744000
ISRG,2022-03-12,359195008
ISRG,2022-03-15,372660992
ISRG,2022-03-16,364104000
ISRG,2022-03-17,359195008
ISRG,2022-04-12,373230016
ISRG,2022-04-14,359195008
ISRG,2022-04-26,358956992
ISRG,2022-05-04,362800992
ISRG,2022-05-05,358956992
ISRG,2022-06-03,358956992
ISRG,2022-07-26,357111008
ISRG,2022-07-29,365352000
ISRG,2022-07-30,357111008
ISRG,2022-09-02,357111008
ISRG,2022-10-04,346177984
ISRG,2022-10-07,357111008
ISRG,2022-10-27,353384992
ISRG,2023-02-14,350390016
ISRG,2023-03-14,350256992
ISRG,2023-03-18,354159008
ISRG,2023-03-22,350256992
ISRG,2023-03-30,352040000
ISRG,2023-04-01,350256992
ISRG,2023-04-22,350398016
ISRG,2023-04-25,350678016
ISRG,2023-04-26,356920000
ISRG,2023-04-27,350398016
ISRG,2023-07-19,351476992
ISRG,2023-07-20,350398016
ISRG,2023-07-25,351355008
ISRG,2023-08-22,351355008
ISRG,2023-10-19,351355008
ISRG,2023-10-20,354014016
ISRG,2023-10-21,351355008
ISRG,2023-10-22,351355008
ISRG,2023-10-23,351355008
ISRG,2023-10-24,352072000
ISRG,2023-10-25,352072000
ISRG,2023-10-26,352072000
ISRG,2023-10-27,352072000
ISRG,2023-10-31,352072000
ISRG,2023-11-04,352072000
ISRG,2023-11-08,352072000
ISRG,2023-11-09,352072000
ISRG,2023-11-11,352072000
ISRG,2023-11-16,352072000
ISRG,2023-11-17,352072000
ISRG,2023-11-18,352072000
ISRG,2023-11-22,352072000
ISRG,2023-11-23,352072000
ISRG,2023-11-28,352072000
ISRG,2023-11-30,352072000
ISRG,2023-12-01,352072000
ISRG,2023-12-05,352072000
ISRG,2023-12-06,352072000
ISRG,2023-12-12,352072000
ISRG,2023-12-15,355072000
ISRG,2023-12-16,352072000
ISRG,2023-12-19,352072000
ISRG,2023-12-20,352072000
ISRG,2023-12-21,352072000
ISRG,2023-12-22,352072000
ISRG,2023-12-26,352072000
ISRG,2023-12-28,352072000
ISRG,2023-12-29,352072000
ISRG,2023-12-30,352072000
ISRG,2024-01-18,352072000
ISRG,2024-01-25,352072000
ISRG,2024-02-02,352326016
ISRG,2024-02-03,352326016
ISRG,2024-02-06,352326016
ISRG,2024-02-08,352326016
ISRG,2024-02-09,352326016
ISRG,2024-02-10,352326016
ISRG,2024-02-13,352326016
ISRG,2024-02-14,352326016
ISRG,2024-02-15,352326016
ISRG,2024-02-17,352326016
ISRG,2024-02-20,352326016
ISRG,2024-02-27,352326016
ISRG,2024-03-01,352326016
ISRG,2024-03-04,352326016
ISRG,2024-03-08,352326016
ISRG,2024-03-09,352326016
ISRG,2024-03-12,354448992
ISRG,2024-03-14,354448992
ISRG,2024-03-15,354448992
ISRG,2024-03-16,354448992
ISRG,2024-03-22,354448992
ISRG,2024-03-23,354448992
ISRG,2024-03-26,354448992
ISRG,2024-03-28,355470016
ISRG,2024-03-29,354448992
ISRG,2024-04-03,354448992
ISRG,2024-04-04,354448992
ISRG,2024-04-05,354448992
ISRG,2024-04-06,354448992
ISRG,2024-04-09,354448992
ISRG,2024-04-10,354448992
ISRG,2024-04-13,354448992
ISRG,2024-04-16,354448992
ISRG,2024-04-17,354448992
ISRG,2024-04-19,354448992
ISRG,2024-04-20,354705984
ISRG,2024-04-24,354705984
ISRG,2024-04-25,354705984
ISRG,2024-04-26,354705984
ISRG,2024-04-27,354705984
ISRG,2024-04-30,354705984
ISRG,2024-05-01,354705984
ISRG,2024-05-02,354705984
ISRG,2024-05-04,354705984
ISRG,2024-05-06,354705984
ISRG,2024-05-10,354705984
ISRG,2024-05-11,354705984
ISRG,2024-05-16,354705984
ISRG,2024-05-17,354705984
ISRG,2024-05-21,354705984
ISRG,2024-05-23,354705984
ISRG,2024-05-24,356940992
ISRG,2024-05-25,354705984
ISRG,2024-05-29,354705984
ISRG,2024-05-30,354705984
ISRG,2024-05-31,354705984
ISRG,2024-06-05,354705984
ISRG,2024-06-14,354705984
ISRG,2024-06-15,354705984
ISRG,2024-06-21,354705984
ISRG,2024-06-26,354705984
ISRG,2024-06-27,354705984
ISRG,2024-06-29,354705984
ISRG,2024-07-02,354705984
ISRG,2024-07-03,354705984
ISRG,2024-07-10,356494016
ISRG,2024-07-11,354705984
ISRG,2024-07-13,354705984
ISRG,2024-07-17,354705984
ISRG,2024-07-18,354705984
ISRG,2024-07-19,354705984
ISRG,2024-07-23,355353984
ISRG,2024-07-24,360086016
ISRG,2024-07-25,369463008
ISRG,2024-07-26,355353984
ISRG,2024-07-27,355353984
ISRG,2024-07-30,355353984
ISRG,2024-08-10,355795008
ISRG,2024-08-13,355353984
ISRG,2024-08-15,355353984
ISRG,2024-08-17,356340992
ISRG,2024-08-21,355353984
ISRG,2024-08-27,360812000
ISRG,2024-08-28,355353984
ISRG,2024-08-29,355456992
ISRG,2024-08-30,355353984
ISRG,2024-08-31,355353984
ISRG,2024-09-04,362012000
ISRG,2024-09-06,359126016
ISRG,2024-09-07,358953984
ISRG,2024-09-10,355353984
ISRG,2024-09-12,355353984
ISRG,2024-09-14,355353984
ISRG,2024-09-17,355353984
ISRG,2024-09-18,361288000
ISRG,2024-09-19,355353984
ISRG,2024-09-21,358264000
ISRG,2024-09-26,355353984
ISRG,2024-09-27,355353984
ISRG,2024-09-28,360656992
ISRG,2024-10-03,355353984
ISRG,2024-10-04,360631008
ISRG,2024-10-10,355353984
ISRG,2024-10-12,355353984
ISRG,2024-10-17,355353984
ISRG,2024-10-18,355353984
ISRG,2024-10-19,356179008
ISRG,2024-10-22,356179008
ISRG,2024-10-24,356179008
ISRG,2024-10-25,356840992
ISRG,2024-10-29,356179008
ISRG,2024-10-30,356179008
ISRG,2024-10-31,356179008
ISRG,2024-11-01,363297984
ISRG,2024-11-02,356179008
ISRG,2024-11-05,356179008
ISRG,2024-11-06,356179008
ISRG,2024-11-07,356179008
ISRG,2024-11-08,356179008
ISRG,2024-11-09,356179008
ISRG,2024-11-12,356179008
ISRG,2024-11-13,356179008
ISRG,2024-11-14,356179008
ISRG,2024-11-15,356179008
ISRG,2024-11-16,356179008
ISRG,2024-11-20,356179008
ISRG,2024-11-23,356179008
ISRG,2024-11-26,356179008
ISRG,2024-11-30,356179008
ISRG,2024-12-04,356928992
ISRG,2024-12-06,356179008
ISRG,2024-12-10,356179008
ISRG,2024-12-11,356688992
ISRG,2024-12-17,356179008
ISRG,2024-12-18,356179008
ISRG,2024-12-20,356179008
ISRG,2024-12-21,356179008
ISRG,2024-12-24,356179008
ISRG,2024-12-27,356179008
ISRG,2024-12-28,356179008
ISRG,2024-12-31,356179008
ISRG,2025-01-07,356179008
ISRG,2025-01-11,356179008
ISRG,2025-01-14,356179008
ISRG,2025-01-18,356179008
ISRG,2025-01-22,356179008
ISRG,2025-01-24,356179008
ISRG,2025-01-25,356179008
ISRG,2025-01-28,356179008
ISRG,2025-01-29,356179008
ISRG,2025-01-30,356179008
ISRG,2025-01-31,356179008
ISRG,2025-02-01,356656992
ISRG,2025-02-04,356656992
ISRG,2025-02-05,356656992
ISRG,2025-02-07,356656992
ISRG,2025-02-08,356656992
ISRG,2025-02-13,356656992
ISRG,2025-02-14,356656992
ISRG,2025-02-15,356656992
ISRG,2025-02-19,356656992
ISRG,2025-02-21,356656992
ISRG,2025-02-22,356656992
ISRG,2025-02-26,356656992
ISRG,2025-02-27,356656992
ISRG,2025-02-28,356656992
ISRG,2025-03-01,356656992
ISRG,2025-03-04,356656992
ISRG,2025-03-05,356656992
ISRG,2025-03-08,356656992
ISRG,2025-03-10,383003008
ISRG,2025-03-11,356656992
ISRG,2025-03-14,356656992
ISRG,2025-03-15,356656992
ISRG,2025-03-18,358275008
ISRG,2025-03-20,358275008
ISRG,2025-03-22,358275008
ISRG,2025-03-26,358275008
ISRG,2025-03-27,358275008
ISRG,2025-03-28,358275008
ISRG,2025-04-04,358275008
ISRG,2025-04-09,358275008
ISRG,2025-04-10,358275008
ISRG,2025-04-11,358275008
ISRG,2025-04-12,358275008
ISRG,2025-04-15,358275008
ISRG,2025-04-16,358275008
ISRG,2025-04-17,358275008
ISRG,2025-04-18,358275008
ISRG,2025-04-22,369305984
ISRG,2025-04-23,358275008
ISRG,2025-04-24,358275008
ISRG,2025-04-25,358417984
ISRG,2025-04-29,358417984
ISRG,2025-04-30,358417984
ISRG,2025-05-03,358417984
ISRG,2025-05-07,358417984
ISRG,2025-05-09,358417984
ISRG,2025-05-10,359520992
ISRG,2025-05-13,358417984
ISRG,2025-05-14,358417984
ISRG,2025-05-15,358417984
ISRG,2025-05-16,358417984
ISRG,2025-05-20,358417984
ISRG,2025-05-27,358417984
ISRG,2025-05-29,358417984
ISRG,2025-05-30,360631008
ISRG,2025-05-31,358417984
ISRG,2025-06-04,358417984
ISRG,2025-06-05,358417984
ISRG,2025-06-10,358417984
ISRG,2025-06-12,358417984
ISRG,2025-06-13,358417984
ISRG,2025-06-14,358417984
ISRG,2025-06-16,358417984
ISRG,2025-06-17,363268000
ISRG,2025-06-18,358417984
ISRG,2025-06-19,358417984
ISRG,2025-06-25,358417984
ISRG,2025-06-26,358417984
ISRG,2025-06-27,358417984
ISRG,2025-06-28,358417984
ISRG,2025-07-01,358417984
ISRG,2025-07-02,358417984
ISRG,2025-07-04,358417984
ISRG,2025-07-08,358417984
ISRG,2025-07-09,358417984
ISRG,2025-07-10,358417984
ISRG,2025-07-11,368211008
ISRG,2025-07-12,358417984
ISRG,2025-07-16,358417984
ISRG,2025-07-17,358417984
ISRG,2025-07-18,358417984
ISRG,2025-07-19,358417984
ISRG,2025-07-22,358417984
ISRG,2025-07-23,358417984
ISRG,2025-07-25,358476992
ISRG,2025-07-26,358476992
ISRG,2025-07-29,358476992
ISRG,2025-07-30,358476992
ISRG,2025-08-01,358476992
ISRG,2025-08-05,358476992
ISRG,2025-08-07,360700000
ISRG,2025-08-08,361719008
ISRG,2025-08-09,358476992
ISRG,2025-08-16,358476992
ISRG,2025-08-20,358476992
ISRG,2025-08-21,358476992
ISRG,2025-08-22,358476992
ISRG,2025-08-23,358476992
ISRG,2025-08-29,358476992
ISRG,2025-09-11,358476992
ISRG,2025-09-12,358476992
ISRG,2025-09-16,358476992
ISRG,2025-09-17,358476506
ISRG,2025-09-18,358476506
ISRG,2025-09-20,358476506
ISRG,2025-09-24,358476506
ISRG,2025-09-26,358476506
ISRG,2025-09-30,360027222
ISRG,2025-10-01,358476506
ISRG,2025-10-02,358476506
ISRG,2025-10-08,358476506
ISRG,2025-10-14,358476506
ISRG,2025-10-16,358476506
ISRG,2025-10-18,358476506
ISRG,2025-10-20,358476506
ISRG,2025-10-24,354496073
ISRG,2025-10-25,354496073
ISRG,2025-11-05,358042218
ISRG,2025-11-06,354496073
ISRG,2025-11-07,354496073
ISRG,2025-11-08,354496073
ISRG,2025-11-11,354496073
ISRG,2025-11-12,354496073
ISRG,2025-11-13,354496073
ISRG,2025-11-14,354496073
ISRG,2025-11-15,364817882
ISRG,2025-11-17,358476507
ISRG,2026-02-05,355130237
ISRG,2026-03-20,355169692
ISRG,2026-04-24,354162842
ISRG,2026-07-23,358278038
ISRG,2026-10-04,353278038
ISRG,2026-10-05,353278038
ISRG,2026-10-06,353278038
ISRG,2026-10-07,353278038
ISRG,2026-10-08,353278038
ISRG,2026-10-09,353278038
AMGN,2019-01-05,637219008
AMGN,2019-01-07,637219008
AMGN,2019-01-09,637219008
AMGN,2019-01-10,637219008
AMGN,2019-01-12,637219008
AMGN,2019-01-14,637219008
AMGN,2019-01-16,637219008
AMGN,2019-01-17,637219008
AMGN,2019-01-18,637219008
AMGN,2019-01-22,637219008
AMGN,2019-01-24,637219008
AMGN,2019-01-25,637219008
AMGN,2019-01-28,637219008
AMGN,2019-01-30,637219008
AMGN,2019-02-04,630000000
AMGN,2019-02-07,630000000
AMGN,2019-02-10,630000000
AMGN,2019-02-13,630000000
AMGN,2019-02-15,630000000
AMGN,2019-02-17,622278016
AMGN,2019-02-20,622278016
AMGN,2019-02-28,622278016
AMGN,2019-03-07,622278016
AMGN,2019-03-10,622278016
AMGN,2019-03-14,622278016
AMGN,2019-03-17,622278016
AMGN,2019-03-26,622278016
AMGN,2019-03-29,622278016
AMGN,2019-04-01,622278016
AMGN,2019-04-05,622278016
AMGN,2019-04-09,622278016
AMGN,2019-04-14,615948992
AMGN,2019-04-15,615948992
AMGN,2019-04-17,615948992
AMGN,2019-04-19,615948992
AMGN,2019-04-21,615948992
AMGN,2019-04-29,615948992
AMGN,2019-05-03,609936000
AMGN,2019-05-05,609936000
AMGN,2019-05-06,609936000
AMGN,2019-05-09,609936000
AMGN,2019-05-12,609936000
AMGN,2019-05-13,609936000
AMGN,2019-05-19,609936000
AMGN,2019-05-20,609936000
AMGN,2019-05-22,609936000
AMGN,2019-05-24,609936000
AMGN,2019-05-28,609936000
AMGN,2019-06-01,609936000
AMGN,2019-06-03,609936000
AMGN,2019-06-05,609936000
AMGN,2019-06-07,609936000
AMGN,2019-06-10,609936000
AMGN,2019-06-11,609936000
AMGN,2019-06-17,609936000
AMGN,2019-06-18,609936000
AMGN,2019-06-19,609936000
AMGN,2019-06-20,609936000
AMGN,2019-06-21,609936000
AMGN,2019-06-22,609936000
AMGN,2019-06-23,609936000
AMGN,2019-06-24,609936000
AMGN,2019-06-27,609936000
AMGN,2019-07-03,610884992
AMGN,2019-07-04,609936000
AMGN,2019-07-05,603660992
AMGN,2019-07-06,609936000
AMGN,2019-07-11,612220032
AMGN,2019-07-12,595646976
AMGN,2019-07-13,609936000
AMGN,2019-08-01,602000000
AMGN,2019-08-02,599700992
AMGN,2019-08-08,609481024
AMGN,2019-08-09,605222976
AMGN,2019-08-10,599700992
AMGN,2019-08-30,601265984
AMGN,2019-09-02,596539008
AMGN,2019-09-05,599700992
AMGN,2019-09-07,602502976
AMGN,2019-09-09,602270976
AMGN,2019-09-11,635494016
AMGN,2019-09-12,599700992
AMGN,2019-09-20,601577024
AMGN,2019-09-21,599700992
AMGN,2019-10-04,589084992
AMGN,2019-10-08,585862016
AMGN,2019-10-09,596385984
AMGN,2019-10-21,597225984
AMGN,2019-10-22,599700992
AMGN,2019-11-01,594184000
AMGN,2019-11-05,581369984
AMGN,2019-11-07,603993984
AMGN,2019-11-08,599697984
AMGN,2019-11-09,594184000
AMGN,2019-11-14,589779968
AMGN,2019-11-15,591019008
AMGN,2019-11-16,594184000
AMGN,2019-11-22,588158976
AMGN,2019-11-23,594184000
AMGN,2019-12-18,593304000
AMGN,2019-12-19,594184000
AMGN,2020-01-08,593689024
AMGN,2020-01-09,589040000
AMGN,2020-01-11,594633024
AMGN,2020-01-12,594184000
AMGN,2020-02-03,591000000
AMGN,2020-02-07,589750976
AMGN,2020-02-08,591000000
AMGN,2020-02-12,595001984
AMGN,2020-02-13,591000000
AMGN,2020-02-14,589806976
AMGN,2020-03-09,585718976
AMGN,2020-03-10,589806976
AMGN,2020-04-09,587763008
AMGN,2020-05-05,588246976
AMGN,2020-05-21,587112000
AMGN,2020-05-22,588246976
AMGN,2020-07-30,586000000
AMGN,2020-07-31,585694016
AMGN,2020-08-28,585694016
AMGN,2020-09-05,609814976
AMGN,2020-09-06,585694016
AMGN,2020-09-21,586545024
AMGN,2020-09-22,585694016
AMGN,2020-10-30,584000000
AMGN,2020-11-03,582169024
AMGN,2020-11-26,582169024
AMGN,2021-02-04,578000000
AMGN,2021-02-10,577566016
AMGN,2021-03-17,553628992
AMGN,2021-04-07,575801984
AMGN,2021-04-14,573475968
AMGN,2021-04-23,584222976
AMGN,2021-04-25,579723008
AMGN,2021-04-27,575801984
AMGN,2021-04-30,574553984
AMGN,2021-08-06,567852032
AMGN,2021-09-11,567852032
AMGN,2021-11-04,565000000
AMGN,2021-11-05,573411968
AMGN,2021-11-06,563265984
AMGN,2022-02-04,575560000
AMGN,2022-02-05,563265984
AMGN,2022-02-09,558000000
AMGN,2022-02-11,558000000
AMGN,2022-02-22,557028992
AMGN,2022-04-01,558756992
AMGN,2022-04-02,557028992
AMGN,2022-04-07,533784992
AMGN,2022-04-29,534000000
AMGN,2022-04-30,534200000
AMGN,2022-05-02,534200000
AMGN,2022-05-05,534200000
AMGN,2022-05-12,534355008
AMGN,2022-05-14,534200000
AMGN,2022-08-03,537988992
AMGN,2022-08-05,534545984
AMGN,2022-08-06,534931008
AMGN,2022-08-10,534931008
AMGN,2022-09-01,534931008
AMGN,2022-09-03,534931008
AMGN,2022-09-10,530092992
AMGN,2022-09-12,534931008
AMGN,2022-11-10,533579008
AMGN,2022-12-16,543584000
AMGN,2023-02-02,534000000
AMGN,2023-02-11,533976000
AMGN,2023-03-15,539833024
AMGN,2023-03-18,545084032
AMGN,2023-03-21,533976000
AMGN,2023-03-30,539686016
AMGN,2023-04-01,533976000
AMGN,2023-04-05,540726016
AMGN,2023-04-06,533976000
AMGN,2023-04-08,534215008
AMGN,2023-04-11,534215008
AMGN,2023-04-13,534215008
AMGN,2023-04-25,535508000
AMGN,2023-04-27,534215008
AMGN,2023-04-28,534215008
AMGN,2023-05-02,534327008
AMGN,2023-05-04,549844992
AMGN,2023-05-06,534327008
AMGN,2023-05-11,535056992
AMGN,2023-05-14,536987008
AMGN,2023-05-16,534327008
AMGN,2023-06-14,534327008
AMGN,2023-06-23,537974016
AMGN,2023-06-25,534327008
AMGN,2023-06-27,539913984
AMGN,2023-06-28,534327008
AMGN,2023-07-19,545419008
AMGN,2023-07-21,534327008
AMGN,2023-08-22,534900992
AMGN,2023-08-23,541296000
AMGN,2023-08-24,534900992
AMGN,2023-09-07,534900992
AMGN,2023-09-16,538142976
AMGN,2023-09-17,534900992
AMGN,2023-10-11,535472992
AMGN,2023-10-12,534900992
AMGN,2023-10-13,534900992
AMGN,2023-10-14,536671008
AMGN,2023-10-15,534900992
AMGN,2023-10-17,539508992
AMGN,2023-10-18,534900992
AMGN,2023-10-19,534900992
AMGN,2023-10-20,534900992
AMGN,2023-10-21,534900992
AMGN,2023-10-22,534900992
AMGN,2023-10-24,534900992
AMGN,2023-10-25,534900992
AMGN,2023-10-27,534900992
AMGN,2023-11-02,535177984
AMGN,2023-11-03,535177984
AMGN,2023-11-04,535177984
AMGN,2023-11-07,535177984
AMGN,2023-11-08,538750976
AMGN,2023-11-09,535177984
AMGN,2023-11-14,535177984
AMGN,2023-11-16,535177984
AMGN,2023-11-18,535177984
AMGN,2023-11-21,535177984
AMGN,2023-11-22,535177984
AMGN,2023-11-25,535177984
AMGN,2023-12-06,538302016
AMGN,2023-12-07,535177984
AMGN,2023-12-12,535177984
AMGN,2023-12-15,545443008
AMGN,2023-12-16,535177984
AMGN,2023-12-19,535177984
AMGN,2023-12-20,535177984
AMGN,2023-12-21,535177984
AMGN,2023-12-22,535177984
AMGN,2023-12-23,535177984
AMGN,2023-12-30,535177984
AMGN,2024-01-05,535177984
AMGN,2024-01-11,535177984
AMGN,2024-01-19,535177984
AMGN,2024-01-24,535177984
AMGN,2024-01-26,535177984
AMGN,2024-01-27,535177984
AMGN,2024-01-30,535177984
AMGN,2024-01-31,535177984
AMGN,2024-02-01,535996000
AMGN,2024-02-02,535177984
AMGN,2024-02-07,535177984
AMGN,2024-02-08,535000000
AMGN,2024-02-09,535177984
AMGN,2024-02-10,541868992
AMGN,2024-02-13,535177984
AMGN,2024-02-16,535919008
AMGN,2024-02-17,535919008
AMGN,2024-02-22,535919008
AMGN,2024-03-01,535919008
AMGN,2024-03-02,535919008
AMGN,2024-03-05,537798976
AMGN,2024-03-06,535919008
AMGN,2024-03-12,535919008
AMGN,2024-03-13,536908992
AMGN,2024-03-14,535919008
AMGN,2024-03-15,535919008
AMGN,2024-03-20,535919008
AMGN,2024-03-21,535919008
AMGN,2024-03-22,535919008
AMGN,2024-03-23,535919008
AMGN,2024-03-26,535919008
AMGN,2024-03-27,535919008
AMGN,2024-03-28,535919008
AMGN,2024-03-29,539784000
AMGN,2024-04-04,535919008
AMGN,2024-04-06,535919008
AMGN,2024-04-09,535919008
AMGN,2024-04-12,541571968
AMGN,2024-04-13,535919008
AMGN,2024-04-16,535919008
AMGN,2024-04-17,535919008
AMGN,2024-04-18,535919008
AMGN,2024-04-19,536376000
AMGN,2024-04-23,536376000
AMGN,2024-04-25,543603008
AMGN,2024-04-26,536376000
AMGN,2024-05-01,536376000
AMGN,2024-05-02,536376000
AMGN,2024-05-03,536376000
AMGN,2024-05-04,536435008
AMGN,2024-05-07,557459008
AMGN,2024-05-08,536435008
AMGN,2024-05-09,536435008
AMGN,2024-05-10,536435008
AMGN,2024-05-11,536435008
AMGN,2024-05-14,536435008
AMGN,2024-05-16,536435008
AMGN,2024-05-17,536435008
AMGN,2024-05-21,536435008
AMGN,2024-05-23,536435008
AMGN,2024-05-24,536435008
AMGN,2024-05-30,536435008
AMGN,2024-05-31,536435008
AMGN,2024-06-04,536435008
AMGN,2024-06-05,536435008
AMGN,2024-06-06,536435008
AMGN,2024-06-07,536435008
AMGN,2024-06-08,536435008
AMGN,2024-06-11,536435008
AMGN,2024-06-12,536435008
AMGN,2024-06-18,536435008
AMGN,2024-06-19,536435008
AMGN,2024-06-21,536435008
AMGN,2024-06-26,536435008
AMGN,2024-07-02,536435008
AMGN,2024-07-03,536848992
AMGN,2024-07-09,536435008
AMGN,2024-07-10,536435008
AMGN,2024-07-11,536435008
AMGN,2024-07-12,536435008
AMGN,2024-07-16,536435008
AMGN,2024-07-17,536435008
AMGN,2024-07-18,536435008
AMGN,2024-07-19,536435008
AMGN,2024-07-20,536435008
AMGN,2024-07-23,536435008
AMGN,2024-07-24,540828992
AMGN,2024-07-25,538521024
AMGN,2024-07-26,536435008
AMGN,2024-07-27,536435008
AMGN,2024-07-30,536435008
AMGN,2024-08-01,536435008
AMGN,2024-08-02,536435008
AMGN,2024-08-03,536435008
AMGN,2024-08-08,537329024
AMGN,2024-08-09,537329024
AMGN,2024-08-13,537329024
AMGN,2024-08-15,537329024
AMGN,2024-08-17,544182976
AMGN,2024-08-20,537329024
AMGN,2024-08-27,537329024
AMGN,2024-08-28,537329024
AMGN,2024-08-30,537329024
AMGN,2024-08-31,537329024
AMGN,2024-09-06,537329024
AMGN,2024-09-07,537329024
AMGN,2024-09-11,537329024
AMGN,2024-09-12,537329024
AMGN,2024-09-13,537329024
AMGN,2024-09-21,537329024
AMGN,2024-09-24,537329024
AMGN,2024-09-25,537329024
AMGN,2024-09-26,537329024
AMGN,2024-09-30,538096000
AMGN,2024-10-01,537329024
AMGN,2024-10-03,537329024
AMGN,2024-10-04,537329024
AMGN,2024-10-09,537329024
AMGN,2024-10-10,537329024
AMGN,2024-10-11,537329024
AMGN,2024-10-12,537329024
AMGN,2024-10-15,543502016
AMGN,2024-10-16,537379008
AMGN,2024-10-17,537329024
AMGN,2024-10-18,537329024
AMGN,2024-10-19,537329024
AMGN,2024-10-22,537329024
AMGN,2024-10-23,537329024
AMGN,2024-10-30,539318976
AMGN,2024-10-31,537686976
AMGN,2024-11-01,537532992
AMGN,2024-11-05,537532992
AMGN,2024-11-06,537532992
AMGN,2024-11-08,537532992
AMGN,2024-11-09,537532992
AMGN,2024-11-12,537532992
AMGN,2024-11-13,537532992
AMGN,2024-11-16,560883008
AMGN,2024-11-19,546884992
AMGN,2024-11-20,537532992
AMGN,2024-11-21,537532992
AMGN,2024-11-22,537532992
AMGN,2024-11-23,537532992
AMGN,2024-11-28,537532992
AMGN,2024-11-30,537532992
AMGN,2024-12-05,537532992
AMGN,2024-12-06,537532992
AMGN,2024-12-07,537532992
AMGN,2024-12-11,537532992
AMGN,2024-12-14,543073984
AMGN,2024-12-17,537532992
AMGN,2024-12-20,537532992
AMGN,2024-12-21,537532992
AMGN,2024-12-24,537532992
AMGN,2024-12-28,537532992
AMGN,2025-01-03,537532992
AMGN,2025-01-07,537532992
AMGN,2025-01-08,537532992
AMGN,2025-01-09,537532992
AMGN,2025-01-11,537532992
AMGN,2025-01-16,537532992
AMGN,2025-01-17,537532992
AMGN,2025-01-22,537532992
AMGN,2025-01-23,537532992
AMGN,2025-01-25,537532992
AMGN,2025-01-31,537532992
AMGN,2025-02-01,537532992
AMGN,2025-02-04,537532992
AMGN,2025-02-06,537532992
AMGN,2025-02-08,537532992
AMGN,2025-02-13,539912000
AMGN,2025-02-18,537204992
AMGN,2025-02-19,537204992
AMGN,2025-02-20,537204992
AMGN,2025-02-22,537204992
AMGN,2025-02-25,537204992
AMGN,2025-02-26,537204992
AMGN,2025-03-01,537204992
AMGN,2025-03-04,537204992
AMGN,2025-03-05,537204992
AMGN,2025-03-06,537204992
AMGN,2025-03-07,537204992
AMGN,2025-03-08,537204992
AMGN,2025-03-11,537204992
AMGN,2025-03-13,537204992
AMGN,2025-03-18,537204992
AMGN,2025-03-19,542139008
AMGN,2025-03-20,537204992
AMGN,2025-03-21,537204992
AMGN,2025-03-22,537204992
AMGN,2025-03-25,537204992
AMGN,2025-03-26,537204992
AMGN,2025-03-27,539225984
AMGN,2025-03-28,537204992
AMGN,2025-03-29,537204992
AMGN,2025-04-01,537204992
AMGN,2025-04-03,537204992
AMGN,2025-04-04,537204992
AMGN,2025-04-09,537204992
AMGN,2025-04-10,537651008
AMGN,2025-04-11,537651008
AMGN,2025-04-14,537204992
AMGN,2025-04-15,537651008
AMGN,2025-04-22,544742976
AMGN,2025-04-23,537651008
AMGN,2025-04-24,537651008
AMGN,2025-04-26,537204992
AMGN,2025-04-29,537651008
AMGN,2025-05-01,537651008
AMGN,2025-05-02,537651008
AMGN,2025-05-03,537705984
AMGN,2025-05-06,537705984
AMGN,2025-05-07,537705984
AMGN,2025-05-08,537705984
AMGN,2025-05-09,537705984
AMGN,2025-05-10,537705984
AMGN,2025-05-13,537705984
AMGN,2025-05-14,554456000
AMGN,2025-05-15,537705984
AMGN,2025-05-24,537705984
AMGN,2025-05-28,537705984
AMGN,2025-05-29,537705984
AMGN,2025-05-30,537705984
AMGN,2025-05-31,537705984
AMGN,2025-06-06,537705984
AMGN,2025-06-07,537705984
AMGN,2025-06-10,538355008
AMGN,2025-06-13,537705984
AMGN,2025-06-14,537705984
AMGN,2025-06-17,537705984
AMGN,2025-06-18,537705984
AMGN,2025-06-19,537705984
AMGN,2025-06-21,537705984
AMGN,2025-06-26,537705984
AMGN,2025-06-27,537705984
AMGN,2025-06-28,537705984
AMGN,2025-07-01,537705984
AMGN,2025-07-02,537705984
AMGN,2025-07-08,547416000
AMGN,2025-07-10,537705984
AMGN,2025-07-11,546993984
AMGN,2025-07-12,537705984
AMGN,2025-07-16,537705984
AMGN,2025-07-18,537705984
AMGN,2025-07-23,537705984
AMGN,2025-07-24,537705984
AMGN,2025-07-26,537705984
AMGN,2025-07-31,537705984
AMGN,2025-08-06,537705984
AMGN,2025-08-07,566814016
AMGN,2025-08-08,538361984
AMGN,2025-08-20,538361984
AMGN,2025-08-21,538361984
AMGN,2025-08-28,538361984
AMGN,2025-09-03,538361984
AMGN,2025-09-04,538361984
AMGN,2025-09-05,545569024
AMGN,2025-09-06,538361984
AMGN,2025-09-10,538361984
AMGN,2025-09-13,538361984
AMGN,2025-09-16,538361984
AMGN,2025-09-17,538361851
AMGN,2025-09-20,538361851
AMGN,2025-09-23,538361851
AMGN,2025-09-26,538361851
AMGN,2025-09-27,538361851
AMGN,2025-09-30,538361851
AMGN,2025-10-02,538361851
AMGN,2025-10-03,538361851
AMGN,2025-10-08,538361851
AMGN,2025-10-15,538361851
AMGN,2025-10-23,538361851
AMGN,2025-10-24,538361851
AMGN,2025-10-25,538361851
AMGN,2025-10-27,539471265
AMGN,2025-10-28,538361851
AMGN,2025-10-29,538361851
AMGN,2025-10-30,538361851
AMGN,2025-11-01,538361851
AMGN,2025-11-04,538361851
AMGN,2025-11-05,538361851
AMGN,2025-11-06,538480671
AMGN,2025-11-07,538480671
AMGN,2025-11-08,538480671
AMGN,2025-11-11,538480671
AMGN,2025-11-14,538480671
AMGN,2025-11-17,538480671
AMGN,2026-02-05,539000000
AMGN,2026-02-19,539067675
AMGN,2026-05-01,539685503
AMGN,2026-05-05,540000000
AMGN,2026-05-23,539708274
AMGN,2026-08-06,539708274
AMGN,2026-08-22,540632005
GILD,2019-01-05,1293619968
GILD,2019-01-07,1293619968
GILD,2019-01-09,1293619968
GILD,2019-01-10,1293619968
GILD,2019-01-12,1293619968
GILD,2019-01-14,1293619968
GILD,2019-01-16,1293619968
GILD,2019-01-20,1293619968
GILD,2019-01-24,1293619968
GILD,2019-01-25,1293619968
GILD,2019-01-26,1293619968
GILD,2019-01-29,1293619968
GILD,2019-01-30,1293619968
GILD,2019-02-04,1293619968
GILD,2019-02-07,1293619968
GILD,2019-02-13,1282000000
GILD,2019-02-15,1282000000
GILD,2019-02-17,1282000000
GILD,2019-02-20,1282000000
GILD,2019-02-28,1275510016
GILD,2019-03-07,1275510016
GILD,2019-03-08,1275510016
GILD,2019-03-10,1275510016
GILD,2019-03-12,1275510016
GILD,2019-03-14,1275510016
GILD,2019-03-17,1275510016
GILD,2019-03-18,1275510016
GILD,2019-03-26,1274940032
GILD,2019-03-29,1274899968
GILD,2019-04-01,1274899968
GILD,2019-04-05,1274899968
GILD,2019-04-06,1274899968
GILD,2019-04-09,1274899968
GILD,2019-04-10,1274899968
GILD,2019-04-14,1274899968
GILD,2019-04-16,1274899968
GILD,2019-04-17,1274899968
GILD,2019-04-21,1274899968
GILD,2019-04-29,1274899968
GILD,2019-04-30,1274899968
GILD,2019-05-02,1274899968
GILD,2019-05-04,1274899968
GILD,2019-05-05,1274000000
GILD,2019-05-09,1274000000
GILD,2019-05-12,1271549952
GILD,2019-05-14,1271549952
GILD,2019-05-19,1271549952
GILD,2019-05-21,1271549952
GILD,2019-05-22,1271549952
GILD,2019-05-24,1271549952
GILD,2019-05-28,1271549952
GILD,2019-06-02,1271549952
GILD,2019-06-03,1271549952
GILD,2019-06-05,1271549952
GILD,2019-06-10,1271549952
GILD,2019-06-11,1271549952
GILD,2019-06-13,1271549952
GILD,2019-06-17,1271549952
GILD,2019-06-18,1271549952
GILD,2019-06-19,1271549952
GILD,2019-06-20,1271549952
GILD,2019-06-21,1271549952
GILD,2019-06-22,1271549952
GILD,2019-06-23,1271549952
GILD,2019-06-24,1271549952
GILD,2019-06-27,1271549952
GILD,2019-08-01,1267000064
GILD,2019-08-12,1266460032
GILD,2019-08-13,1242000000
GILD,2019-08-14,1266460032
GILD,2019-08-16,1261440000
GILD,2019-08-17,1266460032
GILD,2019-08-30,1264269952
GILD,2019-09-04,1266460032
GILD,2019-09-07,1256179968
GILD,2019-09-09,1241449984
GILD,2019-09-11,1213190016
GILD,2019-09-12,1285340032
GILD,2019-09-15,1266460032
GILD,2019-09-20,1271079936
GILD,2019-09-21,1266460032
GILD,2019-10-24,1280300032
GILD,2019-11-05,1247849984
GILD,2019-11-07,1269949952
GILD,2019-11-09,1240889984
GILD,2019-11-14,1245670016
GILD,2019-11-15,1274729984
GILD,2019-11-16,1265149952
GILD,2019-12-09,1287209984
GILD,2019-12-10,1265149952
GILD,2019-12-18,1266680064
GILD,2019-12-19,1265149952
GILD,2020-02-07,1310089984
GILD,2020-02-09,1265149952
GILD,2020-02-12,1242589952
GILD,2020-02-13,1227740032
GILD,2020-02-16,1265149952
GILD,2020-02-27,1263640064
GILD,2020-03-06,1261639936
GILD,2020-03-07,1263640064
GILD,2020-03-26,1259020032
GILD,2020-05-05,1254000000
GILD,2020-05-08,1254370048
GILD,2020-05-21,1228060032
GILD,2020-05-22,1254370048
GILD,2020-08-10,1253720064
GILD,2020-08-28,1253720064
GILD,2020-09-21,1253529984
GILD,2020-09-22,1253720064
GILD,2020-11-01,1252999936
GILD,2020-11-03,1252999936
GILD,2020-11-06,1253529984
GILD,2020-11-26,1253529984
GILD,2021-03-02,1256589952
GILD,2021-03-05,1266210048
GILD,2021-03-17,1208499968
GILD,2021-04-01,1259059968
GILD,2021-04-10,1259059968
GILD,2021-04-23,1281110016
GILD,2021-04-25,1284240000
GILD,2021-04-27,1259059968
GILD,2021-05-08,1254179968
GILD,2021-05-11,1254179968
GILD,2021-08-09,1253810048
GILD,2021-10-06,1253810048
GILD,2021-10-30,1255000064
GILD,2021-11-02,1255000064
GILD,2021-11-05,1272749952
GILD,2021-11-06,1254380032
GILD,2022-02-04,1262249984
GILD,2022-02-05,1254000000
GILD,2022-02-11,1254000000
GILD,2022-02-25,1253890048
GILD,2022-03-28,1258780032
GILD,2022-05-05,1255789952
GILD,2022-05-06,1254310016
GILD,2022-05-27,1264819968
GILD,2022-07-06,1254720000
GILD,2022-08-05,1261609984
GILD,2022-08-06,1254310016
GILD,2022-08-13,1253369984
GILD,2022-08-19,1269520000
GILD,2022-11-05,1254240000
GILD,2022-11-08,1253369984
GILD,2022-11-10,1254240000
GILD,2022-12-03,1255239936
GILD,2022-12-04,1254240000
GILD,2022-12-06,1269209984
GILD,2022-12-07,1254240000
GILD,2023-01-04,1260999936
GILD,2023-01-05,1254240000
GILD,2023-02-06,1247000064
GILD,2023-02-25,1247110016
GILD,2023-03-16,1247110016
GILD,2023-03-18,1288249984
GILD,2023-03-21,1247110016
GILD,2023-03-25,1248819968
GILD,2023-03-30,1253750016
GILD,2023-03-31,1248819968
GILD,2023-04-01,1248819968
GILD,2023-04-25,1250690048
GILD,2023-04-27,1248819968
GILD,2023-05-02,1248000000
GILD,2023-05-03,1263200000
GILD,2023-05-04,1263549952
GILD,2023-05-06,1248000000
GILD,2023-05-10,1247350016
GILD,2023-05-11,1258370048
GILD,2023-05-14,1247350016
GILD,2023-06-23,1248960000
GILD,2023-06-24,1247350016
GILD,2023-07-05,1252800000
GILD,2023-07-06,1247350016
GILD,2023-07-08,1277859968
GILD,2023-07-12,1254439936
GILD,2023-07-13,1247350016
GILD,2023-07-19,1259270016
GILD,2023-07-21,1247350016
GILD,2023-08-22,1246009984
GILD,2023-10-10,1246009984
GILD,2023-10-11,1246009984
GILD,2023-10-12,1246009984
GILD,2023-10-13,1249260032
GILD,2023-10-14,1246009984
GILD,2023-10-15,1246009984
GILD,2023-10-17,1246009984
GILD,2023-10-18,1246009984
GILD,2023-10-19,1258680064
GILD,2023-10-20,1246009984
GILD,2023-10-22,1246009984
GILD,2023-10-24,1246009984
GILD,2023-10-25,1246009984
GILD,2023-10-26,1246009984
GILD,2023-10-28,1246009984
GILD,2023-11-02,1246009984
GILD,2023-11-03,1246009984
GILD,2023-11-04,1246009984
GILD,2023-11-08,1254210048
GILD,2023-11-09,1246040064
GILD,2023-11-11,1246040064
GILD,2023-11-14,1262499968
GILD,2023-11-16,1246040064
GILD,2023-11-17,1246040064
GILD,2023-11-18,1246040064
GILD,2023-11-21,1246040064
GILD,2023-11-22,1246040064
GILD,2023-11-25,1246040064
GILD,2023-11-30,1246040064
GILD,2023-12-01,1246040064
GILD,2023-12-02,1246040064
GILD,2023-12-05,1246040064
GILD,2023-12-06,1246040064
GILD,2023-12-07,1246040064
GILD,2023-12-08,1246040064
GILD,2023-12-15,1265689984
GILD,2023-12-16,1246040064
GILD,2023-12-19,1246040064
GILD,2023-12-20,1246040064
GILD,2023-12-22,1246040064
GILD,2023-12-26,1246040064
GILD,2023-12-27,1246040064
GILD,2023-12-30,1246040064
GILD,2024-01-05,1246040064
GILD,2024-01-06,1246040064
GILD,2024-01-10,1246040064
GILD,2024-01-11,1246040064
GILD,2024-01-13,1246040064
GILD,2024-01-16,1246040064
GILD,2024-01-18,1246040064
GILD,2024-01-19,1246040064
GILD,2024-01-20,1246040064
GILD,2024-01-23,1386800000
GILD,2024-01-24,1246040064
GILD,2024-01-25,1246040064
GILD,2024-01-26,1246040064
GILD,2024-01-27,1246040064
GILD,2024-01-31,1253170048
GILD,2024-02-01,1258940032
GILD,2024-02-02,1246040064
GILD,2024-02-07,1246040064
GILD,2024-02-08,1246040064
GILD,2024-02-10,1248240000
GILD,2024-02-13,1246040064
GILD,2024-02-14,1246040064
GILD,2024-02-15,1246040064
GILD,2024-02-16,1246040064
GILD,2024-02-21,1246040064
GILD,2024-02-22,1246040064
GILD,2024-02-23,1246040064
GILD,2024-02-24,1246040064
GILD,2024-02-27,1245769984
GILD,2024-03-02,1245769984
GILD,2024-03-04,1246119936
GILD,2024-03-05,1245769984
GILD,2024-03-06,1245769984
GILD,2024-03-07,1245769984
GILD,2024-03-12,1245769984
GILD,2024-03-13,1245769984
GILD,2024-03-20,1245769984
GILD,2024-03-22,1245769984
GILD,2024-03-23,1245769984
GILD,2024-03-26,1245769984
GILD,2024-03-27,1245769984
GILD,2024-03-28,1245769984
GILD,2024-03-29,1245769984
GILD,2024-03-30,1245769984
GILD,2024-04-03,1246969984
GILD,2024-04-04,1268249984
GILD,2024-04-09,1246969984
GILD,2024-04-10,1246969984
GILD,2024-04-11,1246969984
GILD,2024-04-12,1257590016
GILD,2024-04-13,1246969984
GILD,2024-04-17,1254930048
GILD,2024-04-18,1254050048
GILD,2024-04-19,1246969984
GILD,2024-04-23,1246969984
GILD,2024-04-24,1246969984
GILD,2024-04-25,1281549952
GILD,2024-04-26,1246969984
GILD,2024-04-27,1246969984
GILD,2024-04-30,1246969984
GILD,2024-05-01,1261319936
GILD,2024-05-04,1257560064
GILD,2024-05-07,1246969984
GILD,2024-05-08,1246969984
GILD,2024-05-10,1245849984
GILD,2024-05-12,1245849984
GILD,2024-05-15,1245849984
GILD,2024-05-17,1245849984
GILD,2024-05-18,1245849984
GILD,2024-05-21,1257149952
GILD,2024-05-22,1245849984
GILD,2024-05-23,1245849984
GILD,2024-05-24,1276540032
GILD,2024-05-25,1245849984
GILD,2024-05-30,1245849984
GILD,2024-05-31,1245849984
GILD,2024-06-01,1245849984
GILD,2024-06-04,1245849984
GILD,2024-06-05,1245849984
GILD,2024-06-06,1245849984
GILD,2024-06-08,1245849984
GILD,2024-06-12,1245849984
GILD,2024-06-13,1256499968
GILD,2024-06-14,1245849984
GILD,2024-06-15,1245849984
GILD,2024-06-18,1245849984
GILD,2024-06-21,1245849984
GILD,2024-06-25,1245849984
GILD,2024-06-27,1245849984
GILD,2024-06-28,1245849984
GILD,2024-07-02,1245849984
GILD,2024-07-03,1245849984
GILD,2024-07-04,1245849984
GILD,2024-07-09,1245849984
GILD,2024-07-10,1245849984
GILD,2024-07-11,1245849984
GILD,2024-07-12,1245849984
GILD,2024-07-13,1245849984
GILD,2024-07-16,1245849984
GILD,2024-07-17,1245849984
GILD,2024-07-18,1245849984
GILD,2024-07-19,1262160000
GILD,2024-07-20,1245849984
GILD,2024-07-23,1245849984
GILD,2024-07-24,1267559936
GILD,2024-07-25,1245849984
GILD,2024-07-26,1245849984
GILD,2024-07-27,1245849984
GILD,2024-07-30,1245849984
GILD,2024-07-31,1245849984
GILD,2024-08-01,1245849984
GILD,2024-08-08,1245849984
GILD,2024-08-10,1244989952
GILD,2024-08-13,1256419968
GILD,2024-08-16,1244989952
GILD,2024-08-17,1254439936
GILD,2024-08-21,1244989952
GILD,2024-08-23,1244989952
GILD,2024-08-27,1244989952
GILD,2024-08-28,1244989952
GILD,2024-08-31,1252080000
GILD,2024-09-05,1244989952
GILD,2024-09-06,1244989952
GILD,2024-09-07,1245779968
GILD,2024-09-10,1244989952
GILD,2024-09-11,1244989952
GILD,2024-09-12,1252679936
GILD,2024-09-13,1244989952
GILD,2024-09-17,1244989952
GILD,2024-09-18,1244989952
GILD,2024-09-19,1244989952
GILD,2024-09-21,1244989952
GILD,2024-09-25,1244989952
GILD,2024-09-26,1244989952
GILD,2024-10-02,1244989952
GILD,2024-10-03,1244989952
GILD,2024-10-04,1244989952
GILD,2024-10-08,1244989952
GILD,2024-10-12,1244989952
GILD,2024-10-15,1244989952
GILD,2024-10-17,1244989952
GILD,2024-10-18,1253750016
GILD,2024-10-23,1244989952
GILD,2024-10-24,1244989952
GILD,2024-10-29,1244989952
GILD,2024-10-30,1254599936
GILD,2024-10-31,1244989952
GILD,2024-11-02,1244989952
GILD,2024-11-06,1244989952
GILD,2024-11-07,1244989952
GILD,2024-11-08,1246000000
GILD,2024-11-13,1281389952
GILD,2024-11-14,1269410048
GILD,2024-11-15,1246269952
GILD,2024-11-16,1298569984
GILD,2024-11-19,1246269952
GILD,2024-11-20,1246269952
GILD,2024-11-21,1246269952
GILD,2024-11-22,1246269952
GILD,2024-11-23,1246269952
GILD,2024-11-28,1246269952
GILD,2024-12-04,1246269952
GILD,2024-12-06,1246269952
GILD,2024-12-10,1246269952
GILD,2024-12-11,1246269952
GILD,2024-12-12,1246269952
GILD,2024-12-14,1253389952
GILD,2024-12-19,1246269952
GILD,2024-12-24,1246269952
GILD,2024-12-25,1246269952
GILD,2024-12-31,1246269952
GILD,2025-01-01,1246269952
GILD,2025-01-04,1252669952
GILD,2025-01-07,1248720000
GILD,2025-01-08,1246269952
GILD,2025-01-11,1246269952
GILD,2025-01-14,1246269952
GILD,2025-01-15,1246269952
GILD,2025-01-16,1246269952
GILD,2025-01-17,1256189952
GILD,2025-01-18,1246269952
GILD,2025-01-22,1246269952
GILD,2025-01-23,1246269952
GILD,2025-01-25,1246269952
GILD,2025-01-29,1246269952
GILD,2025-01-30,1246269952
GILD,2025-01-31,1246269952
GILD,2025-02-04,1246269952
GILD,2025-02-05,1246269952
GILD,2025-02-08,1246269952
GILD,2025-02-12,1246269952
GILD,2025-02-13,1246269952
GILD,2025-02-19,1246269952
GILD,2025-02-21,1246269952
GILD,2025-02-22,1246269952
GILD,2025-02-25,1246269952
GILD,2025-02-26,1246269952
GILD,2025-02-27,1258339968
GILD,2025-03-01,1246269952
GILD,2025-03-04,1246269952
GILD,2025-03-05,1245350016
GILD,2025-03-06,1245350016
GILD,2025-03-11,1247469952
GILD,2025-03-12,1245350016
GILD,2025-03-13,1245350016
GILD,2025-03-14,1245350016
GILD,2025-03-15,1245350016
GILD,2025-03-19,1276850048
GILD,2025-03-20,1245350016
GILD,2025-03-22,1245350016
GILD,2025-03-26,1245350016
GILD,2025-03-27,1245350016
GILD,2025-03-28,1245350016
GILD,2025-03-29,1246630016
GILD,2025-04-01,1246630016
GILD,2025-04-04,1246630016
GILD,2025-04-05,1246630016
GILD,2025-04-08,1246630016
GILD,2025-04-09,1246630016
GILD,2025-04-10,1293970048
GILD,2025-04-11,1246630016
GILD,2025-04-12,1246630016
GILD,2025-04-15,1246630016
GILD,2025-04-18,1246630016
GILD,2025-04-22,1249139968
GILD,2025-04-23,1246630016
GILD,2025-04-26,1282640000
GILD,2025-04-29,1244999936
GILD,2025-05-07,1244999936
GILD,2025-05-10,1261059968
GILD,2025-05-14,1283600000
GILD,2025-05-15,1244999936
GILD,2025-05-17,1243929984
GILD,2025-05-20,1243929984
GILD,2025-05-23,1243929984
GILD,2025-05-28,1243929984
GILD,2025-05-29,1251389952
GILD,2025-05-31,1255570048
GILD,2025-06-03,1243929984
GILD,2025-06-04,1243929984
GILD,2025-06-05,1243929984
GILD,2025-06-06,1243929984
GILD,2025-06-07,1243929984
GILD,2025-06-10,1243929984
GILD,2025-06-11,1243929984
GILD,2025-06-12,1243929984
GILD,2025-06-14,1243929984
GILD,2025-06-17,1243929984
GILD,2025-06-18,1276519936
GILD,2025-06-21,1243929984
GILD,2025-06-25,1243929984
GILD,2025-06-26,1243929984
GILD,2025-06-27,1243929984
GILD,2025-07-03,1243929984
GILD,2025-07-08,1243929984
GILD,2025-07-09,1243929984
GILD,2025-07-11,1243929984
GILD,2025-07-12,1243929984
GILD,2025-07-15,1243929984
GILD,2025-07-16,1243929984
GILD,2025-07-17,1243929984
GILD,2025-07-25,1243929984
GILD,2025-07-28,1278819968
GILD,2025-07-29,1243929984
GILD,2025-08-01,1243929984
GILD,2025-08-02,1243929984
GILD,2025-08-08,1243929984
GILD,2025-08-09,1240809984
GILD,2025-08-13,1240809984
GILD,2025-08-16,1240809984
GILD,2025-08-18,1244800000
GILD,2025-08-19,1240809984
GILD,2025-08-22,1240809984
GILD,2025-08-28,1240809984
GILD,2025-09-03,1240809984
GILD,2025-09-04,1240809984
GILD,2025-09-05,1240809984
GILD,2025-09-06,1240809984
GILD,2025-09-09,1240809984
GILD,2025-09-12,1240809984
GILD,2025-09-16,1259609984
GILD,2025-09-17,1240806916
GILD,2025-09-18,1240806916
GILD,2025-09-19,1240806916
GILD,2025-09-20,1240806916
GILD,2025-09-23,1258455516
GILD,2025-09-25,1240806916
GILD,2025-09-30,1240806916
GILD,2025-10-01,1253103201
GILD,2025-10-02,1257217048
GILD,2025-10-03,1247428443
GILD,2025-10-06,1240806916
GILD,2025-10-10,1240806916
GILD,2025-10-14,1240806916
GILD,2025-10-15,1240806916
GILD,2025-10-21,1240806916
GILD,2025-10-24,1240806916
GILD,2025-10-25,1240806916
GILD,2025-10-28,1268069301
GILD,2025-10-29,1240806916
GILD,2025-11-01,1242000000
GILD,2025-11-11,1240679623
GILD,2025-11-12,1240679623
GILD,2025-11-13,1240679623
GILD,2025-11-14,1240679623
GILD,2025-11-15,1242465916
GILD,2025-11-17,1240806917
GILD,2026-02-12,1241000000
GILD,2026-02-14,1240679623
GILD,2026-02-28,1241420528
GILD,2026-03-25,1241203736
GILD,2026-05-09,1241569874
GILD,2026-08-08,1239955155
VRTX,2019-01-05,255558000
VRTX,2019-01-07,255558000
VRTX,2019-01-09,255558000
VRTX,2019-01-10,255558000
VRTX,2019-01-12,255558000
VRTX,2019-01-14,255558000
VRTX,2019-01-16,255558000
VRTX,2019-01-17,255558000
VRTX,2019-01-20,255558000
VRTX,2019-01-24,255558000
VRTX,2019-01-25,255558000
VRTX,2019-01-26,255558000
VRTX,2019-01-28,255558000
VRTX,2019-01-30,255558000
VRTX,2019-02-04,255558000
VRTX,2019-02-07,255558000
VRTX,2019-02-10,255172000
VRTX,2019-02-13,255172000
VRTX,2019-02-15,255656992
VRTX,2019-02-17,255656992
VRTX,2019-02-18,255656992
VRTX,2019-02-20,255656992
VRTX,2019-02-28,255656992
VRTX,2019-03-01,255656992
VRTX,2019-03-07,255656992
VRTX,2019-03-09,255656992
VRTX,2019-03-10,255656992
VRTX,2019-03-11,255656992
VRTX,2019-03-14,255656992
VRTX,2019-03-15,255656992
VRTX,2019-03-17,255656992
VRTX,2019-03-18,255656992
VRTX,2019-03-26,255656992
VRTX,2019-03-27,255656992
VRTX,2019-03-29,255656992
VRTX,2019-03-30,255656992
VRTX,2019-04-01,255656992
VRTX,2019-04-02,255656992
VRTX,2019-04-05,255656992
VRTX,2019-04-09,255656992
VRTX,2019-04-11,255656992
VRTX,2019-04-14,255656992
VRTX,2019-04-15,255656992
VRTX,2019-04-17,255656992
VRTX,2019-04-19,255656992
VRTX,2019-04-21,255656992
VRTX,2019-04-23,255656992
VRTX,2019-04-29,255656992
VRTX,2019-05-01,255656992
VRTX,2019-05-02,256332992
VRTX,2019-05-03,256332992
VRTX,2019-05-05,256120992
VRTX,2019-05-07,256120992
VRTX,2019-05-09,256120992
VRTX,2019-05-11,256120992
VRTX,2019-05-12,256120992
VRTX,2019-05-13,256120992
VRTX,2019-05-19,256120992
VRTX,2019-05-20,256120992
VRTX,2019-05-22,256120992
VRTX,2019-05-23,256120992
VRTX,2019-05-28,256120992
VRTX,2019-06-01,256120992
VRTX,2019-06-03,256120992
VRTX,2019-06-04,256120992
VRTX,2019-06-05,256120992
VRTX,2019-06-06,256120992
VRTX,2019-06-10,256120992
VRTX,2019-06-11,256120992
VRTX,2019-06-12,256120992
VRTX,2019-06-17,256120992
VRTX,2019-06-19,256120992
VRTX,2019-06-21,256120992
VRTX,2019-06-23,256120992
VRTX,2019-06-24,256120992
VRTX,2019-06-26,256120992
VRTX,2019-07-05,250908000
VRTX,2019-07-06,256120992
VRTX,2019-07-10,247023008
VRTX,2019-07-11,256552000
VRTX,2019-07-12,252180992
VRTX,2019-07-13,256120992
VRTX,2019-08-05,257414000
VRTX,2019-08-06,257035008
VRTX,2019-08-07,261179008
VRTX,2019-08-08,257167008
VRTX,2019-08-09,267703008
VRTX,2019-08-10,257035008
VRTX,2019-08-30,256116000
VRTX,2019-09-02,254636992
VRTX,2019-09-04,257035008
VRTX,2019-09-06,257264000
VRTX,2019-09-09,255179008
VRTX,2019-09-11,270577984
VRTX,2019-09-12,257035008
VRTX,2019-09-20,259420992
VRTX,2019-09-21,257035008
VRTX,2019-10-04,251322000
VRTX,2019-10-08,257035008
VRTX,2019-10-21,254880000
VRTX,2019-10-22,257035008
VRTX,2019-11-05,250051008
VRTX,2019-11-06,251956992
VRTX,2019-11-07,257150000
VRTX,2019-11-08,252520000
VRTX,2019-11-09,257150000
VRTX,2019-11-14,261236992
VRTX,2019-11-15,254542000
VRTX,2019-11-16,257150000
VRTX,2019-11-20,263272000
VRTX,2019-12-18,254947008
VRTX,2019-12-19,257150000
VRTX,2020-01-07,258884000
VRTX,2020-01-08,251892000
VRTX,2020-01-09,265252992
VRTX,2020-01-11,265538000
VRTX,2020-01-12,257150000
VRTX,2020-02-07,255398000
VRTX,2020-02-08,257150000
VRTX,2020-02-12,260364992
VRTX,2020-02-13,260364992
VRTX,2020-02-17,259268992
VRTX,2020-03-09,255106000
VRTX,2020-03-10,259268992
VRTX,2020-04-30,259172000
VRTX,2020-05-05,259276992
VRTX,2020-08-04,260467008
VRTX,2020-08-18,260467008
VRTX,2020-08-28,260467008
VRTX,2020-09-05,274560992
VRTX,2020-09-06,260467008
VRTX,2020-09-21,266424992
VRTX,2020-09-22,260467008
VRTX,2020-11-03,260038000
VRTX,2020-11-26,260038000
VRTX,2021-02-13,259960000
VRTX,2021-02-15,259960000
VRTX,2021-03-17,254428000
VRTX,2021-04-10,258820992
VRTX,2021-04-12,258820992
VRTX,2021-04-23,263351008
VRTX,2021-04-25,261031008
VRTX,2021-04-27,258820992
VRTX,2021-05-04,258866000
VRTX,2021-07-03,261020992
VRTX,2021-07-14,258866000
VRTX,2021-07-31,259114000
VRTX,2021-08-02,259114000
VRTX,2021-08-04,259428000
VRTX,2021-10-05,263742000
VRTX,2021-10-19,260820000
VRTX,2021-10-20,259428000
VRTX,2021-10-23,259428000
VRTX,2021-11-03,265148992
VRTX,2021-11-06,256044992
VRTX,2021-11-07,254252000
VRTX,2021-11-18,254252000
VRTX,2021-12-03,254936000
VRTX,2021-12-04,254252000
VRTX,2022-01-28,254500000
VRTX,2022-02-11,254576992
VRTX,2022-03-20,255516992
VRTX,2022-03-22,254576992
VRTX,2022-04-09,255534000
VRTX,2022-04-11,255534000
VRTX,2022-05-10,255756000
VRTX,2022-05-27,256884992
VRTX,2022-05-29,255756000
VRTX,2022-06-03,256364000
VRTX,2022-06-04,255756000
VRTX,2022-08-06,256000000
VRTX,2022-08-10,256459008
VRTX,2022-09-02,256459008
VRTX,2022-10-21,258103008
VRTX,2022-10-23,256459008
VRTX,2022-11-01,256691008
VRTX,2022-11-25,261011008
VRTX,2022-11-27,256691008
VRTX,2023-02-09,257000000
VRTX,2023-02-11,257091008
VRTX,2023-02-14,257091008
VRTX,2023-03-04,257312992
VRTX,2023-03-05,257091008
VRTX,2023-03-08,261612992
VRTX,2023-03-09,257091008
VRTX,2023-03-30,257904000
VRTX,2023-04-01,257091008
VRTX,2023-04-08,257588992
VRTX,2023-04-13,257588992
VRTX,2023-04-21,258138000
VRTX,2023-04-22,257588992
VRTX,2023-05-06,257552000
VRTX,2023-05-09,260546000
VRTX,2023-05-11,257552000
VRTX,2023-05-13,259500992
VRTX,2023-05-16,257552000
VRTX,2023-05-27,259612000
VRTX,2023-08-21,258095008
VRTX,2023-09-08,258095008
VRTX,2023-10-10,258095008
VRTX,2023-10-11,258095008
VRTX,2023-10-13,258095008
VRTX,2023-10-15,258095008
VRTX,2023-10-17,258095008
VRTX,2023-10-18,258095008
VRTX,2023-10-19,262272992
VRTX,2023-10-20,260040000
VRTX,2023-10-21,258095008
VRTX,2023-10-25,258095008
VRTX,2023-10-26,258095008
VRTX,2023-10-28,258095008
VRTX,2023-11-01,258095008
VRTX,2023-11-02,258095008
VRTX,2023-11-03,258095008
VRTX,2023-11-04,258376000
VRTX,2023-11-08,263532000
VRTX,2023-11-09,257683008
VRTX,2023-11-14,257683008
VRTX,2023-11-15,257683008
VRTX,2023-11-16,257683008
VRTX,2023-11-17,257683008
VRTX,2023-11-18,257683008
VRTX,2023-11-22,257683008
VRTX,2023-11-23,257683008
VRTX,2023-11-28,257683008
VRTX,2023-11-29,257683008
VRTX,2023-12-06,257683008
VRTX,2023-12-07,257683008
VRTX,2023-12-09,257683008
VRTX,2023-12-12,257683008
VRTX,2023-12-14,257683008
VRTX,2023-12-15,257683008
VRTX,2023-12-16,257683008
VRTX,2023-12-22,257683008
VRTX,2023-12-23,257683008
VRTX,2023-12-28,257683008
VRTX,2024-01-04,257683008
VRTX,2024-01-06,257894000
VRTX,2024-01-09,257683008
VRTX,2024-01-12,257683008
VRTX,2024-01-13,257683008
VRTX,2024-01-16,257683008
VRTX,2024-01-17,257683008
VRTX,2024-01-18,257683008
VRTX,2024-01-19,257683008
VRTX,2024-01-24,257683008
VRTX,2024-01-25,257683008
VRTX,2024-01-26,257683008
VRTX,2024-01-27,257683008
VRTX,2024-01-31,257683008
VRTX,2024-02-01,257683008
VRTX,2024-02-10,257775008
VRTX,2024-02-13,257683008
VRTX,2024-02-17,258308000
VRTX,2024-02-23,258308000
VRTX,2024-03-01,258308000
VRTX,2024-03-05,258308000
VRTX,2024-03-08,258308000
VRTX,2024-03-09,258308000
VRTX,2024-03-12,258308000
VRTX,2024-03-13,258308000
VRTX,2024-03-16,258916000
VRTX,2024-03-20,258308000
VRTX,2024-03-22,258308000
VRTX,2024-03-26,258308000
VRTX,2024-04-02,258308000
VRTX,2024-04-03,258308000
VRTX,2024-04-04,258712000
VRTX,2024-04-05,258308000
VRTX,2024-04-06,258459008
VRTX,2024-04-09,259916992
VRTX,2024-04-10,258459008
VRTX,2024-04-11,258459008
VRTX,2024-04-12,258459008
VRTX,2024-04-17,260604000
VRTX,2024-04-18,258459008
VRTX,2024-04-19,258459008
VRTX,2024-04-20,258459008
VRTX,2024-04-25,260942000
VRTX,2024-04-26,258459008
VRTX,2024-04-27,258459008
VRTX,2024-04-30,259294000
VRTX,2024-05-01,258459008
VRTX,2024-05-02,258459008
VRTX,2024-05-04,258459008
VRTX,2024-05-07,258459008
VRTX,2024-05-08,258300000
VRTX,2024-05-09,258052992
VRTX,2024-05-11,258052992
VRTX,2024-05-15,258860000
VRTX,2024-05-16,258052992
VRTX,2024-05-18,258052992
VRTX,2024-05-21,260312992
VRTX,2024-05-22,258052992
VRTX,2024-05-24,258052992
VRTX,2024-05-25,258052992
VRTX,2024-05-31,258052992
VRTX,2024-06-01,258052992
VRTX,2024-06-04,258052992
VRTX,2024-06-05,258052992
VRTX,2024-06-06,258052992
VRTX,2024-06-11,258052992
VRTX,2024-06-12,259060992
VRTX,2024-06-13,261248992
VRTX,2024-06-15,258052992
VRTX,2024-06-18,258052992
VRTX,2024-06-22,258052992
VRTX,2024-06-27,258052992
VRTX,2024-06-28,258867008
VRTX,2024-06-29,258052992
VRTX,2024-07-03,258052992
VRTX,2024-07-04,258052992
VRTX,2024-07-06,258052992
VRTX,2024-07-09,258052992
VRTX,2024-07-11,258052992
VRTX,2024-07-12,258052992
VRTX,2024-07-13,258052992
VRTX,2024-07-17,258052992
VRTX,2024-07-18,258508000
VRTX,2024-07-20,258052992
VRTX,2024-07-23,258052992
VRTX,2024-07-24,260995008
VRTX,2024-07-25,258052992
VRTX,2024-07-26,258052992
VRTX,2024-07-30,258052992
VRTX,2024-08-06,258102000
VRTX,2024-08-08,258102000
VRTX,2024-08-09,258102000
VRTX,2024-08-10,258102000
VRTX,2024-08-13,258102000
VRTX,2024-08-15,258102000
VRTX,2024-08-23,258102000
VRTX,2024-08-27,258102000
VRTX,2024-08-29,258102000
VRTX,2024-08-31,258102000
VRTX,2024-09-04,269056992
VRTX,2024-09-05,258102000
VRTX,2024-09-06,258102000
VRTX,2024-09-07,258422000
VRTX,2024-09-10,258102000
VRTX,2024-09-11,258102000
VRTX,2024-09-12,258102000
VRTX,2024-09-14,258102000
VRTX,2024-09-18,258102000
VRTX,2024-09-19,258102000
VRTX,2024-09-20,258102000
VRTX,2024-09-21,258102000
VRTX,2024-09-24,258102000
VRTX,2024-09-25,258102000
VRTX,2024-09-26,258102000
VRTX,2024-09-27,258102000
VRTX,2024-09-28,258102000
VRTX,2024-10-01,258102000
VRTX,2024-10-02,258102000
VRTX,2024-10-03,258102000
VRTX,2024-10-04,258102000
VRTX,2024-10-05,258102000
VRTX,2024-10-12,258102000
VRTX,2024-10-15,258102000
VRTX,2024-10-16,258102000
VRTX,2024-10-17,258102000
VRTX,2024-10-18,258102000
VRTX,2024-10-23,258102000
VRTX,2024-10-24,258102000
VRTX,2024-10-29,261400000
VRTX,2024-10-30,258102000
VRTX,2024-11-05,258102000
VRTX,2024-11-06,258102000
VRTX,2024-11-07,261026000
VRTX,2024-11-08,257528992
VRTX,2024-11-13,257528992
VRTX,2024-11-14,257528992
VRTX,2024-11-15,257528992
VRTX,2024-11-16,257528992
VRTX,2024-11-20,257528992
VRTX,2024-11-22,257528992
VRTX,2024-11-26,257528992
VRTX,2024-11-27,257528992
VRTX,2024-12-03,257528992
VRTX,2024-12-04,262466000
VRTX,2024-12-06,257528992
VRTX,2024-12-07,257528992
VRTX,2024-12-11,260142000
VRTX,2024-12-12,257528992
VRTX,2024-12-13,259843008
VRTX,2024-12-14,257528992
VRTX,2024-12-17,257528992
VRTX,2024-12-18,257528992
VRTX,2024-12-19,257528992
VRTX,2024-12-20,257528992
VRTX,2024-12-21,257528992
VRTX,2024-12-27,257528992
VRTX,2024-12-28,257528992
VRTX,2024-12-31,257528992
VRTX,2025-01-01,257528992
VRTX,2025-01-04,257528992
VRTX,2025-01-07,257528992
VRTX,2025-01-08,257528992
VRTX,2025-01-11,259132992
VRTX,2025-01-24,257528992
VRTX,2025-01-28,257528992
VRTX,2025-01-30,257528992
VRTX,2025-01-31,257528992
VRTX,2025-02-04,257528992
VRTX,2025-02-06,257528992
VRTX,2025-02-07,257528992
VRTX,2025-02-08,257528992
VRTX,2025-02-11,257528992
VRTX,2025-02-12,256900000
VRTX,2025-02-15,256790000
VRTX,2025-02-19,256790000
VRTX,2025-02-20,256790000
VRTX,2025-02-21,256790000
VRTX,2025-02-26,256790000
VRTX,2025-02-27,256790000
VRTX,2025-03-04,256790000
VRTX,2025-03-07,256790000
VRTX,2025-03-08,256790000
VRTX,2025-03-11,256790000
VRTX,2025-03-12,256790000
VRTX,2025-03-13,256790000
VRTX,2025-03-14,256790000
VRTX,2025-03-19,256790000
VRTX,2025-03-21,256790000
VRTX,2025-03-22,256790000
VRTX,2025-03-25,256790000
VRTX,2025-03-26,256790000
VRTX,2025-03-27,261286000
VRTX,2025-03-28,256790000
VRTX,2025-04-01,256790000
VRTX,2025-04-02,256790000
VRTX,2025-04-03,256790000
VRTX,2025-04-05,257080992
VRTX,2025-04-08,257080992
VRTX,2025-04-09,257080992
VRTX,2025-04-10,260763008
VRTX,2025-04-11,257080992
VRTX,2025-04-17,257080992
VRTX,2025-04-22,263315008
VRTX,2025-04-23,257080992
VRTX,2025-04-24,257080992
VRTX,2025-04-25,257080992
VRTX,2025-04-26,257080992
VRTX,2025-04-29,257080992
VRTX,2025-04-30,257080992
VRTX,2025-05-02,257080992
VRTX,2025-05-06,257080992
VRTX,2025-05-07,285735008
VRTX,2025-05-08,256796992
VRTX,2025-05-10,256796992
VRTX,2025-05-15,256796992
VRTX,2025-05-16,256796992
VRTX,2025-05-17,256796992
VRTX,2025-05-20,256796992
VRTX,2025-05-21,256796992
VRTX,2025-05-24,256796992
VRTX,2025-05-29,256796992
VRTX,2025-05-30,256796992
VRTX,2025-05-31,256796992
VRTX,2025-06-04,256796992
VRTX,2025-06-05,257160000
VRTX,2025-06-06,256796992
VRTX,2025-06-07,256796992
VRTX,2025-06-10,256796992
VRTX,2025-06-14,256796992
VRTX,2025-06-16,259383008
VRTX,2025-06-17,261980000
VRTX,2025-06-18,256796992
VRTX,2025-06-19,256796992
VRTX,2025-06-25,256796992
VRTX,2025-06-26,256796992
VRTX,2025-06-27,258199008
VRTX,2025-06-28,256796992
VRTX,2025-07-02,256796992
VRTX,2025-07-08,256915008
VRTX,2025-07-11,262647008
VRTX,2025-07-12,256796992
VRTX,2025-07-15,256796992
VRTX,2025-07-17,256796992
VRTX,2025-07-18,256796992
VRTX,2025-07-22,256796992
VRTX,2025-07-23,256796992
VRTX,2025-07-24,256796992
VRTX,2025-07-25,256796992
VRTX,2025-07-26,256796992
VRTX,2025-07-29,256796992
VRTX,2025-07-30,256796992
VRTX,2025-08-02,256796992
VRTX,2025-08-06,256300000
VRTX,2025-08-07,256391008
VRTX,2025-08-08,256391008
VRTX,2025-08-09,256391008
VRTX,2025-08-12,256391008
VRTX,2025-08-14,256391008
VRTX,2025-08-15,256391008
VRTX,2025-08-19,256391008
VRTX,2025-08-21,256391008
VRTX,2025-08-26,256391008
VRTX,2025-08-27,256391008
VRTX,2025-08-29,256391008
VRTX,2025-08-30,256391008
VRTX,2025-09-04,256391008
VRTX,2025-09-05,256391008
VRTX,2025-09-09,256391008
VRTX,2025-09-10,256391008
VRTX,2025-09-12,256391008
VRTX,2025-09-13,256391008
VRTX,2025-09-17,256390651
VRTX,2025-09-18,256390651
VRTX,2025-09-20,256390651
VRTX,2025-09-23,256390651
VRTX,2025-09-26,256390651
VRTX,2025-10-02,256390651
VRTX,2025-10-03,256390651
VRTX,2025-10-06,259918963
VRTX,2025-10-07,256390651
VRTX,2025-10-08,256390651
VRTX,2025-10-09,256390651
VRTX,2025-10-11,256390651
VRTX,2025-10-14,256390651
VRTX,2025-10-15,256390651
VRTX,2025-10-16,256390651
VRTX,2025-10-17,256390651
VRTX,2025-10-24,256390651
VRTX,2025-10-25,256390651
VRTX,2025-10-27,257135103
VRTX,2025-10-28,256390651
VRTX,2025-10-31,256390651
VRTX,2025-11-05,256390651
VRTX,2025-11-06,253718831
VRTX,2025-11-07,253718831
VRTX,2025-11-11,253718831
VRTX,2025-11-12,253718831
VRTX,2025-11-14,253718831
VRTX,2025-11-17,256390651
VRTX,2026-02-17,254000000
VRTX,2026-02-18,254034190
VRTX,2026-04-07,254359735
VRTX,2026-05-05,254200000
VRTX,2026-05-06,253805417
VRTX,2026-05-07,253805417
VRTX,2026-08-05,253300000
VRTX,2026-08-06,253460924
REGN,2019-01-05,108125000
REGN,2019-01-07,108125000
REGN,2019-01-09,108125000
REGN,2019-01-10,108125000
REGN,2019-01-12,108125000
REGN,2019-01-14,108125000
REGN,2019-01-16,108125000
REGN,2019-01-20,108125000
REGN,2019-01-24,108125000
REGN,2019-01-25,108125000
REGN,2019-01-28,108125000
REGN,2019-01-30,108125000
REGN,2019-02-04,108125000
REGN,2019-02-07,108125000
REGN,2019-02-11,108805000
REGN,2019-02-14,108805000
REGN,2019-02-15,108805000
REGN,2019-02-17,108805000
REGN,2019-02-18,108805000
REGN,2019-02-20,108805000
REGN,2019-02-28,108805000
REGN,2019-03-01,108805000
REGN,2019-03-07,108805000
REGN,2019-03-09,108805000
REGN,2019-03-10,108805000
REGN,2019-03-11,108805000
REGN,2019-03-14,108805000
REGN,2019-03-15,108805000
REGN,2019-03-17,108805000
REGN,2019-03-18,108805000
REGN,2019-03-26,108805000
REGN,2019-03-27,108805000
REGN,2019-03-29,108805000
REGN,2019-03-30,108805000
REGN,2019-04-01,108805000
REGN,2019-04-02,108805000
REGN,2019-04-05,108805000
REGN,2019-04-09,108805000
REGN,2019-04-11,108805000
REGN,2019-04-14,108805000
REGN,2019-04-15,108805000
REGN,2019-04-17,108805000
REGN,2019-04-19,108805000
REGN,2019-04-21,108805000
REGN,2019-04-23,108805000
REGN,2019-04-29,109166000
REGN,2019-05-01,109166000
REGN,2019-05-02,109166000
REGN,2019-05-03,109166000
REGN,2019-05-05,109166000
REGN,2019-05-07,109166000
REGN,2019-05-09,109166000
REGN,2019-05-11,109166000
REGN,2019-05-12,109166000
REGN,2019-05-13,109166000
REGN,2019-05-19,109166000
REGN,2019-05-20,109166000
REGN,2019-05-22,109166000
REGN,2019-05-23,109166000
REGN,2019-05-28,109166000
REGN,2019-06-01,109166000
REGN,2019-06-03,109166000
REGN,2019-06-04,109166000
REGN,2019-06-05,109166000
REGN,2019-06-06,109166000
REGN,2019-06-10,109166000
REGN,2019-06-11,109166000
REGN,2019-06-12,109166000
REGN,2019-06-17,109166000
REGN,2019-06-19,109166000
REGN,2019-06-21,109166000
REGN,2019-06-23,109166000
REGN,2019-06-24,109166000
REGN,2019-06-26,109639000
REGN,2019-07-05,108654000
REGN,2019-07-06,109639000
REGN,2019-07-10,104284000
REGN,2019-07-11,107311000
REGN,2019-07-12,106143000
REGN,2019-07-13,109639000
REGN,2019-08-07,111714000
REGN,2019-08-08,110804000
REGN,2019-08-09,112613000
REGN,2019-08-10,109832000
REGN,2019-08-30,108725000
REGN,2019-09-02,108920000
REGN,2019-09-04,109832000
REGN,2019-09-06,110090000
REGN,2019-09-09,109099000
REGN,2019-09-11,112283000
REGN,2019-09-12,109681000
REGN,2019-09-20,110252000
REGN,2019-09-21,109832000
REGN,2019-10-04,107254000
REGN,2019-10-08,109832000
REGN,2019-10-21,109330000
REGN,2019-10-22,109832000
REGN,2019-11-05,108347000
REGN,2019-11-06,108152000
REGN,2019-11-07,109832000
REGN,2019-11-08,115214000
REGN,2019-11-09,109796000
REGN,2019-11-14,109761000
REGN,2019-11-15,106672000
REGN,2019-11-16,109796000
REGN,2019-11-20,111174000
REGN,2019-12-18,107778000
REGN,2019-12-19,109796000
REGN,2020-01-07,111042000
REGN,2020-01-08,110271000
REGN,2020-01-09,112950000
REGN,2020-01-11,112529000
REGN,2020-01-12,109796000
REGN,2020-02-07,115015000
REGN,2020-02-08,109796000
REGN,2020-02-10,109796000
REGN,2020-02-11,110020000
REGN,2020-02-12,113022000
REGN,2020-02-13,110020000
REGN,2020-03-09,111431000
REGN,2020-03-10,110020000
REGN,2020-04-16,110020000
REGN,2020-04-28,112522000
REGN,2020-06-02,102715000
REGN,2020-06-19,102595000
REGN,2020-08-04,102595000
REGN,2020-08-07,106392000
REGN,2020-08-28,106392000
REGN,2020-09-05,106392000
REGN,2020-09-06,106392000
REGN,2020-09-21,108263000
REGN,2020-09-22,106392000
REGN,2020-10-05,105767000
REGN,2020-11-07,106392000
REGN,2020-11-09,106706000
REGN,2020-11-26,106706000
REGN,2020-12-01,106706000
REGN,2021-02-09,107132000
REGN,2021-03-17,107132000
REGN,2021-04-14,107132000
REGN,2021-04-23,110638000
REGN,2021-04-25,111043000
REGN,2021-04-27,106523000
REGN,2021-05-11,106544000
REGN,2021-08-07,106955000
REGN,2021-08-09,106955000
REGN,2021-08-31,105106000
REGN,2021-09-01,107540000
REGN,2021-09-02,106955000
REGN,2021-10-06,106955000
REGN,2021-10-21,105106000
REGN,2021-10-22,106955000
REGN,2021-10-26,106243000
REGN,2021-10-27,105106000
REGN,2021-10-28,106955000
REGN,2021-11-06,107543000
REGN,2021-11-08,107543000
REGN,2021-11-16,107543000
REGN,2022-02-08,108539000
REGN,2022-02-11,108539000
REGN,2022-03-16,106716000
REGN,2022-03-19,108427000
REGN,2022-03-22,108539000
REGN,2022-04-24,108539000
REGN,2022-04-25,109846000
REGN,2022-05-04,108438000
REGN,2022-05-05,109846000
REGN,2022-05-17,108255000
REGN,2022-05-19,109846000
REGN,2022-05-27,111042000
REGN,2022-05-29,109846000
REGN,2022-06-14,114348000
REGN,2022-06-15,109846000
REGN,2022-07-09,108028000
REGN,2022-07-10,109846000
REGN,2022-07-28,108847000
REGN,2022-07-29,108811000
REGN,2022-07-30,109846000
REGN,2022-08-04,108028000
REGN,2022-08-07,109008000
REGN,2022-08-16,107190000
REGN,2022-08-17,109008000
REGN,2022-09-02,109008000
REGN,2022-10-04,102149000
REGN,2022-10-06,109008000
REGN,2022-10-21,109546000
REGN,2022-10-23,109008000
REGN,2022-10-26,107523000
REGN,2022-10-27,109008000
REGN,2022-11-06,108902000
REGN,2022-11-09,108902000
REGN,2023-01-04,109056000
REGN,2023-01-05,108902000
REGN,2023-02-08,109326000
REGN,2023-02-15,109326000
REGN,2023-02-16,109326000
REGN,2023-02-19,109326000
REGN,2023-02-28,109326000
REGN,2023-03-04,107867000
REGN,2023-03-05,109326000
REGN,2023-03-08,110248000
REGN,2023-03-10,109326000
REGN,2023-03-14,109326000
REGN,2023-03-15,109326000
REGN,2023-03-18,109326000
REGN,2023-03-23,109326000
REGN,2023-03-24,109326000
REGN,2023-03-25,109326000
REGN,2023-03-28,109326000
REGN,2023-03-30,108318000
REGN,2023-04-01,110690000
REGN,2023-04-04,108722000
REGN,2023-04-06,108911000
REGN,2023-04-07,109326000
REGN,2023-04-11,109326000
REGN,2023-04-14,108019000
REGN,2023-04-20,109326000
REGN,2023-04-26,109710000
REGN,2023-05-04,109066000
REGN,2023-05-06,108527000
REGN,2023-05-08,109710000
REGN,2023-05-11,110485000
REGN,2023-05-12,110302000
REGN,2023-05-13,110483000
REGN,2023-05-17,109710000
REGN,2023-06-13,108593000
REGN,2023-07-12,111811000
REGN,2023-07-15,109710000
REGN,2023-08-22,108559000
REGN,2023-08-24,109018000
REGN,2023-08-28,108559000
REGN,2023-09-07,108559000
REGN,2023-10-13,108245000
REGN,2023-10-14,108559000
REGN,2023-10-17,109417000
REGN,2023-10-18,108559000
REGN,2023-10-19,109981000
REGN,2023-10-20,110893000
REGN,2023-10-25,107379000
REGN,2023-11-03,108947000
REGN,2023-11-04,109199000
REGN,2023-11-08,109245000
REGN,2023-11-09,108947000
REGN,2023-12-06,108947000
REGN,2023-12-15,108895000
REGN,2023-12-16,108947000
REGN,2023-12-22,108935000
REGN,2023-12-23,108324000
REGN,2023-12-26,108947000
REGN,2024-01-05,108947000
REGN,2024-01-06,108947000
REGN,2024-01-30,108947000
REGN,2024-02-06,109762000
REGN,2024-02-09,108763000
REGN,2024-02-10,108947000
REGN,2024-02-13,109762000
REGN,2024-03-05,109762000
REGN,2024-03-12,110262000
REGN,2024-03-16,109169000
REGN,2024-03-22,109762000
REGN,2024-03-26,109482000
REGN,2024-03-27,109762000
REGN,2024-03-28,110298000
REGN,2024-03-29,109762000
REGN,2024-04-04,110192000
REGN,2024-04-09,109762000
REGN,2024-04-16,109762000
REGN,2024-04-17,109762000
REGN,2024-04-25,109762000
REGN,2024-04-26,109762000
REGN,2024-04-30,108621000
REGN,2024-05-04,108367000
REGN,2024-05-06,109997000
REGN,2024-05-07,110186000
REGN,2024-05-08,110186000
REGN,2024-05-09,110186000
REGN,2024-05-10,108792000
REGN,2024-05-11,109529000
REGN,2024-05-15,109326000
REGN,2024-05-16,110186000
REGN,2024-05-21,109445000
REGN,2024-05-22,110186000
REGN,2024-05-23,111322000
REGN,2024-05-24,110548000
REGN,2024-05-25,109688000
REGN,2024-05-31,110186000
REGN,2024-06-07,110745000
REGN,2024-06-12,109314000
REGN,2024-06-13,108367000
REGN,2024-06-15,109079000
REGN,2024-06-21,109614000
REGN,2024-06-28,112104000
REGN,2024-07-03,111489000
REGN,2024-07-10,109999000
REGN,2024-07-11,108427000
REGN,2024-07-18,110186000
REGN,2024-07-24,111665000
REGN,2024-07-25,109923000
REGN,2024-07-26,110186000
REGN,2024-08-02,110235000
REGN,2024-08-10,108491000
REGN,2024-08-13,110235000
REGN,2024-08-17,110235000
REGN,2024-08-20,110235000
REGN,2024-08-27,110235000
REGN,2024-08-29,110235000
REGN,2024-08-30,110235000
REGN,2024-08-31,110235000
REGN,2024-09-04,110235000
REGN,2024-09-06,110235000
REGN,2024-09-07,110235000
REGN,2024-09-11,110235000
REGN,2024-09-12,110235000
REGN,2024-09-16,110260000
REGN,2024-09-17,110235000
REGN,2024-09-18,110843000
REGN,2024-09-21,110235000
REGN,2024-09-28,110235000
REGN,2024-10-04,110235000
REGN,2024-10-05,110235000
REGN,2024-10-12,110235000
REGN,2024-10-15,110235000
REGN,2024-10-16,110251000
REGN,2024-10-17,110235000
REGN,2024-10-18,110235000
REGN,2024-10-25,111223000
REGN,2024-10-29,110235000
REGN,2024-10-30,110235000
REGN,2024-10-31,110235000
REGN,2024-11-01,109890000
REGN,2024-11-02,109890000
REGN,2024-11-05,111842000
REGN,2024-11-06,109815000
REGN,2024-11-07,109890000
REGN,2024-11-08,109890000
REGN,2024-11-14,112167000
REGN,2024-11-16,109890000
REGN,2024-11-19,109141000
REGN,2024-11-20,109890000
REGN,2024-11-30,110571000
REGN,2024-12-03,109890000
REGN,2024-12-04,111762000
REGN,2024-12-06,109890000
REGN,2024-12-11,109890000
REGN,2024-12-13,114640000
REGN,2024-12-14,109890000
REGN,2024-12-17,109890000
REGN,2024-12-21,110892000
REGN,2025-01-07,109890000
REGN,2025-01-11,109890000
REGN,2025-01-14,109890000
REGN,2025-01-18,109890000
REGN,2025-02-04,109890000
REGN,2025-02-06,109325000
REGN,2025-02-08,109325000
REGN,2025-02-15,109325000
REGN,2025-02-27,109325000
REGN,2025-03-04,109325000
REGN,2025-03-10,107508000
REGN,2025-03-11,109325000
REGN,2025-03-22,110012000
REGN,2025-03-26,109325000
REGN,2025-03-27,108300000
REGN,2025-03-28,110066000
REGN,2025-04-01,109325000
REGN,2025-04-10,115393000
REGN,2025-04-11,109325000
REGN,2025-04-18,109325000
REGN,2025-04-22,109650000
REGN,2025-04-23,109325000
REGN,2025-04-24,108886000
REGN,2025-04-26,108802000
REGN,2025-04-29,109325000
REGN,2025-04-30,107965000
REGN,2025-05-07,107965000
REGN,2025-05-10,112034000
REGN,2025-05-27,106148000
REGN,2025-05-28,107965000
REGN,2025-05-29,107965000
REGN,2025-05-30,133314000
REGN,2025-05-31,107965000
REGN,2025-06-04,107965000
REGN,2025-06-05,107965000
REGN,2025-06-06,107965000
REGN,2025-06-10,107965000
REGN,2025-06-11,106743000
REGN,2025-06-14,107965000
REGN,2025-06-16,109321000
REGN,2025-06-17,110898000
REGN,2025-06-18,107965000
REGN,2025-06-19,107965000
REGN,2025-06-27,107965000
REGN,2025-07-08,109821000
REGN,2025-07-09,107965000
REGN,2025-07-10,107965000
REGN,2025-07-11,107965000
REGN,2025-07-12,107965000
REGN,2025-08-02,105987000
REGN,2025-08-07,108807000
REGN,2025-08-08,105987000
REGN,2025-09-05,105987000
REGN,2025-09-12,105987000
REGN,2025-09-16,105987000
REGN,2025-09-17,105987442
REGN,2025-09-20,105987442
REGN,2025-09-23,105987442
REGN,2025-09-26,105987442
REGN,2025-09-30,106582824
REGN,2025-10-01,106294696
REGN,2025-10-02,105987442
REGN,2025-10-08,105987442
REGN,2025-10-15,105987442
REGN,2025-10-18,105987442
REGN,2025-10-20,106222655
REGN,2025-10-22,105751443
REGN,2025-10-23,105987442
REGN,2025-10-24,105987442
REGN,2025-10-25,105987442
REGN,2025-10-27,104654699
REGN,2025-10-28,105987442
REGN,2025-10-30,105099464
REGN,2025-11-01,105099464
REGN,2025-11-05,107484285
REGN,2025-11-15,105325273
REGN,2025-11-17,105987443
REGN,2026-02-06,105719806
REGN,2026-04-28,104839032
REGN,2026-07-31,102954988
SYK,2019-01-05,374187008
SYK,2019-01-07,374187008
SYK,2019-01-09,374187008
SYK,2019-01-10,374187008
SYK,2019-01-12,374187008
SYK,2019-01-14,374187008
SYK,2019-01-16,374187008
SYK,2019-01-20,374187008
SYK,2019-01-24,374187008
SYK,2019-01-25,374187008
SYK,2019-01-28,374187008
SYK,2019-01-30,374187008
SYK,2019-02-04,374187008
SYK,2019-02-07,374187008
SYK,2019-02-11,372664992
SYK,2019-02-14,372664992
SYK,2019-02-15,372664992
SYK,2019-02-17,372664992
SYK,2019-02-18,372664992
SYK,2019-02-20,372664992
SYK,2019-02-28,372664992
SYK,2019-03-01,372664992
SYK,2019-03-07,372664992
SYK,2019-03-09,372664992
SYK,2019-03-10,372664992
SYK,2019-03-11,372664992
SYK,2019-03-14,372664992
SYK,2019-03-15,372664992
SYK,2019-03-17,372664992
SYK,2019-03-18,372664992
SYK,2019-03-26,373104992
SYK,2019-03-27,373104992
SYK,2019-03-29,373104992
SYK,2019-03-30,373104992
SYK,2019-04-01,373104992
SYK,2019-04-02,373104992
SYK,2019-04-05,373104992
SYK,2019-04-09,373104992
SYK,2019-04-11,373104992
SYK,2019-04-14,373104992
SYK,2019-04-15,373104992
SYK,2019-04-17,373104992
SYK,2019-04-19,373104992
SYK,2019-04-21,373104992
SYK,2019-04-23,373104992
SYK,2019-04-29,373104992
SYK,2019-05-01,373104992
SYK,2019-05-02,373104992
SYK,2019-05-03,373104992
SYK,2019-05-05,373104992
SYK,2019-05-07,373104992
SYK,2019-05-09,373104992
SYK,2019-05-11,373104992
SYK,2019-05-12,373104992
SYK,2019-05-13,373104992
SYK,2019-05-19,373104992
SYK,2019-05-20,373104992
SYK,2019-05-22,373104992
SYK,2019-05-23,373104992
SYK,2019-05-28,373104992
SYK,2019-06-01,373104992
SYK,2019-06-03,373104992
SYK,2019-06-04,373104992
SYK,2019-06-05,373104992
SYK,2019-06-06,373104992
SYK,2019-06-10,373104992
SYK,2019-06-11,373104992
SYK,2019-06-12,373104992
SYK,2019-06-17,373104992
SYK,2019-06-19,373104992
SYK,2019-06-21,373104992
SYK,2019-06-23,373104992
SYK,2019-06-24,373104992
SYK,2019-06-26,373809984
SYK,2019-07-05,369590016
SYK,2019-07-06,373809984
SYK,2019-07-10,373665984
SYK,2019-07-11,373971008
SYK,2019-07-12,376992992
SYK,2019-07-13,373809984
SYK,2019-07-30,374104000
SYK,2019-08-05,376401984
SYK,2019-08-06,374104000
SYK,2019-08-07,384944992
SYK,2019-08-08,385163008
SYK,2019-08-09,384792992
SYK,2019-08-10,374104000
SYK,2019-08-30,370174016
SYK,2019-09-02,372120000
SYK,2019-09-04,374104000
SYK,2019-09-06,374851008
SYK,2019-09-09,372852992
SYK,2019-09-11,386305984
SYK,2019-09-12,374104000
SYK,2019-09-20,375071008
SYK,2019-09-21,374104000
SYK,2019-10-04,367030016
SYK,2019-10-08,374104000
SYK,2019-10-21,373687008
SYK,2019-10-22,374104000
SYK,2019-11-01,374367008
SYK,2019-11-05,380524992
SYK,2019-11-06,394620992
SYK,2019-11-07,374367008
SYK,2019-11-08,366356000
SYK,2019-11-09,374367008
SYK,2019-11-14,377265984
SYK,2019-11-15,377020992
SYK,2019-11-16,374367008
SYK,2019-11-20,374367008
SYK,2019-12-18,372919008
SYK,2019-12-19,374367008
SYK,2020-01-07,375903008
SYK,2020-01-08,371244000
SYK,2020-01-09,371668000
SYK,2020-01-11,376278016
SYK,2020-01-12,374367008
SYK,2020-02-07,375244000
SYK,2020-02-08,374367008
SYK,2020-02-10,374575008
SYK,2020-02-12,376144000
SYK,2020-02-13,374575008
SYK,2020-03-09,367225984
SYK,2020-03-10,374575008
SYK,2020-03-26,374828000
SYK,2020-05-05,375377984
SYK,2020-08-04,372302016
SYK,2020-08-28,375606016
SYK,2020-09-05,375606016
SYK,2020-09-06,375606016
SYK,2020-09-21,385051008
SYK,2020-09-22,375606016
SYK,2020-10-05,374940000
SYK,2020-11-03,375791008
SYK,2020-11-26,375791008
SYK,2021-01-29,375791008
SYK,2021-02-13,376200992
SYK,2021-03-17,380516000
SYK,2021-03-26,376324992
SYK,2021-04-14,373742016
SYK,2021-04-23,375926016
SYK,2021-04-25,371940992
SYK,2021-04-27,376324992
SYK,2021-04-28,376324992
SYK,2021-04-30,376748000
SYK,2021-05-03,376748000
SYK,2021-06-24,376891008
SYK,2021-06-25,376748000
SYK,2021-07-30,377096000
SYK,2021-08-04,377096000
SYK,2021-09-10,377096000
SYK,2021-10-05,385548000
SYK,2021-10-19,377096000
SYK,2021-10-23,378067008
SYK,2021-10-26,377096000
SYK,2021-11-02,377240000
SYK,2021-11-05,379753984
SYK,2021-11-06,377240000
SYK,2021-11-16,380768992
SYK,2021-11-19,380668000
SYK,2022-02-11,377240000
SYK,2022-02-15,377544992
SYK,2022-03-04,380407008
SYK,2022-03-05,377544992
SYK,2022-03-25,377700000
SYK,2022-05-04,378153984
SYK,2022-05-10,396432992
SYK,2022-05-27,378267008
SYK,2022-05-29,378153984
SYK,2022-07-06,381598016
SYK,2022-07-09,378153984
SYK,2022-07-15,381692000
SYK,2022-07-29,378320992
SYK,2022-08-05,381270016
SYK,2022-08-06,378320992
SYK,2022-09-14,378320992
SYK,2022-10-21,382289984
SYK,2022-10-23,378320992
SYK,2022-11-03,378430016
SYK,2022-11-04,378430016
SYK,2023-02-14,378831008
SYK,2023-03-30,381336000
SYK,2023-04-01,385551008
SYK,2023-04-04,379121984
SYK,2023-04-21,382656000
SYK,2023-04-22,379121984
SYK,2023-05-04,388033984
SYK,2023-05-06,379608000
SYK,2023-05-12,380247008
SYK,2023-05-13,379780992
SYK,2023-05-16,379608000
SYK,2023-07-12,381035008
SYK,2023-07-15,379608000
SYK,2023-08-21,379777984
SYK,2023-10-10,379777984
SYK,2023-10-11,379777984
SYK,2023-10-13,389054016
SYK,2023-10-14,379777984
SYK,2023-10-17,379777984
SYK,2023-10-18,379777984
SYK,2023-10-19,379777984
SYK,2023-10-20,379777984
SYK,2023-10-24,379777984
SYK,2023-10-25,379777984
SYK,2023-11-01,379777984
SYK,2023-11-02,379777984
SYK,2023-11-03,379777984
SYK,2023-11-04,379895008
SYK,2023-11-05,379895008
SYK,2023-11-07,379895008
SYK,2023-11-08,382436000
SYK,2023-11-09,379895008
SYK,2023-11-11,379895008
SYK,2023-11-14,379895008
SYK,2023-11-16,379895008
SYK,2023-11-17,379895008
SYK,2023-11-18,379895008
SYK,2023-11-21,379895008
SYK,2023-11-22,379895008
SYK,2023-11-23,379895008
SYK,2023-11-25,379895008
SYK,2023-11-30,379895008
SYK,2023-12-06,379937984
SYK,2023-12-09,379937984
SYK,2023-12-12,379937984
SYK,2023-12-15,381767008
SYK,2023-12-16,379937984
SYK,2023-12-20,379937984
SYK,2023-12-21,379937984
SYK,2023-12-22,379937984
SYK,2023-12-23,379937984
SYK,2023-12-28,379937984
SYK,2023-12-29,379937984
SYK,2023-12-30,379937984
SYK,2024-01-03,379937984
SYK,2024-01-09,379937984
SYK,2024-01-11,379937984
SYK,2024-01-13,379937984
SYK,2024-01-18,379937984
SYK,2024-01-19,379937984
SYK,2024-01-20,379937984
SYK,2024-01-23,379937984
SYK,2024-01-24,379937984
SYK,2024-01-25,379937984
SYK,2024-01-26,379937984
SYK,2024-01-31,379937984
SYK,2024-02-09,379937984
SYK,2024-02-15,380264000
SYK,2024-02-16,380264000
SYK,2024-02-17,380264000
SYK,2024-02-22,380264000
SYK,2024-02-27,380264000
SYK,2024-03-05,380264000
SYK,2024-03-06,380264000
SYK,2024-03-12,380264000
SYK,2024-03-16,380264000
SYK,2024-03-19,380264000
SYK,2024-03-20,380264000
SYK,2024-03-21,380264000
SYK,2024-03-22,380264000
SYK,2024-03-26,380968992
SYK,2024-03-27,380264000
SYK,2024-03-28,381156992
SYK,2024-03-29,380470016
SYK,2024-04-06,380470016
SYK,2024-04-09,381851008
SYK,2024-04-10,380470016
SYK,2024-04-11,380470016
SYK,2024-04-16,383745984
SYK,2024-04-17,382126016
SYK,2024-04-23,380470016
SYK,2024-04-25,380470016
SYK,2024-04-26,380470016
SYK,2024-04-27,380470016
SYK,2024-05-02,380950016
SYK,2024-05-06,384401984
SYK,2024-05-07,380950016
SYK,2024-05-08,380950016
SYK,2024-05-10,380950016
SYK,2024-05-11,381272000
SYK,2024-05-14,380950016
SYK,2024-05-15,381255008
SYK,2024-05-16,380950016
SYK,2024-05-21,380950016
SYK,2024-05-22,380950016
SYK,2024-05-23,380950016
SYK,2024-05-24,387065984
SYK,2024-05-30,380950016
SYK,2024-05-31,381643008
SYK,2024-06-01,380950016
SYK,2024-06-08,380950016
SYK,2024-06-11,380950016
SYK,2024-06-12,380950016
SYK,2024-06-13,380950016
SYK,2024-06-15,380950016
SYK,2024-06-18,380950016
SYK,2024-06-19,380950016
SYK,2024-06-21,389119008
SYK,2024-06-22,380950016
SYK,2024-06-25,380950016
SYK,2024-06-26,380950016
SYK,2024-06-28,380950016
SYK,2024-06-29,380950016
SYK,2024-07-02,380950016
SYK,2024-07-03,383456992
SYK,2024-07-04,380950016
SYK,2024-07-10,380950016
SYK,2024-07-11,380950016
SYK,2024-07-12,380950016
SYK,2024-07-13,380950016
SYK,2024-07-18,380950016
SYK,2024-07-20,380950016
SYK,2024-07-24,380950016
SYK,2024-07-25,396051008
SYK,2024-07-26,380950016
SYK,2024-07-30,380950016
SYK,2024-07-31,380950016
SYK,2024-08-01,381075008
SYK,2024-08-02,381075008
SYK,2024-08-06,381075008
SYK,2024-08-07,381075008
SYK,2024-08-08,381075008
SYK,2024-08-13,381075008
SYK,2024-08-14,381075008
SYK,2024-08-15,381075008
SYK,2024-08-17,381075008
SYK,2024-08-20,381075008
SYK,2024-08-22,381075008
SYK,2024-08-24,381075008
SYK,2024-08-27,381075008
SYK,2024-08-28,381075008
SYK,2024-08-29,383600992
SYK,2024-08-30,381075008
SYK,2024-08-31,381075008
SYK,2024-09-04,381075008
SYK,2024-09-05,381075008
SYK,2024-09-06,381075008
SYK,2024-09-07,381075008
SYK,2024-09-11,381075008
SYK,2024-09-13,381075008
SYK,2024-09-14,381075008
SYK,2024-09-18,381075008
SYK,2024-09-19,381075008
SYK,2024-09-21,381075008
SYK,2024-09-25,381075008
SYK,2024-09-28,381075008
SYK,2024-10-01,381075008
SYK,2024-10-02,381075008
SYK,2024-10-04,381075008
SYK,2024-10-05,381075008
SYK,2024-10-08,381075008
SYK,2024-10-10,381075008
SYK,2024-10-11,381075008
SYK,2024-10-12,381075008
SYK,2024-10-16,381075008
SYK,2024-10-18,381075008
SYK,2024-10-22,381075008
SYK,2024-10-25,384612000
SYK,2024-10-29,381075008
SYK,2024-10-30,381075008
SYK,2024-10-31,381216000
SYK,2024-11-01,388865984
SYK,2024-11-02,381216000
SYK,2024-11-05,381476000
SYK,2024-11-06,381216000
SYK,2024-11-07,382084000
SYK,2024-11-08,381216000
SYK,2024-11-09,381216000
SYK,2024-11-12,381216000
SYK,2024-11-13,381216000
SYK,2024-11-14,381216000
SYK,2024-11-15,381216000
SYK,2024-11-16,381216000
SYK,2024-11-19,381880992
SYK,2024-11-20,381216000
SYK,2024-11-22,381216000
SYK,2024-11-27,381216000
SYK,2024-11-28,381216000
SYK,2024-12-03,381216000
SYK,2024-12-04,381216000
SYK,2024-12-05,381216000
SYK,2024-12-06,381216000
SYK,2024-12-07,381216000
SYK,2024-12-11,381216000
SYK,2024-12-13,382334016
SYK,2024-12-14,381216000
SYK,2024-12-17,383159008
SYK,2024-12-21,381216000
SYK,2024-12-28,381216000
SYK,2024-12-31,381216000
SYK,2025-01-07,381384992
SYK,2025-01-14,386158016
SYK,2025-01-15,381216000
SYK,2025-01-16,381216000
SYK,2025-01-18,381216000
SYK,2025-01-22,381216000
SYK,2025-01-23,381216000
SYK,2025-01-30,381216000
SYK,2025-02-06,381216000
SYK,2025-02-07,381216000
SYK,2025-02-08,385764000
SYK,2025-02-11,381216000
SYK,2025-02-12,381216000
SYK,2025-02-13,381579008
SYK,2025-02-14,381579008
SYK,2025-02-15,384739008
SYK,2025-02-20,381579008
SYK,2025-02-21,381579008
SYK,2025-02-22,381579008
SYK,2025-02-25,381579008
SYK,2025-02-26,381579008
SYK,2025-02-27,381579008
SYK,2025-02-28,381579008
SYK,2025-03-01,381579008
SYK,2025-03-06,381579008
SYK,2025-03-07,381579008
SYK,2025-03-08,381579008
SYK,2025-03-10,391043008
SYK,2025-03-11,381579008
SYK,2025-03-13,381579008
SYK,2025-03-19,381579008
SYK,2025-03-20,381579008
SYK,2025-03-22,384776992
SYK,2025-03-25,381579008
SYK,2025-03-26,381688992
SYK,2025-03-27,381688992
SYK,2025-03-28,381928000
SYK,2025-04-02,381688992
SYK,2025-04-04,381688992
SYK,2025-04-05,381688992
SYK,2025-04-08,381688992
SYK,2025-04-10,397662016
SYK,2025-04-11,381688992
SYK,2025-04-16,381688992
SYK,2025-04-17,381688992
SYK,2025-04-18,381876000
SYK,2025-04-22,389455008
SYK,2025-04-23,381688992
SYK,2025-04-24,381688992
SYK,2025-04-26,381688992
SYK,2025-04-29,381688992
SYK,2025-04-30,381688992
SYK,2025-05-02,381688992
SYK,2025-05-06,382164992
SYK,2025-05-07,386052000
SYK,2025-05-10,383710016
SYK,2025-05-13,382164992
SYK,2025-05-15,382164992
SYK,2025-05-16,382164992
SYK,2025-05-17,382164992
SYK,2025-05-23,382164992
SYK,2025-05-28,382164992
SYK,2025-05-29,385571008
SYK,2025-05-30,382164992
SYK,2025-05-31,382164992
SYK,2025-06-04,382164992
SYK,2025-06-05,382164992
SYK,2025-06-06,382164992
SYK,2025-06-10,383774016
SYK,2025-06-13,382164992
SYK,2025-06-14,385396000
SYK,2025-06-16,382347008
SYK,2025-06-17,386003008
SYK,2025-06-18,382164992
SYK,2025-06-19,382164992
SYK,2025-06-21,382164992
SYK,2025-06-25,382164992
SYK,2025-06-27,383956000
SYK,2025-06-28,382164992
SYK,2025-07-02,382164992
SYK,2025-07-03,382164992
SYK,2025-07-04,382164992
SYK,2025-07-08,385118016
SYK,2025-07-09,382164992
SYK,2025-07-10,382164992
SYK,2025-07-11,387375008
SYK,2025-07-12,382164992
SYK,2025-07-16,382164992
SYK,2025-07-17,382164992
SYK,2025-07-19,382164992
SYK,2025-07-22,382164992
SYK,2025-07-24,382164992
SYK,2025-07-25,382164992
SYK,2025-07-26,382164992
SYK,2025-07-29,382164992
SYK,2025-07-30,382164992
SYK,2025-07-31,382164992
SYK,2025-08-01,382164992
SYK,2025-08-03,382307008
SYK,2025-08-04,382307008
SYK,2025-08-07,388344000
SYK,2025-08-09,382307008
SYK,2025-08-14,382307008
SYK,2025-08-15,382307008
SYK,2025-08-16,382307008
SYK,2025-08-19,382307008
SYK,2025-08-20,382307008
SYK,2025-08-23,382307008
SYK,2025-08-26,382307008
SYK,2025-08-28,382307008
SYK,2025-08-30,382307008
SYK,2025-09-04,382307008
SYK,2025-09-05,382307008
SYK,2025-09-09,382307008
SYK,2025-09-10,382307008
SYK,2025-09-15,388623008
SYK,2025-09-16,382307008
SYK,2025-09-17,382307298
SYK,2025-09-18,382307298
SYK,2025-09-20,382307298
SYK,2025-09-23,382307298
SYK,2025-09-26,382307298
SYK,2025-09-30,382307298
SYK,2025-10-02,382307298
SYK,2025-10-03,382307298
SYK,2025-10-08,382307298
SYK,2025-10-09,382307298
SYK,2025-10-10,382307298
SYK,2025-10-14,382307298
SYK,2025-10-16,382307298
SYK,2025-10-18,382307298
SYK,2025-10-24,382307298
SYK,2025-10-25,382307298
SYK,2025-10-28,382307298
SYK,2025-10-29,382307298
SYK,2025-10-30,382307298
SYK,2025-10-31,382307298
SYK,2025-11-01,382307298
SYK,2025-11-03,382423648
SYK,2025-11-04,382423648
SYK,2025-11-05,382423648
SYK,2025-11-07,382423648
SYK,2025-11-08,382423648
SYK,2025-11-11,382423648
SYK,2025-11-13,382423648
SYK,2025-11-15,394248354
SYK,2025-11-17,382423648
SYK,2026-02-13,382688675
SYK,2026-03-27,382984253
SYK,2026-05-13,383360762
SYK,2026-08-04,383573046
SYK,2026-08-05,383573046
BSX,2019-01-05,1383800064
BSX,2019-01-07,1383800064
BSX,2019-01-09,1383800064
BSX,2019-01-10,1383800064
BSX,2019-01-12,1383800064
BSX,2019-01-14,1383800064
BSX,2019-01-16,1383800064
BSX,2019-01-20,1383800064
BSX,2019-01-24,1383800064
BSX,2019-01-25,1383800064
BSX,2019-01-28,1383800064
BSX,2019-01-30,1383800064
BSX,2019-02-04,1383800064
BSX,2019-02-07,1383800064
BSX,2019-02-10,1383800064
BSX,2019-02-13,1383800064
BSX,2019-02-15,1383800064
BSX,2019-02-17,1383800064
BSX,2019-02-18,1383800064
BSX,2019-02-20,1383800064
BSX,2019-02-28,1385959936
BSX,2019-03-01,1385959936
BSX,2019-03-07,1385959936
BSX,2019-03-08,1385959936
BSX,2019-03-10,1385959936
BSX,2019-03-11,1385959936
BSX,2019-03-14,1385959936
BSX,2019-03-17,1385959936
BSX,2019-03-26,1385959936
BSX,2019-03-29,1390499968
BSX,2019-04-01,1390499968
BSX,2019-04-05,1390499968
BSX,2019-04-09,1390499968
BSX,2019-04-10,1390499968
BSX,2019-04-14,1390499968
BSX,2019-04-16,1390499968
BSX,2019-04-17,1390499968
BSX,2019-04-18,1390499968
BSX,2019-04-21,1390499968
BSX,2019-04-22,1390499968
BSX,2019-04-29,1390499968
BSX,2019-04-30,1390499968
BSX,2019-05-02,1390649984
BSX,2019-05-05,1390649984
BSX,2019-05-06,1390649984
BSX,2019-05-09,1390649984
BSX,2019-05-10,1390649984
BSX,2019-05-12,1390649984
BSX,2019-05-19,1390649984
BSX,2019-05-22,1390649984
BSX,2019-05-23,1390649984
BSX,2019-05-28,1390649984
BSX,2019-06-03,1390649984
BSX,2019-06-04,1390649984
BSX,2019-06-05,1390649984
BSX,2019-06-06,1390649984
BSX,2019-06-10,1390649984
BSX,2019-06-11,1390649984
BSX,2019-06-12,1390649984
BSX,2019-06-17,1390649984
BSX,2019-06-19,1390649984
BSX,2019-06-21,1390649984
BSX,2019-06-23,1390649984
BSX,2019-06-24,1390649984
BSX,2019-06-26,1390649984
BSX,2019-06-28,1390649984
BSX,2019-07-03,1383849984
BSX,2019-07-04,1390649984
BSX,2019-07-05,1392610048
BSX,2019-07-06,1390649984
BSX,2019-07-11,1385159936
BSX,2019-07-12,1400700032
BSX,2019-07-13,1390649984
BSX,2019-07-24,1403090048
BSX,2019-07-25,1390649984
BSX,2019-08-01,1392969984
BSX,2019-08-05,1388409984
BSX,2019-08-06,1392969984
BSX,2019-08-07,1439789952
BSX,2019-08-08,1420589952
BSX,2019-08-09,1407120000
BSX,2019-08-10,1392969984
BSX,2019-08-23,1397560064
BSX,2019-08-24,1392969984
BSX,2019-08-30,1381590016
BSX,2019-09-02,1385149952
BSX,2019-09-04,1392969984
BSX,2019-09-06,1396899968
BSX,2019-09-09,1369890048
BSX,2019-09-11,1441200000
BSX,2019-09-12,1426700032
BSX,2019-09-13,1392969984
BSX,2019-09-20,1398169984
BSX,2019-09-22,1392969984
BSX,2019-10-04,1371949952
BSX,2019-10-08,1392969984
BSX,2019-10-21,1403920000
BSX,2019-10-22,1392969984
BSX,2019-11-05,1399350016
BSX,2019-11-06,1417449984
BSX,2019-11-07,1410989952
BSX,2019-11-08,1384979968
BSX,2019-11-09,1393820032
BSX,2019-11-14,1400589952
BSX,2019-11-15,1398870016
BSX,2019-11-16,1393820032
BSX,2019-12-18,1379949952
BSX,2019-12-19,1393820032
BSX,2020-01-08,1393209984
BSX,2020-01-09,1395360000
BSX,2020-01-10,1402739968
BSX,2020-01-11,1401190016
BSX,2020-01-12,1393820032
BSX,2020-01-13,1394739968
BSX,2020-01-14,1393820032
BSX,2020-02-07,1406579968
BSX,2020-02-08,1393820032
BSX,2020-02-12,1405379968
BSX,2020-02-13,1382690048
BSX,2020-02-14,1393820032
BSX,2020-02-27,1396199936
BSX,2020-03-27,1396199936
BSX,2020-05-08,1399350016
BSX,2020-05-21,1333490048
BSX,2020-05-22,1399350016
BSX,2020-06-01,1428729984
BSX,2020-07-20,1428729984
BSX,2020-08-05,1428729984
BSX,2020-08-07,1430669952
BSX,2020-08-28,1430669952
BSX,2020-09-05,1456189952
BSX,2020-09-06,1430669952
BSX,2020-09-21,1474919936
BSX,2020-09-28,1439149952
BSX,2020-10-08,1400409984
BSX,2020-11-07,1431920000
BSX,2020-11-09,1431920000
BSX,2020-11-26,1431920000
BSX,2020-12-17,1416220032
BSX,2021-03-17,1416220032
BSX,2021-04-13,1420519936
BSX,2021-04-26,1406550016
BSX,2021-04-27,1405219968
BSX,2021-04-28,1420519936
BSX,2021-06-14,1420909952
BSX,2021-08-10,1423849984
BSX,2021-10-30,1423849984
BSX,2021-11-06,1424989952
BSX,2021-11-08,1424989952
BSX,2022-02-12,1424989952
BSX,2022-02-25,1426720000
BSX,2022-03-26,1429449984
BSX,2022-03-29,1429449984
BSX,2022-04-29,1440489984
BSX,2022-04-30,1429449984
BSX,2022-05-07,1429570048
BSX,2022-05-10,1429570048
BSX,2022-07-19,1444189952
BSX,2022-07-20,1429570048
BSX,2022-08-07,1431609984
BSX,2022-08-08,1431609984
BSX,2022-09-14,1431609984
BSX,2022-10-04,1390329984
BSX,2022-10-05,1431609984
BSX,2022-10-21,1457590016
BSX,2022-10-22,1431609984
BSX,2022-11-05,1432310016
BSX,2022-11-08,1432310016
BSX,2023-02-26,1434780032
BSX,2023-03-18,1445250048
BSX,2023-03-21,1434780032
BSX,2023-03-24,1437330048
BSX,2023-04-04,1446290048
BSX,2023-04-05,1447449984
BSX,2023-04-07,1437330048
BSX,2023-04-25,1443800064
BSX,2023-04-26,1437330048
BSX,2023-05-06,1437699968
BSX,2023-05-09,1437699968
BSX,2023-07-19,1443160064
BSX,2023-07-21,1437699968
BSX,2023-08-22,1464220032
BSX,2023-08-23,1464509952
BSX,2023-08-24,1464220032
BSX,2023-08-30,1464220032
BSX,2023-09-08,1464220032
BSX,2023-10-10,1464220032
BSX,2023-10-11,1464220032
BSX,2023-10-13,1464220032
BSX,2023-10-14,1464220032
BSX,2023-10-17,1464220032
BSX,2023-10-18,1464220032
BSX,2023-10-19,1464220032
BSX,2023-10-23,1464220032
BSX,2023-10-28,1464220032
BSX,2023-10-31,1464220032
BSX,2023-11-01,1464220032
BSX,2023-11-03,1464979968
BSX,2023-11-04,1464700032
BSX,2023-11-07,1464979968
BSX,2023-11-08,1482950016
BSX,2023-11-09,1484659968
BSX,2023-11-14,1464979968
BSX,2023-11-16,1464979968
BSX,2023-11-17,1464979968
BSX,2023-11-18,1464979968
BSX,2023-11-22,1464979968
BSX,2023-11-23,1464979968
BSX,2023-11-25,1464979968
BSX,2023-11-28,1464979968
BSX,2023-11-29,1464979968
BSX,2023-12-05,1464979968
BSX,2023-12-06,1464979968
BSX,2023-12-07,1464979968
BSX,2023-12-14,1464979968
BSX,2023-12-15,1472809984
BSX,2023-12-16,1464979968
BSX,2023-12-22,1464979968
BSX,2023-12-28,1464979968
BSX,2023-12-30,1464979968
BSX,2024-01-03,1464979968
BSX,2024-01-04,1464979968
BSX,2024-01-10,1464979968
BSX,2024-01-11,1464979968
BSX,2024-01-12,1464979968
BSX,2024-01-13,1464979968
BSX,2024-01-18,1464979968
BSX,2024-01-20,1464979968
BSX,2024-01-23,1464979968
BSX,2024-01-27,1464979968
BSX,2024-01-30,1464979968
BSX,2024-01-31,1464979968
BSX,2024-02-07,1464979968
BSX,2024-02-09,1469709952
BSX,2024-02-10,1464979968
BSX,2024-02-14,1464979968
BSX,2024-02-15,1464979968
BSX,2024-02-16,1464979968
BSX,2024-02-17,1464979968
BSX,2024-02-21,1464979968
BSX,2024-02-22,1467100032
BSX,2024-02-23,1467100032
BSX,2024-02-24,1467100032
BSX,2024-02-28,1467100032
BSX,2024-03-05,1467100032
BSX,2024-03-07,1467100032
BSX,2024-03-09,1467100032
BSX,2024-03-12,1467100032
BSX,2024-03-16,1467100032
BSX,2024-03-21,1467100032
BSX,2024-03-22,1469900032
BSX,2024-03-23,1469900032
BSX,2024-03-27,1469900032
BSX,2024-03-28,1472690048
BSX,2024-03-29,1469900032
BSX,2024-04-02,1469900032
BSX,2024-04-03,1469900032
BSX,2024-04-04,1469900032
BSX,2024-04-05,1469900032
BSX,2024-04-06,1469900032
BSX,2024-04-09,1469900032
BSX,2024-04-10,1469900032
BSX,2024-04-16,1483629952
BSX,2024-04-17,1469900032
BSX,2024-04-18,1469900032
BSX,2024-04-23,1469900032
BSX,2024-04-24,1469900032
BSX,2024-04-25,1469900032
BSX,2024-04-27,1469900032
BSX,2024-04-30,1469900032
BSX,2024-05-01,1469900032
BSX,2024-05-03,1470179968
BSX,2024-05-04,1470179968
BSX,2024-05-06,1476259968
BSX,2024-05-07,1470179968
BSX,2024-05-08,1470179968
BSX,2024-05-09,1470179968
BSX,2024-05-10,1470179968
BSX,2024-05-11,1478360064
BSX,2024-05-15,1470179968
BSX,2024-05-17,1470179968
BSX,2024-05-21,1470179968
BSX,2024-05-22,1470179968
BSX,2024-05-23,1476029952
BSX,2024-05-24,1470179968
BSX,2024-06-01,1470179968
BSX,2024-06-06,1470179968
BSX,2024-06-08,1470179968
BSX,2024-06-11,1470179968
BSX,2024-06-12,1470179968
BSX,2024-06-13,1470179968
BSX,2024-06-14,1470179968
BSX,2024-06-15,1470179968
BSX,2024-06-18,1470179968
BSX,2024-06-22,1470179968
BSX,2024-06-27,1470179968
BSX,2024-06-28,1470179968
BSX,2024-07-02,1470179968
BSX,2024-07-03,1470179968
BSX,2024-07-06,1470179968
BSX,2024-07-09,1470179968
BSX,2024-07-10,1470179968
BSX,2024-07-11,1470179968
BSX,2024-07-12,1470179968
BSX,2024-07-13,1470179968
BSX,2024-07-17,1470179968
BSX,2024-07-18,1470179968
BSX,2024-07-20,1470179968
BSX,2024-07-23,1470179968
BSX,2024-07-24,1470179968
BSX,2024-07-25,1470179968
BSX,2024-07-26,1470179968
BSX,2024-07-27,1470179968
BSX,2024-07-30,1470179968
BSX,2024-08-01,1470179968
BSX,2024-08-03,1472630016
BSX,2024-08-08,1472630016
BSX,2024-08-10,1472630016
BSX,2024-08-13,1477469952
BSX,2024-08-14,1472630016
BSX,2024-08-15,1472630016
BSX,2024-08-16,1472630016
BSX,2024-08-17,1472630016
BSX,2024-08-20,1472630016
BSX,2024-08-22,1472630016
BSX,2024-08-24,1472630016
BSX,2024-08-27,1472630016
BSX,2024-08-29,1478370048
BSX,2024-08-31,1472630016
BSX,2024-09-04,1484419968
BSX,2024-09-05,1472630016
BSX,2024-09-06,1483299968
BSX,2024-09-07,1472630016
BSX,2024-09-10,1472630016
BSX,2024-09-11,1472630016
BSX,2024-09-12,1474759936
BSX,2024-09-13,1472630016
BSX,2024-09-14,1472630016
BSX,2024-09-16,1472630016
BSX,2024-09-17,1472630016
BSX,2024-09-18,1472630016
BSX,2024-09-19,1472630016
BSX,2024-09-20,1472630016
BSX,2024-09-21,1472630016
BSX,2024-09-25,1472630016
BSX,2024-09-28,1472630016
BSX,2024-10-02,1472630016
BSX,2024-10-03,1472630016
BSX,2024-10-04,1484400000
BSX,2024-10-05,1472630016
BSX,2024-10-08,1472630016
BSX,2024-10-10,1472630016
BSX,2024-10-11,1472630016
BSX,2024-10-12,1472630016
BSX,2024-10-14,1472630016
BSX,2024-10-16,1472630016
BSX,2024-10-17,1472630016
BSX,2024-10-18,1472630016
BSX,2024-10-19,1472630016
BSX,2024-10-22,1472630016
BSX,2024-10-23,1472630016
BSX,2024-10-24,1472630016
BSX,2024-10-25,1513289984
BSX,2024-10-29,1476109952
BSX,2024-10-30,1472630016
BSX,2024-10-31,1482620032
BSX,2024-11-01,1472630016
BSX,2024-11-02,1473830016
BSX,2024-11-05,1473830016
BSX,2024-11-06,1473830016
BSX,2024-11-07,1473830016
BSX,2024-11-08,1473830016
BSX,2024-11-09,1473830016
BSX,2024-11-12,1473830016
BSX,2024-11-13,1473830016
BSX,2024-11-16,1483990016
BSX,2024-11-22,1473830016
BSX,2024-11-23,1473830016
BSX,2024-11-27,1473830016
BSX,2024-11-30,1475289984
BSX,2024-12-03,1473830016
BSX,2024-12-04,1473830016
BSX,2024-12-05,1473830016
BSX,2024-12-06,1473830016
BSX,2024-12-07,1473830016
BSX,2024-12-10,1473830016
BSX,2024-12-12,1473830016
BSX,2024-12-13,1476109952
BSX,2024-12-14,1473830016
BSX,2024-12-18,1473830016
BSX,2024-12-20,1473830016
BSX,2024-12-21,1473830016
BSX,2024-12-24,1473830016
BSX,2024-12-25,1473830016
BSX,2024-12-27,1473830016
BSX,2024-12-31,1473830016
BSX,2025-01-01,1473830016
BSX,2025-01-04,1473830016
BSX,2025-01-07,1473830016
BSX,2025-01-08,1473830016
BSX,2025-01-09,1473830016
BSX,2025-01-11,1490450048
BSX,2025-01-14,1478029952
BSX,2025-01-15,1473830016
BSX,2025-01-16,1473830016
BSX,2025-01-17,1473830016
BSX,2025-01-25,1473830016
BSX,2025-01-29,1473830016
BSX,2025-02-01,1473830016
BSX,2025-02-04,1473830016
BSX,2025-02-06,1473830016
BSX,2025-02-07,1473830016
BSX,2025-02-08,1473830016
BSX,2025-02-14,1473830016
BSX,2025-02-15,1474240000
BSX,2025-02-19,1473830016
BSX,2025-02-20,1475779968
BSX,2025-02-21,1475779968
BSX,2025-02-22,1475779968
BSX,2025-02-27,1475779968
BSX,2025-03-06,1475779968
BSX,2025-03-07,1475779968
BSX,2025-03-08,1475779968
BSX,2025-03-10,1554169984
BSX,2025-03-11,1475779968
BSX,2025-03-12,1475779968
BSX,2025-03-13,1475779968
BSX,2025-03-14,1475779968
BSX,2025-03-15,1475779968
BSX,2025-03-21,1479069952
BSX,2025-03-22,1491120000
BSX,2025-03-26,1479069952
BSX,2025-03-27,1489760000
BSX,2025-03-28,1479069952
BSX,2025-04-01,1479069952
BSX,2025-04-03,1479069952
BSX,2025-04-04,1479069952
BSX,2025-04-08,1479069952
BSX,2025-04-09,1479069952
BSX,2025-04-10,1545010048
BSX,2025-04-11,1479069952
BSX,2025-04-15,1479069952
BSX,2025-04-16,1479069952
BSX,2025-04-18,1481090048
BSX,2025-04-22,1503410048
BSX,2025-04-23,1480160000
BSX,2025-05-01,1479069952
BSX,2025-05-02,1479069952
BSX,2025-05-06,1479449984
BSX,2025-05-07,1479449984
BSX,2025-05-10,1485629952
BSX,2025-05-13,1479449984
BSX,2025-05-14,1479449984
BSX,2025-05-21,1479449984
BSX,2025-05-22,1479449984
BSX,2025-05-27,1479449984
BSX,2025-05-28,1479449984
BSX,2025-05-29,1502950016
BSX,2025-05-30,1479449984
BSX,2025-05-31,1479449984
BSX,2025-06-04,1479449984
BSX,2025-06-05,1489120000
BSX,2025-06-10,1479449984
BSX,2025-06-11,1479449984
BSX,2025-06-18,1484700032
BSX,2025-06-19,1479449984
BSX,2025-06-24,1479449984
BSX,2025-06-28,1479449984
BSX,2025-07-01,1479449984
BSX,2025-07-08,1486429952
BSX,2025-07-09,1479449984
BSX,2025-07-11,1488909952
BSX,2025-07-12,1479449984
BSX,2025-07-15,1479449984
BSX,2025-07-18,1479449984
BSX,2025-07-19,1493859968
BSX,2025-07-22,1479449984
BSX,2025-07-29,1479449984
BSX,2025-07-30,1479449984
BSX,2025-08-03,1481750016
BSX,2025-08-04,1481750016
BSX,2025-08-06,1481750016
BSX,2025-08-07,1481750016
BSX,2025-08-08,1481750016
BSX,2025-08-14,1481750016
BSX,2025-08-16,1481750016
BSX,2025-08-22,1481750016
BSX,2025-08-23,1481750016
BSX,2025-08-27,1481750016
BSX,2025-08-28,1481750016
BSX,2025-08-30,1481750016
BSX,2025-09-05,1481750016
BSX,2025-09-06,1481750016
BSX,2025-09-09,1481750016
BSX,2025-09-10,1481750016
BSX,2025-09-11,1481750016
BSX,2025-09-12,1481750016
BSX,2025-09-13,1481750016
BSX,2025-09-15,1523890048
BSX,2025-09-17,1481751634
BSX,2025-09-19,1481751634
BSX,2025-09-20,1481751634
BSX,2025-09-23,1493968488
BSX,2025-09-26,1481751634
BSX,2025-09-27,1481751634
BSX,2025-09-30,1499158856
BSX,2025-10-01,1490099103
BSX,2025-10-02,1517771262
BSX,2025-10-03,1481751634
BSX,2025-10-07,1481751634
BSX,2025-10-08,1481751634
BSX,2025-10-14,1481751634
BSX,2025-10-17,1481751634
BSX,2025-10-18,1481751634
BSX,2025-10-23,1481751634
BSX,2025-10-24,1502880234
BSX,2025-10-25,1481751634
BSX,2025-10-27,1481751634
BSX,2025-10-28,1481751634
BSX,2025-10-30,1481751634
BSX,2025-11-04,1482442039
BSX,2025-11-05,1482442039
BSX,2025-11-06,1482442039
BSX,2025-11-07,1482442039
BSX,2025-11-11,1482442039
BSX,2025-11-12,1482442039
BSX,2025-11-13,1482442039
BSX,2025-11-15,1515500684
BSX,2025-11-17,1482442039
BSX,2026-01-17,1483019808
BSX,2026-02-24,1483885456
BSX,2026-03-24,1486175167
BSX,2026-05-05,1486355179
BSX,2026-08-04,1449229526
BSX,2026-08-05,1449229526
DHR,2019-01-05,700902976
DHR,2019-01-07,700902976
DHR,2019-01-09,700902976
DHR,2019-01-10,700902976
DHR,2019-01-12,700902976
DHR,2019-01-14,700902976
DHR,2019-01-16,700902976
DHR,2019-01-17,700902976
DHR,2019-01-20,700902976
DHR,2019-01-22,700902976
DHR,2019-01-24,700902976
DHR,2019-01-25,700902976
DHR,2019-01-26,700902976
DHR,2019-01-28,700902976
DHR,2019-01-30,700902976
DHR,2019-02-04,701500032
DHR,2019-02-07,701500032
DHR,2019-02-10,701500032
DHR,2019-02-13,701500032
DHR,2019-02-15,701500032
DHR,2019-02-17,701500032
DHR,2019-02-20,701500032
DHR,2019-02-28,701875008
DHR,2019-03-01,701875008
DHR,2019-03-07,713974976
DHR,2019-03-09,713974976
DHR,2019-03-10,713974976
DHR,2019-03-11,713974976
DHR,2019-03-14,713974976
DHR,2019-03-15,713974976
DHR,2019-03-17,713974976
DHR,2019-03-18,713974976
DHR,2019-03-26,713974976
DHR,2019-03-27,713974976
DHR,2019-03-29,715694016
DHR,2019-03-30,715694016
DHR,2019-04-01,715694016
DHR,2019-04-02,715694016
DHR,2019-04-05,715694016
DHR,2019-04-09,715694016
DHR,2019-04-11,715694016
DHR,2019-04-14,715694016
DHR,2019-04-15,715694016
DHR,2019-04-17,715694016
DHR,2019-04-19,715694016
DHR,2019-04-21,715934016
DHR,2019-04-23,715934016
DHR,2019-04-29,715934016
DHR,2019-05-01,715934016
DHR,2019-05-02,715934016
DHR,2019-05-03,715934016
DHR,2019-05-05,715934016
DHR,2019-05-07,715934016
DHR,2019-05-09,715934016
DHR,2019-05-11,715934016
DHR,2019-05-12,715934016
DHR,2019-05-13,715934016
DHR,2019-05-19,715934016
DHR,2019-05-20,715934016
DHR,2019-05-22,715934016
DHR,2019-05-23,715934016
DHR,2019-05-28,715934016
DHR,2019-06-01,715934016
DHR,2019-06-03,715934016
DHR,2019-06-04,715934016
DHR,2019-06-05,715934016
DHR,2019-06-06,715934016
DHR,2019-06-10,715934016
DHR,2019-06-11,715934016
DHR,2019-06-12,715934016
DHR,2019-06-17,715934016
DHR,2019-06-19,715934016
DHR,2019-06-21,715934016
DHR,2019-06-23,715934016
DHR,2019-06-24,715934016
DHR,2019-06-26,715934016
DHR,2019-07-05,710169024
DHR,2019-07-06,715934016
DHR,2019-07-10,707606976
DHR,2019-07-11,717492992
DHR,2019-07-12,716486016
DHR,2019-07-13,715934016
DHR,2019-07-22,717368000
DHR,2019-08-05,722675968
DHR,2019-08-06,717368000
DHR,2019-08-07,735817024
DHR,2019-08-08,730584000
DHR,2019-08-09,731331008
DHR,2019-08-10,717368000
DHR,2019-08-30,706278976
DHR,2019-09-02,704241024
DHR,2019-09-04,717368000
DHR,2019-09-06,713052032
DHR,2019-09-09,706233984
DHR,2019-09-11,746254016
DHR,2019-09-12,717368000
DHR,2019-09-20,726337984
DHR,2019-09-21,717368000
DHR,2019-10-04,708582016
DHR,2019-10-08,717368000
DHR,2019-10-21,718617024
DHR,2019-10-22,717368000
DHR,2019-10-28,718281024
DHR,2019-11-05,724854976
DHR,2019-11-06,732092032
DHR,2019-11-07,718281024
DHR,2019-11-08,714457024
DHR,2019-11-09,718281024
DHR,2019-11-14,726283008
DHR,2019-11-15,713564032
DHR,2019-11-16,718281024
DHR,2019-11-20,735542976
DHR,2019-12-18,715102976
DHR,2019-12-19,718281024
DHR,2019-12-20,695358976
DHR,2020-01-07,699689984
DHR,2020-01-08,697608000
DHR,2020-01-09,702915008
DHR,2020-01-11,696072000
DHR,2020-01-12,695358976
DHR,2020-02-03,695500032
DHR,2020-02-07,700153984
DHR,2020-02-08,695500032
DHR,2020-02-12,698444032
DHR,2020-02-13,695500032
DHR,2020-02-25,696236992
DHR,2020-03-09,691393024
DHR,2020-03-10,696236992
DHR,2020-03-27,696894976
DHR,2020-05-08,697510976
DHR,2020-05-14,707020032
DHR,2020-07-27,709409024
DHR,2020-08-04,709409024
DHR,2020-08-27,709409024
DHR,2020-08-28,709409024
DHR,2020-09-05,709409024
DHR,2020-09-06,709409024
DHR,2020-09-21,712297024
DHR,2020-09-22,709409024
DHR,2020-10-05,702238016
DHR,2020-10-23,710377024
DHR,2020-11-26,710377024
DHR,2021-01-30,711000000
DHR,2021-02-27,712204032
DHR,2021-03-17,708179968
DHR,2021-03-26,713067008
DHR,2021-04-14,689577024
DHR,2021-04-23,689046976
DHR,2021-04-25,670851008
DHR,2021-04-26,670851008
DHR,2021-04-27,713278976
DHR,2021-07-20,715892992
DHR,2021-07-23,713900032
DHR,2021-10-22,714577024
DHR,2021-10-23,714577024
DHR,2021-10-26,731571968
DHR,2021-11-05,725926016
DHR,2021-11-06,714577024
DHR,2022-02-11,714577024
DHR,2022-02-26,715353024
DHR,2022-03-24,734984000
DHR,2022-03-25,715353024
DHR,2022-04-01,715894976
DHR,2022-04-19,715894976
DHR,2022-04-23,727076992
DHR,2022-04-25,727076992
DHR,2022-05-04,732958016
DHR,2022-05-06,727076992
DHR,2022-06-03,761230016
DHR,2022-07-22,727444992
DHR,2022-07-29,750718976
DHR,2022-07-30,727444992
DHR,2022-09-02,727444992
DHR,2022-09-20,722542976
DHR,2022-09-21,727444992
DHR,2022-10-21,771766016
DHR,2022-10-23,727963008
DHR,2022-11-04,731340032
DHR,2023-01-04,736705984
DHR,2023-01-05,727963008
DHR,2023-01-25,728300032
DHR,2023-02-04,730540032
DHR,2023-02-05,728300032
DHR,2023-02-24,728577024
DHR,2023-03-18,747708992
DHR,2023-03-19,728577024
DHR,2023-03-23,734700032
DHR,2023-03-24,728577024
DHR,2023-03-30,730968000
DHR,2023-04-01,735644992
DHR,2023-04-04,734792000
DHR,2023-04-06,729107008
DHR,2023-04-07,729107008
DHR,2023-04-15,729107008
DHR,2023-04-26,737899008
DHR,2023-04-28,737899008
DHR,2023-05-11,743366976
DHR,2023-05-12,751806016
DHR,2023-05-15,757665984
DHR,2023-05-17,737899008
DHR,2023-07-06,746043008
DHR,2023-07-07,737899008
DHR,2023-07-12,747969024
DHR,2023-07-13,737899008
DHR,2023-07-27,738352000
DHR,2023-08-22,738352000
DHR,2023-10-10,738352000
DHR,2023-10-11,738352000
DHR,2023-10-12,738352000
DHR,2023-10-13,738352000
DHR,2023-10-14,738352000
DHR,2023-10-15,738352000
DHR,2023-10-16,738352000
DHR,2023-10-17,738352000
DHR,2023-10-18,738352000
DHR,2023-10-19,764094016
DHR,2023-10-20,738352000
DHR,2023-10-25,738926976
DHR,2023-10-28,738926976
DHR,2023-10-31,738926976
DHR,2023-11-01,738926976
DHR,2023-11-03,738926976
DHR,2023-11-04,738926976
DHR,2023-11-07,738926976
DHR,2023-11-08,738926976
DHR,2023-11-09,738926976
DHR,2023-11-11,738926976
DHR,2023-11-14,738926976
DHR,2023-11-16,738926976
DHR,2023-11-17,738926976
DHR,2023-11-18,738926976
DHR,2023-11-25,738926976
DHR,2023-11-28,738926976
DHR,2023-11-30,738926976
DHR,2023-12-01,738926976
DHR,2023-12-05,738926976
DHR,2023-12-06,738926976
DHR,2023-12-16,738926976
DHR,2023-12-19,738926976
DHR,2023-12-20,738926976
DHR,2023-12-22,738926976
DHR,2023-12-26,738926976
DHR,2023-12-28,738926976
DHR,2023-12-29,738926976
DHR,2023-12-30,738926976
DHR,2024-01-03,738926976
DHR,2024-01-05,738926976
DHR,2024-01-12,738926976
DHR,2024-01-17,738926976
DHR,2024-01-23,738926976
DHR,2024-01-25,738926976
DHR,2024-01-26,738926976
DHR,2024-01-27,738926976
DHR,2024-01-30,738926976
DHR,2024-01-31,739200000
DHR,2024-02-09,741515008
DHR,2024-02-10,748083968
DHR,2024-02-13,739200000
DHR,2024-02-23,739702016
DHR,2024-02-24,739702016
DHR,2024-02-28,739702016
DHR,2024-03-05,739702016
DHR,2024-03-08,739702016
DHR,2024-03-12,742305984
DHR,2024-03-13,739702016
DHR,2024-03-16,751032000
DHR,2024-03-19,739702016
DHR,2024-03-21,739702016
DHR,2024-03-22,739702016
DHR,2024-03-23,739702016
DHR,2024-03-27,739702016
DHR,2024-03-28,739702016
DHR,2024-03-30,740544000
DHR,2024-04-04,745393024
DHR,2024-04-09,740635008
DHR,2024-04-10,740544000
DHR,2024-04-16,741440000
DHR,2024-04-17,740544000
DHR,2024-04-18,740544000
DHR,2024-04-24,740686976
DHR,2024-04-25,740686976
DHR,2024-04-30,740686976
DHR,2024-05-01,740686976
DHR,2024-05-04,740686976
DHR,2024-05-06,743620992
DHR,2024-05-07,740686976
DHR,2024-05-09,740686976
DHR,2024-05-10,740686976
DHR,2024-05-11,740686976
DHR,2024-05-14,740686976
DHR,2024-05-16,740686976
DHR,2024-05-17,740686976
DHR,2024-05-18,740686976
DHR,2024-05-21,742243008
DHR,2024-05-22,740686976
DHR,2024-05-23,740686976
DHR,2024-05-24,740686976
DHR,2024-05-25,740686976
DHR,2024-05-29,740686976
DHR,2024-05-31,750035008
DHR,2024-06-01,740686976
DHR,2024-06-07,740686976
DHR,2024-06-12,740686976
DHR,2024-06-15,740686976
DHR,2024-06-18,740686976
DHR,2024-06-19,740686976
DHR,2024-06-21,767356992
DHR,2024-06-22,740686976
DHR,2024-06-26,740686976
DHR,2024-06-27,740686976
DHR,2024-06-28,740686976
DHR,2024-06-29,740686976
DHR,2024-07-03,740686976
DHR,2024-07-04,740686976
DHR,2024-07-09,740686976
DHR,2024-07-10,740686976
DHR,2024-07-13,740686976
DHR,2024-07-16,740686976
DHR,2024-07-17,740686976
DHR,2024-07-18,743310016
DHR,2024-07-24,722212992
DHR,2024-07-25,722212992
DHR,2024-07-27,722212992
DHR,2024-07-31,722212992
DHR,2024-08-02,722212992
DHR,2024-08-08,722212992
DHR,2024-08-09,722212992
DHR,2024-08-10,723641024
DHR,2024-08-13,724673024
DHR,2024-08-14,722212992
DHR,2024-08-15,722212992
DHR,2024-08-16,722212992
DHR,2024-08-17,722212992
DHR,2024-08-20,722212992
DHR,2024-08-21,722212992
DHR,2024-08-24,722212992
DHR,2024-08-27,722212992
DHR,2024-08-28,722212992
DHR,2024-08-29,729705024
DHR,2024-08-30,722212992
DHR,2024-09-04,736097984
DHR,2024-09-06,722212992
DHR,2024-09-07,722212992
DHR,2024-09-12,729489024
DHR,2024-09-13,722212992
DHR,2024-09-14,722212992
DHR,2024-09-18,722212992
DHR,2024-09-19,722212992
DHR,2024-09-21,732278976
DHR,2024-09-28,726120000
DHR,2024-10-02,722212992
DHR,2024-10-03,722212992
DHR,2024-10-04,731262976
DHR,2024-10-05,723523968
DHR,2024-10-08,722212992
DHR,2024-10-11,722212992
DHR,2024-10-12,722212992
DHR,2024-10-15,722212992
DHR,2024-10-18,732856000
DHR,2024-10-19,722212992
DHR,2024-10-22,722212992
DHR,2024-10-23,722275008
DHR,2024-10-25,753504000
DHR,2024-10-29,726531008
DHR,2024-10-30,722275008
DHR,2024-10-31,723377984
DHR,2024-11-05,723969984
DHR,2024-11-06,722275008
DHR,2024-11-07,722275008
DHR,2024-11-08,722275008
DHR,2024-11-09,722275008
DHR,2024-11-12,722275008
DHR,2024-11-13,722275008
DHR,2024-11-14,722275008
DHR,2024-11-16,722275008
DHR,2024-11-19,723657024
DHR,2024-11-20,722275008
DHR,2024-11-26,722275008
DHR,2024-11-28,722275008
DHR,2024-12-03,722275008
DHR,2024-12-04,722275008
DHR,2024-12-06,722275008
DHR,2024-12-10,722275008
DHR,2024-12-11,722275008
DHR,2024-12-12,722275008
DHR,2024-12-13,725046976
DHR,2024-12-14,722275008
DHR,2024-12-17,722275008
DHR,2024-12-18,722275008
DHR,2024-12-19,722275008
DHR,2024-12-20,722275008
DHR,2024-12-21,722275008
DHR,2024-12-27,722275008
DHR,2024-12-31,722275008
DHR,2025-01-03,722275008
DHR,2025-01-09,722275008
DHR,2025-01-11,731553984
DHR,2025-01-14,722275008
DHR,2025-01-16,722275008
DHR,2025-01-18,722275008
DHR,2025-01-23,722275008
DHR,2025-01-25,722275008
DHR,2025-01-28,722275008
DHR,2025-01-30,719100032
DHR,2025-02-08,730403008
DHR,2025-02-22,714710016
DHR,2025-02-24,714710016
DHR,2025-02-25,714710016
DHR,2025-02-27,718019968
DHR,2025-03-04,721902016
DHR,2025-03-05,714710016
DHR,2025-03-08,714710016
DHR,2025-03-10,738529984
DHR,2025-03-11,714710016
DHR,2025-03-15,714710016
DHR,2025-03-19,714710016
DHR,2025-03-21,714710016
DHR,2025-03-22,714710016
DHR,2025-03-26,716056000
DHR,2025-03-27,716472000
DHR,2025-03-28,716472000
DHR,2025-03-29,715449984
DHR,2025-04-01,718417024
DHR,2025-04-04,715449984
DHR,2025-04-08,715449984
DHR,2025-04-10,715449984
DHR,2025-04-11,715449984
DHR,2025-04-12,715449984
DHR,2025-04-16,715449984
DHR,2025-04-17,715449984
DHR,2025-04-18,730116992
DHR,2025-04-22,722684032
DHR,2025-04-23,715670016
DHR,2025-04-24,715670016
DHR,2025-04-29,715670016
DHR,2025-04-30,715670016
DHR,2025-05-02,715670016
DHR,2025-05-07,743347008
DHR,2025-05-08,715670016
DHR,2025-05-10,734868992
DHR,2025-05-13,715670016
DHR,2025-05-20,715670016
DHR,2025-05-21,715670016
DHR,2025-05-24,715670016
DHR,2025-05-27,715670016
DHR,2025-05-28,715670016
DHR,2025-05-29,716313024
DHR,2025-05-30,717817984
DHR,2025-05-31,715670016
DHR,2025-06-04,715670016
DHR,2025-06-05,715670016
DHR,2025-06-06,719132992
DHR,2025-06-07,715670016
DHR,2025-06-10,715670016
DHR,2025-06-11,715670016
DHR,2025-06-12,715670016
DHR,2025-06-13,715670016
DHR,2025-06-14,731468992
DHR,2025-06-16,715670016
DHR,2025-06-17,735265984
DHR,2025-06-18,720491008
DHR,2025-06-19,715670016
DHR,2025-06-21,715670016
DHR,2025-06-25,715670016
DHR,2025-06-28,725244992
DHR,2025-07-01,715670016
DHR,2025-07-02,715670016
DHR,2025-07-04,715670016
DHR,2025-07-08,728467968
DHR,2025-07-09,715670016
DHR,2025-07-10,715670016
DHR,2025-07-11,717974976
DHR,2025-07-12,715670016
DHR,2025-07-17,715670016
DHR,2025-07-19,715670016
DHR,2025-07-23,716051968
DHR,2025-07-24,716051968
DHR,2025-07-25,716051968
DHR,2025-07-26,716051968
DHR,2025-07-29,716051968
DHR,2025-07-31,716051968
DHR,2025-08-06,716051968
DHR,2025-08-07,730249984
DHR,2025-08-13,716051968
DHR,2025-08-20,716051968
DHR,2025-08-26,716051968
DHR,2025-08-28,716051968
DHR,2025-08-30,716051968
DHR,2025-09-03,716051968
DHR,2025-09-04,716051968
DHR,2025-09-05,717526976
DHR,2025-09-11,716051968
DHR,2025-09-13,716051968
DHR,2025-09-16,716051968
DHR,2025-09-17,716051590
DHR,2025-09-18,716051590
DHR,2025-09-19,716051590
DHR,2025-09-20,723386590
DHR,2025-09-23,726691231
DHR,2025-09-24,716051590
DHR,2025-09-26,733611546
DHR,2025-09-27,716051590
DHR,2025-09-30,716051590
DHR,2025-10-03,716051590
DHR,2025-10-06,716051590
DHR,2025-10-07,716051590
DHR,2025-10-08,726135374
DHR,2025-10-14,716051590
DHR,2025-10-15,716051590
DHR,2025-10-16,716051590
DHR,2025-10-17,716051590
DHR,2025-10-18,716051590
DHR,2025-10-20,718353786
DHR,2025-10-22,706349563
DHR,2025-10-24,706349563
DHR,2025-10-25,706349563
DHR,2025-10-27,712741578
DHR,2025-10-28,706349563
DHR,2025-10-31,706349563
DHR,2025-11-01,706349563
DHR,2025-11-05,706349563
DHR,2025-11-11,706349563
DHR,2025-11-13,706349563
DHR,2025-11-14,706349563
DHR,2025-11-15,706349563
DHR,2025-11-17,716051591
DHR,2026-01-29,706900000
DHR,2026-02-28,707139356
DHR,2026-03-27,707699419
DHR,2026-04-21,707770627
DHR,2026-07-22,702986054
ELV,2022-06-29,241084992
ELV,2022-07-23,240000992
ELV,2022-08-05,242340992
ELV,2022-08-07,240000992
ELV,2022-09-09,240000992
ELV,2022-09-10,237934000
ELV,2022-09-12,240000992
ELV,2022-09-17,242548992
ELV,2022-09-18,240000992
ELV,2022-10-04,240000992
ELV,2022-10-21,240000992
ELV,2023-01-04,243948992
ELV,2023-01-05,238828000
ELV,2023-02-17,237458000
ELV,2023-03-11,240279008
ELV,2023-03-15,237648992
ELV,2023-04-20,237267008
ELV,2023-04-22,237056000
ELV,2023-04-25,243462000
ELV,2023-04-27,237056000
ELV,2023-05-03,240086000
ELV,2023-05-08,237056000
ELV,2023-05-11,237639008
ELV,2023-05-13,238035008
ELV,2023-05-17,237056000
ELV,2023-07-12,238426000
ELV,2023-07-13,237056000
ELV,2023-07-24,235648000
ELV,2023-08-22,235648000
ELV,2023-08-23,237158000
ELV,2023-08-24,235648000
ELV,2023-10-19,235648000
ELV,2023-10-20,235648000
ELV,2023-10-23,235648000
ELV,2023-10-24,234959008
ELV,2023-10-25,234959008
ELV,2023-10-26,234959008
ELV,2023-10-27,234959008
ELV,2023-10-28,234959008
ELV,2023-10-31,234959008
ELV,2023-11-01,234959008
ELV,2023-11-03,234959008
ELV,2023-11-04,235820992
ELV,2023-11-09,235648992
ELV,2023-11-10,234959008
ELV,2023-11-11,234959008
ELV,2023-11-15,234959008
ELV,2023-11-21,234959008
ELV,2023-11-22,234959008
ELV,2023-11-23,234959008
ELV,2023-11-28,234959008
ELV,2023-11-30,234959008
ELV,2023-12-01,234959008
ELV,2023-12-05,234959008
ELV,2023-12-06,234959008
ELV,2023-12-14,234959008
ELV,2023-12-15,238968992
ELV,2023-12-16,234959008
ELV,2023-12-19,234959008
ELV,2023-12-20,234959008
ELV,2023-12-22,234959008
ELV,2023-12-26,234959008
ELV,2023-12-28,234959008
ELV,2023-12-30,234959008
ELV,2024-01-03,234959008
ELV,2024-01-09,234959008
ELV,2024-01-10,234959008
ELV,2024-01-12,234959008
ELV,2024-01-13,234959008
ELV,2024-01-19,234959008
ELV,2024-01-20,234959008
ELV,2024-01-24,234959008
ELV,2024-01-25,234959008
ELV,2024-02-23,232668992
ELV,2024-02-24,232668992
ELV,2024-02-29,232668992
ELV,2024-03-05,232668992
ELV,2024-03-06,232668992
ELV,2024-03-07,232668992
ELV,2024-03-08,232668992
ELV,2024-03-09,232668992
ELV,2024-03-12,232668992
ELV,2024-03-14,232668992
ELV,2024-03-15,232668992
ELV,2024-03-16,232668992
ELV,2024-03-20,232668992
ELV,2024-03-21,232668992
ELV,2024-03-22,232668992
ELV,2024-03-23,232668992
ELV,2024-03-26,232668992
ELV,2024-03-28,232668992
ELV,2024-03-29,232668992
ELV,2024-04-02,232668992
ELV,2024-04-03,232668992
ELV,2024-04-04,232668992
ELV,2024-04-09,232614000
ELV,2024-04-19,232418000
ELV,2024-04-23,232418000
ELV,2024-04-25,232418000
ELV,2024-04-27,232418000
ELV,2024-04-30,233846000
ELV,2024-05-02,232418000
ELV,2024-05-03,232418000
ELV,2024-05-04,232418000
ELV,2024-05-10,232418000
ELV,2024-05-11,232418000
ELV,2024-05-14,232418000
ELV,2024-05-15,234218000
ELV,2024-05-16,232418000
ELV,2024-05-17,232418000
ELV,2024-05-21,232418000
ELV,2024-05-22,232418000
ELV,2024-05-23,232418000
ELV,2024-05-24,232418000
ELV,2024-05-25,232418000
ELV,2024-05-29,232418000
ELV,2024-05-31,232418000
ELV,2024-06-01,232418000
ELV,2024-06-05,232418000
ELV,2024-06-07,232418000
ELV,2024-06-12,232418000
ELV,2024-06-13,232418000
ELV,2024-06-14,232418000
ELV,2024-06-19,232418000
ELV,2024-06-21,232418000
ELV,2024-06-22,232418000
ELV,2024-06-25,232418000
ELV,2024-06-26,232418000
ELV,2024-06-28,232418000
ELV,2024-07-03,232418000
ELV,2024-07-04,232418000
ELV,2024-07-06,232418000
ELV,2024-07-10,232418000
ELV,2024-07-11,232418000
ELV,2024-07-13,232418000
ELV,2024-07-18,232418000
ELV,2024-07-19,231886000
ELV,2024-07-20,231886000
ELV,2024-07-24,231886000
ELV,2024-07-25,231886000
ELV,2024-07-26,231886000
ELV,2024-07-30,231886000
ELV,2024-07-31,231886000
ELV,2024-08-03,231886000
ELV,2024-08-06,231886000
ELV,2024-08-13,231886000
ELV,2024-08-14,231886000
ELV,2024-08-17,231886000
ELV,2024-08-20,232018000
ELV,2024-08-22,231886000
ELV,2024-08-23,231886000
ELV,2024-08-24,231886000
ELV,2024-08-27,231886000
ELV,2024-08-29,231886000
ELV,2024-08-30,231886000
ELV,2024-08-31,231886000
ELV,2024-09-04,231886000
ELV,2024-09-05,231886000
ELV,2024-09-06,231886000
ELV,2024-09-07,232951008
ELV,2024-09-10,231886000
ELV,2024-09-11,231886000
ELV,2024-09-12,232210000
ELV,2024-09-14,231886000
ELV,2024-09-18,231886000
ELV,2024-09-19,231886000
ELV,2024-09-20,232515008
ELV,2024-09-21,231886000
ELV,2024-09-26,231886000
ELV,2024-09-27,231886000
ELV,2024-09-28,231886000
ELV,2024-10-03,231886000
ELV,2024-10-04,235102000
ELV,2024-10-05,234798000
ELV,2024-10-09,231886000
ELV,2024-10-11,231886000
ELV,2024-10-18,231923008
ELV,2024-10-19,231923008
ELV,2024-10-24,231923008
ELV,2024-10-25,231886000
ELV,2024-10-29,235702000
ELV,2024-10-30,231923008
ELV,2024-10-31,231923008
ELV,2024-11-01,234780992
ELV,2024-11-05,231923008
ELV,2024-11-06,231923008
ELV,2024-11-07,231923008
ELV,2024-11-08,231923008
ELV,2024-11-12,231923008
ELV,2024-11-14,231923008
ELV,2024-11-15,231923008
ELV,2024-11-16,231923008
ELV,2024-12-03,231923008
ELV,2024-12-04,231923008
ELV,2024-12-05,231923008
ELV,2024-12-06,231923008
ELV,2024-12-07,231923008
ELV,2024-12-10,231923008
ELV,2024-12-11,231923008
ELV,2024-12-12,231923008
ELV,2024-12-13,236316992
ELV,2024-12-14,231923008
ELV,2024-12-17,236960992
ELV,2024-12-20,231923008
ELV,2024-12-21,232252000
ELV,2024-12-27,231923008
ELV,2024-12-28,231923008
ELV,2025-01-01,231923008
ELV,2025-01-03,231923008
ELV,2025-01-07,231923008
ELV,2025-01-08,231923008
ELV,2025-01-09,231923008
ELV,2025-01-11,231923008
ELV,2025-01-17,231923008
ELV,2025-01-18,231923008
ELV,2025-01-23,231923008
ELV,2025-01-24,231923008
ELV,2025-01-28,231923008
ELV,2025-01-29,231923008
ELV,2025-01-30,231923008
ELV,2025-02-04,237432000
ELV,2025-02-06,231923008
ELV,2025-02-13,231923008
ELV,2025-02-14,231923008
ELV,2025-02-15,231923008
ELV,2025-02-19,231923008
ELV,2025-02-20,231923008
ELV,2025-02-22,227352000
ELV,2025-02-27,227352000
ELV,2025-02-28,227352000
ELV,2025-03-01,227352000
ELV,2025-03-04,228144992
ELV,2025-03-05,227352000
ELV,2025-03-07,227352000
ELV,2025-03-10,227352000
ELV,2025-03-12,227352000
ELV,2025-03-20,227352000
ELV,2025-03-21,227352000
ELV,2025-03-22,227352000
ELV,2025-03-26,227352000
ELV,2025-03-27,227352000
ELV,2025-04-01,226387008
ELV,2025-04-18,231992000
ELV,2025-04-22,236318000
ELV,2025-04-23,231084000
ELV,2025-04-24,225935008
ELV,2025-04-26,229744000
ELV,2025-04-29,225935008
ELV,2025-04-30,225935008
ELV,2025-05-07,227200992
ELV,2025-05-10,230290000
ELV,2025-05-30,225935008
ELV,2025-06-10,228108992
ELV,2025-06-11,229283008
ELV,2025-06-14,225935008
ELV,2025-06-16,230747008
ELV,2025-06-17,226742000
ELV,2025-06-18,225935008
ELV,2025-06-24,225935008
ELV,2025-06-26,225935008
ELV,2025-06-27,225935008
ELV,2025-07-04,225935008
ELV,2025-07-08,225935008
ELV,2025-07-10,225935008
ELV,2025-07-19,225178000
ELV,2025-07-22,225178000
ELV,2025-07-24,225178000
ELV,2025-07-25,225178000
ELV,2025-07-26,225178000
ELV,2025-07-29,225178000
ELV,2025-07-31,225178000
ELV,2025-08-02,232080992
ELV,2025-08-07,225268000
ELV,2025-08-08,225178000
ELV,2025-08-12,225178000
ELV,2025-08-13,225178000
ELV,2025-08-16,225178000
ELV,2025-08-29,225178000
ELV,2025-08-30,225178000
ELV,2025-09-03,225178000
ELV,2025-09-05,235076000
ELV,2025-09-06,225178000
ELV,2025-09-10,225178000
ELV,2025-09-12,225178000
ELV,2025-09-13,225178000
ELV,2025-09-15,228736992
ELV,2025-09-17,225178000
ELV,2025-09-18,225178304
ELV,2025-09-19,225178304
ELV,2025-09-20,225178304
ELV,2025-09-23,225178304
ELV,2025-09-26,232060925
ELV,2025-09-27,225178304
ELV,2025-10-02,225178304
ELV,2025-10-06,225178304
ELV,2025-10-07,225178304
ELV,2025-10-08,225178304
ELV,2025-10-09,225178304
ELV,2025-10-10,225178304
ELV,2025-10-14,225178304
ELV,2025-10-15,225782240
ELV,2025-10-18,225178304
ELV,2025-10-23,222238763
ELV,2025-10-24,224789948
ELV,2025-10-25,222238763
ELV,2025-10-28,222238763
ELV,2025-10-29,222238763
ELV,2025-10-30,222238763
ELV,2025-11-01,222238763
ELV,2025-11-05,222238763
ELV,2025-11-07,222238763
ELV,2025-11-08,222238763
ELV,2025-11-12,222238763
ELV,2025-11-15,223909834
ELV,2025-11-17,225178305
ELV,2026-02-10,220704667
ELV,2026-03-30,220704667
ELV,2026-04-23,219664888
ELV,2026-04-24,217162380
ELV,2026-07-17,216869290
V,2019-01-05,2204209920
V,2019-01-07,2204209920
V,2019-01-09,2204209920
V,2019-01-10,2204209920
V,2019-01-12,2204209920
V,2019-01-14,2204209920
V,2019-01-16,2204209920
V,2019-01-17,2204209920
V,2019-01-20,2204209920
V,2019-01-22,2204209920
V,2019-01-24,2204209920
V,2019-01-25,2204209920
V,2019-01-28,2204209920
V,2019-01-30,2204209920
V,2019-02-04,2197060096
V,2019-02-07,2197060096
V,2019-02-10,2197060096
V,2019-02-11,2197060096
V,2019-02-13,2197060096
V,2019-02-14,2197060096
V,2019-02-15,2197060096
V,2019-02-17,2197060096
V,2019-02-18,2197060096
V,2019-02-20,2197060096
V,2019-02-28,2197060096
V,2019-03-01,2197060096
V,2019-03-07,2197060096
V,2019-03-09,2197060096
V,2019-03-10,2197060096
V,2019-03-11,2197060096
V,2019-03-14,2197060096
V,2019-03-15,2197060096
V,2019-03-17,2197060096
V,2019-03-18,2197060096
V,2019-03-26,2197060096
V,2019-03-27,2197060096
V,2019-03-29,2197060096
V,2019-03-30,2197060096
V,2019-04-01,2197060096
V,2019-04-02,2197060096
V,2019-04-05,2197060096
V,2019-04-09,2197060096
V,2019-04-11,2197060096
V,2019-04-14,2197060096
V,2019-04-15,2197060096
V,2019-04-17,2197060096
V,2019-04-19,2197060096
V,2019-04-21,2197060096
V,2019-04-23,2197060096
V,2019-04-29,2185390080
V,2019-05-01,2185390080
V,2019-05-02,2185390080
V,2019-05-03,2185390080
V,2019-05-05,2185390080
V,2019-05-07,2185390080
V,2019-05-09,2185390080
V,2019-05-11,2185390080
V,2019-05-12,2185390080
V,2019-05-13,2185390080
V,2019-05-20,2185390080
V,2019-05-22,2185390080
V,2019-05-23,2185390080
V,2019-05-28,2185390080
V,2019-06-01,2185390080
V,2019-06-03,2185390080
V,2019-06-04,2185390080
V,2019-06-05,2185390080
V,2019-06-06,2185390080
V,2019-06-10,2185390080
V,2019-06-11,2185390080
V,2019-06-12,2185390080
V,2019-06-17,2185390080
V,2019-06-19,2185390080
V,2019-06-21,2185390080
V,2019-06-23,2185390080
V,2019-06-24,2185390080
V,2019-06-26,2286769920
V,2019-06-27,2252960000
V,2019-07-01,2252960000
V,2019-07-05,2232709888
V,2019-07-06,2252960000
V,2019-07-10,2244300032
V,2019-07-11,2272989952
V,2019-07-12,2270929920
V,2019-07-13,2252960000
V,2019-07-25,2242970112
V,2019-07-30,2240399872
V,2019-08-05,2262500096
V,2019-08-06,2240399872
V,2019-08-07,2353979904
V,2019-08-08,2326109952
V,2019-08-09,2298929920
V,2019-08-10,2240399872
V,2019-08-30,2209489920
V,2019-09-02,2213760000
V,2019-09-04,2240399872
V,2019-09-06,2192979968
V,2019-09-09,2181060096
V,2019-09-11,2297189888
V,2019-09-12,2240399872
V,2019-09-20,2248969984
V,2019-09-21,2240399872
V,2019-10-04,2200999936
V,2019-10-08,2240399872
V,2019-10-21,2212329984
V,2019-10-22,2240399872
V,2019-10-28,2231429888
V,2019-11-05,2205900032
V,2019-11-06,2230309888
V,2019-11-07,2231429888
V,2019-11-08,2204250112
V,2019-11-09,2231429888
V,2019-11-14,2227330048
V,2019-11-15,2235660032
V,2019-11-16,2231429888
V,2019-11-18,2223200000
V,2019-11-20,2261690112
V,2019-12-09,2222360064
V,2019-12-18,2213769984
V,2019-12-19,2222360064
V,2020-01-07,2240179968
V,2020-01-08,2245040128
V,2020-01-09,2254429952
V,2020-01-11,2260410112
V,2020-01-12,2222360064
V,2020-02-03,2219529984
V,2020-02-04,2215889920
V,2020-02-05,2246240000
V,2020-02-06,2215889920
V,2020-02-07,2218409984
V,2020-02-08,2215889920
V,2020-02-12,2193840128
V,2020-02-13,2215889920
V,2020-03-09,2185080064
V,2020-03-10,2215889920
V,2020-05-04,2202870016
V,2020-05-05,2202870016
V,2020-05-06,2202870016
V,2020-05-21,2196590080
V,2020-07-30,2195760128
V,2020-08-04,2195440128
V,2020-08-28,2195440128
V,2020-09-05,2274449920
V,2020-09-06,2195440128
V,2020-09-21,2224260096
V,2020-10-30,2191600128
V,2020-11-03,2191600128
V,2020-11-07,2191600128
V,2020-11-24,2201120000
V,2020-11-26,2201120000
V,2020-12-01,2201120000
V,2020-12-05,2204410112
V,2020-12-07,2204410112
V,2021-01-30,2203579904
V,2021-02-01,2203579904
V,2021-02-02,2204849920
V,2021-03-05,2170469888
V,2021-03-17,2201509888
V,2021-04-23,2203689984
V,2021-04-25,2180400128
V,2021-04-27,2204849920
V,2021-05-01,2200369920
V,2021-05-03,2200369920
V,2021-06-19,2216979968
V,2021-06-22,2200369920
V,2021-06-26,2190350080
V,2021-06-28,2200369920
V,2021-07-23,2196039936
V,2021-07-24,2200369920
V,2021-07-29,2196730112
V,2021-07-31,2210370048
V,2021-08-01,2194390016
V,2021-08-03,2194390016
V,2021-09-22,2194390016
V,2021-09-28,2213410048
V,2021-09-29,2194390016
V,2021-10-06,2198789888
V,2021-10-07,2194390016
V,2021-10-28,2182909952
V,2021-11-05,2175810048
V,2021-11-06,2182909952
V,2021-11-10,2255549952
V,2021-11-11,2160940032
V,2021-11-23,2176120064
V,2021-11-27,2176120064
V,2021-12-03,2086899968
V,2021-12-04,2197959936
V,2021-12-05,2176120064
V,2021-12-08,2176120064
V,2021-12-09,2173809920
V,2022-01-29,2166159872
V,2022-01-31,2166159872
V,2022-02-01,2165540096
V,2022-02-11,2165540096
V,2022-02-25,2152090112
V,2022-02-26,2165540096
V,2022-03-04,2178609920
V,2022-03-05,2165540096
V,2022-03-15,2126409984
V,2022-03-16,2066480000
V,2022-03-18,1995709952
V,2022-03-19,1944160000
V,2022-03-22,2165540096
V,2022-04-29,2153159936
V,2022-04-30,2151889920
V,2022-05-05,2151889920
V,2022-05-12,2117549952
V,2022-05-14,2151889920
V,2022-05-19,2195040000
V,2022-05-20,2116189952
V,2022-05-27,2068400000
V,2022-05-29,2116189952
V,2022-07-01,2116249984
V,2022-07-23,2140909952
V,2022-07-24,2116249984
V,2022-07-28,2106520064
V,2022-07-30,2110860032
V,2022-08-02,2110860032
V,2022-08-05,2110860032
V,2022-08-06,2110860032
V,2022-08-09,2136089984
V,2022-08-10,2107410048
V,2022-08-25,2108739968
V,2022-08-26,2077080064
V,2022-09-01,2107410048
V,2022-09-03,2132669952
V,2022-09-10,2061299968
V,2022-09-12,2107410048
V,2022-09-17,2129980032
V,2022-09-18,2107410048
V,2022-10-29,2106589952
V,2022-11-08,2073740032
V,2022-11-10,2106589952
V,2022-11-18,2117939968
V,2022-11-22,2117939968
V,2022-12-03,2124060032
V,2022-12-05,2117619968
V,2023-01-31,2101789952
V,2023-03-04,2057549952
V,2023-03-07,2074160000
V,2023-03-18,2102370048
V,2023-03-21,2101789952
V,2023-03-25,2116519936
V,2023-03-30,2130119936
V,2023-04-01,2101789952
V,2023-04-04,2069299968
V,2023-04-05,2089490048
V,2023-04-06,2097090048
V,2023-04-07,2101789952
V,2023-04-25,2090200064
V,2023-04-27,2096029952
V,2023-04-29,2094400000
V,2023-05-04,2103660032
V,2023-05-06,2094400000
V,2023-05-14,2093400064
V,2023-05-16,2094400000
V,2023-06-08,2121820032
V,2023-06-09,2142940032
V,2023-06-13,2094400000
V,2023-07-05,2090080000
V,2023-07-06,2077170048
V,2023-07-07,2094400000
V,2023-07-19,2066759936
V,2023-07-20,2094400000
V,2023-08-22,2079800064
V,2023-08-23,2070200064
V,2023-08-24,2079800064
V,2023-09-09,2079800064
V,2023-09-26,2079800064
V,2023-10-03,2079800064
V,2023-10-11,2079800064
V,2023-10-13,2079800064
V,2023-10-14,2079800064
V,2023-10-17,2070050048
V,2023-10-18,2079800064
V,2023-10-19,2112470016
V,2023-10-25,2079800064
V,2023-10-26,2068029952
V,2023-10-31,2068850048
V,2023-11-04,2068850048
V,2023-11-08,2058029952
V,2023-11-09,2068850048
V,2023-11-17,2053340032
V,2023-12-06,2053340032
V,2023-12-12,2055190016
V,2023-12-15,2084179968
V,2023-12-16,2055190016
V,2023-12-22,2055190016
V,2023-12-23,2064019968
V,2023-12-26,2055190016
V,2024-01-05,2042279936
V,2024-01-06,2055190016
V,2024-01-20,2055190016
V,2024-01-27,2024739968
V,2024-01-30,2054070016
V,2024-02-01,2054070016
V,2024-02-07,2045309952
V,2024-02-10,2049240064
V,2024-02-13,2054070016
V,2024-03-05,2054070016
V,2024-03-12,2050259968
V,2024-03-13,2045280000
V,2024-03-14,2054070016
V,2024-03-20,2054070016
V,2024-03-23,2105619968
V,2024-03-26,2058530048
V,2024-03-27,2054070016
V,2024-03-29,2054070016
V,2024-04-04,2054070016
V,2024-04-12,2051980032
V,2024-04-13,2054070016
V,2024-04-17,2054070016
V,2024-04-18,2054070016
V,2024-04-24,2046480000
V,2024-04-25,2045059968
V,2024-04-26,2046099968
V,2024-05-01,2070700032
V,2024-05-04,2039389952
V,2024-05-07,2014729984
V,2024-05-11,2046099968
V,2024-05-15,2058249984
V,2024-05-16,2046099968
V,2024-05-20,2057560064
V,2024-05-21,2065299968
V,2024-05-22,2046099968
V,2024-05-23,2048839936
V,2024-05-24,2056169984
V,2024-05-31,2027689984
V,2024-06-05,2030770048
V,2024-06-12,2048850048
V,2024-06-13,2079020032
V,2024-06-15,2050099968
V,2024-06-21,2022439936
V,2024-06-28,2099900032
V,2024-07-03,2008029952
V,2024-07-10,2053500032
V,2024-07-11,2046099968
V,2024-07-16,2040019968
V,2024-07-17,2046099968
V,2024-07-18,2020210048
V,2024-07-19,2074540032
V,2024-07-20,2046099968
V,2024-07-24,2068659968
V,2024-07-25,1949180032
V,2024-07-26,1945880064
V,2024-07-31,1934780032
V,2024-08-01,1945880064
V,2024-08-13,1944909952
V,2024-08-17,1941660032
V,2024-08-27,1940290048
V,2024-08-30,1945880064
V,2024-08-31,1931440000
V,2024-09-07,1940649984
V,2024-09-11,1947719936
V,2024-09-12,1955340032
V,2024-09-17,1924909952
V,2024-09-21,1945880064
V,2024-09-30,1947440000
V,2024-10-01,1945880064
V,2024-10-12,1945880064
V,2024-10-15,1926189952
V,2024-10-18,1965299968
V,2024-10-24,1949590016
V,2024-10-26,1959900032
V,2024-10-28,1942930048
V,2024-10-29,1945880064
V,2024-10-30,1961830016
V,2024-10-31,1890349952
V,2024-11-03,1941689984
V,2024-11-05,1941689984
V,2024-11-06,1941689984
V,2024-11-08,1951849984
V,2024-11-13,1941689984
V,2024-11-14,1944009984
V,2024-11-15,1935170048
V,2024-11-16,1926489984
V,2024-11-19,1919549952
V,2024-11-20,1935170048
V,2024-11-21,1935170048
V,2024-11-30,1932839936
V,2024-12-03,1935170048
V,2024-12-04,1935170048
V,2024-12-06,1935170048
V,2024-12-10,1936470016
V,2024-12-11,1936470016
V,2024-12-13,1933760000
V,2024-12-14,1936470016
V,2025-01-04,1936470016
V,2025-01-07,1948039936
V,2025-01-17,1936470016
V,2025-01-22,1912470016
V,2025-01-31,1930690048
V,2025-02-01,1937750016
V,2025-02-08,1926019968
V,2025-02-13,1924790016
V,2025-03-04,1929010048
V,2025-03-11,1929010048
V,2025-03-19,1900060032
V,2025-03-20,1929010048
V,2025-03-22,1951079936
V,2025-03-27,1929010048
V,2025-03-28,1897689984
V,2025-04-01,1887120000
V,2025-04-10,1975480064
V,2025-04-11,1929010048
V,2025-04-14,1918770048
V,2025-04-15,1929010048
V,2025-04-22,1986320000
V,2025-04-23,1929010048
V,2025-04-24,1911879936
V,2025-04-26,1932120064
V,2025-04-29,1929010048
V,2025-04-30,1929010048
V,2025-05-01,1906790016
V,2025-05-02,1916630016
V,2025-05-07,1921820032
V,2025-05-10,1915670016
V,2025-05-14,1913949952
V,2025-05-15,1884790016
V,2025-05-16,1900880000
V,2025-05-17,1915670016
V,2025-05-28,1884960000
V,2025-05-29,1913379968
V,2025-05-30,1915670016
V,2025-05-31,1901040000
V,2025-06-05,1904530048
V,2025-06-06,1897820032
V,2025-06-07,1915670016
V,2025-06-10,1934269952
V,2025-06-17,1901500032
V,2025-06-18,1903040000
V,2025-06-19,1953500032
V,2025-06-27,1949149952
V,2025-06-28,1939040000
V,2025-07-08,1965660032
V,2025-07-09,1953500032
V,2025-07-10,1935970048
V,2025-07-11,1998140032
V,2025-07-12,1953500032
V,2025-07-30,1953500032
V,2025-07-31,1940940032
V,2025-08-02,1940940032
V,2025-08-07,1927740032
V,2025-08-08,1940940032
V,2025-09-05,1940940032
V,2025-09-16,1940940032
V,2025-09-17,1940941896
V,2025-09-20,1940941896
V,2025-09-23,1925441866
V,2025-09-26,1962673398
V,2025-09-30,1925022247
V,2025-10-01,1918142737
V,2025-10-02,1898142182
V,2025-10-06,1919359847
V,2025-10-07,1940941896
V,2025-10-08,1940941896
V,2025-10-15,1940941896
V,2025-10-18,1940941896
V,2025-10-20,1926740294
V,2025-10-22,1911202514
V,2025-10-23,1940941896
V,2025-10-24,1933007825
V,2025-10-25,1940941896
V,2025-10-27,1938486561
V,2025-10-28,1940941896
V,2025-10-29,1940941896
V,2025-10-30,1933259369
V,2025-11-01,1933259369
V,2025-11-08,1929897163
V,2025-11-15,1965334945
V,2025-11-17,1940941896
V,2025-12-10,1929897163
V,2026-01-31,1928039601
V,2026-02-03,1923223294
V,2026-02-04,1928039601
V,2026-04-30,1902267392
V,2026-05-01,1901743800
V,2026-07-30,1837088813
V,2026-07-31,1867047259
V,2026-09-18,1877355259
MA,2019-01-05,1032790016
MA,2019-01-07,1032790016
MA,2019-01-09,1032790016
MA,2019-01-10,1032790016
MA,2019-01-12,1032790016
MA,2019-01-14,1032790016
MA,2019-01-16,1032790016
MA,2019-01-17,1032790016
MA,2019-01-20,1032790016
MA,2019-01-22,1032790016
MA,2019-01-23,1032790016
MA,2019-01-25,1032790016
MA,2019-01-26,1032790016
MA,2019-01-28,1032790016
MA,2019-01-30,1032790016
MA,2019-02-04,1030860032
MA,2019-02-07,1030860032
MA,2019-02-10,1026860032
MA,2019-02-11,1026860032
MA,2019-02-13,1026860032
MA,2019-02-14,1026860032
MA,2019-02-15,1025910016
MA,2019-02-17,1025910016
MA,2019-02-18,1025910016
MA,2019-02-20,1025910016
MA,2019-03-01,1025910016
MA,2019-03-07,1025910016
MA,2019-03-09,1025910016
MA,2019-03-10,1025910016
MA,2019-03-11,1025910016
MA,2019-03-14,1025910016
MA,2019-03-15,1025910016
MA,2019-03-17,1025910016
MA,2019-03-18,1025910016
MA,2019-03-26,1025910016
MA,2019-03-27,1025910016
MA,2019-03-29,1025910016
MA,2019-03-30,1025910016
MA,2019-04-01,1025910016
MA,2019-04-02,1025910016
MA,2019-04-05,1025910016
MA,2019-04-11,1025910016
MA,2019-04-14,1025910016
MA,2019-04-15,1025910016
MA,2019-04-17,1025910016
MA,2019-04-19,1025910016
MA,2019-04-21,1025910016
MA,2019-04-23,1025910016
MA,2019-04-29,1025910016
MA,2019-05-01,1025910016
MA,2019-05-02,1021420032
MA,2019-05-03,1021420032
MA,2019-05-05,1021420032
MA,2019-05-07,1021420032
MA,2019-05-09,1021420032
MA,2019-05-11,1021420032
MA,2019-05-12,1021420032
MA,2019-05-13,1021420032
MA,2019-05-20,1021420032
MA,2019-05-22,1021420032
MA,2019-05-23,1021420032
MA,2019-05-28,1021420032
MA,2019-06-01,1021420032
MA,2019-06-03,1021420032
MA,2019-06-04,1021420032
MA,2019-06-05,1021420032
MA,2019-06-06,1021420032
MA,2019-06-10,1021420032
MA,2019-06-11,1021420032
MA,2019-06-12,1021420032
MA,2019-06-17,1021420032
MA,2019-06-19,1021420032
MA,2019-06-21,1021420032
MA,2019-06-23,1021420032
MA,2019-06-24,1021420032
MA,2019-06-26,1043320000
MA,2019-06-27,1021420032
MA,2019-07-05,1012030016
MA,2019-07-06,1021420032
MA,2019-07-10,1014499968
MA,2019-07-11,1029040000
MA,2019-07-12,1032320000
MA,2019-07-13,1021420032
MA,2019-08-01,1014560000
MA,2019-08-05,1032289984
MA,2019-08-06,1014560000
MA,2019-08-07,1064369984
MA,2019-08-08,1063820032
MA,2019-08-09,1047449984
MA,2019-08-10,1014560000
MA,2019-08-30,1003240000
MA,2019-09-02,1003270016
MA,2019-09-04,1014560000
MA,2019-09-06,977358016
MA,2019-09-09,979705984
MA,2019-09-11,1048240000
MA,2019-09-12,1014560000
MA,2019-09-20,1017550016
MA,2019-09-21,1014560000
MA,2019-10-04,1000150016
MA,2019-10-08,1014560000
MA,2019-10-21,992985024
MA,2019-10-22,1014560000
MA,2019-10-31,1008860032
MA,2019-11-05,1000769984
MA,2019-11-06,1010620032
MA,2019-11-07,1008860032
MA,2019-11-08,995939008
MA,2019-11-09,1008860032
MA,2019-11-14,1012249984
MA,2019-11-15,1014520000
MA,2019-11-16,1008860032
MA,2019-11-20,1024849984
MA,2019-12-18,1005600000
MA,2019-12-19,1008860032
MA,2020-01-07,1018800000
MA,2020-01-08,1016099968
MA,2020-01-09,1021820032
MA,2020-01-11,1025299968
MA,2020-01-12,1008860032
MA,2020-02-07,1011880000
MA,2020-02-08,1008860032
MA,2020-02-12,1010819968
MA,2020-02-13,1008860032
MA,2020-02-20,1005110016
MA,2020-03-09,992248000
MA,2020-03-10,1005110016
MA,2020-03-27,1005110016
MA,2020-04-16,1005110016
MA,2020-05-01,1003950016
MA,2020-05-04,1003740032
MA,2020-08-03,1001059968
MA,2020-08-04,1001059968
MA,2020-08-28,1001059968
MA,2020-09-05,1001059968
MA,2020-09-06,1001059968
MA,2020-09-21,1013510016
MA,2020-09-22,1001059968
MA,2020-10-05,1001059968
MA,2020-10-29,996924992
MA,2020-11-07,996924992
MA,2020-11-26,996924992
MA,2020-12-01,996924992
MA,2021-01-30,994454976
MA,2021-02-01,994454976
MA,2021-02-17,993361984
MA,2021-03-04,993361984
MA,2021-03-17,993361984
MA,2021-04-01,993361984
MA,2021-04-14,993361984
MA,2021-04-23,992689024
MA,2021-04-25,983198976
MA,2021-04-27,993361984
MA,2021-05-04,991046976
MA,2021-06-18,982905024
MA,2021-06-22,991046976
MA,2021-07-31,986774976
MA,2021-08-02,986774976
MA,2021-08-04,986774976
MA,2021-09-22,986774976
MA,2021-10-06,989620992
MA,2021-10-07,986774976
MA,2021-10-26,986774976
MA,2021-10-30,982556992
MA,2021-11-01,982556992
MA,2021-11-03,982556992
MA,2021-11-05,974708992
MA,2021-11-06,982556992
MA,2021-11-17,982556992
MA,2021-11-19,982556992
MA,2021-11-23,982556992
MA,2021-11-27,1030540032
MA,2021-11-28,982556992
MA,2021-12-03,974708992
MA,2021-12-04,982556992
MA,2021-12-30,981169984
MA,2021-12-31,982556992
MA,2022-01-29,979848000
MA,2022-01-31,979848000
MA,2022-02-04,996627968
MA,2022-02-05,979848000
MA,2022-02-11,987848000
MA,2022-02-12,985475968
MA,2022-02-15,985222976
MA,2022-03-04,994179968
MA,2022-03-05,985222976
MA,2022-03-15,973830016
MA,2022-03-17,969729024
MA,2022-03-22,985222976
MA,2022-03-28,985222976
MA,2022-04-01,998620992
MA,2022-04-02,985222976
MA,2022-04-30,1022080000
MA,2022-05-04,983817024
MA,2022-05-06,980392000
MA,2022-05-11,988408000
MA,2022-05-19,989030976
MA,2022-05-20,980392000
MA,2022-05-27,966017024
MA,2022-05-28,980369024
MA,2022-06-14,972644992
MA,2022-07-29,964921024
MA,2022-07-30,966376000
MA,2022-08-01,966376000
MA,2022-08-05,961110976
MA,2022-08-07,966376000
MA,2022-08-09,981057024
MA,2022-08-10,966376000
MA,2022-08-20,966376000
MA,2022-09-13,966376000
MA,2022-10-29,958675968
MA,2022-11-04,994579008
MA,2022-11-05,961459968
MA,2022-11-08,953803008
MA,2022-11-09,961459968
MA,2022-12-03,971332992
MA,2022-12-04,961459968
MA,2022-12-06,972179008
MA,2022-12-07,961459968
MA,2023-01-29,956000000
MA,2023-02-04,958633024
MA,2023-02-05,956000000
MA,2023-02-16,953243008
MA,2023-03-18,948716992
MA,2023-03-21,953243008
MA,2023-03-25,960670016
MA,2023-03-30,967232000
MA,2023-04-01,953243008
MA,2023-04-04,945723008
MA,2023-04-05,946558016
MA,2023-04-06,953531008
MA,2023-04-07,959651008
MA,2023-04-25,951947008
MA,2023-04-26,953243008
MA,2023-04-28,947852992
MA,2023-04-29,947852992
MA,2023-05-02,947628992
MA,2023-05-04,950484992
MA,2023-05-06,947628992
MA,2023-05-11,948620032
MA,2023-05-12,945528000
MA,2023-05-13,949166976
MA,2023-05-16,947628992
MA,2023-06-09,957425024
MA,2023-06-13,947628992
MA,2023-06-23,940179968
MA,2023-06-25,947628992
MA,2023-07-05,946041024
MA,2023-07-06,944195968
MA,2023-07-07,947628992
MA,2023-07-12,961257984
MA,2023-07-13,947628992
MA,2023-07-19,940179968
MA,2023-07-20,947628992
MA,2023-08-21,942211968
MA,2023-08-23,934848000
MA,2023-08-24,942211968
MA,2023-08-30,934848000
MA,2023-09-09,941713024
MA,2023-09-12,942211968
MA,2023-09-26,941580032
MA,2023-10-03,942355008
MA,2023-10-11,934848000
MA,2023-10-13,942000000
MA,2023-10-14,946638976
MA,2023-10-17,940782016
MA,2023-10-18,942211968
MA,2023-10-19,942211968
MA,2023-10-25,934848000
MA,2023-10-27,937776000
MA,2023-10-31,937776000
MA,2023-11-04,930438016
MA,2023-11-08,931241024
MA,2023-11-09,930438016
MA,2023-12-06,936721024
MA,2023-12-15,951488000
MA,2023-12-16,937776000
MA,2023-12-22,937776000
MA,2023-12-23,936316992
MA,2023-12-26,937776000
MA,2023-12-30,938193984
MA,2024-01-05,935542016
MA,2024-01-06,936993984
MA,2024-01-20,930438016
MA,2024-02-01,934337984
MA,2024-02-07,927000000
MA,2024-02-10,935113024
MA,2024-02-13,934337984
MA,2024-02-15,932892032
MA,2024-03-05,949100032
MA,2024-03-12,933089984
MA,2024-03-13,927516992
MA,2024-03-14,932892032
MA,2024-03-20,925723008
MA,2024-03-23,946390976
MA,2024-03-26,943924992
MA,2024-03-27,932892032
MA,2024-04-12,938764992
MA,2024-04-13,932892032
MA,2024-04-17,932830976
MA,2024-04-18,932892032
MA,2024-04-25,933537024
MA,2024-04-26,932892032
MA,2024-04-30,930131008
MA,2024-05-01,930131008
MA,2024-05-02,929614976
MA,2024-05-04,924417984
MA,2024-05-07,929614976
MA,2024-05-11,926584000
MA,2024-05-15,936902016
MA,2024-05-16,929614976
MA,2024-05-20,930849024
MA,2024-05-21,930748992
MA,2024-05-22,929614976
MA,2024-05-23,934868992
MA,2024-05-24,940555008
MA,2024-05-31,930393024
MA,2024-06-05,926313024
MA,2024-06-12,930049984
MA,2024-06-13,942289984
MA,2024-06-15,930388992
MA,2024-06-21,924684992
MA,2024-06-28,949835008
MA,2024-07-03,929614976
MA,2024-07-10,932835008
MA,2024-07-11,929614976
MA,2024-07-12,922470016
MA,2024-07-13,929614976
MA,2024-07-16,930601024
MA,2024-07-17,929614976
MA,2024-07-18,929614976
MA,2024-07-19,940153984
MA,2024-07-20,929614976
MA,2024-07-24,942705984
MA,2024-07-25,935782976
MA,2024-07-26,929614976
MA,2024-07-31,922470016
MA,2024-08-01,923835008
MA,2024-08-02,923835008
MA,2024-08-13,926044992
MA,2024-08-17,923500032
MA,2024-08-27,919497984
MA,2024-08-30,916710976
MA,2024-08-31,923835008
MA,2024-09-07,923835008
MA,2024-09-11,922073984
MA,2024-09-12,923532032
MA,2024-09-17,916710976
MA,2024-09-21,923835008
MA,2024-09-30,923536000
MA,2024-10-01,923835008
MA,2024-10-12,916710976
MA,2024-10-15,916710976
MA,2024-10-18,923278016
MA,2024-10-24,929462016
MA,2024-10-26,935433984
MA,2024-10-28,933868992
MA,2024-10-29,923835008
MA,2024-10-30,927356992
MA,2024-10-31,916710976
MA,2024-11-01,917830976
MA,2024-11-02,917830976
MA,2024-11-05,922369984
MA,2024-11-06,917830976
MA,2024-11-08,917830976
MA,2024-11-13,917830976
MA,2024-11-14,917830976
MA,2024-11-16,917830976
MA,2024-11-19,918289024
MA,2024-11-20,917830976
MA,2024-11-21,917830976
MA,2024-11-30,916867008
MA,2024-12-03,917830976
MA,2024-12-04,917830976
MA,2024-12-06,917830976
MA,2024-12-11,917830976
MA,2024-12-13,921347968
MA,2024-12-14,917830976
MA,2025-01-04,917830976
MA,2025-01-07,917830976
MA,2025-01-17,917830976
MA,2025-01-22,917830976
MA,2025-01-31,914062976
MA,2025-02-01,931475008
MA,2025-02-04,912862976
MA,2025-02-08,912862976
MA,2025-02-13,912862976
MA,2025-02-14,911708032
MA,2025-03-04,913913024
MA,2025-03-11,928088000
MA,2025-03-19,904889984
MA,2025-03-20,911708032
MA,2025-03-22,912883008
MA,2025-03-27,911708032
MA,2025-03-28,911708032
MA,2025-04-01,911708032
MA,2025-04-10,941086016
MA,2025-04-11,911708032
MA,2025-04-14,906886976
MA,2025-04-15,911708032
MA,2025-04-22,926046976
MA,2025-04-23,911708032
MA,2025-04-24,907097984
MA,2025-04-26,915091968
MA,2025-04-29,911708032
MA,2025-04-30,908164992
MA,2025-05-01,908164992
MA,2025-05-06,908081984
MA,2025-05-07,908081984
MA,2025-05-10,908081984
MA,2025-05-14,913324992
MA,2025-05-15,908081984
MA,2025-05-16,908081984
MA,2025-05-17,908081984
MA,2025-05-28,908081984
MA,2025-05-29,908081984
MA,2025-05-30,908081984
MA,2025-05-31,908081984
MA,2025-06-06,908081984
MA,2025-06-07,908081984
MA,2025-06-10,908081984
MA,2025-06-17,908081984
MA,2025-06-18,908081984
MA,2025-06-19,908081984
MA,2025-06-27,908081984
MA,2025-06-28,908081984
MA,2025-07-08,908081984
MA,2025-07-09,908081984
MA,2025-07-10,908081984
MA,2025-07-11,905526976
MA,2025-07-12,908081984
MA,2025-08-01,905819008
MA,2025-08-02,916464000
MA,2025-08-07,899104000
MA,2025-08-08,904012032
MA,2025-09-05,900430016
MA,2025-09-15,900057024
MA,2025-09-16,904012032
MA,2025-09-17,904011837
MA,2025-09-20,906936690
MA,2025-09-23,903501437
MA,2025-09-24,904011837
MA,2025-09-26,904011837
MA,2025-09-27,904011837
MA,2025-09-30,899222391
MA,2025-10-01,898163199
MA,2025-10-02,904011837
MA,2025-10-06,899152647
MA,2025-10-07,904011837
MA,2025-10-08,902405994
MA,2025-10-09,904011837
MA,2025-10-15,904011837
MA,2025-10-16,904011837
MA,2025-10-17,904011837
MA,2025-10-18,904011837
MA,2025-10-20,897274172
MA,2025-10-23,904011837
MA,2025-10-24,904169421
MA,2025-10-25,904011837
MA,2025-10-27,906080912
MA,2025-10-28,904011837
MA,2025-10-30,904011837
MA,2025-10-31,897995848
MA,2025-11-01,900745197
MA,2025-11-04,897995848
MA,2025-11-05,897995848
MA,2025-11-07,897995848
MA,2025-11-08,897995848
MA,2025-11-11,897995848
MA,2025-11-12,897995848
MA,2025-11-13,897995848
MA,2025-11-15,914187516
MA,2025-11-17,904011837
MA,2026-01-30,893437665
MA,2026-02-13,892437665
MA,2026-04-29,884376595
MA,2026-05-02,883295925
MA,2026-05-05,883583855
MA,2026-08-01,876009940
AXP,2019-01-05,854262016
AXP,2019-01-07,854262016
AXP,2019-01-09,854262016
AXP,2019-01-10,854262016
AXP,2019-01-12,854262016
AXP,2019-01-14,854262016
AXP,2019-01-16,854262016
AXP,2019-01-17,854262016
AXP,2019-01-20,854262016
AXP,2019-01-22,847000000
AXP,2019-01-25,847000000
AXP,2019-01-28,847000000
AXP,2019-01-30,847000000
AXP,2019-02-04,847000000
AXP,2019-02-07,847000000
AXP,2019-02-15,847000000
AXP,2019-02-17,843369024
AXP,2019-02-18,843369024
AXP,2019-02-20,843369024
AXP,2019-02-28,843369024
AXP,2019-03-01,843369024
AXP,2019-03-07,843369024
AXP,2019-03-09,843369024
AXP,2019-03-10,843369024
AXP,2019-03-11,843369024
AXP,2019-03-14,843369024
AXP,2019-03-15,843369024
AXP,2019-03-17,838748032
AXP,2019-03-18,838748032
AXP,2019-03-26,838748032
AXP,2019-03-27,838748032
AXP,2019-03-29,838748032
AXP,2019-03-30,838748032
AXP,2019-04-01,838748032
AXP,2019-04-02,838748032
AXP,2019-04-05,838748032
AXP,2019-04-09,838748032
AXP,2019-04-11,838748032
AXP,2019-04-14,838748032
AXP,2019-04-15,838748032
AXP,2019-04-17,838748032
AXP,2019-04-19,838748032
AXP,2019-04-21,837000000
AXP,2019-04-29,835081024
AXP,2019-05-01,835081024
AXP,2019-05-02,835080000
AXP,2019-05-05,835080000
AXP,2019-05-07,835080000
AXP,2019-05-09,835081024
AXP,2019-05-11,835081024
AXP,2019-05-12,835081024
AXP,2019-05-13,835081024
AXP,2019-05-19,835081024
AXP,2019-05-20,835081024
AXP,2019-05-22,835081024
AXP,2019-05-23,835081024
AXP,2019-05-28,835081024
AXP,2019-06-01,835081024
AXP,2019-06-03,835081024
AXP,2019-06-04,835081024
AXP,2019-06-05,835081024
AXP,2019-06-06,835081024
AXP,2019-06-10,835081024
AXP,2019-06-11,835081024
AXP,2019-06-12,835081024
AXP,2019-06-17,835081024
AXP,2019-06-19,835081024
AXP,2019-06-21,835081024
AXP,2019-06-23,835081024
AXP,2019-06-24,835081024
AXP,2019-06-26,835081024
AXP,2019-07-05,830038016
AXP,2019-07-06,835081024
AXP,2019-07-10,828379008
AXP,2019-07-11,841646976
AXP,2019-07-12,837646976
AXP,2019-07-13,835081024
AXP,2019-07-23,832000000
AXP,2019-07-25,829673984
AXP,2019-08-07,854347008
AXP,2019-08-08,849054976
AXP,2019-08-09,841425984
AXP,2019-08-10,829673984
AXP,2019-08-30,818336000
AXP,2019-09-02,820851008
AXP,2019-09-04,829673984
AXP,2019-09-06,827611008
AXP,2019-09-09,830915968
AXP,2019-09-11,851315968
AXP,2019-09-12,829673984
AXP,2019-09-20,823036032
AXP,2019-09-21,829673984
AXP,2019-10-04,831958976
AXP,2019-10-08,829673984
AXP,2019-10-21,813372992
AXP,2019-10-22,821000000
AXP,2019-10-23,818270976
AXP,2019-11-05,805496000
AXP,2019-11-06,802264000
AXP,2019-11-07,818270976
AXP,2019-11-08,829625984
AXP,2019-11-09,818270976
AXP,2019-11-14,814006976
AXP,2019-11-15,822830016
AXP,2019-11-16,818270976
AXP,2019-11-20,818270976
AXP,2019-12-18,826673024
AXP,2019-12-19,818270976
AXP,2020-01-07,826480000
AXP,2020-01-08,830076992
AXP,2020-01-09,828033024
AXP,2020-01-11,832393984
AXP,2020-01-12,818270976
AXP,2020-01-28,810000000
AXP,2020-02-07,807878016
AXP,2020-02-08,810000000
AXP,2020-02-12,812388992
AXP,2020-02-13,810000000
AXP,2020-02-18,810000000
AXP,2020-02-20,808041024
AXP,2020-03-09,788374976
AXP,2020-03-10,808041024
AXP,2020-03-26,805777984
AXP,2020-04-28,804972032
AXP,2020-07-28,805161024
AXP,2020-08-04,807059008
AXP,2020-08-28,805161024
AXP,2020-09-05,804699008
AXP,2020-09-06,805161024
AXP,2020-09-21,814657024
AXP,2020-09-22,805161024
AXP,2020-10-05,805161024
AXP,2020-10-24,805201984
AXP,2020-10-26,805201984
AXP,2020-11-26,805201984
AXP,2021-02-17,805588992
AXP,2021-03-17,835046976
AXP,2021-03-23,803420992
AXP,2021-04-23,803529984
AXP,2021-04-24,819286016
AXP,2021-04-26,819286016
AXP,2021-04-27,803302976
AXP,2021-07-27,794433024
AXP,2021-08-04,794433024
AXP,2021-10-26,774556032
AXP,2021-11-03,779206976
AXP,2021-11-05,774915008
AXP,2021-11-06,774556032
AXP,2021-11-17,784017024
AXP,2021-11-19,789500992
AXP,2021-11-20,786473024
AXP,2021-11-23,786521024
AXP,2022-01-27,761000000
AXP,2022-02-04,761496000
AXP,2022-02-05,761000000
AXP,2022-02-11,761000000
AXP,2022-02-15,759355008
AXP,2022-03-04,761128000
AXP,2022-03-05,759355008
AXP,2022-03-22,757289024
AXP,2022-04-26,753059968
AXP,2022-05-10,781729024
AXP,2022-05-11,753059968
AXP,2022-05-21,753059968
AXP,2022-07-26,749747968
AXP,2022-08-20,749747968
AXP,2022-09-02,749747968
AXP,2022-10-26,747233024
AXP,2022-11-04,747233024
AXP,2022-12-16,766582976
AXP,2023-01-29,743000000
AXP,2023-02-14,744193024
AXP,2023-03-18,764209984
AXP,2023-03-21,744065984
AXP,2023-03-25,744065984
AXP,2023-03-30,764536000
AXP,2023-04-01,744065984
AXP,2023-04-04,749380992
AXP,2023-04-05,744065984
AXP,2023-04-06,750902016
AXP,2023-04-07,744065984
AXP,2023-04-21,743000000
AXP,2023-04-24,743241024
AXP,2023-05-03,743241024
AXP,2023-05-04,748318976
AXP,2023-05-06,743241024
AXP,2023-05-11,766736000
AXP,2023-05-12,746705984
AXP,2023-05-13,747009024
AXP,2023-05-16,743241024
AXP,2023-06-27,743241024
AXP,2023-07-19,754470016
AXP,2023-07-20,743241024
AXP,2023-07-27,736459008
AXP,2023-08-22,736459008
AXP,2023-08-23,744792000
AXP,2023-08-24,736459008
AXP,2023-09-21,746388992
AXP,2023-10-10,736459008
AXP,2023-10-11,736459008
AXP,2023-10-13,736459008
AXP,2023-10-14,737336000
AXP,2023-10-15,736459008
AXP,2023-10-17,736459008
AXP,2023-10-18,736459008
AXP,2023-10-19,750358976
AXP,2023-10-22,736459008
AXP,2023-10-23,736459008
AXP,2023-10-24,728745984
AXP,2023-10-25,729603008
AXP,2023-10-28,728745984
AXP,2023-11-01,728745984
AXP,2023-11-02,728745984
AXP,2023-11-03,728745984
AXP,2023-11-04,728745984
AXP,2023-11-07,728745984
AXP,2023-11-08,728793024
AXP,2023-11-09,728745984
AXP,2023-11-10,728745984
AXP,2023-11-17,728745984
AXP,2023-11-18,728745984
AXP,2023-11-23,728745984
AXP,2023-11-25,728745984
AXP,2023-11-29,728745984
AXP,2023-11-30,728745984
AXP,2023-12-02,728745984
AXP,2023-12-05,728745984
AXP,2023-12-06,739718976
AXP,2023-12-08,728745984
AXP,2023-12-09,728745984
AXP,2023-12-19,728745984
AXP,2023-12-21,728745984
AXP,2023-12-22,728745984
AXP,2023-12-23,728745984
AXP,2023-12-26,728745984
AXP,2023-12-30,728745984
AXP,2024-01-03,728745984
AXP,2024-01-05,728745984
AXP,2024-01-06,736222016
AXP,2024-01-09,728745984
AXP,2024-01-11,728745984
AXP,2024-01-12,728745984
AXP,2024-01-17,728745984
AXP,2024-01-18,728745984
AXP,2024-01-19,728745984
AXP,2024-01-20,728745984
AXP,2024-01-23,728745984
AXP,2024-01-24,728745984
AXP,2024-01-27,723000000
AXP,2024-02-01,723000000
AXP,2024-02-07,723000000
AXP,2024-02-13,723870016
AXP,2024-02-14,723870016
AXP,2024-02-17,723870016
AXP,2024-02-22,723870016
AXP,2024-02-24,723870016
AXP,2024-02-28,723870016
AXP,2024-02-29,723870016
AXP,2024-03-02,723870016
AXP,2024-03-05,726350016
AXP,2024-03-08,723870016
AXP,2024-03-09,723870016
AXP,2024-03-12,723870016
AXP,2024-03-13,723870016
AXP,2024-03-15,723870016
AXP,2024-03-16,723870016
AXP,2024-03-19,720038976
AXP,2024-03-23,720038976
AXP,2024-03-26,725075008
AXP,2024-03-27,720038976
AXP,2024-03-29,720038976
AXP,2024-04-17,720038976
AXP,2024-04-18,720038976
AXP,2024-04-20,719302976
AXP,2024-04-24,719302976
AXP,2024-04-25,725430976
AXP,2024-04-26,719302976
AXP,2024-04-27,719302976
AXP,2024-05-01,719302976
AXP,2024-05-02,719302976
AXP,2024-05-03,719302976
AXP,2024-05-04,724694976
AXP,2024-05-07,719302976
AXP,2024-05-08,719302976
AXP,2024-05-10,719302976
AXP,2024-05-11,719302976
AXP,2024-05-14,719302976
AXP,2024-05-17,719302976
AXP,2024-05-18,719302976
AXP,2024-05-20,720846976
AXP,2024-05-21,719302976
AXP,2024-05-23,719302976
AXP,2024-05-24,719302976
AXP,2024-05-25,719302976
AXP,2024-05-29,719302976
AXP,2024-05-30,719302976
AXP,2024-05-31,719302976
AXP,2024-06-01,719302976
AXP,2024-06-04,719302976
AXP,2024-06-05,719302976
AXP,2024-06-06,719302976
AXP,2024-06-11,719302976
AXP,2024-06-12,719302976
AXP,2024-06-13,719302976
AXP,2024-06-25,719302976
AXP,2024-06-26,719302976
AXP,2024-06-28,719302976
AXP,2024-07-02,719302976
AXP,2024-07-03,719302976
AXP,2024-07-04,719302976
AXP,2024-07-06,719302976
AXP,2024-07-10,719302976
AXP,2024-07-12,719302976
AXP,2024-07-13,719302976
AXP,2024-07-18,719302976
AXP,2024-07-19,739542976
AXP,2024-07-20,719302976
AXP,2024-07-23,710912000
AXP,2024-07-24,710912000
AXP,2024-07-25,713308992
AXP,2024-07-26,710912000
AXP,2024-07-27,710912000
AXP,2024-08-03,710912000
AXP,2024-08-07,710912000
AXP,2024-08-09,710912000
AXP,2024-08-10,710912000
AXP,2024-08-13,710912000
AXP,2024-08-14,710912000
AXP,2024-08-16,710912000
AXP,2024-08-17,710912000
AXP,2024-08-21,710912000
AXP,2024-08-22,710912000
AXP,2024-08-23,710912000
AXP,2024-08-24,710912000
AXP,2024-08-27,710912000
AXP,2024-08-30,710912000
AXP,2024-08-31,710912000
AXP,2024-09-06,710912000
AXP,2024-09-07,733574016
AXP,2024-09-10,710912000
AXP,2024-09-11,710912000
AXP,2024-09-12,710912000
AXP,2024-09-14,710912000
AXP,2024-09-17,710912000
AXP,2024-09-18,710912000
AXP,2024-09-19,710912000
AXP,2024-09-21,710912000
AXP,2024-09-24,710912000
AXP,2024-09-25,710912000
AXP,2024-09-27,710912000
AXP,2024-09-28,710912000
AXP,2024-10-01,710912000
AXP,2024-10-04,710912000
AXP,2024-10-08,710912000
AXP,2024-10-10,710912000
AXP,2024-10-11,710912000
AXP,2024-10-12,710912000
AXP,2024-10-15,710912000
AXP,2024-10-16,710912000
AXP,2024-10-18,710912000
AXP,2024-10-19,704444992
AXP,2024-10-20,704444992
AXP,2024-10-22,704444992
AXP,2024-10-23,704444992
AXP,2024-10-24,704444992
AXP,2024-10-26,714668032
AXP,2024-10-28,704444992
AXP,2024-10-30,704444992
AXP,2024-10-31,704444992
AXP,2024-11-05,704444992
AXP,2024-11-06,704444992
AXP,2024-11-07,704444992
AXP,2024-11-08,704444992
AXP,2024-11-09,704444992
AXP,2024-11-13,704444992
AXP,2024-11-14,704444992
AXP,2024-11-15,704444992
AXP,2024-11-16,704444992
AXP,2024-11-19,707726016
AXP,2024-11-20,704444992
AXP,2024-11-21,704444992
AXP,2024-11-22,704444992
AXP,2024-11-26,704444992
AXP,2024-11-27,704444992
AXP,2024-11-28,704444992
AXP,2024-11-30,704444992
AXP,2024-12-04,704444992
AXP,2024-12-05,704444992
AXP,2024-12-06,704444992
AXP,2024-12-07,704444992
AXP,2024-12-10,704444992
AXP,2024-12-11,704444992
AXP,2024-12-13,709230016
AXP,2024-12-14,704444992
AXP,2024-12-17,704444992
AXP,2024-12-18,704444992
AXP,2024-12-19,704444992
AXP,2024-12-21,704444992
AXP,2024-12-24,704444992
AXP,2024-12-28,704444992
AXP,2025-01-01,704444992
AXP,2025-01-03,704444992
AXP,2025-01-04,704444992
AXP,2025-01-07,704444992
AXP,2025-01-08,704444992
AXP,2025-01-11,704444992
AXP,2025-01-14,704444992
AXP,2025-01-15,704444992
AXP,2025-01-16,704444992
AXP,2025-01-17,704444992
AXP,2025-01-22,704444992
AXP,2025-01-24,704444992
AXP,2025-01-25,702000000
AXP,2025-02-01,702000000
AXP,2025-02-04,702000000
AXP,2025-02-05,702000000
AXP,2025-02-06,702000000
AXP,2025-02-07,702000000
AXP,2025-02-08,709489984
AXP,2025-02-11,702531968
AXP,2025-02-12,702531968
AXP,2025-02-13,709800000
AXP,2025-02-14,702531968
AXP,2025-02-15,702531968
AXP,2025-02-25,702531968
AXP,2025-02-27,702531968
AXP,2025-03-01,702531968
AXP,2025-03-04,715537024
AXP,2025-03-06,702531968
AXP,2025-03-07,702531968
AXP,2025-03-11,702531968
AXP,2025-03-12,702531968
AXP,2025-03-14,702531968
AXP,2025-03-15,701110016
AXP,2025-03-22,701939008
AXP,2025-03-27,709441984
AXP,2025-03-28,711368000
AXP,2025-04-10,745041024
AXP,2025-04-11,701110016
AXP,2025-04-18,701000000
AXP,2025-04-22,726011008
AXP,2025-04-23,700588992
AXP,2025-04-24,700588992
AXP,2025-04-25,700588992
AXP,2025-04-26,707228992
AXP,2025-04-29,700588992
AXP,2025-04-30,700588992
AXP,2025-05-01,700588992
AXP,2025-05-06,700588992
AXP,2025-05-07,700588992
AXP,2025-05-09,700588992
AXP,2025-05-10,700588992
AXP,2025-05-13,700588992
AXP,2025-05-14,705724992
AXP,2025-05-15,700588992
AXP,2025-05-16,700588992
AXP,2025-05-21,700588992
AXP,2025-05-22,700588992
AXP,2025-05-23,700588992
AXP,2025-05-24,700588992
AXP,2025-05-29,701544000
AXP,2025-05-30,700588992
AXP,2025-05-31,703758016
AXP,2025-06-03,700588992
AXP,2025-06-07,700588992
AXP,2025-06-10,700588992
AXP,2025-06-18,700588992
AXP,2025-06-19,700588992
AXP,2025-06-25,700588992
AXP,2025-06-26,700588992
AXP,2025-07-01,700588992
AXP,2025-07-03,700588992
AXP,2025-07-04,700588992
AXP,2025-07-08,700588992
AXP,2025-07-09,700588992
AXP,2025-07-10,700588992
AXP,2025-07-11,718006976
AXP,2025-07-12,700588992
AXP,2025-07-15,700588992
AXP,2025-07-16,700588992
AXP,2025-07-17,700588992
AXP,2025-07-18,700588992
AXP,2025-07-19,700588992
AXP,2025-07-20,700588992
AXP,2025-07-22,695881984
AXP,2025-07-23,695881984
AXP,2025-07-26,695881984
AXP,2025-07-28,697830976
AXP,2025-07-29,695881984
AXP,2025-07-31,695881984
AXP,2025-08-05,695881984
AXP,2025-08-06,695881984
AXP,2025-08-07,695881984
AXP,2025-08-08,697795008
AXP,2025-08-09,695881984
AXP,2025-08-12,695881984
AXP,2025-08-13,695881984
AXP,2025-08-14,695881984
AXP,2025-08-15,695881984
AXP,2025-08-18,695881984
AXP,2025-08-20,695881984
AXP,2025-08-23,695881984
AXP,2025-08-26,695881984
AXP,2025-08-27,695881984
AXP,2025-08-29,695881984
AXP,2025-09-04,695881984
AXP,2025-09-05,695881984
AXP,2025-09-06,695881984
AXP,2025-09-09,695881984
AXP,2025-09-12,695881984
AXP,2025-09-13,695881984
AXP,2025-09-16,696350016
AXP,2025-09-17,695882227
AXP,2025-09-23,695882227
AXP,2025-09-24,695882227
AXP,2025-09-27,695882227
AXP,2025-10-01,715826828
AXP,2025-10-02,695882227
AXP,2025-10-03,695882227
AXP,2025-10-06,696387955
AXP,2025-10-07,695882227
AXP,2025-10-08,695882227
AXP,2025-10-10,695882227
AXP,2025-10-11,695882227
AXP,2025-10-15,695882227
AXP,2025-10-17,695882227
AXP,2025-10-18,689000000
AXP,2025-10-21,688851653
AXP,2025-10-25,688851653
AXP,2025-10-28,690072784
AXP,2025-10-29,688851653
AXP,2025-11-06,688851653
AXP,2025-11-07,688851653
AXP,2025-11-08,688851653
AXP,2025-11-12,688851653
AXP,2025-11-13,688851653
AXP,2025-11-15,703412463
AXP,2025-11-17,695882228
AXP,2026-01-31,688851653
AXP,2026-02-10,686614005
AXP,2026-03-27,686614005
AXP,2026-04-23,685783466
AXP,2026-04-24,682326443
AXP,2026-07-28,675309833
PYPL,2019-01-05,1178360064
PYPL,2019-01-07,1178360064
PYPL,2019-01-09,1178360064
PYPL,2019-01-10,1178360064
PYPL,2019-01-12,1178360064
PYPL,2019-01-14,1178360064
PYPL,2019-01-16,1178360064
PYPL,2019-01-17,1178360064
PYPL,2019-01-20,1178360064
PYPL,2019-01-22,1178360064
PYPL,2019-01-24,1178360064
PYPL,2019-01-25,1178360064
PYPL,2019-01-26,1178360064
PYPL,2019-01-28,1178360064
PYPL,2019-01-30,1178360064
PYPL,2019-02-04,1174000000
PYPL,2019-02-07,1174000000
PYPL,2019-02-10,1173209984
PYPL,2019-02-11,1173209984
PYPL,2019-02-13,1173209984
PYPL,2019-02-14,1173209984
PYPL,2019-02-15,1173209984
PYPL,2019-02-17,1173209984
PYPL,2019-02-18,1173209984
PYPL,2019-02-20,1173209984
PYPL,2019-03-01,1173209984
PYPL,2019-03-09,1173209984
PYPL,2019-03-11,1173209984
PYPL,2019-03-15,1173209984
PYPL,2019-03-18,1173209984
PYPL,2019-03-26,1173209984
PYPL,2019-03-27,1173209984
PYPL,2019-03-30,1173209984
PYPL,2019-04-01,1173209984
PYPL,2019-04-02,1173209984
PYPL,2019-04-05,1173209984
PYPL,2019-04-11,1173209984
PYPL,2019-04-14,1172189952
PYPL,2019-04-15,1172189952
PYPL,2019-04-17,1172189952
PYPL,2019-04-19,1172189952
PYPL,2019-04-21,1172189952
PYPL,2019-04-23,1172189952
PYPL,2019-04-29,1174930048
PYPL,2019-05-01,1174930048
PYPL,2019-05-02,1174930048
PYPL,2019-05-03,1174930048
PYPL,2019-05-05,1174930048
PYPL,2019-05-07,1174930048
PYPL,2019-05-09,1174930048
PYPL,2019-05-11,1174930048
PYPL,2019-05-12,1174930048
PYPL,2019-05-13,1174930048
PYPL,2019-05-20,1174930048
PYPL,2019-05-22,1174930048
PYPL,2019-05-23,1174930048
PYPL,2019-05-28,1174930048
PYPL,2019-06-01,1174930048
PYPL,2019-06-03,1174930048
PYPL,2019-06-04,1174930048
PYPL,2019-06-05,1174930048
PYPL,2019-06-06,1174930048
PYPL,2019-06-10,1174930048
PYPL,2019-06-11,1174930048
PYPL,2019-06-12,1174930048
PYPL,2019-06-17,1174930048
PYPL,2019-06-19,1174930048
PYPL,2019-06-21,1174930048
PYPL,2019-06-23,1174930048
PYPL,2019-06-24,1174930048
PYPL,2019-06-26,1196080000
PYPL,2019-06-27,1174930048
PYPL,2019-07-05,1159859968
PYPL,2019-07-06,1174930048
PYPL,2019-07-10,1167640064
PYPL,2019-07-11,1187539968
PYPL,2019-07-12,1184850048
PYPL,2019-07-13,1174930048
PYPL,2019-07-26,1176999936
PYPL,2019-07-29,1176679936
PYPL,2019-08-05,1217440000
PYPL,2019-08-06,1176679936
PYPL,2019-08-07,1216310016
PYPL,2019-08-08,1211090048
PYPL,2019-08-09,1178439936
PYPL,2019-08-10,1176679936
PYPL,2019-08-30,1157929984
PYPL,2019-09-02,1159629952
PYPL,2019-09-04,1176679936
PYPL,2019-09-06,1151229952
PYPL,2019-09-09,1165980032
PYPL,2019-09-11,1245190016
PYPL,2019-09-12,1176679936
PYPL,2019-09-20,1182470016
PYPL,2019-09-21,1176679936
PYPL,2019-10-04,1161529984
PYPL,2019-10-08,1176679936
PYPL,2019-10-21,1149309952
PYPL,2019-10-22,1176679936
PYPL,2019-10-25,1174000000
PYPL,2019-10-29,1174189952
PYPL,2019-11-05,1164349952
PYPL,2019-11-06,1188930048
PYPL,2019-11-07,1174189952
PYPL,2019-11-08,1147469952
PYPL,2019-11-09,1174189952
PYPL,2019-11-14,1175229952
PYPL,2019-11-15,1192700032
PYPL,2019-11-16,1174189952
PYPL,2019-12-18,1162300032
PYPL,2019-12-19,1174189952
PYPL,2020-01-07,1195680000
PYPL,2020-01-08,1180370048
PYPL,2020-01-09,1191779968
PYPL,2020-01-11,1197209984
PYPL,2020-01-12,1174189952
PYPL,2020-02-07,1175859968
PYPL,2020-02-08,1174189952
PYPL,2020-02-10,1172960000
PYPL,2020-02-12,1161040000
PYPL,2020-02-13,1172960000
PYPL,2020-03-09,1159469952
PYPL,2020-03-10,1172960000
PYPL,2020-04-10,1172889984
PYPL,2020-05-09,1172889984
PYPL,2020-05-11,1173980032
PYPL,2020-07-31,1172999936
PYPL,2020-08-03,1173299968
PYPL,2020-08-04,1179280000
PYPL,2020-08-28,1173299968
PYPL,2020-09-05,1206669952
PYPL,2020-09-06,1173299968
PYPL,2020-09-21,1171430016
PYPL,2020-09-22,1173299968
PYPL,2020-10-05,1173299968
PYPL,2020-11-04,1171689984
PYPL,2020-11-05,1171689984
PYPL,2020-11-26,1171689984
PYPL,2021-02-05,1172000000
PYPL,2021-02-06,1171180032
PYPL,2021-02-08,1171180032
PYPL,2021-03-17,1171180032
PYPL,2021-04-15,1174259968
PYPL,2021-04-23,1185990016
PYPL,2021-04-24,1169229952
PYPL,2021-04-27,1174259968
PYPL,2021-05-08,1174729984
PYPL,2021-05-10,1174729984
PYPL,2021-06-17,1174729984
PYPL,2021-07-31,1175030016
PYPL,2021-08-02,1175030016
PYPL,2021-10-12,1198109952
PYPL,2021-11-05,1186150016
PYPL,2021-11-07,1175030016
PYPL,2021-11-11,1174000000
PYPL,2021-11-12,1174930048
PYPL,2022-02-04,1245709952
PYPL,2022-02-05,1168000000
PYPL,2022-02-07,1164999936
PYPL,2022-02-11,1164999936
PYPL,2022-03-04,1225590016
PYPL,2022-03-05,1164999936
PYPL,2022-03-28,1188460032
PYPL,2022-03-31,1164999936
PYPL,2022-04-01,1193609984
PYPL,2022-04-02,1164999936
PYPL,2022-04-21,1161299968
PYPL,2022-05-05,1158040064
PYPL,2022-06-09,1172329984
PYPL,2022-06-13,1158040064
PYPL,2022-08-05,1167689984
PYPL,2022-08-06,1156480000
PYPL,2022-09-02,1156480000
PYPL,2022-09-15,1125090048
PYPL,2022-09-16,1171590016
PYPL,2022-09-17,1156480000
PYPL,2022-10-12,1176380032
PYPL,2022-10-13,1156480000
PYPL,2022-11-10,1140029952
PYPL,2022-12-06,1156130048
PYPL,2022-12-07,1140029952
PYPL,2023-02-11,1131369984
PYPL,2023-03-30,1154409984
PYPL,2023-04-01,1154950016
PYPL,2023-04-04,1141139968
PYPL,2023-04-05,1131369984
PYPL,2023-04-06,1156729984
PYPL,2023-04-07,1135900032
PYPL,2023-04-15,1122809984
PYPL,2023-04-25,1124470016
PYPL,2023-04-27,1122809984
PYPL,2023-05-04,1136169984
PYPL,2023-05-06,1122809984
PYPL,2023-05-11,1166700032
PYPL,2023-05-14,1146279936
PYPL,2023-05-16,1115709952
PYPL,2023-06-09,1129260032
PYPL,2023-06-13,1115709952
PYPL,2023-06-15,1116419968
PYPL,2023-06-16,1115709952
PYPL,2023-06-23,1127170048
PYPL,2023-06-24,1115709952
PYPL,2023-07-12,1137289984
PYPL,2023-07-13,1115709952
PYPL,2023-07-19,1129069952
PYPL,2023-07-21,1115709952
PYPL,2023-08-21,1115709952
PYPL,2023-09-07,1098040064
PYPL,2023-10-10,1098040064
PYPL,2023-10-11,1102599936
PYPL,2023-10-12,1098040064
PYPL,2023-10-13,1131449984
PYPL,2023-10-14,1109949952
PYPL,2023-10-15,1098040064
PYPL,2023-10-18,1098040064
PYPL,2023-10-19,1124800000
PYPL,2023-10-20,1117869952
PYPL,2023-10-25,1098040064
PYPL,2023-10-27,1098040064
PYPL,2023-10-28,1098040064
PYPL,2023-10-31,1098040064
PYPL,2023-11-02,1098040064
PYPL,2023-11-03,1080000000
PYPL,2023-11-04,1078140032
PYPL,2023-11-07,1078140032
PYPL,2023-11-11,1078140032
PYPL,2023-11-17,1078140032
PYPL,2023-11-23,1078140032
PYPL,2023-12-01,1078140032
PYPL,2023-12-06,1114160000
PYPL,2023-12-07,1078140032
PYPL,2023-12-08,1078140032
PYPL,2023-12-09,1078140032
PYPL,2023-12-13,1078140032
PYPL,2023-12-16,1078140032
PYPL,2023-12-19,1078140032
PYPL,2023-12-20,1078140032
PYPL,2023-12-22,1078140032
PYPL,2023-12-23,1081980032
PYPL,2023-12-26,1078140032
PYPL,2023-12-29,1078140032
PYPL,2024-01-11,1078140032
PYPL,2024-01-13,1078140032
PYPL,2024-01-16,1078230016
PYPL,2024-01-17,1078140032
PYPL,2024-01-18,1078140032
PYPL,2024-01-20,1078140032
PYPL,2024-01-25,1078140032
PYPL,2024-01-26,1078140032
PYPL,2024-01-30,1078140032
PYPL,2024-02-01,1119629952
PYPL,2024-02-02,1078140032
PYPL,2024-02-03,1078140032
PYPL,2024-02-06,1078140032
PYPL,2024-02-07,1078140032
PYPL,2024-02-09,1071740032
PYPL,2024-02-13,1071740032
PYPL,2024-02-15,1071740032
PYPL,2024-02-17,1071740032
PYPL,2024-02-21,1071740032
PYPL,2024-02-22,1071740032
PYPL,2024-02-23,1071740032
PYPL,2024-03-01,1071740032
PYPL,2024-03-04,1072270016
PYPL,2024-03-05,1071740032
PYPL,2024-03-06,1071740032
PYPL,2024-03-09,1071740032
PYPL,2024-03-12,1071740032
PYPL,2024-03-13,1071740032
PYPL,2024-03-19,1071740032
PYPL,2024-03-20,1071740032
PYPL,2024-03-21,1071740032
PYPL,2024-03-22,1071740032
PYPL,2024-03-23,1094579968
PYPL,2024-03-26,1071740032
PYPL,2024-04-12,1072200000
PYPL,2024-04-13,1052640000
PYPL,2024-04-17,1053800000
PYPL,2024-04-18,1055470016
PYPL,2024-04-25,1064800000
PYPL,2024-04-26,1052640000
PYPL,2024-05-02,1046049984
PYPL,2024-05-04,1066270016
PYPL,2024-05-07,1046049984
PYPL,2024-05-08,1046049984
PYPL,2024-05-09,1046049984
PYPL,2024-05-10,1046049984
PYPL,2024-05-11,1071480000
PYPL,2024-05-14,1046049984
PYPL,2024-05-15,1046049984
PYPL,2024-05-16,1046049984
PYPL,2024-05-17,1046049984
PYPL,2024-05-18,1046049984
PYPL,2024-05-20,1046049984
PYPL,2024-05-21,1046049984
PYPL,2024-05-22,1046049984
PYPL,2024-05-23,1046049984
PYPL,2024-05-24,1046049984
PYPL,2024-05-25,1046049984
PYPL,2024-05-29,1046049984
PYPL,2024-05-30,1046049984
PYPL,2024-05-31,1046049984
PYPL,2024-06-05,1046049984
PYPL,2024-06-08,1046049984
PYPL,2024-06-11,1046049984
PYPL,2024-06-12,1046049984
PYPL,2024-06-13,1046049984
PYPL,2024-06-14,1046049984
PYPL,2024-06-15,1046049984
PYPL,2024-06-19,1046049984
PYPL,2024-06-21,1046049984
PYPL,2024-06-25,1046049984
PYPL,2024-06-28,1046049984
PYPL,2024-07-03,1046049984
PYPL,2024-07-04,1046049984
PYPL,2024-07-09,1046049984
PYPL,2024-07-10,1047640000
PYPL,2024-07-11,1046049984
PYPL,2024-07-12,1046049984
PYPL,2024-07-18,1046049984
PYPL,2024-07-19,1057859968
PYPL,2024-07-20,1046049984
PYPL,2024-07-24,1046049984
PYPL,2024-07-25,1046049984
PYPL,2024-07-26,1046049984
PYPL,2024-07-27,1046049984
PYPL,2024-07-31,1032000000
PYPL,2024-08-01,1022329984
PYPL,2024-08-02,1022329984
PYPL,2024-08-03,1022329984
PYPL,2024-08-08,1022329984
PYPL,2024-08-09,1022329984
PYPL,2024-08-10,1022329984
PYPL,2024-08-13,1042630016
PYPL,2024-08-14,1022329984
PYPL,2024-08-20,1022329984
PYPL,2024-08-23,1022329984
PYPL,2024-08-27,1022329984
PYPL,2024-08-30,1022329984
PYPL,2024-08-31,1032780032
PYPL,2024-09-03,1022329984
PYPL,2024-09-04,1022329984
PYPL,2024-09-05,1022329984
PYPL,2024-09-07,1069080000
PYPL,2024-09-11,1029760000
PYPL,2024-09-12,1022329984
PYPL,2024-09-13,1022329984
PYPL,2024-09-17,1022329984
PYPL,2024-09-19,1022329984
PYPL,2024-09-21,1033120000
PYPL,2024-09-24,1022329984
PYPL,2024-09-25,1022329984
PYPL,2024-09-26,1022329984
PYPL,2024-09-27,1022329984
PYPL,2024-09-30,1022329984
PYPL,2024-10-01,1022329984
PYPL,2024-10-05,1022329984
PYPL,2024-10-09,1022329984
PYPL,2024-10-12,1022329984
PYPL,2024-10-23,1022329984
PYPL,2024-10-24,1022329984
PYPL,2024-10-29,1022329984
PYPL,2024-10-30,1064480000
PYPL,2024-10-31,1032630016
PYPL,2024-11-02,1002540032
PYPL,2024-11-05,1002540032
PYPL,2024-11-06,1002540032
PYPL,2024-11-07,1002540032
PYPL,2024-11-08,1002910016
PYPL,2024-11-09,1002540032
PYPL,2024-11-13,1008800000
PYPL,2024-11-14,1002540032
PYPL,2024-11-15,1002540032
PYPL,2024-11-19,1016270016
PYPL,2024-11-20,1002540032
PYPL,2024-11-21,1002540032
PYPL,2024-11-27,1002540032
PYPL,2024-11-28,1002540032
PYPL,2024-11-30,1002540032
PYPL,2024-12-03,1002540032
PYPL,2024-12-04,1018910016
PYPL,2024-12-05,1002540032
PYPL,2024-12-06,1002540032
PYPL,2024-12-07,1002540032
PYPL,2024-12-10,1002540032
PYPL,2024-12-11,1016540032
PYPL,2024-12-13,1017680000
PYPL,2024-12-14,1002540032
PYPL,2024-12-17,1002540032
PYPL,2024-12-19,1002540032
PYPL,2024-12-24,1002540032
PYPL,2024-12-27,1002540032
PYPL,2024-12-28,1002540032
PYPL,2025-01-01,1002540032
PYPL,2025-01-03,1002540032
PYPL,2025-01-04,1002540032
PYPL,2025-01-07,1002540032
PYPL,2025-01-08,1002540032
PYPL,2025-01-14,1002540032
PYPL,2025-01-15,1002540032
PYPL,2025-01-16,1002540032
PYPL,2025-01-17,1010659968
PYPL,2025-01-22,1025320000
PYPL,2025-01-24,1002540032
PYPL,2025-01-28,1002540032
PYPL,2025-01-29,1002540032
PYPL,2025-01-31,1002540032
PYPL,2025-02-01,1013740032
PYPL,2025-02-05,993000000
PYPL,2025-02-06,989241984
PYPL,2025-02-07,989241984
PYPL,2025-02-08,1005369984
PYPL,2025-02-12,989241984
PYPL,2025-02-13,989241984
PYPL,2025-02-14,989241984
PYPL,2025-02-15,989241984
PYPL,2025-02-20,989241984
PYPL,2025-02-22,989241984
PYPL,2025-02-26,989241984
PYPL,2025-03-04,1007680000
PYPL,2025-03-05,989241984
PYPL,2025-03-06,989241984
PYPL,2025-03-08,989241984
PYPL,2025-03-11,1022910016
PYPL,2025-03-12,989241984
PYPL,2025-03-13,989241984
PYPL,2025-03-18,989241984
PYPL,2025-03-19,989241984
PYPL,2025-03-21,989241984
PYPL,2025-03-22,989241984
PYPL,2025-03-25,989241984
PYPL,2025-03-26,989241984
PYPL,2025-03-27,1001830016
PYPL,2025-03-28,1005190016
PYPL,2025-04-01,989241984
PYPL,2025-04-03,989241984
PYPL,2025-04-05,989241984
PYPL,2025-04-08,989241984
PYPL,2025-04-09,989241984
PYPL,2025-04-10,1044620032
PYPL,2025-04-11,989241984
PYPL,2025-04-12,989241984
PYPL,2025-04-14,994326016
PYPL,2025-04-15,989241984
PYPL,2025-04-22,1000979968
PYPL,2025-04-23,977395008
PYPL,2025-05-01,984521024
PYPL,2025-05-02,972532992
PYPL,2025-05-07,972532992
PYPL,2025-05-09,972532992
PYPL,2025-05-10,972532992
PYPL,2025-05-14,972532992
PYPL,2025-05-15,972532992
PYPL,2025-05-16,972532992
PYPL,2025-05-21,972532992
PYPL,2025-05-23,972532992
PYPL,2025-05-24,972532992
PYPL,2025-05-28,972532992
PYPL,2025-05-29,973076992
PYPL,2025-05-30,972532992
PYPL,2025-05-31,981526976
PYPL,2025-06-03,972532992
PYPL,2025-06-05,972532992
PYPL,2025-06-06,976961024
PYPL,2025-06-10,972532992
PYPL,2025-06-11,972532992
PYPL,2025-06-12,972532992
PYPL,2025-06-13,972532992
PYPL,2025-06-17,972532992
PYPL,2025-06-18,994414016
PYPL,2025-06-19,1002320000
PYPL,2025-06-21,972532992
PYPL,2025-06-25,972532992
PYPL,2025-06-26,972532992
PYPL,2025-06-27,972532992
PYPL,2025-06-28,972532992
PYPL,2025-07-01,972532992
PYPL,2025-07-03,972532992
PYPL,2025-07-04,972532992
PYPL,2025-07-08,977766976
PYPL,2025-07-09,972532992
PYPL,2025-07-10,972532992
PYPL,2025-07-11,983840000
PYPL,2025-07-12,972532992
PYPL,2025-07-15,972532992
PYPL,2025-07-17,972532992
PYPL,2025-07-18,972532992
PYPL,2025-07-23,972532992
PYPL,2025-07-25,972532992
PYPL,2025-07-26,972532992
PYPL,2025-07-30,960000000
PYPL,2025-07-31,955377984
PYPL,2025-08-05,955377984
PYPL,2025-08-08,955377984
PYPL,2025-08-13,955377984
PYPL,2025-08-14,955377984
PYPL,2025-08-15,955377984
PYPL,2025-08-16,955377984
PYPL,2025-08-19,955377984
PYPL,2025-08-20,955377984
PYPL,2025-08-22,955377984
PYPL,2025-08-26,955377984
PYPL,2025-08-27,955377984
PYPL,2025-08-28,955377984
PYPL,2025-08-30,955377984
PYPL,2025-09-03,955377984
PYPL,2025-09-05,955377984
PYPL,2025-09-16,955377984
PYPL,2025-09-17,955378405
PYPL,2025-09-19,955378405
PYPL,2025-09-20,955378405
PYPL,2025-09-23,955378405
PYPL,2025-09-24,955378405
PYPL,2025-09-25,955378405
PYPL,2025-09-26,955378405
PYPL,2025-09-30,955378405
PYPL,2025-10-01,958797594
PYPL,2025-10-02,998661375
PYPL,2025-10-03,955378405
PYPL,2025-10-06,955378405
PYPL,2025-10-09,955378405
PYPL,2025-10-11,955378405
PYPL,2025-10-15,955378405
PYPL,2025-10-17,955378405
PYPL,2025-10-25,955378405
PYPL,2025-10-27,955378405
PYPL,2025-10-29,941000000
PYPL,2025-10-30,935651953
PYPL,2025-11-07,935651953
PYPL,2025-11-11,935651953
PYPL,2025-11-13,935651953
PYPL,2025-11-14,935651953
PYPL,2025-11-15,973191245
PYPL,2025-11-17,955378405
PYPL,2026-02-04,935651953
PYPL,2026-02-05,935651953
PYPL,2026-04-09,920664543
PYPL,2026-04-23,899673971
PYPL,2026-05-06,882105493
PYPL,2026-05-07,882105493
PYPL,2026-07-29,862000000
PYPL,2026-07-30,855460874
SPGI,2019-01-05,250900000
SPGI,2019-01-09,250900000
SPGI,2019-01-12,250900000
SPGI,2019-01-17,250900000
SPGI,2019-01-25,250900000
SPGI,2019-01-26,250900000
SPGI,2019-01-30,250900000
SPGI,2019-02-07,250900000
SPGI,2019-02-10,253700000
SPGI,2019-02-13,248400000
SPGI,2019-02-15,248600000
SPGI,2019-02-17,248600000
SPGI,2019-02-18,248600000
SPGI,2019-02-20,248600000
SPGI,2019-02-28,248600000
SPGI,2019-03-01,248600000
SPGI,2019-03-07,248600000
SPGI,2019-03-10,248600000
SPGI,2019-03-14,248600000
SPGI,2019-03-17,248600000
SPGI,2019-03-26,248600000
SPGI,2019-03-29,246080992
SPGI,2019-04-01,246080992
SPGI,2019-04-05,246080992
SPGI,2019-04-09,246080992
SPGI,2019-04-10,246080992
SPGI,2019-04-14,246080992
SPGI,2019-04-17,246080992
SPGI,2019-04-18,246080992
SPGI,2019-04-21,246080992
SPGI,2019-04-22,246080992
SPGI,2019-04-29,246080992
SPGI,2019-05-02,246080992
SPGI,2019-05-05,246080992
SPGI,2019-05-07,246080992
SPGI,2019-05-09,246080992
SPGI,2019-05-10,246080992
SPGI,2019-05-12,246080992
SPGI,2019-05-19,246080992
SPGI,2019-05-22,246080992
SPGI,2019-05-23,246080992
SPGI,2019-05-28,246080992
SPGI,2019-06-03,246080992
SPGI,2019-06-04,246080992
SPGI,2019-06-05,246080992
SPGI,2019-06-06,246080992
SPGI,2019-06-10,246080992
SPGI,2019-06-11,246080992
SPGI,2019-06-12,246080992
SPGI,2019-06-17,246080992
SPGI,2019-06-19,246080992
SPGI,2019-06-21,246080992
SPGI,2019-06-23,246080992
SPGI,2019-06-24,246080992
SPGI,2019-06-26,246200000
SPGI,2019-07-03,249083008
SPGI,2019-07-04,246200000
SPGI,2019-07-05,242932992
SPGI,2019-07-06,246200000
SPGI,2019-07-10,245020992
SPGI,2019-07-11,249688992
SPGI,2019-07-12,250059008
SPGI,2019-07-13,246200000
SPGI,2019-08-05,249370000
SPGI,2019-08-06,246300000
SPGI,2019-08-07,256155008
SPGI,2019-08-08,250839008
SPGI,2019-08-09,258283008
SPGI,2019-08-10,246300000
SPGI,2019-08-23,245090000
SPGI,2019-08-24,246300000
SPGI,2019-08-27,246300000
SPGI,2019-08-30,244382000
SPGI,2019-09-02,244908000
SPGI,2019-09-04,246300000
SPGI,2019-09-06,241984992
SPGI,2019-09-09,239346000
SPGI,2019-09-11,253952000
SPGI,2019-09-12,245958000
SPGI,2019-09-13,246300000
SPGI,2019-09-20,248272992
SPGI,2019-09-21,246300000
SPGI,2019-10-04,243031008
SPGI,2019-10-08,246300000
SPGI,2019-10-21,243847008
SPGI,2019-10-22,246300000
SPGI,2019-11-01,244400000
SPGI,2019-11-05,243635008
SPGI,2019-11-06,245972992
SPGI,2019-11-07,246744992
SPGI,2019-11-08,241587008
SPGI,2019-11-09,244400000
SPGI,2019-11-14,247743008
SPGI,2019-11-15,245704000
SPGI,2019-11-16,244400000
SPGI,2019-12-18,243459008
SPGI,2019-12-19,244400000
SPGI,2020-01-08,243348992
SPGI,2020-01-09,246099008
SPGI,2020-01-10,249628992
SPGI,2020-01-11,247904992
SPGI,2020-01-12,244400000
SPGI,2020-02-06,241816000
SPGI,2020-02-07,245022000
SPGI,2020-02-08,244400000
SPGI,2020-02-10,244000000
SPGI,2020-02-12,241794000
SPGI,2020-02-13,251848992
SPGI,2020-02-14,243800000
SPGI,2020-04-01,240939008
SPGI,2020-05-01,240900000
SPGI,2020-05-21,238667008
SPGI,2020-05-22,240900000
SPGI,2020-07-30,241000000
SPGI,2020-08-28,241000000
SPGI,2020-09-05,257844000
SPGI,2020-09-06,241000000
SPGI,2020-09-21,241494000
SPGI,2020-09-22,241000000
SPGI,2020-10-29,240600000
SPGI,2020-11-26,240600000
SPGI,2020-12-02,240599008
SPGI,2021-01-12,240608992
SPGI,2021-01-22,240667008
SPGI,2021-02-11,240700000
SPGI,2021-03-17,240700000
SPGI,2021-03-30,240886000
SPGI,2021-04-23,240540992
SPGI,2021-04-24,237548000
SPGI,2021-04-27,240886000
SPGI,2021-05-04,240900000
SPGI,2021-07-31,241000000
SPGI,2021-08-02,241000000
SPGI,2021-08-18,242047008
SPGI,2021-08-19,241000000
SPGI,2021-09-11,241000000
SPGI,2021-10-21,246760000
SPGI,2021-10-22,241000000
SPGI,2021-12-02,244580000
SPGI,2021-12-03,241000000
SPGI,2021-12-04,241000000
SPGI,2022-02-08,246436000
SPGI,2022-02-09,241000000
SPGI,2022-02-10,241100000
SPGI,2022-02-12,241100000
SPGI,2022-03-02,354359008
SPGI,2022-03-03,354359008
SPGI,2022-03-08,354900000
SPGI,2022-03-15,357423008
SPGI,2022-03-16,354359008
SPGI,2022-03-20,354900000
SPGI,2022-03-23,354359008
SPGI,2022-03-24,347027008
SPGI,2022-04-12,353427008
SPGI,2022-04-14,347027008
SPGI,2022-05-04,354447008
SPGI,2022-05-05,347027008
SPGI,2022-05-09,339900000
SPGI,2022-07-29,352774016
SPGI,2022-07-30,339900000
SPGI,2022-08-04,341396000
SPGI,2022-08-07,333500000
SPGI,2022-09-01,333500000
SPGI,2022-09-03,333500000
SPGI,2022-09-10,331368992
SPGI,2022-09-12,333500000
SPGI,2022-10-04,323499008
SPGI,2022-10-06,333500000
SPGI,2022-10-21,339027008
SPGI,2022-10-22,333500000
SPGI,2022-10-30,325800000
SPGI,2023-01-14,327036000
SPGI,2023-01-19,325800000
SPGI,2023-02-11,329200000
SPGI,2023-03-08,343544992
SPGI,2023-03-25,327947008
SPGI,2023-03-30,331872992
SPGI,2023-04-01,331311008
SPGI,2023-04-03,327947008
SPGI,2023-04-06,329670016
SPGI,2023-04-07,327947008
SPGI,2023-04-26,330275008
SPGI,2023-04-27,327947008
SPGI,2023-04-30,320800000
SPGI,2023-05-03,326774016
SPGI,2023-05-04,326345984
SPGI,2023-05-05,320800000
SPGI,2023-05-12,322483008
SPGI,2023-05-14,323335008
SPGI,2023-05-17,320800000
SPGI,2023-06-14,325212992
SPGI,2023-06-23,323775008
SPGI,2023-06-24,320800000
SPGI,2023-07-19,324228000
SPGI,2023-07-20,320800000
SPGI,2023-08-22,318200000
SPGI,2023-09-20,318200000
SPGI,2023-10-10,318200000
SPGI,2023-10-12,318200000
SPGI,2023-10-13,323488992
SPGI,2023-10-14,318200000
SPGI,2023-10-15,318200000
SPGI,2023-10-17,318200000
SPGI,2023-10-18,318200000
SPGI,2023-10-19,318200000
SPGI,2023-10-20,318200000
SPGI,2023-10-24,318200000
SPGI,2023-10-25,318200000
SPGI,2023-11-04,316800000
SPGI,2023-11-08,316865984
SPGI,2023-11-09,316800000
SPGI,2023-12-06,316800000
SPGI,2023-12-22,316800000
SPGI,2024-01-05,316940000
SPGI,2024-02-03,319012000
SPGI,2024-02-06,316800000
SPGI,2024-02-09,328888000
SPGI,2024-02-10,316800000
SPGI,2024-02-13,314100000
SPGI,2024-03-05,314100000
SPGI,2024-03-12,315240992
SPGI,2024-03-16,314590016
SPGI,2024-03-20,320256992
SPGI,2024-03-21,320256992
SPGI,2024-03-22,320256992
SPGI,2024-03-23,320256992
SPGI,2024-03-26,320256992
SPGI,2024-04-04,320256992
SPGI,2024-04-09,320256992
SPGI,2024-04-11,320256992
SPGI,2024-04-12,320256992
SPGI,2024-04-16,320256992
SPGI,2024-04-17,320256992
SPGI,2024-04-23,320256992
SPGI,2024-04-24,320256992
SPGI,2024-04-26,320256992
SPGI,2024-04-27,320256992
SPGI,2024-04-30,312900000
SPGI,2024-05-11,313422016
SPGI,2024-05-24,317217984
SPGI,2024-05-31,312900000
SPGI,2024-06-07,312900000
SPGI,2024-06-12,313768000
SPGI,2024-06-15,314910016
SPGI,2024-08-01,313000000
SPGI,2024-08-13,313000000
SPGI,2024-08-17,313000000
SPGI,2024-08-29,313073984
SPGI,2024-09-04,313000000
SPGI,2024-09-05,313000000
SPGI,2024-09-06,313000000
SPGI,2024-09-07,316897984
SPGI,2024-09-12,315512000
SPGI,2024-09-13,313000000
SPGI,2024-09-18,315996000
SPGI,2024-09-21,313328992
SPGI,2024-10-04,313000000
SPGI,2024-10-05,313000000
SPGI,2024-10-25,324239008
SPGI,2024-10-26,325956992
SPGI,2024-10-29,310300000
SPGI,2024-10-30,310300000
SPGI,2024-10-31,310816992
SPGI,2024-11-01,313904992
SPGI,2024-11-16,310300000
SPGI,2024-11-19,310300000
SPGI,2024-11-20,310300000
SPGI,2024-11-30,310508000
SPGI,2024-12-03,310300000
SPGI,2024-12-04,310300000
SPGI,2024-12-06,310300000
SPGI,2024-12-11,310300000
SPGI,2024-12-13,312356992
SPGI,2024-12-14,310300000
SPGI,2024-12-17,310300000
SPGI,2025-01-07,310300000
SPGI,2025-01-11,310300000
SPGI,2025-01-14,310300000
SPGI,2025-01-18,310300000
SPGI,2025-02-07,310300000
SPGI,2025-02-08,310300000
SPGI,2025-02-12,307800000
SPGI,2025-02-15,307800000
SPGI,2025-02-27,307800000
SPGI,2025-03-04,310376000
SPGI,2025-03-06,307800000
SPGI,2025-03-10,313225984
SPGI,2025-03-11,307800000
SPGI,2025-03-27,306683008
SPGI,2025-04-10,317556000
SPGI,2025-04-11,306683008
SPGI,2025-04-18,307412000
SPGI,2025-04-22,316169984
SPGI,2025-04-23,306683008
SPGI,2025-04-26,307488000
SPGI,2025-04-29,306683008
SPGI,2025-04-30,306700000
SPGI,2025-05-01,306683008
SPGI,2025-05-07,309182016
SPGI,2025-05-29,309812992
SPGI,2025-05-30,307424000
SPGI,2025-05-31,306683008
SPGI,2025-06-04,307455008
SPGI,2025-06-10,309279008
SPGI,2025-06-11,307327008
SPGI,2025-06-14,309360992
SPGI,2025-06-17,309088000
SPGI,2025-06-18,306683008
SPGI,2025-06-27,306683008
SPGI,2025-07-08,308891008
SPGI,2025-07-09,306683008
SPGI,2025-07-11,308288992
SPGI,2025-07-12,306683008
SPGI,2025-08-02,308344000
SPGI,2025-08-07,305550016
SPGI,2025-08-08,305300000
SPGI,2025-09-06,305300000
SPGI,2025-09-09,305300000
SPGI,2025-09-15,305435008
SPGI,2025-09-16,305300000
SPGI,2025-09-20,305300000
SPGI,2025-09-23,306260158
SPGI,2025-09-26,308951462
SPGI,2025-10-01,305594818
SPGI,2025-10-02,308792439
SPGI,2025-10-31,303400000
SPGI,2025-11-01,306115100
SPGI,2025-11-15,308354501
SPGI,2025-11-17,305300000
SPGI,2026-02-12,302800000
SPGI,2026-04-06,298800000
SPGI,2026-04-30,296000000
SPGI,2026-07-29,294800000
BLK,2019-01-05,158676992
BLK,2019-01-07,158676992
BLK,2019-01-09,158676992
BLK,2019-01-10,158676992
BLK,2019-01-12,158676992
BLK,2019-01-14,158676992
BLK,2019-01-16,158676992
BLK,2019-01-17,158676992
BLK,2019-01-20,158676992
BLK,2019-01-22,158520000
BLK,2019-01-24,158520000
BLK,2019-01-25,158520000
BLK,2019-01-28,158520000
BLK,2019-01-30,158520000
BLK,2019-02-04,158520000
BLK,2019-02-07,158520000
BLK,2019-02-10,158520000
BLK,2019-02-11,158520000
BLK,2019-02-13,158520000
BLK,2019-02-14,158520000
BLK,2019-02-15,158520000
BLK,2019-02-17,158520000
BLK,2019-02-18,158520000
BLK,2019-02-20,158520000
BLK,2019-02-28,158520000
BLK,2019-03-01,158520000
BLK,2019-03-07,158520000
BLK,2019-03-09,158520000
BLK,2019-03-10,158520000
BLK,2019-03-11,158520000
BLK,2019-03-14,158520000
BLK,2019-03-15,158520000
BLK,2019-03-17,158520000
BLK,2019-03-18,158520000
BLK,2019-03-26,158520000
BLK,2019-03-27,158520000
BLK,2019-03-29,158520000
BLK,2019-03-30,158520000
BLK,2019-04-01,158520000
BLK,2019-04-02,158520000
BLK,2019-04-05,158520000
BLK,2019-04-09,158520000
BLK,2019-04-11,158520000
BLK,2019-04-14,155467008
BLK,2019-04-15,155467008
BLK,2019-04-17,155467008
BLK,2019-04-19,155467008
BLK,2019-04-21,155467008
BLK,2019-04-23,155467008
BLK,2019-04-29,155467008
BLK,2019-05-01,155467008
BLK,2019-05-02,155467008
BLK,2019-05-03,155467008
BLK,2019-05-05,155467008
BLK,2019-05-07,155467008
BLK,2019-05-09,155467008
BLK,2019-05-11,155467008
BLK,2019-05-12,155324000
BLK,2019-05-13,155324000
BLK,2019-05-19,155324000
BLK,2019-05-20,155324000
BLK,2019-05-22,155324000
BLK,2019-05-23,155324000
BLK,2019-05-28,155324000
BLK,2019-06-01,155324000
BLK,2019-06-03,155324000
BLK,2019-06-04,155324000
BLK,2019-06-05,155324000
BLK,2019-06-06,155324000
BLK,2019-06-10,155324000
BLK,2019-06-11,155324000
BLK,2019-06-12,155324000
BLK,2019-06-17,155324000
BLK,2019-06-19,155324000
BLK,2019-06-21,155324000
BLK,2019-06-23,155324000
BLK,2019-06-24,155324000
BLK,2019-06-26,155488000
BLK,2019-07-05,153696000
BLK,2019-07-06,155488000
BLK,2019-07-10,154536992
BLK,2019-07-11,156052992
BLK,2019-07-12,156970000
BLK,2019-07-13,155488000
BLK,2019-08-05,156782000
BLK,2019-08-06,155488000
BLK,2019-08-07,161580992
BLK,2019-08-08,155152992
BLK,2019-08-09,158100000
BLK,2019-08-10,155488000
BLK,2019-08-12,155540000
BLK,2019-08-30,152518000
BLK,2019-09-02,152331008
BLK,2019-09-04,155540000
BLK,2019-09-06,154748992
BLK,2019-09-09,155074000
BLK,2019-09-11,153442000
BLK,2019-09-12,155540000
BLK,2019-09-20,155828000
BLK,2019-09-21,155540000
BLK,2019-10-04,155818000
BLK,2019-10-08,155540000
BLK,2019-10-21,153596992
BLK,2019-10-22,155540000
BLK,2019-11-05,153064000
BLK,2019-11-06,150700000
BLK,2019-11-07,155540000
BLK,2019-11-08,159988992
BLK,2019-11-09,155540000
BLK,2019-11-12,155336992
BLK,2019-11-14,154948000
BLK,2019-11-15,155024000
BLK,2019-11-16,155336992
BLK,2019-11-20,155672000
BLK,2019-12-18,155412000
BLK,2019-12-19,155336992
BLK,2020-01-07,157006000
BLK,2020-01-08,156872000
BLK,2020-01-09,156292992
BLK,2020-01-11,155300992
BLK,2020-01-12,155336992
BLK,2020-01-17,156166000
BLK,2020-01-20,155336992
BLK,2020-02-07,158536000
BLK,2020-02-08,155336992
BLK,2020-02-12,157923008
BLK,2020-02-13,155336992
BLK,2020-03-03,155794000
BLK,2020-03-09,148520000
BLK,2020-03-10,155794000
BLK,2020-03-19,155794000
BLK,2020-04-13,155794000
BLK,2020-04-14,155228992
BLK,2020-05-12,155084992
BLK,2020-05-13,155099008
BLK,2020-05-20,151624992
BLK,2020-07-21,152460000
BLK,2020-08-12,152484000
BLK,2020-08-28,152484000
BLK,2020-09-05,160088000
BLK,2020-09-06,160088000
BLK,2020-09-21,150154000
BLK,2020-09-22,152484000
BLK,2020-10-15,152496000
BLK,2020-11-07,152511008
BLK,2020-11-09,152511008
BLK,2020-11-26,152511008
BLK,2021-01-16,152532992
BLK,2021-01-18,152532992
BLK,2021-03-02,152634000
BLK,2021-03-17,151182000
BLK,2021-04-17,152640000
BLK,2021-04-20,152640000
BLK,2021-04-23,155751008
BLK,2021-04-25,152332000
BLK,2021-04-27,152640000
BLK,2021-05-11,152526000
BLK,2021-07-15,152299008
BLK,2021-08-10,152196000
BLK,2021-08-27,152788000
BLK,2021-08-28,152196000
BLK,2021-09-04,154370000
BLK,2021-09-11,153112000
BLK,2021-10-16,151988000
BLK,2021-11-09,151916992
BLK,2022-01-18,151916992
BLK,2022-01-19,151684000
BLK,2022-02-12,151684000
BLK,2022-03-01,152042000
BLK,2022-03-20,152524000
BLK,2022-03-23,152042000
BLK,2022-04-19,151726000
BLK,2022-04-27,156704000
BLK,2022-04-28,151726000
BLK,2022-05-14,151503008
BLK,2022-06-29,153382000
BLK,2022-07-19,151684000
BLK,2022-07-20,150966000
BLK,2022-08-09,150768992
BLK,2022-09-09,150768992
BLK,2022-09-10,150000992
BLK,2022-09-12,150768992
BLK,2022-10-21,152228000
BLK,2022-10-22,150768992
BLK,2022-11-09,150196000
BLK,2023-01-14,149756000
BLK,2023-02-28,150236000
BLK,2023-03-01,150236000
BLK,2023-03-09,150236000
BLK,2023-03-18,150300000
BLK,2023-03-21,150236000
BLK,2023-03-30,152788992
BLK,2023-03-31,150236000
BLK,2023-04-04,150847008
BLK,2023-04-06,150939008
BLK,2023-04-07,150236000
BLK,2023-04-19,149904992
BLK,2023-05-09,149763008
BLK,2023-05-11,151284000
BLK,2023-05-12,149763008
BLK,2023-06-14,149763008
BLK,2023-06-23,152312992
BLK,2023-06-24,149763008
BLK,2023-07-12,152780992
BLK,2023-07-13,149763008
BLK,2023-07-18,149400000
BLK,2023-07-19,151670000
BLK,2023-07-25,149400000
BLK,2023-08-22,149303008
BLK,2023-08-23,150592000
BLK,2023-08-24,149303008
BLK,2023-09-20,149303008
BLK,2023-10-10,149303008
BLK,2023-10-11,149303008
BLK,2023-10-12,149303008
BLK,2023-10-13,150828000
BLK,2023-10-14,149303008
BLK,2023-10-16,149303008
BLK,2023-10-17,148900000
BLK,2023-10-19,153587008
BLK,2023-10-20,148900000
BLK,2023-10-23,148900000
BLK,2023-10-25,149468992
BLK,2023-11-08,149824000
BLK,2023-11-09,148762000
BLK,2023-11-14,148762000
BLK,2023-11-18,148762000
BLK,2023-11-23,148762000
BLK,2023-11-25,148762000
BLK,2023-11-29,148762000
BLK,2023-11-30,148762000
BLK,2023-12-02,148762000
BLK,2023-12-06,149183008
BLK,2023-12-07,148762000
BLK,2023-12-08,148762000
BLK,2023-12-09,148762000
BLK,2023-12-12,148762000
BLK,2023-12-13,148762000
BLK,2023-12-15,148762000
BLK,2023-12-20,148762000
BLK,2023-12-21,148762000
BLK,2023-12-22,148762000
BLK,2023-12-26,148762000
BLK,2023-12-27,148762000
BLK,2023-12-28,148762000
BLK,2023-12-29,148762000
BLK,2023-12-30,148762000
BLK,2024-01-03,148762000
BLK,2024-01-04,148762000
BLK,2024-01-05,148762000
BLK,2024-01-06,148762000
BLK,2024-01-09,148762000
BLK,2024-01-10,148762000
BLK,2024-01-12,148762000
BLK,2024-01-13,148500000
BLK,2024-02-09,148780992
BLK,2024-02-27,148942000
BLK,2024-02-28,148942000
BLK,2024-03-01,148942000
BLK,2024-03-05,148942000
BLK,2024-03-07,148942000
BLK,2024-03-08,148942000
BLK,2024-03-12,148942000
BLK,2024-03-14,148942000
BLK,2024-03-15,148942000
BLK,2024-03-16,150108000
BLK,2024-03-19,148942000
BLK,2024-03-20,148942000
BLK,2024-03-21,148942000
BLK,2024-03-22,148942000
BLK,2024-03-23,148942000
BLK,2024-03-26,148942000
BLK,2024-03-28,149196000
BLK,2024-03-29,148942000
BLK,2024-04-02,148942000
BLK,2024-04-03,148942000
BLK,2024-04-04,149270000
BLK,2024-04-05,148942000
BLK,2024-04-06,148942000
BLK,2024-04-09,148760000
BLK,2024-04-16,148839008
BLK,2024-04-17,148760000
BLK,2024-04-25,148760000
BLK,2024-04-30,148760000
BLK,2024-05-08,148600000
BLK,2024-05-09,148600000
BLK,2024-05-10,148600000
BLK,2024-05-11,148600000
BLK,2024-05-14,148600000
BLK,2024-05-15,148600000
BLK,2024-05-16,148600000
BLK,2024-05-21,148600000
BLK,2024-05-22,148600000
BLK,2024-05-23,148600000
BLK,2024-05-24,151452000
BLK,2024-05-25,148600000
BLK,2024-05-29,148600000
BLK,2024-05-30,148600000
BLK,2024-05-31,148600000
BLK,2024-06-01,148600000
BLK,2024-06-04,148600000
BLK,2024-06-05,148600000
BLK,2024-06-07,148600000
BLK,2024-06-12,148600000
BLK,2024-06-13,148600000
BLK,2024-06-15,148672992
BLK,2024-06-18,148600000
BLK,2024-06-19,148600000
BLK,2024-06-21,148600000
BLK,2024-06-22,148600000
BLK,2024-06-27,148600000
BLK,2024-06-28,148600000
BLK,2024-07-03,148600000
BLK,2024-07-09,148600000
BLK,2024-07-10,148600000
BLK,2024-07-11,148600000
BLK,2024-07-13,148600000
BLK,2024-07-16,148200000
BLK,2024-07-18,148200000
BLK,2024-08-08,148128000
BLK,2024-08-10,148128000
BLK,2024-08-13,151299008
BLK,2024-08-15,148128000
BLK,2024-08-17,148128000
BLK,2024-08-20,148516992
BLK,2024-08-21,148128000
BLK,2024-08-22,148128000
BLK,2024-08-23,148128000
BLK,2024-08-27,148128000
BLK,2024-08-28,148128000
BLK,2024-08-30,148128000
BLK,2024-09-04,150699008
BLK,2024-09-05,148128000
BLK,2024-09-06,149792992
BLK,2024-09-07,149788992
BLK,2024-09-10,148128000
BLK,2024-09-11,148128000
BLK,2024-09-12,149262000
BLK,2024-09-14,148128000
BLK,2024-09-16,148128000
BLK,2024-09-18,148128000
BLK,2024-09-19,148128000
BLK,2024-09-20,148128000
BLK,2024-09-21,149098000
BLK,2024-09-26,148128000
BLK,2024-09-27,148128000
BLK,2024-09-28,148128000
BLK,2024-10-01,148128000
BLK,2024-10-03,148128000
BLK,2024-10-04,149024992
BLK,2024-10-05,148487008
BLK,2024-10-08,148128000
BLK,2024-10-10,148128000
BLK,2024-10-11,148128000
BLK,2024-10-17,148128000
BLK,2024-10-18,148128000
BLK,2024-10-19,148128000
BLK,2024-10-22,148128000
BLK,2024-10-25,148755008
BLK,2024-10-29,148588000
BLK,2024-10-30,148128000
BLK,2024-10-31,148627008
BLK,2024-11-01,148128000
BLK,2024-11-07,148128000
BLK,2024-11-08,148128000
BLK,2024-11-12,148128000
BLK,2024-11-14,148900000
BLK,2024-12-04,154879008
BLK,2024-12-12,154879008
BLK,2024-12-13,155820992
BLK,2024-12-14,154879008
BLK,2024-12-17,154879008
BLK,2024-12-19,154879008
BLK,2024-12-20,154879008
BLK,2024-12-21,154879008
BLK,2024-12-24,154879008
BLK,2024-12-25,154879008
BLK,2024-12-27,154879008
BLK,2024-12-31,154879008
BLK,2025-01-01,154879008
BLK,2025-01-04,154879008
BLK,2025-01-07,156116000
BLK,2025-01-08,154879008
BLK,2025-01-09,154879008
BLK,2025-01-11,159816000
BLK,2025-01-14,154879008
BLK,2025-01-17,154879008
BLK,2025-01-18,154879008
BLK,2025-01-23,154879008
BLK,2025-01-24,154879008
BLK,2025-01-28,154879008
BLK,2025-01-31,154879008
BLK,2025-02-01,154879008
BLK,2025-02-04,154879008
BLK,2025-02-06,154879008
BLK,2025-02-07,154879008
BLK,2025-02-08,157155008
BLK,2025-02-11,154879008
BLK,2025-02-12,154879008
BLK,2025-02-15,155894000
BLK,2025-02-27,155567008
BLK,2025-03-01,155252992
BLK,2025-03-04,157070000
BLK,2025-03-05,155252992
BLK,2025-03-06,155252992
BLK,2025-03-07,155252992
BLK,2025-03-10,160624000
BLK,2025-03-11,155252992
BLK,2025-03-12,155252992
BLK,2025-03-15,155252992
BLK,2025-03-19,155252992
BLK,2025-03-21,155252992
BLK,2025-03-22,155651008
BLK,2025-03-25,155252992
BLK,2025-03-26,155252992
BLK,2025-03-27,155302000
BLK,2025-03-28,155252992
BLK,2025-04-01,155290000
BLK,2025-04-02,155252992
BLK,2025-04-04,155252992
BLK,2025-04-08,155022000
BLK,2025-04-10,161936000
BLK,2025-04-11,155022000
BLK,2025-04-13,155022000
BLK,2025-04-16,155022000
BLK,2025-04-17,155022000
BLK,2025-04-18,155022000
BLK,2025-04-22,158976000
BLK,2025-04-23,155022000
BLK,2025-04-26,156486000
BLK,2025-04-29,155022000
BLK,2025-04-30,155022000
BLK,2025-05-01,155022000
BLK,2025-05-07,155964000
BLK,2025-05-09,154926000
BLK,2025-05-10,155799008
BLK,2025-05-13,154926000
BLK,2025-05-14,154926000
BLK,2025-05-16,154926000
BLK,2025-05-17,154926000
BLK,2025-05-20,154926000
BLK,2025-05-21,154926000
BLK,2025-05-22,154926000
BLK,2025-05-23,154926000
BLK,2025-05-27,154926000
BLK,2025-05-28,154926000
BLK,2025-05-29,154926000
BLK,2025-05-30,154926000
BLK,2025-06-03,154926000
BLK,2025-06-04,154926000
BLK,2025-06-05,154926000
BLK,2025-06-06,155478000
BLK,2025-06-10,154926000
BLK,2025-06-11,154926000
BLK,2025-06-12,154926000
BLK,2025-06-14,154926000
BLK,2025-06-17,156991008
BLK,2025-06-18,154926000
BLK,2025-06-21,154926000
BLK,2025-06-24,154926000
BLK,2025-06-25,154926000
BLK,2025-06-26,154926000
BLK,2025-06-27,154926000
BLK,2025-06-28,154926000
BLK,2025-07-02,154926000
BLK,2025-07-03,154926000
BLK,2025-07-08,155063008
BLK,2025-07-09,154926000
BLK,2025-07-10,154926000
BLK,2025-07-11,155264992
BLK,2025-07-12,154926000
BLK,2025-07-15,154926000
BLK,2025-07-16,154926000
BLK,2025-07-17,154926000
BLK,2025-07-18,154926000
BLK,2025-07-19,154800000
BLK,2025-07-24,154800000
BLK,2025-07-26,154800000
BLK,2025-08-08,155872000
BLK,2025-08-12,154852992
BLK,2025-08-13,154852992
BLK,2025-08-14,154852992
BLK,2025-08-15,154852992
BLK,2025-08-16,154852992
BLK,2025-08-22,154852992
BLK,2025-08-23,154852992
BLK,2025-08-26,154852992
BLK,2025-08-28,154852992
BLK,2025-08-29,154852992
BLK,2025-08-30,154852992
BLK,2025-09-06,154852992
BLK,2025-09-09,154852992
BLK,2025-09-10,154852992
BLK,2025-09-12,154852992
BLK,2025-09-13,154852992
BLK,2025-09-15,156006000
BLK,2025-09-16,154852992
BLK,2025-09-17,154853337
BLK,2025-09-20,154853337
BLK,2025-09-23,155758298
BLK,2025-09-25,154853337
BLK,2025-09-26,154853337
BLK,2025-09-30,154853337
BLK,2025-10-02,156940540
BLK,2025-10-06,154853337
BLK,2025-10-07,154853337
BLK,2025-10-08,156584803
BLK,2025-10-09,154853337
BLK,2025-10-10,154853337
BLK,2025-10-11,154853337
BLK,2025-10-15,155100000
BLK,2025-10-16,155100000
BLK,2025-10-18,156462448
BLK,2025-10-20,155255100
BLK,2025-10-22,159376917
BLK,2025-10-23,155100000
BLK,2025-10-24,155100000
BLK,2025-10-27,155829360
BLK,2025-10-28,155100000
BLK,2025-11-01,155100000
BLK,2025-11-05,155100000
BLK,2025-11-07,155150909
BLK,2025-11-13,155150909
BLK,2025-11-14,155150909
BLK,2025-11-15,156868225
BLK,2025-11-17,155150909
BLK,2026-01-16,155150909
BLK,2026-03-06,155541536
BLK,2026-04-14,155541537
BLK,2026-04-15,155541537
BLK,2026-04-17,155541537
BLK,2026-04-23,155364965
BLK,2026-05-08,155233989
BLK,2026-06-05,155233989
BLK,2026-07-02,154995389
BLK,2026-08-08,154869259
GE,2019-01-05,8698120192
GE,2019-01-07,8698120192
GE,2019-01-09,8698120192
GE,2019-01-10,8698120192
GE,2019-01-12,8698120192
GE,2019-01-14,8698120192
GE,2019-01-16,8698120192
GE,2019-01-20,8698120192
GE,2019-01-23,8698120192
GE,2019-01-25,8698120192
GE,2019-01-29,8698120192
GE,2019-01-30,8698120192
GE,2019-02-04,8698120192
GE,2019-02-07,8698120192
GE,2019-02-11,8698120192
GE,2019-02-14,8698120192
GE,2019-02-15,8698120192
GE,2019-02-16,8698120192
GE,2019-02-17,8698120192
GE,2019-02-19,8698120192
GE,2019-02-20,8698120192
GE,2019-02-27,8698120192
GE,2019-02-28,8705080320
GE,2019-03-07,8705080320
GE,2019-03-10,8705080320
GE,2019-03-14,8705080320
GE,2019-03-17,8705080320
GE,2019-03-26,8709640192
GE,2019-03-29,8709640192
GE,2019-04-01,8709640192
GE,2019-04-05,8709640192
GE,2019-04-06,8709640192
GE,2019-04-09,8709640192
GE,2019-04-10,8709640192
GE,2019-04-14,8709640192
GE,2019-04-16,8709640192
GE,2019-04-17,8709640192
GE,2019-04-21,8709640192
GE,2019-04-29,8709640192
GE,2019-04-30,8709640192
GE,2019-05-02,8720809984
GE,2019-05-04,8720809984
GE,2019-05-05,8720809984
GE,2019-05-06,8720809984
GE,2019-05-09,8720809984
GE,2019-05-10,8720809984
GE,2019-05-12,8720809984
GE,2019-05-14,8720809984
GE,2019-05-19,8720809984
GE,2019-05-21,8720809984
GE,2019-05-22,8720809984
GE,2019-05-24,8720809984
GE,2019-05-28,8720809984
GE,2019-06-02,8720809984
GE,2019-06-03,8720809984
GE,2019-06-05,8720809984
GE,2019-06-10,8720809984
GE,2019-06-11,8720809984
GE,2019-06-13,8720809984
GE,2019-06-17,8720809984
GE,2019-06-18,8720809984
GE,2019-06-19,8720809984
GE,2019-06-20,8720809984
GE,2019-06-21,8720809984
GE,2019-06-22,8720809984
GE,2019-06-23,8720809984
GE,2019-06-24,8720809984
GE,2019-06-27,8720809984
GE,2019-07-30,8612939776
GE,2019-08-02,8727069696
GE,2019-08-16,7741289984
GE,2019-08-17,8727069696
GE,2019-08-30,8544139776
GE,2019-09-02,8399150080
GE,2019-09-04,8727069696
GE,2019-09-07,8172340224
GE,2019-09-09,8266169856
GE,2019-09-11,8035530240
GE,2019-09-12,8727069696
GE,2019-09-20,8764290048
GE,2019-09-21,8727069696
GE,2019-10-24,8804129792
GE,2019-10-25,8727069696
GE,2019-11-01,8733549568
GE,2019-11-05,8397000192
GE,2019-11-07,8765509632
GE,2019-11-09,8733549568
GE,2019-11-14,8634130432
GE,2019-11-15,8733549568
GE,2019-12-09,8984469504
GE,2019-12-10,8733549568
GE,2019-12-18,8733549568
GE,2020-01-10,8589669888
GE,2020-01-14,8733549568
GE,2020-02-07,8794670080
GE,2020-02-09,8733549568
GE,2020-02-12,8692960256
GE,2020-02-13,8902670336
GE,2020-02-14,8587550208
GE,2020-02-16,8733549568
GE,2020-02-19,8679090176
GE,2020-02-22,8733549568
GE,2020-02-26,8740230144
GE,2020-03-06,9494599680
GE,2020-03-07,8740230144
GE,2020-03-16,8700000256
GE,2020-05-02,8747089920
GE,2020-08-01,8753290240
GE,2020-08-28,8753290240
GE,2020-09-05,8753290240
GE,2020-10-30,8759870464
GE,2020-11-26,8759870464
GE,2021-02-13,8767939584
GE,2021-02-15,8767939584
GE,2021-03-17,8767939584
GE,2021-03-24,8784650240
GE,2021-04-23,8745350144
GE,2021-04-24,8654990336
GE,2021-04-28,8778640384
GE,2021-06-05,8860390400
GE,2021-06-06,8778640384
GE,2021-06-09,8784959488
GE,2021-06-10,8778640384
GE,2021-07-13,8778640384
GE,2021-07-15,8778640384
GE,2021-07-28,8781299712
GE,2021-08-02,1097660032
GE,2021-08-19,1097660032
GE,2021-08-31,1107049984
GE,2021-09-01,1097660032
GE,2021-10-27,1098140032
GE,2021-11-05,1106070016
GE,2021-11-06,1098140032
GE,2021-11-16,1098140032
GE,2022-02-12,1099320064
GE,2022-02-15,1099320064
GE,2022-03-20,1101750016
GE,2022-03-21,1101750016
GE,2022-04-28,1100659968
GE,2022-07-27,1096550016
GE,2022-09-02,1096550016
GE,2022-10-04,1067420032
GE,2022-10-07,1096550016
GE,2022-10-21,1105330048
GE,2022-10-23,1096550016
GE,2022-10-27,1092669952
GE,2023-01-31,1125110016
GE,2023-02-02,1092669952
GE,2023-02-04,1119059968
GE,2023-02-05,1092669952
GE,2023-02-11,1089289984
GE,2023-03-08,1097730048
GE,2023-03-09,1089289984
GE,2023-03-18,1109549952
GE,2023-03-22,1090279936
GE,2023-03-30,1101049984
GE,2023-04-01,1090279936
GE,2023-04-06,1099539968
GE,2023-04-07,1090279936
GE,2023-04-13,1090279936
GE,2023-04-21,1098320000
GE,2023-04-22,1090279936
GE,2023-05-11,1104930048
GE,2023-05-12,1090279936
GE,2023-05-15,1097120000
GE,2023-05-17,1090279936
GE,2023-07-12,1095760000
GE,2023-07-13,1090279936
GE,2023-07-27,1088380032
GE,2023-08-22,1088380032
GE,2023-08-23,1091890048
GE,2023-08-24,1088380032
GE,2023-08-25,1088380032
GE,2023-10-10,1088380032
GE,2023-10-11,1088380032
GE,2023-10-12,1088380032
GE,2023-10-13,1088380032
GE,2023-10-14,1107779968
GE,2023-10-15,1088380032
GE,2023-10-16,1088380032
GE,2023-10-17,1088380032
GE,2023-10-18,1088380032
GE,2023-10-19,1113170048
GE,2023-10-20,1088380032
GE,2023-10-23,1088380032
GE,2023-10-25,1088390016
GE,2023-10-27,1088390016
GE,2023-10-31,1088390016
GE,2023-11-01,1088390016
GE,2023-11-02,1088390016
GE,2023-11-04,1088390016
GE,2023-11-08,1088390016
GE,2023-11-09,1088390016
GE,2023-11-14,1088390016
GE,2023-11-15,1088390016
GE,2023-11-17,1088390016
GE,2023-11-18,1088390016
GE,2023-11-21,1088390016
GE,2023-11-23,1088390016
GE,2023-12-01,1088390016
GE,2023-12-02,1088390016
GE,2023-12-06,1100150016
GE,2023-12-09,1088390016
GE,2023-12-13,1088390016
GE,2023-12-15,1088390016
GE,2023-12-16,1088390016
GE,2023-12-20,1088390016
GE,2023-12-21,1088390016
GE,2023-12-22,1088390016
GE,2023-12-23,1090790016
GE,2023-12-26,1088390016
GE,2023-12-27,1088390016
GE,2023-12-28,1088390016
GE,2023-12-30,1088390016
GE,2024-01-03,1088390016
GE,2024-01-05,1088390016
GE,2024-01-06,1102620032
GE,2024-01-10,1088390016
GE,2024-01-11,1088390016
GE,2024-01-12,1088390016
GE,2024-01-13,1088720000
GE,2024-01-16,1088390016
GE,2024-01-23,1088390016
GE,2024-01-24,1088390016
GE,2024-01-27,1088390016
GE,2024-01-30,1089129984
GE,2024-01-31,1088390016
GE,2024-02-01,1088390016
GE,2024-02-02,1088390016
GE,2024-02-03,1088329984
GE,2024-02-06,1088329984
GE,2024-02-07,1088329984
GE,2024-02-13,1088329984
GE,2024-02-14,1088329984
GE,2024-02-17,1088329984
GE,2024-02-21,1088329984
GE,2024-02-23,1088329984
GE,2024-02-24,1088329984
GE,2024-02-28,1088329984
GE,2024-02-29,1088329984
GE,2024-03-01,1088329984
GE,2024-03-05,1088329984
GE,2024-03-09,1088329984
GE,2024-03-12,1097479936
GE,2024-03-13,1088329984
GE,2024-03-15,1088329984
GE,2024-03-16,1093270016
GE,2024-03-19,1093270016
GE,2024-03-20,1093270016
GE,2024-03-23,1093270016
GE,2024-03-26,1093270016
GE,2024-03-27,1093270016
GE,2024-03-28,1093270016
GE,2024-03-29,1093270016
GE,2024-04-02,1093270016
GE,2024-04-04,1093270016
GE,2024-04-06,1093270016
GE,2024-04-12,1114829952
GE,2024-04-13,1093270016
GE,2024-04-16,1093270016
GE,2024-04-17,1093270016
GE,2024-04-18,1093270016
GE,2024-04-20,1093270016
GE,2024-04-23,1093270016
GE,2024-04-24,1094610048
GE,2024-04-25,1118189952
GE,2024-04-26,1094610048
GE,2024-04-30,1094610048
GE,2024-05-03,1094610048
GE,2024-05-04,1094610048
GE,2024-05-07,1094610048
GE,2024-05-08,1094610048
GE,2024-05-10,1094610048
GE,2024-05-11,1094610048
GE,2024-05-14,1094610048
GE,2024-05-16,1094610048
GE,2024-05-17,1094610048
GE,2024-05-18,1094610048
GE,2024-05-20,1098800000
GE,2024-05-21,1094610048
GE,2024-05-23,1094610048
GE,2024-05-24,1094610048
GE,2024-05-25,1094610048
GE,2024-05-29,1094610048
GE,2024-05-31,1094610048
GE,2024-06-01,1094610048
GE,2024-06-05,1094610048
GE,2024-06-07,1094610048
GE,2024-06-08,1094610048
GE,2024-06-12,1094610048
GE,2024-06-13,1094610048
GE,2024-06-14,1094610048
GE,2024-06-15,1094610048
GE,2024-06-18,1094610048
GE,2024-06-19,1094610048
GE,2024-06-21,1094610048
GE,2024-06-27,1094610048
GE,2024-06-28,1094610048
GE,2024-06-29,1094610048
GE,2024-07-03,1094610048
GE,2024-07-10,1094610048
GE,2024-07-12,1094610048
GE,2024-07-13,1094610048
GE,2024-07-16,1094610048
GE,2024-07-17,1094610048
GE,2024-07-18,1094610048
GE,2024-07-20,1094610048
GE,2024-07-24,1094610048
GE,2024-07-25,1084310016
GE,2024-07-26,1084310016
GE,2024-08-01,1084310016
GE,2024-08-02,1087190016
GE,2024-08-03,1148380032
GE,2024-08-06,1084310016
GE,2024-08-07,1084310016
GE,2024-08-09,1084310016
GE,2024-08-10,1084310016
GE,2024-08-13,1084310016
GE,2024-08-14,1084310016
GE,2024-08-17,1084310016
GE,2024-08-22,1084310016
GE,2024-08-23,1084310016
GE,2024-08-29,1084310016
GE,2024-08-31,1084310016
GE,2024-09-04,1153049984
GE,2024-09-05,1084310016
GE,2024-09-06,1100920064
GE,2024-09-07,1101929984
GE,2024-09-13,1084310016
GE,2024-09-19,1084310016
GE,2024-09-21,1084310016
GE,2024-09-26,1084310016
GE,2024-10-02,1084310016
GE,2024-10-03,1084310016
GE,2024-10-09,1084310016
GE,2024-10-10,1084310016
GE,2024-10-11,1084310016
GE,2024-10-15,1084310016
GE,2024-10-17,1084310016
GE,2024-10-18,1086790016
GE,2024-10-22,1084310016
GE,2024-10-23,1082290048
GE,2024-10-24,1082290048
GE,2024-10-25,1094040064
GE,2024-10-26,1097949952
GE,2024-10-29,1082290048
GE,2024-10-30,1082290048
GE,2024-10-31,1082290048
GE,2024-11-01,1082290048
GE,2024-11-02,1082290048
GE,2024-11-05,1082290048
GE,2024-11-08,1082290048
GE,2024-11-13,1082290048
GE,2024-11-14,1082290048
GE,2024-11-15,1082290048
GE,2024-11-16,1082290048
GE,2024-11-19,1082290048
GE,2024-11-21,1082290048
GE,2024-11-27,1082290048
GE,2024-12-03,1082290048
GE,2024-12-04,1082290048
GE,2024-12-06,1082290048
GE,2024-12-07,1082290048
GE,2024-12-11,1082290048
GE,2024-12-12,1082290048
GE,2024-12-13,1107309952
GE,2024-12-14,1082290048
GE,2024-12-19,1082290048
GE,2024-12-20,1082290048
GE,2024-12-25,1082290048
GE,2024-12-28,1082290048
GE,2025-01-04,1082290048
GE,2025-01-07,1082290048
GE,2025-01-08,1082290048
GE,2025-01-09,1082290048
GE,2025-01-11,1089859968
GE,2025-01-14,1082290048
GE,2025-01-17,1082290048
GE,2025-01-18,1082290048
GE,2025-01-24,1073689984
GE,2025-01-29,1073689984
GE,2025-01-30,1073689984
GE,2025-02-04,1073289984
GE,2025-02-07,1073289984
GE,2025-02-08,1077369984
GE,2025-02-14,1073289984
GE,2025-02-15,1073750016
GE,2025-02-20,1073289984
GE,2025-02-22,1073289984
GE,2025-02-25,1073289984
GE,2025-02-26,1073289984
GE,2025-03-01,1073289984
GE,2025-03-04,1099970048
GE,2025-03-07,1073289984
GE,2025-03-11,1082960000
GE,2025-03-13,1073289984
GE,2025-03-15,1066579968
GE,2025-03-27,1066579968
GE,2025-03-28,1066579968
GE,2025-04-10,1100429952
GE,2025-04-11,1066579968
GE,2025-04-18,1070449984
GE,2025-04-22,1087149952
GE,2025-04-23,1066390016
GE,2025-04-24,1066390016
GE,2025-04-25,1066390016
GE,2025-04-26,1066390016
GE,2025-04-29,1066390016
GE,2025-04-30,1068300032
GE,2025-05-01,1066390016
GE,2025-05-07,1068120000
GE,2025-05-09,1066390016
GE,2025-05-13,1066390016
GE,2025-05-15,1066390016
GE,2025-05-17,1066390016
GE,2025-05-20,1066390016
GE,2025-05-23,1066390016
GE,2025-05-27,1066390016
GE,2025-05-28,1066390016
GE,2025-05-29,1066390016
GE,2025-05-30,1066390016
GE,2025-06-03,1066390016
GE,2025-06-04,1066390016
GE,2025-06-05,1066390016
GE,2025-06-06,1066390016
GE,2025-06-10,1084290048
GE,2025-06-11,1107849984
GE,2025-06-13,1066390016
GE,2025-06-14,1081670016
GE,2025-06-17,1066659968
GE,2025-06-18,1069960000
GE,2025-06-21,1066390016
GE,2025-06-25,1066390016
GE,2025-06-26,1066390016
GE,2025-06-27,1066390016
GE,2025-06-28,1066390016
GE,2025-06-30,1066390016
GE,2025-07-01,1102230016
GE,2025-07-02,1066390016
GE,2025-07-03,1066390016
GE,2025-07-04,1066390016
GE,2025-07-08,1066390016
GE,2025-07-09,1073289984
GE,2025-07-11,1075929984
GE,2025-07-12,1066390016
GE,2025-07-15,1066390016
GE,2025-07-18,1060440000
GE,2025-07-22,1060440000
GE,2025-07-23,1060440000
GE,2025-07-24,1060440000
GE,2025-07-26,1060440000
GE,2025-07-30,1060440000
GE,2025-08-02,1060440000
GE,2025-08-08,1060440000
GE,2025-08-09,1060440000
GE,2025-08-12,1060440000
GE,2025-08-13,1060440000
GE,2025-08-19,1060440000
GE,2025-08-20,1060440000
GE,2025-08-21,1060440000
GE,2025-08-22,1060440000
GE,2025-08-23,1060440000
GE,2025-08-27,1060440000
GE,2025-08-28,1060440000
GE,2025-09-03,1060440000
GE,2025-09-05,1060440000
GE,2025-09-06,1060440000
GE,2025-09-10,1060440000
GE,2025-09-13,1060440000
GE,2025-09-16,1060440000
GE,2025-09-17,1060439387
GE,2025-09-18,1060439387
GE,2025-09-20,1060439387
GE,2025-09-23,1060439387
GE,2025-09-25,1060439387
GE,2025-09-26,1068348285
GE,2025-09-27,1060439387
GE,2025-09-30,1065314887
GE,2025-10-01,1060439387
GE,2025-10-02,1060439387
GE,2025-10-03,1060439387
GE,2025-10-06,1069187119
GE,2025-10-07,1060439387
GE,2025-10-09,1060439387
GE,2025-10-10,1060439387
GE,2025-10-11,1060439387
GE,2025-10-14,1060439387
GE,2025-10-15,1060439387
GE,2025-10-16,1060439387
GE,2025-10-24,1054813911
GE,2025-10-25,1054813911
GE,2025-10-28,1065198954
GE,2025-10-29,1054813911
GE,2025-10-30,1054813911
GE,2025-11-04,1054813911
GE,2025-11-05,1054813911
GE,2025-11-07,1054813911
GE,2025-11-08,1054813911
GE,2025-11-11,1054813911
GE,2025-11-12,1054813911
GE,2025-11-13,1054813911
GE,2025-11-14,1054813911
GE,2025-11-15,1054813911
GE,2025-11-17,1060439387
GE,2026-01-23,1054813911
GE,2026-01-30,1054813911
GE,2026-03-19,1054813911
GE,2026-04-21,1044829603
GE,2026-07-18,1037562513
CAT,2019-01-05,590107008
CAT,2019-01-07,590107008
CAT,2019-01-09,590107008
CAT,2019-01-10,590107008
CAT,2019-01-12,590107008
CAT,2019-01-14,590107008
CAT,2019-01-16,590107008
CAT,2019-01-17,590107008
CAT,2019-01-20,590107008
CAT,2019-01-22,590107008
CAT,2019-01-25,590107008
CAT,2019-01-26,590107008
CAT,2019-01-28,590107008
CAT,2019-01-30,590107008
CAT,2019-02-04,590107008
CAT,2019-02-07,590107008
CAT,2019-02-10,590107008
CAT,2019-02-11,590107008
CAT,2019-02-13,590107008
CAT,2019-02-14,590107008
CAT,2019-02-15,590107008
CAT,2019-02-17,575542976
CAT,2019-02-18,575542976
CAT,2019-02-20,575542976
CAT,2019-02-28,575542976
CAT,2019-03-01,575542976
CAT,2019-03-07,575542976
CAT,2019-03-09,575542976
CAT,2019-03-10,575542976
CAT,2019-03-11,575542976
CAT,2019-03-14,575542976
CAT,2019-03-15,575542976
CAT,2019-03-17,575542976
CAT,2019-03-18,575542976
CAT,2019-03-26,575542976
CAT,2019-03-27,575542976
CAT,2019-03-29,575542976
CAT,2019-03-30,575542976
CAT,2019-04-01,575542976
CAT,2019-04-02,575542976
CAT,2019-04-05,575542976
CAT,2019-04-09,575542976
CAT,2019-04-11,575542976
CAT,2019-04-14,575542976
CAT,2019-04-15,575542976
CAT,2019-04-17,575542976
CAT,2019-04-19,575542976
CAT,2019-04-21,575542976
CAT,2019-04-23,575542976
CAT,2019-04-29,575542976
CAT,2019-05-01,575542976
CAT,2019-05-02,571875968
CAT,2019-05-03,571875968
CAT,2019-05-05,571875968
CAT,2019-05-07,571875968
CAT,2019-05-09,571875968
CAT,2019-05-11,571875968
CAT,2019-05-12,571875968
CAT,2019-05-13,571875968
CAT,2019-05-19,571875968
CAT,2019-05-20,571875968
CAT,2019-05-22,571875968
CAT,2019-05-28,571875968
CAT,2019-06-01,571875968
CAT,2019-06-03,571875968
CAT,2019-06-05,571875968
CAT,2019-06-07,571875968
CAT,2019-06-10,571875968
CAT,2019-06-11,571875968
CAT,2019-06-17,571875968
CAT,2019-06-18,571875968
CAT,2019-06-19,571875968
CAT,2019-06-20,571875968
CAT,2019-06-21,571875968
CAT,2019-06-22,571875968
CAT,2019-06-23,571875968
CAT,2019-06-24,571875968
CAT,2019-06-27,571875968
CAT,2019-07-04,572972032
CAT,2019-07-06,571875968
CAT,2019-08-09,562313024
CAT,2019-08-10,562588992
CAT,2019-08-21,559281984
CAT,2019-08-22,567459008
CAT,2019-08-23,562588992
CAT,2019-08-30,548688000
CAT,2019-09-02,543017024
CAT,2019-09-03,562588992
CAT,2019-09-07,544337984
CAT,2019-09-09,545624000
CAT,2019-09-11,549462976
CAT,2019-09-12,562588992
CAT,2019-09-13,556924992
CAT,2019-09-14,562588992
CAT,2019-09-20,558512000
CAT,2019-09-21,562588992
CAT,2019-09-25,551944000
CAT,2019-09-26,562588992
CAT,2019-09-27,561612032
CAT,2019-09-28,562588992
CAT,2019-10-05,562214016
CAT,2019-10-09,562588992
CAT,2019-10-21,556796032
CAT,2019-10-22,562588992
CAT,2019-11-05,536540992
CAT,2019-11-06,527667008
CAT,2019-11-07,552657984
CAT,2019-11-08,547278976
CAT,2019-11-09,552657984
CAT,2019-11-14,545672000
CAT,2019-11-15,548641984
CAT,2019-11-16,552657984
CAT,2019-11-20,552657984
CAT,2019-12-18,556497984
CAT,2019-12-19,552657984
CAT,2020-01-07,560440000
CAT,2020-01-08,560817024
CAT,2020-01-09,550198976
CAT,2020-01-11,557566976
CAT,2020-01-12,552657984
CAT,2020-02-05,568585984
CAT,2020-02-06,552657984
CAT,2020-02-07,551894016
CAT,2020-02-08,552657984
CAT,2020-02-12,560353024
CAT,2020-02-13,552657984
CAT,2020-02-21,550083008
CAT,2020-03-09,547556992
CAT,2020-03-10,550083008
CAT,2020-04-10,550083008
CAT,2020-05-01,541238976
CAT,2020-08-07,541507008
CAT,2020-08-28,541507008
CAT,2020-09-05,541507008
CAT,2020-09-21,541507008
CAT,2020-11-05,543257984
CAT,2020-11-06,543257984
CAT,2020-11-26,543257984
CAT,2021-02-18,545304000
CAT,2021-03-17,545304000
CAT,2021-04-08,545848000
CAT,2021-04-09,545304000
CAT,2021-04-23,553809024
CAT,2021-04-24,550873024
CAT,2021-04-27,545304000
CAT,2021-05-04,547787008
CAT,2021-08-06,547470976
CAT,2021-09-21,573091968
CAT,2021-09-22,547470976
CAT,2021-10-06,549262976
CAT,2021-10-07,547470976
CAT,2021-11-06,540942016
CAT,2021-11-19,540942016
CAT,2022-02-11,540942016
CAT,2022-02-23,535888000
CAT,2022-04-27,552196992
CAT,2022-04-28,535888000
CAT,2022-05-02,533374016
CAT,2022-05-10,554990016
CAT,2022-08-06,527908992
CAT,2022-08-16,530307008
CAT,2022-08-17,527908992
CAT,2022-08-25,536201984
CAT,2022-08-26,527908992
CAT,2022-09-01,527908992
CAT,2022-09-02,534478016
CAT,2022-10-04,505864992
CAT,2022-10-05,527908992
CAT,2022-10-21,539225024
CAT,2022-10-22,527908992
CAT,2022-11-04,520408992
CAT,2023-02-17,516345984
CAT,2023-03-08,532792000
CAT,2023-03-09,516345984
CAT,2023-03-18,525231008
CAT,2023-03-23,528012992
CAT,2023-03-24,516345984
CAT,2023-03-30,523006016
CAT,2023-04-01,526233984
CAT,2023-04-06,525824992
CAT,2023-04-07,516345984
CAT,2023-04-25,523752992
CAT,2023-11-13,509084992
CAT,2023-11-14,509084992
CAT,2023-11-17,509084992
CAT,2023-11-22,509084992
CAT,2023-11-23,509084992
CAT,2023-11-28,509084992
CAT,2023-11-30,509084992
CAT,2023-12-01,509084992
CAT,2023-12-05,509084992
CAT,2023-12-07,509084992
CAT,2023-12-13,509084992
CAT,2023-12-14,509084992
CAT,2023-12-15,509084992
CAT,2023-12-16,509084992
CAT,2023-12-20,509084992
CAT,2023-12-21,509084992
CAT,2023-12-22,509084992
CAT,2023-12-29,509084992
CAT,2024-01-05,509084992
CAT,2024-01-06,514120000
CAT,2024-01-10,509084992
CAT,2024-01-12,509084992
CAT,2024-01-18,509084992
CAT,2024-01-19,509084992
CAT,2024-01-20,509084992
CAT,2024-01-23,509084992
CAT,2024-01-25,509084992
CAT,2024-01-30,509084992
CAT,2024-02-01,509084992
CAT,2024-02-02,509084992
CAT,2024-02-06,509084992
CAT,2024-02-07,509084992
CAT,2024-02-08,509084992
CAT,2024-02-10,516854016
CAT,2024-02-13,509084992
CAT,2024-02-15,509084992
CAT,2024-02-16,509084992
CAT,2024-02-17,499376992
CAT,2024-02-19,499376992
CAT,2024-02-21,499376992
CAT,2024-02-22,499376992
CAT,2024-02-23,499376992
CAT,2024-02-24,499376992
CAT,2024-02-27,499376992
CAT,2024-02-29,499376992
CAT,2024-03-01,499376992
CAT,2024-03-05,499376992
CAT,2024-03-07,499376992
CAT,2024-03-12,499376992
CAT,2024-03-13,499376992
CAT,2024-03-14,499376992
CAT,2024-03-15,499376992
CAT,2024-03-16,499376992
CAT,2024-03-19,499376992
CAT,2024-03-22,499376992
CAT,2024-03-23,499376992
CAT,2024-03-26,499376992
CAT,2024-03-27,499376992
CAT,2024-03-29,499376992
CAT,2024-04-02,499376992
CAT,2024-04-04,499376992
CAT,2024-04-09,499376992
CAT,2024-04-11,499376992
CAT,2024-04-12,508049984
CAT,2024-04-13,499376992
CAT,2024-04-16,499376992
CAT,2024-04-17,499376992
CAT,2024-04-18,499376992
CAT,2024-04-20,499376992
CAT,2024-04-23,499376992
CAT,2024-04-25,499376992
CAT,2024-04-26,499376992
CAT,2024-05-01,489052992
CAT,2024-05-21,494064992
CAT,2024-05-22,489052992
CAT,2024-05-23,489052992
CAT,2024-05-24,489052992
CAT,2024-06-05,494711008
CAT,2024-06-12,489052992
CAT,2024-06-15,496492000
CAT,2024-07-03,491022016
CAT,2024-07-10,489052992
CAT,2024-07-18,489052992
CAT,2024-07-19,500870016
CAT,2024-07-20,489052992
CAT,2024-07-24,489052992
CAT,2024-08-07,489052992
CAT,2024-08-08,484897984
CAT,2024-08-09,484897984
CAT,2024-08-10,484897984
CAT,2024-08-13,484897984
CAT,2024-08-14,484897984
CAT,2024-08-15,484897984
CAT,2024-08-17,484897984
CAT,2024-08-20,484897984
CAT,2024-08-21,484897984
CAT,2024-08-27,484897984
CAT,2024-08-29,484897984
CAT,2024-08-31,484897984
CAT,2024-09-05,484897984
CAT,2024-09-06,484897984
CAT,2024-09-07,484897984
CAT,2024-09-11,484897984
CAT,2024-09-12,484897984
CAT,2024-09-14,484897984
CAT,2024-09-17,484897984
CAT,2024-09-19,484897984
CAT,2024-09-21,490800992
CAT,2024-09-24,484897984
CAT,2024-09-26,484897984
CAT,2024-10-01,484897984
CAT,2024-10-02,484897984
CAT,2024-10-03,484897984
CAT,2024-10-04,484897984
CAT,2024-10-15,484897984
CAT,2024-10-16,484897984
CAT,2024-10-18,484897984
CAT,2024-10-23,484897984
CAT,2024-10-24,484897984
CAT,2024-10-29,484897984
CAT,2024-10-30,484897984
CAT,2024-10-31,484897984
CAT,2024-11-01,484897984
CAT,2024-11-05,488903008
CAT,2024-11-06,484897984
CAT,2024-11-07,484897984
CAT,2024-11-08,493056992
CAT,2024-11-09,482801984
CAT,2024-11-14,482801984
CAT,2024-11-15,482801984
CAT,2024-11-16,482801984
CAT,2024-11-22,482801984
CAT,2024-11-23,482801984
CAT,2024-11-28,482801984
CAT,2024-11-30,482801984
CAT,2024-12-03,482801984
CAT,2024-12-04,482801984
CAT,2024-12-06,482801984
CAT,2024-12-07,482801984
CAT,2024-12-11,482801984
CAT,2024-12-12,482801984
CAT,2024-12-13,493060000
CAT,2024-12-14,482801984
CAT,2024-12-18,482801984
CAT,2024-12-20,482801984
CAT,2024-12-24,482801984
CAT,2024-12-27,482801984
CAT,2025-01-04,482801984
CAT,2025-01-07,482801984
CAT,2025-01-08,482801984
CAT,2025-01-18,482801984
CAT,2025-01-22,482801984
CAT,2025-01-24,482801984
CAT,2025-01-29,482801984
CAT,2025-01-30,482801984
CAT,2025-02-01,482801984
CAT,2025-02-04,482801984
CAT,2025-02-05,482801984
CAT,2025-02-08,482801984
CAT,2025-02-13,482801984
CAT,2025-02-15,482801984
CAT,2025-02-18,477932000
CAT,2025-02-19,477932000
CAT,2025-02-21,477932000
CAT,2025-02-25,477932000
CAT,2025-02-26,477932000
CAT,2025-02-27,477932000
CAT,2025-02-28,477932000
CAT,2025-03-01,477932000
CAT,2025-03-04,477932000
CAT,2025-03-05,477932000
CAT,2025-03-06,477932000
CAT,2025-03-07,477932000
CAT,2025-03-11,477932000
CAT,2025-03-20,477932000
CAT,2025-03-21,477932000
CAT,2025-03-22,477932000
CAT,2025-03-25,477932000
CAT,2025-03-26,477932000
CAT,2025-03-27,477932000
CAT,2025-03-28,477932000
CAT,2025-03-29,477932000
CAT,2025-04-01,477932000
CAT,2025-04-02,477932000
CAT,2025-04-04,477932000
CAT,2025-04-05,477932000
CAT,2025-04-08,477932000
CAT,2025-04-09,477932000
CAT,2025-04-10,477932000
CAT,2025-04-11,477932000
CAT,2025-04-14,477932000
CAT,2025-04-15,477932000
CAT,2025-04-16,477932000
CAT,2025-04-22,493894016
CAT,2025-04-23,477932000
CAT,2025-04-25,477932000
CAT,2025-04-26,478571008
CAT,2025-04-29,477932000
CAT,2025-04-30,477932000
CAT,2025-05-01,477932000
CAT,2025-05-02,470315008
CAT,2025-05-07,473568992
CAT,2025-05-14,474188992
CAT,2025-05-15,470315008
CAT,2025-05-29,473032992
CAT,2025-05-31,475396000
CAT,2025-06-05,470315008
CAT,2025-06-06,470814016
CAT,2025-06-18,476574016
CAT,2025-07-08,477943008
CAT,2025-07-11,477507008
CAT,2025-07-12,473107008
CAT,2025-07-28,471195008
CAT,2025-07-29,470315008
CAT,2025-08-06,470315008
CAT,2025-08-07,470315008
CAT,2025-08-08,469153984
CAT,2025-08-09,468479008
CAT,2025-08-12,468479008
CAT,2025-08-15,468479008
CAT,2025-08-16,468479008
CAT,2025-08-19,468479008
CAT,2025-08-20,468479008
CAT,2025-08-21,468479008
CAT,2025-08-22,468479008
CAT,2025-08-26,468479008
CAT,2025-08-28,468479008
CAT,2025-08-29,468479008
CAT,2025-09-03,468479008
CAT,2025-09-04,468479008
CAT,2025-09-05,468479008
CAT,2025-09-06,468479008
CAT,2025-09-10,468479008
CAT,2025-09-11,468479008
CAT,2025-09-16,468479008
CAT,2025-09-17,468478923
CAT,2025-09-23,469313966
CAT,2025-09-24,468478923
CAT,2025-09-25,468478923
CAT,2025-09-26,468478923
CAT,2025-09-27,468478923
CAT,2025-10-02,468478923
CAT,2025-10-03,468478923
CAT,2025-10-07,468478923
CAT,2025-10-08,476824164
CAT,2025-10-09,468478923
CAT,2025-10-10,468478923
CAT,2025-10-11,468478923
CAT,2025-10-14,468478923
CAT,2025-10-15,468478923
CAT,2025-10-16,468478923
CAT,2025-10-18,468478923
CAT,2025-10-21,468478923
CAT,2025-10-22,470648758
CAT,2025-10-23,468478923
CAT,2025-10-25,468478923
CAT,2025-10-28,468478923
CAT,2025-10-30,468478923
CAT,2025-11-07,468478923
CAT,2025-11-08,468478923
CAT,2025-11-11,468478923
CAT,2025-11-12,468478923
CAT,2025-11-14,468478923
CAT,2025-11-15,468478923
CAT,2025-11-17,470314978
CAT,2025-11-28,468478923
CAT,2026-02-17,467979597
CAT,2026-04-23,465287332
CAT,2026-05-05,460591983
CAT,2026-08-07,459674889
HON,2019-01-05,740288000
HON,2019-01-07,740288000
HON,2019-01-09,740288000
HON,2019-01-10,740288000
HON,2019-01-12,740288000
HON,2019-01-14,740288000
HON,2019-01-16,740288000
HON,2019-01-20,740288000
HON,2019-01-22,740288000
HON,2019-01-24,740288000
HON,2019-01-25,740288000
HON,2019-01-26,740288000
HON,2019-01-29,740288000
HON,2019-01-30,740288000
HON,2019-02-05,740288000
HON,2019-02-07,740288000
HON,2019-02-11,729086016
HON,2019-02-13,729086016
HON,2019-02-14,729086016
HON,2019-02-15,729086016
HON,2019-02-16,729086016
HON,2019-02-17,729086016
HON,2019-02-19,729086016
HON,2019-02-20,729086016
HON,2019-02-26,729086016
HON,2019-02-28,729086016
HON,2019-03-02,729086016
HON,2019-03-07,729086016
HON,2019-03-08,729086016
HON,2019-03-10,729086016
HON,2019-03-12,729086016
HON,2019-03-14,729086016
HON,2019-03-15,729086016
HON,2019-03-17,728369984
HON,2019-03-18,728369984
HON,2019-03-26,728369984
HON,2019-03-27,728369984
HON,2019-03-29,728369984
HON,2019-03-30,728369984
HON,2019-04-01,728369984
HON,2019-04-03,728369984
HON,2019-04-05,728369984
HON,2019-04-06,728369984
HON,2019-04-09,728369984
HON,2019-04-14,728369984
HON,2019-04-15,728369984
HON,2019-04-17,728369984
HON,2019-04-19,728369984
HON,2019-04-21,727742016
HON,2019-04-29,727742016
HON,2019-05-02,727742016
HON,2019-05-05,727742016
HON,2019-05-09,727742016
HON,2019-05-12,727742016
HON,2019-05-19,727742016
HON,2019-05-22,727742016
HON,2019-05-28,727742016
HON,2019-06-03,727742016
HON,2019-06-05,727742016
HON,2019-06-10,727742016
HON,2019-06-11,727742016
HON,2019-06-17,727742016
HON,2019-06-21,727742016
HON,2019-06-23,727742016
HON,2019-06-27,727742016
HON,2019-07-02,727742016
HON,2019-07-03,726960000
HON,2019-07-04,727742016
HON,2019-07-05,720481024
HON,2019-07-06,727742016
HON,2019-07-11,723347008
HON,2019-07-12,728076032
HON,2019-07-13,727742016
HON,2019-07-22,719507968
HON,2019-08-08,730654976
HON,2019-08-09,735449024
HON,2019-08-10,719507968
HON,2019-08-30,701696000
HON,2019-09-02,697347968
HON,2019-09-04,719507968
HON,2019-09-07,719507968
HON,2019-09-09,692016000
HON,2019-09-11,698339968
HON,2019-09-12,719507968
HON,2019-09-20,714368000
HON,2019-09-21,719507968
HON,2019-10-04,717548032
HON,2019-10-08,712188992
HON,2019-10-09,719507968
HON,2019-10-21,706216000
HON,2019-10-22,714534016
HON,2019-11-05,700780032
HON,2019-11-07,699131008
HON,2019-11-08,717748992
HON,2019-11-09,714534016
HON,2019-11-14,714297984
HON,2019-11-15,705500992
HON,2019-11-16,714534016
HON,2019-12-18,715748992
HON,2019-12-19,714534016
HON,2020-01-07,722243968
HON,2020-01-09,727737024
HON,2020-01-12,715137024
HON,2020-01-13,714534016
HON,2020-02-07,712312000
HON,2020-02-08,714534016
HON,2020-02-12,723417024
HON,2020-02-13,714534016
HON,2020-02-18,714534016
HON,2020-02-21,712600000
HON,2020-03-16,707286976
HON,2020-05-05,701848000
HON,2020-07-28,701782976
HON,2020-08-28,701782976
HON,2020-10-05,701782976
HON,2020-11-03,701686016
HON,2020-11-26,701686016
HON,2021-02-17,695500992
HON,2021-03-17,695500992
HON,2021-04-13,694537984
HON,2021-04-23,698294976
HON,2021-04-24,713100032
HON,2021-04-28,694556032
HON,2021-06-17,705688000
HON,2021-06-18,694556032
HON,2021-06-19,706942976
HON,2021-07-26,690398976
HON,2021-10-25,688422976
HON,2021-11-05,689382016
HON,2021-11-06,688422976
HON,2021-11-12,688422976
HON,2021-12-04,690113984
HON,2021-12-05,688422976
HON,2022-02-11,688422976
HON,2022-02-15,685819008
HON,2022-04-05,685481984
HON,2022-05-05,680732992
HON,2022-08-05,673692032
HON,2022-08-20,673692032
HON,2022-09-01,673692032
HON,2022-09-03,673692032
HON,2022-09-10,660091008
HON,2022-09-12,673692032
HON,2022-09-17,671830976
HON,2022-10-30,672321984
HON,2023-02-14,668140032
HON,2023-03-18,684164992
HON,2023-03-21,668140032
HON,2023-03-30,672228992
HON,2023-04-01,668140032
HON,2023-04-08,665702016
HON,2023-04-22,667977024
HON,2023-04-25,668078976
HON,2023-04-29,665676992
HON,2023-05-03,673131008
HON,2023-05-06,665676992
HON,2023-05-13,678465984
HON,2023-05-17,665676992
HON,2023-06-14,665676992
HON,2023-07-12,668849024
HON,2023-07-13,665676992
HON,2023-08-21,663961024
HON,2023-08-23,667316992
HON,2023-08-24,663961024
HON,2023-10-10,663961024
HON,2023-10-11,663961024
HON,2023-10-12,663961024
HON,2023-10-13,663961024
HON,2023-10-14,663961024
HON,2023-10-17,663961024
HON,2023-10-18,663961024
HON,2023-10-19,663961024
HON,2023-10-20,663961024
HON,2023-10-24,663961024
HON,2023-10-27,663961024
HON,2023-10-28,659251008
HON,2023-11-02,659251008
HON,2023-11-03,659251008
HON,2023-11-04,659251008
HON,2023-11-08,662358976
HON,2023-11-09,659251008
HON,2023-11-10,659251008
HON,2023-11-11,659251008
HON,2023-11-14,659251008
HON,2023-11-15,659251008
HON,2023-11-16,659251008
HON,2023-11-17,659251008
HON,2023-11-18,659251008
HON,2023-11-23,659251008
HON,2023-11-25,659251008
HON,2023-11-28,659251008
HON,2023-11-30,659251008
HON,2023-12-02,659251008
HON,2023-12-03,659251008
HON,2023-12-05,659251008
HON,2023-12-06,659251008
HON,2023-12-08,659251008
HON,2023-12-09,659251008
HON,2023-12-13,659251008
HON,2023-12-14,659251008
HON,2023-12-15,659251008
HON,2023-12-19,659251008
HON,2023-12-22,659251008
HON,2023-12-27,659251008
HON,2023-12-29,659251008
HON,2024-01-09,659251008
HON,2024-01-13,659251008
HON,2024-01-17,659251008
HON,2024-01-18,659251008
HON,2024-01-19,659251008
HON,2024-01-20,659251008
HON,2024-01-23,659251008
HON,2024-01-24,659251008
HON,2024-01-26,659251008
HON,2024-01-27,659251008
HON,2024-01-30,659251008
HON,2024-02-01,659251008
HON,2024-02-03,659251008
HON,2024-02-07,659251008
HON,2024-02-09,659251008
HON,2024-02-16,659251008
HON,2024-02-17,659251008
HON,2024-02-20,659251008
HON,2024-02-21,652182016
HON,2024-02-27,652182016
HON,2024-03-05,652182016
HON,2024-03-06,652182016
HON,2024-03-07,652182016
HON,2024-03-08,652182016
HON,2024-03-12,653646976
HON,2024-03-13,652182016
HON,2024-03-14,652182016
HON,2024-03-16,652182016
HON,2024-03-23,654195968
HON,2024-03-26,659574976
HON,2024-03-27,652182016
HON,2024-03-29,652182016
HON,2024-03-30,652182016
HON,2024-04-03,652182016
HON,2024-04-04,659694016
HON,2024-04-12,653441984
HON,2024-04-13,651185024
HON,2024-04-16,658467968
HON,2024-04-17,662556032
HON,2024-04-25,655798016
HON,2024-04-26,651185984
HON,2024-05-07,653889984
HON,2024-05-15,653075008
HON,2024-05-16,651185984
HON,2024-05-18,653240000
HON,2024-05-20,655481024
HON,2024-05-21,651185984
HON,2024-05-22,651185984
HON,2024-05-23,653464000
HON,2024-05-24,651185984
HON,2024-06-12,651185984
HON,2024-06-13,651185984
HON,2024-06-15,651185984
HON,2024-06-21,651185984
HON,2024-06-22,651185984
HON,2024-06-25,651185984
HON,2024-06-27,651185984
HON,2024-06-28,651185984
HON,2024-07-02,651185984
HON,2024-07-03,651185984
HON,2024-07-06,651185984
HON,2024-07-10,651185984
HON,2024-07-18,651185984
HON,2024-07-19,660470016
HON,2024-07-20,651185984
HON,2024-07-24,651185984
HON,2024-07-25,651185984
HON,2024-07-26,649670976
HON,2024-08-02,649670976
HON,2024-08-03,649670976
HON,2024-08-29,649670976
HON,2024-09-04,649670976
HON,2024-09-06,657865024
HON,2024-09-07,649670976
HON,2024-09-13,651422016
HON,2024-09-14,649670976
HON,2024-09-21,649670976
HON,2024-10-01,649670976
HON,2024-10-10,649974976
HON,2024-10-11,649670976
HON,2024-10-18,649670976
HON,2024-10-23,655598016
HON,2024-10-24,649670976
HON,2024-10-25,684593984
HON,2024-10-26,688214016
HON,2024-10-29,650246976
HON,2024-10-30,650246976
HON,2024-10-31,650246976
HON,2024-11-05,650246976
HON,2024-11-06,650246976
HON,2024-11-07,650246976
HON,2024-11-08,650246976
HON,2024-11-13,650246976
HON,2024-11-16,650246976
HON,2024-11-19,650644992
HON,2024-11-20,650246976
HON,2024-11-21,650246976
HON,2024-11-22,650246976
HON,2024-11-23,650246976
HON,2024-11-26,650246976
HON,2024-12-04,650246976
HON,2024-12-05,650246976
HON,2024-12-12,650246976
HON,2024-12-13,654160000
HON,2024-12-14,650246976
HON,2024-12-17,650246976
HON,2024-12-18,650246976
HON,2024-12-19,650246976
HON,2024-12-20,650246976
HON,2024-12-21,650246976
HON,2024-12-24,650246976
HON,2024-12-27,650246976
HON,2024-12-31,650246976
HON,2025-01-03,650246976
HON,2025-01-07,650246976
HON,2025-01-09,650246976
HON,2025-01-11,650246976
HON,2025-01-22,650246976
HON,2025-01-23,650246976
HON,2025-01-24,650246976
HON,2025-01-29,650246976
HON,2025-01-31,650246976
HON,2025-02-01,650246976
HON,2025-02-05,650246976
HON,2025-02-06,650246976
HON,2025-02-07,650246976
HON,2025-02-12,650246976
HON,2025-02-13,650246976
HON,2025-02-15,650246976
HON,2025-02-18,649918976
HON,2025-02-23,649918976
HON,2025-02-25,649918976
HON,2025-02-27,649918976
HON,2025-03-01,649918976
HON,2025-03-04,652585024
HON,2025-03-06,649918976
HON,2025-03-07,649918976
HON,2025-03-08,649918976
HON,2025-03-11,652046016
HON,2025-03-12,649918976
HON,2025-03-13,649918976
HON,2025-03-14,649918976
HON,2025-03-15,649918976
HON,2025-03-18,649918976
HON,2025-03-19,649918976
HON,2025-03-20,649918976
HON,2025-03-22,649918976
HON,2025-03-28,649918976
HON,2025-03-29,649918976
HON,2025-04-02,649918976
HON,2025-04-03,649918976
HON,2025-04-04,649918976
HON,2025-04-05,649918976
HON,2025-04-09,649918976
HON,2025-04-10,643257024
HON,2025-04-11,643257024
HON,2025-04-22,651105984
HON,2025-04-23,643257024
HON,2025-04-24,643257024
HON,2025-04-26,648360000
HON,2025-04-29,643257024
HON,2025-04-30,643257024
HON,2025-05-02,643257024
HON,2025-05-03,643257024
HON,2025-05-06,643257024
HON,2025-05-07,643257024
HON,2025-05-10,647817024
HON,2025-05-17,643257024
HON,2025-05-21,643257024
HON,2025-05-28,643257024
HON,2025-05-29,643257024
HON,2025-06-03,643257024
HON,2025-06-04,643257024
HON,2025-06-06,643257024
HON,2025-06-07,643257024
HON,2025-06-10,643257024
HON,2025-06-11,643257024
HON,2025-06-13,643257024
HON,2025-06-14,643257024
HON,2025-06-17,643830976
HON,2025-06-18,649928000
HON,2025-06-26,643257024
HON,2025-06-27,643257024
HON,2025-06-28,643257024
HON,2025-06-30,643257024
HON,2025-07-01,643257024
HON,2025-07-03,643257024
HON,2025-07-08,643257024
HON,2025-07-10,646166976
HON,2025-07-11,643257024
HON,2025-07-12,643257024
HON,2025-07-16,643257024
HON,2025-07-19,643257024
HON,2025-07-24,643257024
HON,2025-07-25,634897024
HON,2025-07-26,634897024
HON,2025-08-02,634897024
HON,2025-08-05,634897024
HON,2025-08-07,634897024
HON,2025-08-08,642665024
HON,2025-08-09,635689024
HON,2025-08-12,634897024
HON,2025-08-15,634897024
HON,2025-08-16,634897024
HON,2025-08-21,634897024
HON,2025-08-26,634897024
HON,2025-08-30,634897024
HON,2025-09-05,634897024
HON,2025-09-06,637593024
HON,2025-09-10,634897024
HON,2025-09-13,634897024
HON,2025-09-16,634897024
HON,2025-09-17,634896562
HON,2025-09-18,634896562
HON,2025-09-20,634896562
HON,2025-09-23,634896562
HON,2025-09-26,637647679
HON,2025-09-27,634896562
HON,2025-09-30,634896562
HON,2025-10-03,634896562
HON,2025-10-06,640849192
HON,2025-10-07,634896562
HON,2025-10-08,634896562
HON,2025-10-10,634896562
HON,2025-10-15,634896562
HON,2025-10-16,634896562
HON,2025-10-17,634896562
HON,2025-10-21,634896562
HON,2025-10-23,634896562
HON,2025-10-24,634887208
HON,2025-10-25,648193579
HON,2025-10-28,636841527
HON,2025-10-29,634887208
HON,2025-10-31,634887208
HON,2025-11-04,634887208
HON,2025-11-05,634887208
HON,2025-11-06,634887208
HON,2025-11-08,634887208
HON,2025-11-12,634887208
HON,2025-11-13,634887208
HON,2025-11-15,637534698
HON,2025-11-17,673869690
HON,2026-03-11,635675701
HON,2026-04-14,633653119
HON,2026-06-26,316826559
HON,2026-07-25,316940010
CTAS,2019-01-05,105124000
CTAS,2019-01-07,105124000
CTAS,2019-01-09,105124000
CTAS,2019-01-10,104544000
CTAS,2019-01-12,104544000
CTAS,2019-01-14,104544000
CTAS,2019-01-16,104544000
CTAS,2019-01-17,104544000
CTAS,2019-01-20,104544000
CTAS,2019-01-22,104544000
CTAS,2019-01-24,104544000
CTAS,2019-01-25,104544000
CTAS,2019-01-26,104544000
CTAS,2019-01-29,104544000
CTAS,2019-01-30,104544000
CTAS,2019-02-04,104544000
CTAS,2019-02-07,104544000
CTAS,2019-02-11,104544000
CTAS,2019-02-13,104544000
CTAS,2019-02-14,104544000
CTAS,2019-02-15,104544000
CTAS,2019-02-16,104544000
CTAS,2019-02-17,104544000
CTAS,2019-02-19,104544000
CTAS,2019-02-20,104544000
CTAS,2019-02-26,104544000
CTAS,2019-02-28,104544000
CTAS,2019-03-07,104544000
CTAS,2019-03-08,104544000
CTAS,2019-03-10,104544000
CTAS,2019-03-12,104544000
CTAS,2019-03-14,104544000
CTAS,2019-03-17,104544000
CTAS,2019-03-18,104544000
CTAS,2019-03-26,104932000
CTAS,2019-03-27,104932000
CTAS,2019-03-29,104932000
CTAS,2019-03-30,104932000
CTAS,2019-04-01,104932000
CTAS,2019-04-05,104932000
CTAS,2019-04-06,104932000
CTAS,2019-04-09,104932000
CTAS,2019-04-14,104571000
CTAS,2019-04-15,104571000
CTAS,2019-04-17,104571000
CTAS,2019-04-19,104571000
CTAS,2019-04-21,104571000
CTAS,2019-04-29,104571000
CTAS,2019-05-02,104571000
CTAS,2019-05-03,104571000
CTAS,2019-05-05,104571000
CTAS,2019-05-06,104571000
CTAS,2019-05-09,104571000
CTAS,2019-05-10,104571000
CTAS,2019-05-12,104571000
CTAS,2019-05-13,104571000
CTAS,2019-05-19,104571000
CTAS,2019-05-21,104571000
CTAS,2019-05-22,104571000
CTAS,2019-05-24,104571000
CTAS,2019-05-28,104571000
CTAS,2019-06-01,104571000
CTAS,2019-06-03,104571000
CTAS,2019-06-05,104571000
CTAS,2019-06-07,104571000
CTAS,2019-06-10,104571000
CTAS,2019-06-11,104571000
CTAS,2019-06-17,104571000
CTAS,2019-06-18,104571000
CTAS,2019-06-19,104571000
CTAS,2019-06-20,104571000
CTAS,2019-06-21,104571000
CTAS,2019-06-22,104571000
CTAS,2019-06-23,104571000
CTAS,2019-06-24,104571000
CTAS,2019-06-27,104571000
CTAS,2019-07-04,103903000
CTAS,2019-07-06,104571000
CTAS,2019-07-18,103284000
CTAS,2019-07-30,102487000
CTAS,2019-08-09,105316000
CTAS,2019-08-10,102487000
CTAS,2019-08-15,102487000
CTAS,2019-08-22,102414000
CTAS,2019-08-23,102487000
CTAS,2019-08-30,101550000
CTAS,2019-09-02,101858000
CTAS,2019-09-03,102487000
CTAS,2019-09-07,101168000
CTAS,2019-09-09,101567000
CTAS,2019-09-11,102487000
CTAS,2019-09-12,101273000
CTAS,2019-09-13,102691000
CTAS,2019-09-14,102487000
CTAS,2019-09-19,104827000
CTAS,2019-09-20,105562000
CTAS,2019-09-21,104827000
CTAS,2019-09-27,105378000
CTAS,2019-09-28,104827000
CTAS,2019-10-05,104957000
CTAS,2019-10-10,104788000
CTAS,2019-10-11,103500000
CTAS,2019-10-23,103500000
CTAS,2019-11-05,103415000
CTAS,2019-11-07,103500000
CTAS,2019-11-08,100537000
CTAS,2019-11-09,103500000
CTAS,2019-11-14,102056000
CTAS,2019-11-15,105170000
CTAS,2019-11-16,103500000
CTAS,2019-12-18,103512000
CTAS,2019-12-19,103703000
CTAS,2020-01-08,103902000
CTAS,2020-01-09,103626000
CTAS,2020-01-10,105625000
CTAS,2020-01-11,105703000
CTAS,2020-01-12,103703000
CTAS,2020-01-13,105093000
CTAS,2020-01-14,103751000
CTAS,2020-02-07,104573000
CTAS,2020-02-08,103751000
CTAS,2020-02-12,104059000
CTAS,2020-02-13,105034000
CTAS,2020-02-14,103751000
CTAS,2020-03-23,104027000
CTAS,2020-04-02,104050000
CTAS,2020-05-21,103380000
CTAS,2020-05-22,104050000
CTAS,2020-07-27,103415000
CTAS,2020-07-31,103499000
CTAS,2020-08-05,103499000
CTAS,2020-08-28,103499000
CTAS,2020-09-05,103499000
CTAS,2020-09-06,103499000
CTAS,2020-09-17,105547000
CTAS,2020-09-21,105547000
CTAS,2020-10-13,104625000
CTAS,2020-11-26,104625000
CTAS,2020-12-24,104986000
CTAS,2021-01-12,105030000
CTAS,2021-03-17,105030000
CTAS,2021-03-18,105030000
CTAS,2021-03-19,105039000
CTAS,2021-03-24,106086000
CTAS,2021-04-08,105053000
CTAS,2021-04-09,105053000
CTAS,2021-04-10,105053000
CTAS,2021-04-13,104258000
CTAS,2021-04-14,104962000
CTAS,2021-04-23,104779000
CTAS,2021-04-24,103250000
CTAS,2021-04-27,105053000
CTAS,2021-06-19,105053000
CTAS,2021-07-20,104061000
CTAS,2021-07-29,102967000
CTAS,2021-08-27,103519000
CTAS,2021-08-28,102967000
CTAS,2021-09-17,104009000
CTAS,2021-10-11,103408000
CTAS,2021-12-04,104594000
CTAS,2021-12-05,103408000
CTAS,2021-12-28,103664000
CTAS,2022-01-08,103733000
CTAS,2022-01-10,103733000
CTAS,2022-02-11,103733000
CTAS,2022-03-04,104440000
CTAS,2022-03-05,103733000
CTAS,2022-03-09,104723000
CTAS,2022-03-12,103733000
CTAS,2022-03-25,102416000
CTAS,2022-04-11,102325000
CTAS,2022-05-07,103071000
CTAS,2022-05-08,102325000
CTAS,2022-07-15,101711000
CTAS,2022-07-19,104221000
CTAS,2022-07-20,101711000
CTAS,2022-07-30,101188000
CTAS,2022-09-01,101188000
CTAS,2022-09-02,101014000
CTAS,2022-09-10,100728000
CTAS,2022-09-12,101188000
CTAS,2022-09-15,102044000
CTAS,2022-09-17,100591000
CTAS,2022-09-18,102044000
CTAS,2022-10-01,101533000
CTAS,2022-10-04,98328400
CTAS,2022-10-05,101533000
CTAS,2022-10-08,101545000
CTAS,2022-10-21,101545000
CTAS,2022-10-22,101545000
CTAS,2022-12-22,101601000
CTAS,2022-12-23,101601000
CTAS,2023-01-12,101620000
CTAS,2023-03-11,103037000
CTAS,2023-03-18,102268000
CTAS,2023-03-21,101620000
CTAS,2023-03-30,106604000
CTAS,2023-04-01,101672000
CTAS,2023-04-04,102074000
CTAS,2023-04-05,101672000
CTAS,2023-04-06,102386000
CTAS,2023-04-07,101672000
CTAS,2023-04-08,101702000
CTAS,2023-04-13,101702000
CTAS,2023-04-21,102723000
CTAS,2023-04-22,101702000
CTAS,2023-05-03,101702000
CTAS,2023-05-05,101913000
CTAS,2023-05-06,101702000
CTAS,2023-07-12,102379000
CTAS,2023-07-13,101702000
CTAS,2023-07-15,101732000
CTAS,2023-07-19,101744000
CTAS,2023-07-21,101732000
CTAS,2023-07-25,101732000
CTAS,2023-07-26,101732000
CTAS,2023-08-22,101742000
CTAS,2023-09-14,102416000
CTAS,2023-09-27,101927000
CTAS,2023-10-07,101854000
CTAS,2023-10-17,102314000
CTAS,2023-10-18,101854000
CTAS,2023-10-19,103073000
CTAS,2023-10-20,101854000
CTAS,2023-10-21,101854000
CTAS,2023-10-22,101854000
CTAS,2023-10-24,101854000
CTAS,2023-10-25,101854000
CTAS,2023-10-26,101854000
CTAS,2023-10-27,101854000
CTAS,2023-10-28,101854000
CTAS,2023-11-02,101854000
CTAS,2023-11-03,101854000
CTAS,2023-11-04,101854000
CTAS,2023-11-09,101854000
CTAS,2023-11-10,101854000
CTAS,2023-11-11,101854000
CTAS,2023-11-18,101854000
CTAS,2023-11-22,101854000
CTAS,2023-11-25,101854000
CTAS,2023-11-28,101854000
CTAS,2023-11-29,101854000
CTAS,2023-12-01,101854000
CTAS,2023-12-03,101872000
CTAS,2023-12-05,101854000
CTAS,2023-12-06,101854000
CTAS,2023-12-07,101854000
CTAS,2023-12-08,101854000
CTAS,2023-12-09,101854000
CTAS,2023-12-12,101854000
CTAS,2023-12-15,103865000
CTAS,2023-12-16,101854000
CTAS,2023-12-23,101348000
CTAS,2023-12-26,101348000
CTAS,2023-12-27,101348000
CTAS,2023-12-28,101348000
CTAS,2023-12-29,101348000
CTAS,2023-12-30,101348000
CTAS,2024-01-04,101348000
CTAS,2024-01-06,101348000
CTAS,2024-01-10,101371000
CTAS,2024-01-11,101371000
CTAS,2024-01-13,101371000
CTAS,2024-01-17,101371000
CTAS,2024-01-20,101371000
CTAS,2024-01-23,101371000
CTAS,2024-01-24,101371000
CTAS,2024-01-26,101371000
CTAS,2024-01-30,101371000
CTAS,2024-02-01,101371000
CTAS,2024-02-02,101371000
CTAS,2024-02-07,101371000
CTAS,2024-02-08,101371000
CTAS,2024-02-09,101371000
CTAS,2024-02-10,101371000
CTAS,2024-02-14,101371000
CTAS,2024-02-15,101371000
CTAS,2024-02-16,101371000
CTAS,2024-02-17,101371000
CTAS,2024-02-23,101371000
CTAS,2024-02-28,101371000
CTAS,2024-03-02,101371000
CTAS,2024-03-05,101371000
CTAS,2024-03-06,101371000
CTAS,2024-03-08,101371000
CTAS,2024-03-09,101371000
CTAS,2024-03-12,101371000
CTAS,2024-03-13,101371000
CTAS,2024-03-14,101371000
CTAS,2024-03-15,101371000
CTAS,2024-03-16,101371000
CTAS,2024-03-21,101371000
CTAS,2024-03-22,101371000
CTAS,2024-03-26,101371000
CTAS,2024-03-27,101371000
CTAS,2024-03-28,101444000
CTAS,2024-03-29,101444000
CTAS,2024-04-04,101444000
CTAS,2024-04-06,101463000
CTAS,2024-04-09,101463000
CTAS,2024-04-10,101463000
CTAS,2024-04-11,101463000
CTAS,2024-04-12,101463000
CTAS,2024-04-13,101463000
CTAS,2024-04-16,101463000
CTAS,2024-04-18,101463000
CTAS,2024-04-19,101463000
CTAS,2024-04-23,101463000
CTAS,2024-04-24,101463000
CTAS,2024-04-25,101463000
CTAS,2024-04-30,101463000
CTAS,2024-05-03,101463000
CTAS,2024-05-04,101463000
CTAS,2024-05-06,101463000
CTAS,2024-05-08,101463000
CTAS,2024-05-09,101463000
CTAS,2024-05-15,101819000
CTAS,2024-05-16,101463000
CTAS,2024-05-17,101463000
CTAS,2024-05-21,101463000
CTAS,2024-05-22,101463000
CTAS,2024-05-23,101463000
CTAS,2024-05-24,101463000
CTAS,2024-05-25,101463000
CTAS,2024-05-29,101463000
CTAS,2024-06-01,101463000
CTAS,2024-06-04,101463000
CTAS,2024-06-05,101463000
CTAS,2024-06-07,101463000
CTAS,2024-06-12,101463000
CTAS,2024-06-13,101463000
CTAS,2024-06-14,101463000
CTAS,2024-06-15,101463000
CTAS,2024-06-19,101463000
CTAS,2024-06-21,101463000
CTAS,2024-06-25,101463000
CTAS,2024-06-26,101463000
CTAS,2024-06-28,101463000
CTAS,2024-07-02,101463000
CTAS,2024-07-03,101463000
CTAS,2024-07-06,101463000
CTAS,2024-07-09,101463000
CTAS,2024-07-10,101463000
CTAS,2024-07-12,101463000
CTAS,2024-07-13,101463000
CTAS,2024-07-16,101463000
CTAS,2024-07-17,101463000
CTAS,2024-07-18,101463000
CTAS,2024-07-19,101463000
CTAS,2024-07-23,101252000
CTAS,2024-07-24,101252000
CTAS,2024-07-25,101252000
CTAS,2024-07-26,101252000
CTAS,2024-07-27,100769000
CTAS,2024-07-30,100769000
CTAS,2024-07-31,100769000
CTAS,2024-08-03,100769000
CTAS,2024-08-06,100769000
CTAS,2024-08-07,100769000
CTAS,2024-08-08,100769000
CTAS,2024-08-09,100769000
CTAS,2024-08-10,100769000
CTAS,2024-08-13,100769000
CTAS,2024-08-17,100769000
CTAS,2024-08-20,100769000
CTAS,2024-08-23,100769000
CTAS,2024-08-27,100769000
CTAS,2024-08-28,100769000
CTAS,2024-08-29,100769000
CTAS,2024-08-30,100769000
CTAS,2024-09-03,100769000
CTAS,2024-09-04,100769000
CTAS,2024-09-05,100769000
CTAS,2024-09-06,100769000
CTAS,2024-09-07,100769000
CTAS,2024-09-10,100769000
CTAS,2024-09-12,401399008
CTAS,2024-09-13,403076000
CTAS,2024-09-16,408622016
CTAS,2024-09-17,403076000
CTAS,2024-09-18,405409984
CTAS,2024-09-20,403257984
CTAS,2024-09-21,403257984
CTAS,2024-09-24,403257984
CTAS,2024-09-25,403257984
CTAS,2024-09-28,412544992
CTAS,2024-10-01,403257984
CTAS,2024-10-02,403257984
CTAS,2024-10-04,404736992
CTAS,2024-10-05,403299008
CTAS,2024-10-06,403299008
CTAS,2024-10-08,403299008
CTAS,2024-10-10,403299008
CTAS,2024-10-11,403299008
CTAS,2024-10-12,403299008
CTAS,2024-10-14,403299008
CTAS,2024-10-15,403299008
CTAS,2024-10-16,403299008
CTAS,2024-10-17,403299008
CTAS,2024-10-18,403299008
CTAS,2024-10-19,403299008
CTAS,2024-10-24,403299008
CTAS,2024-10-25,404416992
CTAS,2024-10-29,403299008
CTAS,2024-10-30,403299008
CTAS,2024-10-31,405704000
CTAS,2024-11-01,403299008
CTAS,2024-11-02,403299008
CTAS,2024-11-05,403299008
CTAS,2024-11-06,403299008
CTAS,2024-11-07,403299008
CTAS,2024-11-09,403299008
CTAS,2024-11-13,403299008
CTAS,2024-11-15,403299008
CTAS,2024-11-16,403299008
CTAS,2024-11-19,403299008
CTAS,2024-11-21,403299008
CTAS,2024-11-22,403299008
CTAS,2024-11-26,403299008
CTAS,2024-11-30,403299008
CTAS,2024-12-05,403299008
CTAS,2024-12-06,403984992
CTAS,2024-12-10,403299008
CTAS,2024-12-11,403299008
CTAS,2024-12-12,403299008
CTAS,2024-12-18,403299008
CTAS,2024-12-20,403496000
CTAS,2025-01-07,403496000
CTAS,2025-01-09,403544000
CTAS,2025-01-10,403544000
CTAS,2025-01-11,403544000
CTAS,2025-01-14,403544000
CTAS,2025-01-15,403544000
CTAS,2025-01-16,403544000
CTAS,2025-01-17,403544000
CTAS,2025-01-18,403544000
CTAS,2025-01-22,403544000
CTAS,2025-01-23,403544000
CTAS,2025-01-25,403544000
CTAS,2025-01-28,403544000
CTAS,2025-02-01,403544000
CTAS,2025-02-04,406844000
CTAS,2025-02-06,403544000
CTAS,2025-02-08,403544000
CTAS,2025-02-11,403544000
CTAS,2025-02-12,403544000
CTAS,2025-02-15,407041984
CTAS,2025-02-19,403544000
CTAS,2025-02-20,403544000
CTAS,2025-02-21,403544000
CTAS,2025-02-25,403544000
CTAS,2025-02-27,406526016
CTAS,2025-03-01,403544000
CTAS,2025-03-04,403544000
CTAS,2025-03-06,403544000
CTAS,2025-03-08,403544000
CTAS,2025-03-10,408472000
CTAS,2025-03-11,403544000
CTAS,2025-03-18,403544000
CTAS,2025-03-20,403544000
CTAS,2025-03-22,403544000
CTAS,2025-03-26,405859008
CTAS,2025-03-27,403544000
CTAS,2025-04-05,403787008
CTAS,2025-04-08,403787008
CTAS,2025-04-09,403787008
CTAS,2025-04-10,406296992
CTAS,2025-04-11,403787008
CTAS,2025-04-15,403787008
CTAS,2025-04-16,403787008
CTAS,2025-04-17,403787008
CTAS,2025-04-18,403787008
CTAS,2025-04-22,414566016
CTAS,2025-04-23,403787008
CTAS,2025-04-26,406403008
CTAS,2025-04-29,403787008
CTAS,2025-04-30,403787008
CTAS,2025-05-01,403787008
CTAS,2025-05-07,403787008
CTAS,2025-05-09,403787008
CTAS,2025-05-10,404200992
CTAS,2025-05-13,403787008
CTAS,2025-05-14,403787008
CTAS,2025-05-22,403787008
CTAS,2025-05-23,403787008
CTAS,2025-05-24,403787008
CTAS,2025-05-29,404380000
CTAS,2025-05-30,403787008
CTAS,2025-05-31,403787008
CTAS,2025-06-03,403787008
CTAS,2025-06-04,403787008
CTAS,2025-06-05,404160000
CTAS,2025-06-06,404623008
CTAS,2025-06-10,409288000
CTAS,2025-06-11,403787008
CTAS,2025-06-12,403787008
CTAS,2025-06-13,403787008
CTAS,2025-06-14,406679008
CTAS,2025-06-16,403787008
CTAS,2025-06-17,405884992
CTAS,2025-06-18,405436000
CTAS,2025-06-19,403787008
CTAS,2025-06-21,403787008
CTAS,2025-06-26,411080000
CTAS,2025-06-27,403787008
CTAS,2025-06-28,403787008
CTAS,2025-07-01,403787008
CTAS,2025-07-08,408007008
CTAS,2025-07-09,403787008
CTAS,2025-07-11,405886016
CTAS,2025-07-12,403787008
CTAS,2025-07-16,403787008
CTAS,2025-07-18,402948000
CTAS,2025-07-30,402977984
CTAS,2025-07-31,402977984
CTAS,2025-08-02,402977984
CTAS,2025-08-07,404564992
CTAS,2025-08-08,402977984
CTAS,2025-08-12,402977984
CTAS,2025-08-13,402977984
CTAS,2025-08-14,402977984
CTAS,2025-08-15,402977984
CTAS,2025-08-21,402977984
CTAS,2025-08-23,402977984
CTAS,2025-08-27,402977984
CTAS,2025-08-28,402977984
CTAS,2025-08-29,412417984
CTAS,2025-08-30,402977984
CTAS,2025-09-03,402977984
CTAS,2025-09-04,402977984
CTAS,2025-09-05,402977984
CTAS,2025-09-06,402977984
CTAS,2025-09-10,402977984
CTAS,2025-09-11,402977984
CTAS,2025-09-13,402977984
CTAS,2025-09-15,408344992
CTAS,2025-09-17,402977984
CTAS,2025-09-18,402950524
CTAS,2025-09-25,402950524
CTAS,2025-09-26,402950524
CTAS,2025-09-27,402950524
CTAS,2025-09-30,403602643
CTAS,2025-10-01,402950524
CTAS,2025-10-02,402950524
CTAS,2025-10-03,402950524
CTAS,2025-10-06,403547164
CTAS,2025-10-07,402950524
CTAS,2025-10-08,402950524
CTAS,2025-10-10,401866678
CTAS,2025-10-14,401909443
CTAS,2025-10-15,401866678
CTAS,2025-10-16,401866678
CTAS,2025-10-18,401866678
CTAS,2025-10-20,401866678
CTAS,2025-10-24,401866678
CTAS,2025-10-25,401866678
CTAS,2025-10-27,406445930
CTAS,2025-10-28,401866678
CTAS,2025-11-01,401866678
CTAS,2025-11-05,401866678
CTAS,2025-11-06,401866678
CTAS,2025-11-11,401866678
CTAS,2025-11-12,401866678
CTAS,2025-11-13,401866678
CTAS,2025-11-15,404427846
CTAS,2025-11-17,402950524
CTAS,2025-12-23,402948000
CTAS,2026-01-22,401866678
CTAS,2026-03-21,400031927
CTAS,2026-04-09,400087119
CTAS,2026-05-13,400136881
CTAS,2026-07-17,400147000
CTAS,2026-07-31,400169561
CTAS,2026-09-24,399517000
CTAS,2026-09-25,399517000
CTAS,2026-09-26,399517000
CTAS,2026-09-27,399517000
CTAS,2026-09-28,399517000
CTAS,2026-09-29,399517000
CTAS,2026-09-30,399517000
CTAS,2026-10-01,399517000
CTAS,2026-10-02,399517000
CTAS,2026-10-03,399517000
CTAS,2026-10-04,399517000
CTAS,2026-10-05,399517000
CTAS,2026-10-06,399517000
CTAS,2026-10-07,399517000
CTAS,2026-10-08,399517000
CTAS,2026-10-09,399517000
PH,2019-01-05,132349000
PH,2019-01-07,132349000
PH,2019-01-09,132349000
PH,2019-01-10,132349000
PH,2019-01-12,132349000
PH,2019-01-14,132349000
PH,2019-01-16,132349000
PH,2019-01-20,132349000
PH,2019-01-23,132349000
PH,2019-01-25,132349000
PH,2019-01-26,132349000
PH,2019-01-28,132349000
PH,2019-01-30,132349000
PH,2019-02-04,132349000
PH,2019-02-07,132349000
PH,2019-02-10,129365000
PH,2019-02-13,129365000
PH,2019-02-15,129365000
PH,2019-02-17,129365000
PH,2019-02-18,129365000
PH,2019-02-20,129365000
PH,2019-02-28,129365000
PH,2019-03-01,129365000
PH,2019-03-07,129365000
PH,2019-03-09,129365000
PH,2019-03-10,129365000
PH,2019-03-11,129365000
PH,2019-03-14,129365000
PH,2019-03-17,129365000
PH,2019-03-26,129365000
PH,2019-03-29,129365000
PH,2019-04-01,129365000
PH,2019-04-05,129365000
PH,2019-04-09,129365000
PH,2019-04-10,129365000
PH,2019-04-14,129365000
PH,2019-04-17,129365000
PH,2019-04-18,129365000
PH,2019-04-21,129365000
PH,2019-04-22,129365000
PH,2019-04-29,129365000
PH,2019-05-02,129365000
PH,2019-05-05,129365000
PH,2019-05-07,129365000
PH,2019-05-09,129365000
PH,2019-05-10,129365000
PH,2019-05-12,128285000
PH,2019-05-19,128285000
PH,2019-05-22,128285000
PH,2019-05-23,128285000
PH,2019-05-28,128285000
PH,2019-06-03,128285000
PH,2019-06-04,128285000
PH,2019-06-05,128285000
PH,2019-06-06,128285000
PH,2019-06-10,128285000
PH,2019-06-11,128285000
PH,2019-06-12,128285000
PH,2019-06-17,128285000
PH,2019-06-19,128285000
PH,2019-06-21,128285000
PH,2019-06-23,128285000
PH,2019-06-24,128285000
PH,2019-06-26,128285000
PH,2019-07-03,126451000
PH,2019-07-04,128285000
PH,2019-07-05,127479000
PH,2019-07-06,128285000
PH,2019-07-10,126779000
PH,2019-07-11,127029000
PH,2019-07-12,129602000
PH,2019-07-13,128285000
PH,2019-08-05,131223000
PH,2019-08-06,128285000
PH,2019-08-07,132617000
PH,2019-08-08,129211000
PH,2019-08-09,128577000
PH,2019-08-10,128285000
PH,2019-08-23,128575000
PH,2019-08-24,128285000
PH,2019-08-27,128442000
PH,2019-08-30,124639000
PH,2019-09-04,128442000
PH,2019-09-06,124049000
PH,2019-09-09,122726000
PH,2019-09-11,117446000
PH,2019-09-12,130688000
PH,2019-09-13,128442000
PH,2019-09-20,127553000
PH,2019-09-21,128442000
PH,2019-09-25,128499000
PH,2019-10-04,127842000
PH,2019-10-08,128499000
PH,2019-10-21,129354000
PH,2019-10-22,128499000
PH,2019-11-05,120359000
PH,2019-11-06,118716000
PH,2019-11-07,126745000
PH,2019-11-08,128861000
PH,2019-11-09,128465000
PH,2019-11-14,127067000
PH,2019-11-15,127715000
PH,2019-11-16,128465000
PH,2019-12-18,126070000
PH,2019-12-19,128465000
PH,2020-01-08,130240000
PH,2020-01-09,128204000
PH,2020-01-10,128291000
PH,2020-01-11,128552000
PH,2020-01-12,128465000
PH,2020-01-13,127644000
PH,2020-01-14,128465000
PH,2020-02-07,128003000
PH,2020-02-08,128363000
PH,2020-02-12,130079000
PH,2020-02-13,129367000
PH,2020-02-14,128363000
PH,2020-05-08,128217000
PH,2020-05-21,124996000
PH,2020-05-22,128217000
PH,2020-08-28,128217000
PH,2020-08-31,128562000
PH,2020-09-05,133559000
PH,2020-09-06,128562000
PH,2020-09-21,132053000
PH,2020-09-22,128562000
PH,2020-09-30,128798000
PH,2020-11-10,128800000
PH,2020-11-26,128800000
PH,2021-02-06,129081000
PH,2021-02-08,129081000
PH,2021-03-17,131159000
PH,2021-04-23,130657000
PH,2021-04-24,128870000
PH,2021-04-27,129081000
PH,2021-05-08,129056000
PH,2021-05-10,129056000
PH,2021-07-15,130305000
PH,2021-08-26,129101000
PH,2021-08-28,129101000
PH,2021-09-27,128557000
PH,2021-11-09,128515000
PH,2021-11-16,128515000
PH,2021-11-23,128515000
PH,2022-02-04,131877000
PH,2022-02-05,128515000
PH,2022-02-07,128478000
PH,2022-02-12,128478000
PH,2022-03-04,129497000
PH,2022-03-05,128478000
PH,2022-04-23,133068000
PH,2022-05-10,128372000
PH,2022-08-26,128403000
PH,2022-09-01,128403000
PH,2022-09-02,127132000
PH,2022-09-10,126456000
PH,2022-09-12,128403000
PH,2022-09-17,132076000
PH,2022-09-18,128403000
PH,2022-10-01,128461000
PH,2022-10-21,131263000
PH,2022-10-22,128461000
PH,2022-11-09,128406000
PH,2023-02-08,128266000
PH,2023-03-11,132988000
PH,2023-03-18,132086000
PH,2023-03-22,128266000
PH,2023-03-30,130783000
PH,2023-04-01,128266000
PH,2023-04-06,131573000
PH,2023-04-07,128266000
PH,2023-04-13,130904000
PH,2023-04-14,128266000
PH,2023-05-04,128980000
PH,2023-05-05,128266000
PH,2023-05-10,128296000
PH,2023-05-11,133096000
PH,2023-05-12,129201000
PH,2023-05-13,129441000
PH,2023-05-17,128296000
PH,2023-06-06,129570000
PH,2023-07-12,130276000
PH,2023-07-13,128296000
PH,2023-08-21,128296000
PH,2023-08-26,128431000
PH,2023-08-29,128431000
PH,2023-09-26,128510000
PH,2023-10-03,129937000
PH,2023-10-04,128510000
PH,2023-10-11,128510000
PH,2023-10-12,128510000
PH,2023-10-13,128642000
PH,2023-10-14,133069000
PH,2023-10-17,128510000
PH,2023-10-18,128510000
PH,2023-10-19,128510000
PH,2023-10-23,128510000
PH,2023-10-25,128510000
PH,2023-11-01,128510000
PH,2023-11-04,129595000
PH,2023-11-07,128510000
PH,2023-11-08,128510000
PH,2023-11-09,128476000
PH,2023-11-14,128476000
PH,2023-11-16,128476000
PH,2023-11-18,128476000
PH,2023-11-21,128476000
PH,2023-11-22,128476000
PH,2023-11-23,128476000
PH,2023-11-25,128476000
PH,2023-11-29,128476000
PH,2023-11-30,128476000
PH,2023-12-02,128476000
PH,2023-12-06,129457000
PH,2023-12-08,128476000
PH,2023-12-13,128476000
PH,2023-12-15,128476000
PH,2023-12-19,128476000
PH,2023-12-20,128476000
PH,2023-12-22,128476000
PH,2023-12-23,128476000
PH,2023-12-26,128476000
PH,2023-12-27,128476000
PH,2023-12-30,128476000
PH,2024-01-06,128476000
PH,2024-01-09,128476000
PH,2024-01-10,128476000
PH,2024-01-11,128476000
PH,2024-01-12,128476000
PH,2024-01-13,128476000
PH,2024-01-17,128476000
PH,2024-01-19,128476000
PH,2024-01-23,128476000
PH,2024-01-31,128476000
PH,2024-02-01,128476000
PH,2024-02-03,128476000
PH,2024-02-07,128411000
PH,2024-02-09,128411000
PH,2024-02-10,128411000
PH,2024-02-13,128411000
PH,2024-02-14,128411000
PH,2024-02-16,128411000
PH,2024-02-17,128411000
PH,2024-02-21,128411000
PH,2024-02-22,128411000
PH,2024-02-24,128411000
PH,2024-02-28,128411000
PH,2024-03-05,128411000
PH,2024-03-06,128411000
PH,2024-03-08,128411000
PH,2024-03-12,128411000
PH,2024-03-15,128411000
PH,2024-03-16,128411000
PH,2024-03-19,128411000
PH,2024-03-21,128411000
PH,2024-03-22,128411000
PH,2024-03-23,128411000
PH,2024-03-26,128411000
PH,2024-03-27,128411000
PH,2024-03-28,128933000
PH,2024-03-29,128411000
PH,2024-04-04,128411000
PH,2024-04-05,128411000
PH,2024-04-09,128411000
PH,2024-04-10,128411000
PH,2024-04-13,128411000
PH,2024-04-16,128411000
PH,2024-04-17,128411000
PH,2024-04-20,128411000
PH,2024-04-23,128411000
PH,2024-04-25,128411000
PH,2024-04-30,128411000
PH,2024-05-01,128411000
PH,2024-05-02,128411000
PH,2024-05-07,128541000
PH,2024-05-09,128541000
PH,2024-05-10,128541000
PH,2024-05-11,128541000
PH,2024-05-15,128922000
PH,2024-05-16,128541000
PH,2024-05-17,128541000
PH,2024-05-18,128541000
PH,2024-05-21,128807000
PH,2024-05-22,128541000
PH,2024-05-23,128541000
PH,2024-05-24,128541000
PH,2024-05-25,128541000
PH,2024-05-30,128541000
PH,2024-06-01,128541000
PH,2024-06-04,128541000
PH,2024-06-05,128541000
PH,2024-06-06,128541000
PH,2024-06-07,128541000
PH,2024-06-11,128541000
PH,2024-06-12,128541000
PH,2024-06-15,135079008
PH,2024-06-18,128541000
PH,2024-06-21,128541000
PH,2024-06-27,128541000
PH,2024-06-28,128541000
PH,2024-07-03,128541000
PH,2024-07-06,128541000
PH,2024-07-10,128541000
PH,2024-07-16,128541000
PH,2024-07-17,128541000
PH,2024-07-18,131015000
PH,2024-07-19,128541000
PH,2024-07-20,128541000
PH,2024-07-24,128541000
PH,2024-07-26,128541000
PH,2024-08-01,128541000
PH,2024-08-02,128541000
PH,2024-08-08,128541000
PH,2024-08-10,128541000
PH,2024-08-13,128541000
PH,2024-08-17,128541000
PH,2024-08-23,128596000
PH,2024-08-27,129155000
PH,2024-08-29,129051000
PH,2024-09-04,134150000
PH,2024-09-06,128987000
PH,2024-09-07,128596000
PH,2024-09-08,128596000
PH,2024-09-11,128596000
PH,2024-09-12,128596000
PH,2024-09-16,128596000
PH,2024-09-17,128596000
PH,2024-09-18,128596000
PH,2024-09-20,128596000
PH,2024-09-21,128670000
PH,2024-09-25,128670000
PH,2024-09-27,128670000
PH,2024-09-28,128670000
PH,2024-10-01,128670000
PH,2024-10-03,128670000
PH,2024-10-04,128915000
PH,2024-10-08,128670000
PH,2024-10-09,128670000
PH,2024-10-15,128670000
PH,2024-10-16,128670000
PH,2024-10-17,128670000
PH,2024-10-18,129147000
PH,2024-10-19,128670000
PH,2024-10-22,128670000
PH,2024-10-23,128670000
PH,2024-10-24,128670000
PH,2024-10-25,130318000
PH,2024-10-29,128670000
PH,2024-10-31,128839000
PH,2024-11-01,128670000
PH,2024-11-05,128670000
PH,2024-11-06,128720000
PH,2024-11-07,128720000
PH,2024-11-08,132395000
PH,2024-11-12,128720000
PH,2024-11-14,128720000
PH,2024-11-15,128720000
PH,2024-11-16,128720000
PH,2024-11-19,130066000
PH,2024-11-20,128720000
PH,2024-11-23,128720000
PH,2024-11-27,128720000
PH,2024-12-03,128720000
PH,2024-12-04,128720000
PH,2024-12-05,128720000
PH,2024-12-06,129050000
PH,2024-12-11,130253000
PH,2024-12-13,129441000
PH,2024-12-14,128720000
PH,2024-12-18,128720000
PH,2024-12-19,128720000
PH,2024-12-20,128720000
PH,2024-12-21,128720000
PH,2024-12-24,128720000
PH,2024-12-25,128720000
PH,2024-12-31,128720000
PH,2025-01-01,128720000
PH,2025-01-03,128720000
PH,2025-01-08,128720000
PH,2025-01-11,131062000
PH,2025-01-14,128720000
PH,2025-01-15,128720000
PH,2025-01-16,128720000
PH,2025-01-18,128720000
PH,2025-01-22,128720000
PH,2025-01-23,128720000
PH,2025-01-24,128720000
PH,2025-01-25,128720000
PH,2025-01-29,128720000
PH,2025-01-31,128720000
PH,2025-02-01,128765000
PH,2025-02-07,128765000
PH,2025-02-08,128765000
PH,2025-02-15,128765000
PH,2025-02-25,128765000
PH,2025-03-01,128765000
PH,2025-03-04,128765000
PH,2025-03-05,128765000
PH,2025-03-06,128765000
PH,2025-03-07,128765000
PH,2025-03-08,128765000
PH,2025-03-10,134740000
PH,2025-03-11,128765000
PH,2025-03-12,128765000
PH,2025-03-14,128765000
PH,2025-03-19,128765000
PH,2025-03-21,128765000
PH,2025-03-22,129307000
PH,2025-03-25,128765000
PH,2025-03-26,128765000
PH,2025-03-27,131078000
PH,2025-03-28,128765000
PH,2025-04-01,128765000
PH,2025-04-03,128765000
PH,2025-04-05,128765000
PH,2025-04-10,128765000
PH,2025-04-11,128765000
PH,2025-04-15,128765000
PH,2025-04-16,128765000
PH,2025-04-17,128765000
PH,2025-04-22,131990000
PH,2025-04-23,128765000
PH,2025-04-24,128765000
PH,2025-04-26,128765000
PH,2025-04-29,128765000
PH,2025-04-30,128765000
PH,2025-05-02,128765000
PH,2025-05-03,128765000
PH,2025-05-07,128765000
PH,2025-05-08,127778000
PH,2025-05-14,127778000
PH,2025-05-15,127778000
PH,2025-05-16,127778000
PH,2025-05-20,127778000
PH,2025-05-24,127778000
PH,2025-05-27,127778000
PH,2025-05-28,127778000
PH,2025-05-29,128662000
PH,2025-05-30,127778000
PH,2025-05-31,127778000
PH,2025-06-03,127778000
PH,2025-06-04,127778000
PH,2025-06-05,127778000
PH,2025-06-06,128390000
PH,2025-06-07,127778000
PH,2025-06-10,127778000
PH,2025-06-11,127778000
PH,2025-06-12,127778000
PH,2025-06-14,130273000
PH,2025-06-17,129665000
PH,2025-06-18,127778000
PH,2025-06-21,127778000
PH,2025-06-25,127778000
PH,2025-06-26,128108000
PH,2025-06-27,127778000
PH,2025-06-28,127778000
PH,2025-07-01,127778000
PH,2025-07-02,127778000
PH,2025-07-03,127778000
PH,2025-07-08,130049000
PH,2025-07-09,127778000
PH,2025-07-10,127778000
PH,2025-07-11,127778000
PH,2025-07-12,127778000
PH,2025-07-15,127778000
PH,2025-07-16,127778000
PH,2025-07-18,127778000
PH,2025-07-22,127778000
PH,2025-07-23,127778000
PH,2025-07-24,127778000
PH,2025-07-25,127778000
PH,2025-08-01,127778000
PH,2025-08-02,127778000
PH,2025-08-05,127778000
PH,2025-08-06,127778000
PH,2025-08-07,131031000
PH,2025-08-09,127778000
PH,2025-08-13,127778000
PH,2025-08-16,127778000
PH,2025-08-22,127778000
PH,2025-08-23,126682000
PH,2025-08-25,126682000
PH,2025-08-26,126682000
PH,2025-08-27,126682000
PH,2025-08-28,126682000
PH,2025-08-30,127932000
PH,2025-09-03,126682000
PH,2025-09-04,126682000
PH,2025-09-05,126682000
PH,2025-09-06,126682000
PH,2025-09-09,126682000
PH,2025-09-11,126682000
PH,2025-09-16,126682000
PH,2025-09-17,126682154
PH,2025-09-18,126682154
PH,2025-09-19,126682154
PH,2025-09-20,126544072
PH,2025-09-26,126544072
PH,2025-10-08,126544072
PH,2025-11-01,126792959
PH,2025-11-07,126544072
PH,2025-11-08,126544072
PH,2025-11-11,126186699
PH,2025-11-13,126186699
PH,2025-11-14,126186699
PH,2025-11-15,127701940
PH,2025-11-17,126544073
PH,2026-01-31,126216529
PH,2026-05-05,126086389
PH,2026-08-25,126047469
PH,2026-09-19,126112415
COST,2019-01-05,440489984
COST,2019-01-07,440489984
COST,2019-01-09,440489984
COST,2019-01-10,440489984
COST,2019-01-12,440489984
COST,2019-01-14,440489984
COST,2019-01-16,440489984
COST,2019-01-17,440489984
COST,2019-01-20,440489984
COST,2019-01-22,440489984
COST,2019-01-24,440489984
COST,2019-01-25,440489984
COST,2019-01-26,440489984
COST,2019-01-28,440489984
COST,2019-01-29,440489984
COST,2019-01-30,440489984
COST,2019-02-04,440489984
COST,2019-02-07,440489984
COST,2019-02-10,440489984
COST,2019-02-11,440489984
COST,2019-02-13,440489984
COST,2019-02-14,440489984
COST,2019-02-15,440489984
COST,2019-02-16,440489984
COST,2019-02-17,440489984
COST,2019-02-19,440489984
COST,2019-02-20,440489984
COST,2019-02-26,440489984
COST,2019-02-28,440489984
COST,2019-03-07,440489984
COST,2019-03-08,440489984
COST,2019-03-10,439988992
COST,2019-03-14,439988992
COST,2019-03-17,439880000
COST,2019-03-18,439880000
COST,2019-03-26,439880000
COST,2019-03-27,439880000
COST,2019-03-29,439880000
COST,2019-03-30,439880000
COST,2019-04-01,439880000
COST,2019-04-05,439880000
COST,2019-04-06,439880000
COST,2019-04-09,439880000
COST,2019-04-14,439880000
COST,2019-04-15,439880000
COST,2019-04-17,439880000
COST,2019-04-19,439880000
COST,2019-04-21,439880000
COST,2019-04-29,439880000
COST,2019-05-02,439880000
COST,2019-05-03,439880000
COST,2019-05-05,439880000
COST,2019-05-06,439880000
COST,2019-05-09,439880000
COST,2019-05-10,439880000
COST,2019-05-12,439880000
COST,2019-05-13,439880000
COST,2019-05-19,439880000
COST,2019-05-21,439880000
COST,2019-05-22,439880000
COST,2019-05-24,439880000
COST,2019-05-28,439880000
COST,2019-06-01,439880000
COST,2019-06-03,439880000
COST,2019-06-05,439880000
COST,2019-06-07,439880000
COST,2019-06-10,439811008
COST,2019-06-11,439811008
COST,2019-06-17,439811008
COST,2019-06-21,439811008
COST,2019-06-23,439811008
COST,2019-06-27,439788992
COST,2019-07-05,433792000
COST,2019-07-06,439788992
COST,2019-08-30,436704992
COST,2019-09-02,439385984
COST,2019-09-03,439788992
COST,2019-09-07,436516000
COST,2019-09-09,426759008
COST,2019-09-12,439788992
COST,2019-09-13,438579008
COST,2019-09-14,439788992
COST,2019-09-20,432871008
COST,2019-09-21,439788992
COST,2019-09-27,439408000
COST,2019-09-28,439788992
COST,2019-10-05,433870016
COST,2019-10-10,439624992
COST,2019-10-15,439656992
COST,2019-10-23,438036000
COST,2019-11-05,441172000
COST,2019-11-07,439656992
COST,2019-11-08,452084000
COST,2019-11-09,439656992
COST,2019-11-14,443168000
COST,2019-11-15,442110016
COST,2019-11-16,439656992
COST,2019-12-12,441784000
COST,2019-12-16,441777984
COST,2019-12-18,444864000
COST,2019-12-19,441777984
COST,2019-12-25,441758016
COST,2020-01-08,441272992
COST,2020-01-09,441060992
COST,2020-01-10,446118016
COST,2020-01-11,446822016
COST,2020-01-12,441758016
COST,2020-01-13,445580000
COST,2020-01-14,441758016
COST,2020-02-07,444131008
COST,2020-02-08,441758016
COST,2020-02-12,437379008
COST,2020-02-13,448071008
COST,2020-02-14,441758016
COST,2020-03-10,441622016
COST,2020-03-16,441580000
COST,2020-03-19,441580000
COST,2020-03-20,441580000
COST,2020-05-01,441580000
COST,2020-05-04,441580000
COST,2020-05-08,441580000
COST,2020-05-09,441580000
COST,2020-05-21,441174016
COST,2020-05-22,441580000
COST,2020-06-01,441523008
COST,2020-06-08,441524000
COST,2020-08-03,441524000
COST,2020-08-05,441524000
COST,2020-08-28,441524000
COST,2020-08-31,441524000
COST,2020-09-05,441524000
COST,2020-09-06,441524000
COST,2020-09-21,445360992
COST,2020-09-28,441255008
COST,2020-10-09,441228000
COST,2020-11-26,441228000
COST,2020-12-12,442955008
COST,2020-12-18,442955008
COST,2021-03-06,442654016
COST,2021-03-08,442654016
COST,2021-03-12,442534016
COST,2021-03-17,447793984
COST,2021-03-18,442534016
COST,2021-04-10,440108992
COST,2021-04-13,440592992
COST,2021-04-23,445907008
COST,2021-04-24,443494016
COST,2021-04-27,442534016
COST,2021-05-29,442140992
COST,2021-05-31,442140992
COST,2021-06-04,442068992
COST,2021-09-21,450271008
COST,2021-09-22,442068992
COST,2021-09-27,441824992
COST,2021-10-08,441824000
COST,2021-12-14,443433984
COST,2021-12-24,443432000
COST,2022-02-11,443432000
COST,2022-03-09,443279008
COST,2022-03-12,443224000
COST,2022-03-15,444463008
COST,2022-03-16,443224000
COST,2022-03-24,447544000
COST,2022-03-25,443224000
COST,2022-04-27,454790016
COST,2022-04-28,443224000
COST,2022-05-04,443953984
COST,2022-05-06,443224000
COST,2022-05-31,443028992
COST,2022-06-07,442963008
COST,2022-06-14,442963008
COST,2022-09-02,442963008
COST,2022-09-22,448756992
COST,2022-09-23,442963008
COST,2022-10-01,442664000
COST,2022-10-04,437604992
COST,2022-10-05,442664000
COST,2022-10-06,442604000
COST,2022-10-18,433526016
COST,2022-10-19,442604000
COST,2022-10-21,449091008
COST,2022-10-22,442604000
COST,2022-12-07,449503008
COST,2022-12-08,442604000
COST,2022-12-09,443864000
COST,2022-12-14,443840992
COST,2022-12-31,443728992
COST,2023-02-04,451168000
COST,2023-02-05,443728992
COST,2023-03-04,453467008
COST,2023-03-05,443728992
COST,2023-03-08,443550016
COST,2023-03-11,443483008
COST,2023-03-18,443673984
COST,2023-03-21,443483008
COST,2023-03-23,446668000
COST,2023-03-24,443483008
COST,2023-04-01,448347008
COST,2023-04-05,444108000
COST,2023-04-07,443483008
COST,2023-04-21,452022016
COST,2023-04-22,443483008
COST,2023-04-25,447924000
COST,2023-05-11,444486016
COST,2023-05-12,443483008
COST,2023-05-27,443222016
COST,2023-06-02,443148000
COST,2023-06-23,443216992
COST,2023-06-24,443148000
COST,2023-07-12,445360000
COST,2023-07-13,443148000
COST,2023-07-19,443652992
COST,2023-07-21,443148000
COST,2023-08-22,443148000
COST,2023-09-27,447684000
COST,2023-09-30,442792992
COST,2023-10-04,442792992
COST,2023-10-06,442792992
COST,2023-10-10,442792992
COST,2023-10-11,442792992
COST,2023-10-13,442740992
COST,2023-10-14,442740992
COST,2023-10-15,442740992
COST,2023-10-17,442740992
COST,2023-10-19,442740992
COST,2023-10-20,449792992
COST,2023-10-21,442740992
COST,2023-10-25,443102016
COST,2023-11-01,442740992
COST,2023-11-04,442740992
COST,2023-11-07,442740992
COST,2023-11-09,444668000
COST,2023-11-10,442740992
COST,2023-11-29,442740992
COST,2023-11-30,442740992
COST,2023-12-01,442740992
COST,2023-12-02,442740992
COST,2023-12-03,442763008
COST,2023-12-05,442740992
COST,2023-12-07,442740992
COST,2023-12-09,442740992
COST,2023-12-12,443830016
COST,2023-12-13,443830016
COST,2023-12-14,443830016
COST,2023-12-15,451310016
COST,2023-12-16,443787008
COST,2023-12-22,443728000
COST,2023-12-26,443728000
COST,2023-12-28,443728000
COST,2023-12-29,443728000
COST,2024-01-02,443728000
COST,2024-01-10,443728000
COST,2024-01-11,443728000
COST,2024-01-16,443728000
COST,2024-01-20,443728000
COST,2024-01-23,445304992
COST,2024-01-24,443728000
COST,2024-01-30,443728000
COST,2024-02-02,443728000
COST,2024-02-03,443728000
COST,2024-02-08,443728000
COST,2024-02-09,443728000
COST,2024-02-10,444256000
COST,2024-02-13,443728000
COST,2024-02-16,443728000
COST,2024-02-17,443728000
COST,2024-02-22,443728000
COST,2024-02-24,443728000
COST,2024-02-28,443728000
COST,2024-03-01,443728000
COST,2024-03-02,443728000
COST,2024-03-04,443823008
COST,2024-03-05,443728000
COST,2024-03-09,443548992
COST,2024-03-12,443548992
COST,2024-03-15,443504000
COST,2024-03-16,447708992
COST,2024-03-19,443504000
COST,2024-03-20,443504000
COST,2024-03-21,443504000
COST,2024-03-22,443504000
COST,2024-03-23,443504000
COST,2024-03-26,443504000
COST,2024-03-28,443504000
COST,2024-03-29,443504000
COST,2024-04-02,443504000
COST,2024-04-03,443504000
COST,2024-04-04,447030016
COST,2024-04-09,444276000
COST,2024-04-10,443504000
COST,2024-04-12,443504000
COST,2024-04-13,443504000
COST,2024-04-16,443504000
COST,2024-04-17,444824000
COST,2024-04-18,443504000
COST,2024-04-20,443504000
COST,2024-04-23,443504000
COST,2024-04-25,443504000
COST,2024-04-26,443504000
COST,2024-04-27,443504000
COST,2024-04-30,445244000
COST,2024-05-04,443504000
COST,2024-05-09,443504000
COST,2024-05-10,443504000
COST,2024-05-11,443504000
COST,2024-05-14,443504000
COST,2024-05-17,443504000
COST,2024-05-18,443504000
COST,2024-05-23,443504000
COST,2024-05-24,446577984
COST,2024-05-29,443504000
COST,2024-05-31,443504000
COST,2024-06-01,443374016
COST,2024-06-07,443335008
COST,2024-06-11,443335008
COST,2024-06-12,443335008
COST,2024-06-13,443335008
COST,2024-06-14,443335008
COST,2024-06-15,443335008
COST,2024-06-18,443335008
COST,2024-06-19,443335008
COST,2024-06-21,447607008
COST,2024-06-25,443335008
COST,2024-06-28,443335008
COST,2024-06-29,443335008
COST,2024-07-02,443335008
COST,2024-07-03,443335008
COST,2024-07-06,443335008
COST,2024-07-10,444608000
COST,2024-07-11,443335008
COST,2024-07-13,443335008
COST,2024-07-17,443335008
COST,2024-07-18,445719008
COST,2024-07-19,443335008
COST,2024-07-20,443335008
COST,2024-07-24,443335008
COST,2024-07-26,443335008
COST,2024-07-31,443335008
COST,2024-08-02,443335008
COST,2024-08-03,443335008
COST,2024-08-06,443335008
COST,2024-08-09,443335008
COST,2024-08-10,443335008
COST,2024-08-13,443335008
COST,2024-08-15,443335008
COST,2024-08-17,443335008
COST,2024-08-21,443335008
COST,2024-08-22,443335008
COST,2024-08-23,443335008
COST,2024-08-24,443335008
COST,2024-08-28,443335008
COST,2024-08-29,443335008
COST,2024-09-04,443335008
COST,2024-09-05,443335008
COST,2024-09-06,443335008
COST,2024-09-07,443335008
COST,2024-09-10,443335008
COST,2024-09-11,443335008
COST,2024-09-12,443335008
COST,2024-09-16,447304992
COST,2024-09-17,443335008
COST,2024-09-18,448572000
COST,2024-09-24,443335008
COST,2024-09-25,443335008
COST,2024-09-28,451435008
COST,2024-10-04,444572992
COST,2024-10-10,443073984
COST,2024-10-12,445296992
COST,2024-10-16,443296000
COST,2024-10-17,443073984
COST,2024-10-18,443073984
COST,2024-10-22,443073984
COST,2024-10-25,447025984
COST,2024-10-29,445056992
COST,2024-10-30,443073984
COST,2024-10-31,443073984
COST,2024-11-01,443073984
COST,2024-11-02,443073984
COST,2024-11-05,443073984
COST,2024-11-06,443073984
COST,2024-11-09,443073984
COST,2024-11-13,443073984
COST,2024-11-15,443073984
COST,2024-11-16,443073984
COST,2024-11-19,443073984
COST,2024-11-20,443073984
COST,2024-11-22,443073984
COST,2024-11-26,443073984
COST,2024-11-28,443073984
COST,2024-12-04,443073984
COST,2024-12-05,443073984
COST,2024-12-06,443073984
COST,2024-12-11,443073984
COST,2024-12-12,443960000
COST,2024-12-13,446790016
COST,2024-12-14,443942016
COST,2024-12-20,443899008
COST,2024-12-21,444239008
COST,2024-12-25,443899008
COST,2024-12-27,443899008
COST,2024-12-28,443899008
COST,2024-12-31,443899008
COST,2025-01-07,443899008
COST,2025-01-11,443899008
COST,2025-01-14,449775008
COST,2025-01-17,443899008
COST,2025-01-18,443899008
COST,2025-01-25,443899008
COST,2025-01-30,443899008
COST,2025-01-31,443899008
COST,2025-02-04,455655008
COST,2025-02-06,443899008
COST,2025-02-07,443899008
COST,2025-02-08,446952000
COST,2025-02-11,443899008
COST,2025-02-12,443899008
COST,2025-02-13,443899008
COST,2025-02-15,443899008
COST,2025-02-19,443899008
COST,2025-02-20,443899008
COST,2025-02-21,443899008
COST,2025-02-25,443899008
COST,2025-02-26,443899008
COST,2025-02-27,454088992
COST,2025-03-04,444644992
COST,2025-03-07,443899008
COST,2025-03-08,443729984
COST,2025-03-10,457928992
COST,2025-03-11,443729984
COST,2025-03-14,443683008
COST,2025-03-18,443683008
COST,2025-03-22,443683008
COST,2025-03-25,443683008
COST,2025-03-26,443683008
COST,2025-03-27,443927008
COST,2025-03-28,443683008
COST,2025-04-01,443683008
COST,2025-04-02,443683008
COST,2025-04-05,443683008
COST,2025-04-09,443683008
COST,2025-04-10,444088000
COST,2025-04-11,443683008
COST,2025-04-12,443683008
COST,2025-04-17,443683008
COST,2025-04-18,443683008
COST,2025-04-22,460697984
COST,2025-04-23,443683008
COST,2025-04-24,443683008
COST,2025-04-25,443683008
COST,2025-04-29,443683008
COST,2025-04-30,443683008
COST,2025-05-02,443683008
COST,2025-05-06,443683008
COST,2025-05-07,443683008
COST,2025-05-09,443683008
COST,2025-05-13,443683008
COST,2025-05-17,443683008
COST,2025-05-21,443683008
COST,2025-05-22,443683008
COST,2025-05-24,443683008
COST,2025-05-27,443683008
COST,2025-05-29,445720000
COST,2025-05-30,443683008
COST,2025-05-31,443519008
COST,2025-06-03,443519008
COST,2025-06-04,443519008
COST,2025-06-05,445164000
COST,2025-06-06,443476992
COST,2025-06-10,443476992
COST,2025-06-14,449075008
COST,2025-06-16,446112992
COST,2025-06-17,446488992
COST,2025-06-18,444760000
COST,2025-06-19,443476992
COST,2025-06-21,443476992
COST,2025-06-24,443476992
COST,2025-06-26,450391008
COST,2025-06-27,443476992
COST,2025-07-01,443476992
COST,2025-07-08,446328992
COST,2025-07-09,443476992
COST,2025-07-10,445169984
COST,2025-07-11,443476992
COST,2025-07-17,443476992
COST,2025-07-18,443476992
COST,2025-07-19,444856992
COST,2025-07-22,443476992
COST,2025-07-25,443476992
COST,2025-07-26,443476992
COST,2025-07-31,443476992
COST,2025-08-01,443476992
COST,2025-08-02,443476992
COST,2025-08-06,443476992
COST,2025-08-08,443476992
COST,2025-08-09,443476992
COST,2025-08-12,443476992
COST,2025-08-14,443476992
COST,2025-08-15,443476992
COST,2025-08-16,443476992
COST,2025-08-26,443476992
COST,2025-08-27,443476992
COST,2025-08-28,443476992
COST,2025-08-29,445616992
COST,2025-08-30,444248000
COST,2025-09-04,443476992
COST,2025-09-10,443476992
COST,2025-09-12,443476992
COST,2025-09-13,443476992
COST,2025-09-17,443477086
COST,2025-09-18,443477086
COST,2025-09-20,444036584
COST,2025-09-23,443477086
COST,2025-09-24,443477086
COST,2025-09-25,443477086
COST,2025-09-26,443477086
COST,2025-09-27,443237000
COST,2025-10-06,443910053
COST,2025-10-07,443237000
COST,2025-10-09,443179176
COST,2025-10-14,443179176
COST,2025-10-15,443179176
COST,2025-10-16,443179176
COST,2025-10-20,443283330
COST,2025-10-22,443179176
COST,2025-10-23,443179176
COST,2025-10-24,447890813
COST,2025-10-25,443179176
COST,2025-10-27,444270621
COST,2025-10-28,443179176
COST,2025-10-29,443179176
COST,2025-10-30,443179176
COST,2025-11-01,443179176
COST,2025-11-11,443179176
COST,2025-11-12,443179176
COST,2025-11-15,444187515
COST,2025-11-17,443477086
COST,2025-12-09,443957682
COST,2025-12-13,443919000
COST,2025-12-19,443957683
COST,2026-03-11,443692000
COST,2026-03-20,443869411
COST,2026-04-23,443652540
COST,2026-05-30,443652540
COST,2026-06-05,443478804
COST,2026-09-26,443266000
COST,2026-09-27,443266000
COST,2026-09-28,443266000
COST,2026-09-29,443266000
COST,2026-09-30,443266000
COST,2026-10-01,443266000
COST,2026-10-02,443266000
COST,2026-10-03,443266000
COST,2026-10-04,443266000
COST,2026-10-05,443266000
COST,2026-10-06,443266000
COST,2026-10-07,443266000
COST,2026-10-08,443266000
COST,2026-10-09,443129349
WMT,2019-01-05,2905260032
WMT,2019-01-07,2905260032
WMT,2019-01-09,2905260032
WMT,2019-01-10,2905260032
WMT,2019-01-12,2905260032
WMT,2019-01-14,2905260032
WMT,2019-01-17,2905260032
WMT,2019-01-22,2905260032
WMT,2019-01-25,2905260032
WMT,2019-01-26,2905260032
WMT,2019-01-28,2905260032
WMT,2019-01-30,2905260032
WMT,2019-02-04,2905260032
WMT,2019-02-07,2905260032
WMT,2019-02-10,2905260032
WMT,2019-02-13,2905260032
WMT,2019-02-15,2905260032
WMT,2019-02-17,2905260032
WMT,2019-02-20,2905260032
WMT,2019-02-28,2905260032
WMT,2019-03-07,2905260032
WMT,2019-03-10,2905260032
WMT,2019-03-11,2905260032
WMT,2019-03-14,2905260032
WMT,2019-03-17,2905260032
WMT,2019-03-26,2905260032
WMT,2019-03-29,2905260032
WMT,2019-04-01,2869680128
WMT,2019-04-02,2869680128
WMT,2019-04-05,2869680128
WMT,2019-04-09,2869680128
WMT,2019-04-11,2869680128
WMT,2019-04-14,2869680128
WMT,2019-04-15,2869680128
WMT,2019-04-17,2869680128
WMT,2019-04-19,2869680128
WMT,2019-04-21,2869680128
WMT,2019-04-23,2869680128
WMT,2019-04-29,2867120128
WMT,2019-05-01,2867120128
WMT,2019-05-02,2867120128
WMT,2019-05-03,2867120128
WMT,2019-05-05,2867120128
WMT,2019-05-07,2867120128
WMT,2019-05-09,2867120128
WMT,2019-05-11,2867120128
WMT,2019-05-12,2867120128
WMT,2019-05-13,2867120128
WMT,2019-05-19,2867120128
WMT,2019-05-20,2867120128
WMT,2019-05-22,2867120128
WMT,2019-05-23,2867120128
WMT,2019-05-28,2867120128
WMT,2019-06-01,2867120128
WMT,2019-06-03,2867120128
WMT,2019-06-04,2867120128
WMT,2019-06-05,2867120128
WMT,2019-06-06,2867120128
WMT,2019-06-10,2854720000
WMT,2019-06-11,2854720000
WMT,2019-06-12,2854720000
WMT,2019-06-17,2854720000
WMT,2019-06-19,2854720000
WMT,2019-06-21,2854720000
WMT,2019-06-23,2854720000
WMT,2019-06-24,2854720000
WMT,2019-06-26,2854720000
WMT,2019-07-05,2836420096
WMT,2019-07-06,2854720000
WMT,2019-07-10,2864890112
WMT,2019-07-11,2857250048
WMT,2019-07-12,2878469888
WMT,2019-07-13,2854720000
WMT,2019-08-05,2854200064
WMT,2019-08-06,2854720000
WMT,2019-08-07,2951300096
WMT,2019-08-08,2918929920
WMT,2019-08-09,2863160064
WMT,2019-08-10,2854720000
WMT,2019-08-30,2820689920
WMT,2019-09-02,2816250112
WMT,2019-09-04,2854720000
WMT,2019-09-06,2825540096
WMT,2019-09-09,2843030016
WMT,2019-09-11,2810690048
WMT,2019-09-12,2844280064
WMT,2019-09-20,2843069952
WMT,2019-09-21,2844280064
WMT,2019-10-04,2839640064
WMT,2019-10-08,2844280064
WMT,2019-10-21,2827670016
WMT,2019-10-22,2844280064
WMT,2019-11-05,2835579904
WMT,2019-11-06,2836780032
WMT,2019-11-07,2844280064
WMT,2019-11-08,2908640000
WMT,2019-11-09,2844280064
WMT,2019-11-14,2888699904
WMT,2019-11-15,2836529920
WMT,2019-11-16,2844280064
WMT,2019-11-18,2844280064
WMT,2019-11-20,2835770112
WMT,2019-12-06,2837179904
WMT,2019-12-18,2854589952
WMT,2019-12-19,2837179904
WMT,2020-01-07,2862439936
WMT,2020-01-08,2868280064
WMT,2020-01-09,2801240064
WMT,2020-01-11,2827440128
WMT,2020-01-12,2837179904
WMT,2020-02-07,2825029888
WMT,2020-02-08,2837179904
WMT,2020-02-12,2840869888
WMT,2020-02-13,2837179904
WMT,2020-03-09,2869240064
WMT,2020-03-10,2837179904
WMT,2020-03-24,2832280064
WMT,2020-04-27,2833700096
WMT,2020-05-21,2833700096
WMT,2020-06-05,2831950080
WMT,2020-08-04,2829760000
WMT,2020-08-28,2831950080
WMT,2020-09-05,2831950080
WMT,2020-09-06,2833750016
WMT,2020-09-21,2863079936
WMT,2020-09-22,2833750016
WMT,2020-11-26,2833750016
WMT,2020-12-04,2829289984
WMT,2021-03-17,2844770048
WMT,2021-03-23,2817070080
WMT,2021-04-14,2825760000
WMT,2021-04-23,2847930112
WMT,2021-04-25,2843249920
WMT,2021-04-27,2813479936
WMT,2021-06-08,2802149888
WMT,2021-07-08,2802149888
WMT,2021-09-05,2788499968
WMT,2021-09-11,2798629888
WMT,2021-11-27,2820059904
WMT,2021-11-28,2788499968
WMT,2021-12-03,2822870016
WMT,2021-12-04,2788499968
WMT,2021-12-05,2773880064
WMT,2022-02-11,2773880064
WMT,2022-03-22,2751780096
WMT,2022-04-23,2752780032
WMT,2022-04-25,2752780032
WMT,2022-05-12,2781870080
WMT,2022-05-14,2752780032
WMT,2022-05-19,2953339904
WMT,2022-05-20,2752780032
WMT,2022-06-07,2741149952
WMT,2022-08-05,2848770048
WMT,2022-08-06,2741149952
WMT,2022-09-01,2741149952
WMT,2022-09-02,2741149952
WMT,2022-09-06,2714240000
WMT,2022-09-10,2706109952
WMT,2022-09-12,2714240000
WMT,2022-09-17,2719940096
WMT,2022-12-03,2710949888
WMT,2022-12-04,2696800000
WMT,2022-12-06,2724720128
WMT,2022-12-07,2696800000
WMT,2023-03-21,2695660032
WMT,2023-03-30,2707290112
WMT,2023-03-31,2695660032
WMT,2023-04-24,2697349888
WMT,2023-04-25,2715660032
WMT,2023-04-27,2697349888
WMT,2023-05-04,2707379968
WMT,2023-05-06,2697349888
WMT,2023-05-10,2701939968
WMT,2023-05-11,2704950016
WMT,2023-05-14,2697349888
WMT,2023-06-06,2692839936
WMT,2023-08-21,2692839936
WMT,2023-08-23,2701410048
WMT,2023-08-24,2692839936
WMT,2023-09-04,2692839936
WMT,2023-09-05,2691559936
WMT,2023-09-16,2701540096
WMT,2023-10-10,2691559936
WMT,2023-10-11,2691559936
WMT,2023-10-12,2691559936
WMT,2023-10-13,2691559936
WMT,2023-10-14,2691559936
WMT,2023-10-17,2691559936
WMT,2023-10-18,2691559936
WMT,2023-10-19,2691559936
WMT,2023-10-22,2691559936
WMT,2023-10-25,2691559936
WMT,2023-10-26,2691559936
WMT,2023-10-27,2691559936
WMT,2023-10-31,2691559936
WMT,2023-11-01,2691559936
WMT,2023-11-03,2691559936
WMT,2023-11-04,2705619968
WMT,2023-11-09,2691559936
WMT,2023-11-11,2691559936
WMT,2023-11-14,2691559936
WMT,2023-11-15,2691559936
WMT,2023-11-16,2691559936
WMT,2023-12-02,2692229888
WMT,2023-12-05,2692229888
WMT,2023-12-06,2692229888
WMT,2023-12-09,2692229888
WMT,2023-12-13,2692229888
WMT,2023-12-15,2725499904
WMT,2023-12-16,2692229888
WMT,2023-12-19,2692229888
WMT,2023-12-21,2692229888
WMT,2023-12-22,2692229888
WMT,2023-12-26,2692229888
WMT,2023-12-27,2692229888
WMT,2023-12-28,2692229888
WMT,2024-01-05,2718510080
WMT,2024-01-09,2692229888
WMT,2024-01-12,2692229888
WMT,2024-01-13,2692229888
WMT,2024-01-17,2692229888
WMT,2024-01-19,2692229888
WMT,2024-01-20,2692229888
WMT,2024-01-25,2692229888
WMT,2024-01-30,2692229888
WMT,2024-01-31,2692229888
WMT,2024-02-01,2697769984
WMT,2024-02-07,2692229888
WMT,2024-02-10,2693669888
WMT,2024-02-13,2692229888
WMT,2024-02-14,2692229888
WMT,2024-02-15,2692229888
WMT,2024-02-17,2692229888
WMT,2024-02-21,2692229888
WMT,2024-02-22,2692229888
WMT,2024-02-24,2692229888
WMT,2024-02-26,2692229888
WMT,2024-02-27,8052789760
WMT,2024-03-13,8069879808
WMT,2024-03-14,8052789760
WMT,2024-03-19,8058050048
WMT,2024-03-20,8058050048
WMT,2024-03-21,8058050048
WMT,2024-03-22,8058050048
WMT,2024-03-23,8134830080
WMT,2024-03-26,8058050048
WMT,2024-03-27,8058050048
WMT,2024-03-28,8058050048
WMT,2024-04-12,8058050048
WMT,2024-04-16,8058050048
WMT,2024-04-17,8058050048
WMT,2024-04-18,8058050048
WMT,2024-04-24,8058050048
WMT,2024-04-25,8058050048
WMT,2024-04-26,8058050048
WMT,2024-04-27,8059789824
WMT,2024-05-01,8180660224
WMT,2024-05-03,8059789824
WMT,2024-05-04,8059789824
WMT,2024-05-07,8059789824
WMT,2024-05-08,8059789824
WMT,2024-05-10,8059789824
WMT,2024-05-11,8059789824
WMT,2024-05-14,8059789824
WMT,2024-05-15,8133850112
WMT,2024-05-16,8059789824
WMT,2024-05-17,8059789824
WMT,2024-05-18,8059789824
WMT,2024-05-20,8118819840
WMT,2024-05-21,8059789824
WMT,2024-05-22,8059789824
WMT,2024-05-23,8059789824
WMT,2024-05-24,8059789824
WMT,2024-05-25,8059789824
WMT,2024-05-31,8059789824
WMT,2024-06-01,8059789824
WMT,2024-06-05,8059789824
WMT,2024-06-11,8043539968
WMT,2024-06-12,8043539968
WMT,2024-06-13,8043539968
WMT,2024-06-15,8043539968
WMT,2024-06-21,8043539968
WMT,2024-06-26,8043539968
WMT,2024-06-28,8043539968
WMT,2024-07-17,8043539968
WMT,2024-07-18,8043539968
WMT,2024-07-19,8051500032
WMT,2024-07-20,8043539968
WMT,2024-07-23,8043539968
WMT,2024-07-24,8043539968
WMT,2024-07-25,8110170112
WMT,2024-07-26,8043539968
WMT,2024-07-27,8043539968
WMT,2024-07-30,8043539968
WMT,2024-08-01,8043539968
WMT,2024-08-02,8043539968
WMT,2024-08-07,8043539968
WMT,2024-08-09,8043539968
WMT,2024-08-13,8043539968
WMT,2024-08-14,8043539968
WMT,2024-08-16,8043539968
WMT,2024-09-01,8043539968
WMT,2024-09-03,8038249984
WMT,2024-09-04,8038249984
WMT,2024-09-06,8038249984
WMT,2024-09-07,8038249984
WMT,2024-09-11,8038249984
WMT,2024-09-12,8038249984
WMT,2024-09-13,8038249984
WMT,2024-09-14,8038249984
WMT,2024-09-17,8038249984
WMT,2024-09-20,8038249984
WMT,2024-09-21,8038249984
WMT,2024-09-25,8038249984
WMT,2024-09-27,8038249984
WMT,2024-09-28,8038249984
WMT,2024-09-30,8038249984
WMT,2024-10-01,8038249984
WMT,2024-10-08,8038249984
WMT,2024-10-09,8038249984
WMT,2024-10-11,8038249984
WMT,2024-10-18,8038249984
WMT,2024-10-23,8038249984
WMT,2024-10-24,8038249984
WMT,2024-10-26,8112289792
WMT,2024-10-28,8088759808
WMT,2024-10-29,8038249984
WMT,2024-10-30,8038249984
WMT,2024-10-31,8038249984
WMT,2024-11-01,8038249984
WMT,2024-11-07,8038249984
WMT,2024-11-08,8038249984
WMT,2024-11-09,8038249984
WMT,2024-11-12,8038249984
WMT,2024-11-13,8038249984
WMT,2024-11-15,8038249984
WMT,2024-11-16,8059239936
WMT,2024-11-19,8054499840
WMT,2024-11-20,8038249984
WMT,2024-12-11,8033390080
WMT,2024-12-13,8107670016
WMT,2024-12-14,8093899776
WMT,2025-01-17,8033390080
WMT,2025-02-01,8073489920
WMT,2025-02-08,8168399872
WMT,2025-02-14,8033390080
WMT,2025-02-20,8033390080
WMT,2025-02-22,8033390080
WMT,2025-02-25,8033390080
WMT,2025-02-28,8033390080
WMT,2025-03-01,8033390080
WMT,2025-03-04,8117349888
WMT,2025-03-11,8390139904
WMT,2025-03-12,8033390080
WMT,2025-03-13,8033390080
WMT,2025-03-14,8033390080
WMT,2025-03-15,8033390080
WMT,2025-03-18,8016849920
WMT,2025-03-19,8016849920
WMT,2025-03-20,8016849920
WMT,2025-03-22,8016849920
WMT,2025-03-25,8016849920
WMT,2025-03-26,8016849920
WMT,2025-03-28,8016849920
WMT,2025-04-01,8016849920
WMT,2025-04-03,8016849920
WMT,2025-04-08,8016849920
WMT,2025-04-10,8016849920
WMT,2025-04-11,8016849920
WMT,2025-04-12,8016849920
WMT,2025-04-16,8016849920
WMT,2025-04-17,8016849920
WMT,2025-04-18,8016849920
WMT,2025-04-22,8087119872
WMT,2025-04-23,8016849920
WMT,2025-04-25,8016849920
WMT,2025-04-26,8080079872
WMT,2025-04-29,8000889856
WMT,2025-05-07,8000889856
WMT,2025-05-10,8000889856
WMT,2025-05-15,8040750080
WMT,2025-05-16,8000889856
WMT,2025-05-29,8028859904
WMT,2025-05-30,8000889856
WMT,2025-06-06,8114420224
WMT,2025-06-07,8000889856
WMT,2025-06-10,8002529792
WMT,2025-06-11,7980420096
WMT,2025-06-17,7993110016
WMT,2025-06-18,7983799808
WMT,2025-06-19,7980420096
WMT,2025-06-25,7980420096
WMT,2025-06-26,7980420096
WMT,2025-06-27,8083480064
WMT,2025-07-01,7980420096
WMT,2025-07-02,7980420096
WMT,2025-07-08,8166179840
WMT,2025-07-09,7980420096
WMT,2025-07-10,8003500032
WMT,2025-07-11,8019310080
WMT,2025-07-12,7980420096
WMT,2025-07-19,7980420096
WMT,2025-07-22,7980420096
WMT,2025-07-23,7980420096
WMT,2025-07-24,7980420096
WMT,2025-07-25,7980420096
WMT,2025-07-31,7980420096
WMT,2025-08-02,7980420096
WMT,2025-08-05,7980420096
WMT,2025-08-07,7980420096
WMT,2025-08-08,7998989824
WMT,2025-08-14,7980420096
WMT,2025-08-19,7980420096
WMT,2025-08-21,7980420096
WMT,2025-08-30,7980420096
WMT,2025-09-02,7972850176
WMT,2025-09-05,7972850176
WMT,2025-09-13,7972850176
WMT,2025-09-15,7972850176
WMT,2025-09-17,7972851122
WMT,2025-09-18,7972851122
WMT,2025-09-19,7972851122
WMT,2025-09-20,8071800804
WMT,2025-09-27,7972851122
WMT,2025-09-30,7979038822
WMT,2025-10-01,7980587248
WMT,2025-10-02,8066686169
WMT,2025-10-09,7972851122
WMT,2025-10-11,7972851122
WMT,2025-10-14,7972851122
WMT,2025-10-15,7972851122
WMT,2025-10-17,7972851122
WMT,2025-10-20,8023496043
WMT,2025-10-22,8086191408
WMT,2025-10-23,7972851122
WMT,2025-10-24,7972851122
WMT,2025-10-25,7972851122
WMT,2025-10-27,8102590252
WMT,2025-10-28,7972851122
WMT,2025-10-29,7972851122
WMT,2025-10-30,7972851122
WMT,2025-11-01,8055589743
WMT,2025-11-05,7972851122
WMT,2025-11-06,7972851122
WMT,2025-11-07,7972851122
WMT,2025-11-11,7972851122
WMT,2025-11-12,7972851122
WMT,2025-11-15,7977519068
WMT,2025-11-17,7980418164
WMT,2025-12-05,7972851122
WMT,2026-03-19,7972402501
WMT,2026-04-24,7970990515
WMT,2026-04-25,7970990515
WMT,2026-06-01,7958079155
WMT,2026-09-01,7933746241
MNST,2019-01-05,552963008
MNST,2019-01-07,552963008
MNST,2019-01-09,552963008
MNST,2019-01-10,552963008
MNST,2019-01-12,552963008
MNST,2019-01-14,552963008
MNST,2019-01-16,552963008
MNST,2019-01-20,552963008
MNST,2019-01-24,552963008
MNST,2019-01-25,552963008
MNST,2019-01-26,552963008
MNST,2019-01-28,552963008
MNST,2019-01-30,552963008
MNST,2019-02-04,552963008
MNST,2019-02-07,552963008
MNST,2019-02-10,552963008
MNST,2019-02-13,552963008
MNST,2019-02-15,552963008
MNST,2019-02-17,552963008
MNST,2019-02-18,552963008
MNST,2019-02-20,552963008
MNST,2019-02-28,552963008
MNST,2019-03-01,552963008
MNST,2019-03-07,543148032
MNST,2019-03-09,543148032
MNST,2019-03-10,543148032
MNST,2019-03-11,543148032
MNST,2019-03-14,543148032
MNST,2019-03-17,543148032
MNST,2019-03-26,543148032
MNST,2019-03-29,543148032
MNST,2019-04-01,543148032
MNST,2019-04-05,543148032
MNST,2019-04-09,543148032
MNST,2019-04-10,543148032
MNST,2019-04-14,543148032
MNST,2019-04-17,543148032
MNST,2019-04-18,543148032
MNST,2019-04-21,543148032
MNST,2019-04-22,543148032
MNST,2019-04-29,543574016
MNST,2019-05-02,543574016
MNST,2019-05-05,543576000
MNST,2019-05-06,543576000
MNST,2019-05-09,543576000
MNST,2019-05-10,543576000
MNST,2019-05-12,543576000
MNST,2019-05-19,543576000
MNST,2019-05-22,543576000
MNST,2019-05-23,543576000
MNST,2019-05-28,543576000
MNST,2019-06-03,543576000
MNST,2019-06-04,543576000
MNST,2019-06-05,543576000
MNST,2019-06-06,543576000
MNST,2019-06-10,543576000
MNST,2019-06-11,543576000
MNST,2019-06-12,543576000
MNST,2019-06-17,543576000
MNST,2019-06-19,543576000
MNST,2019-06-21,543576000
MNST,2019-06-23,543576000
MNST,2019-06-24,543576000
MNST,2019-06-26,543576000
MNST,2019-07-03,542569024
MNST,2019-07-04,543576000
MNST,2019-07-05,532860992
MNST,2019-07-06,543576000
MNST,2019-07-11,545841984
MNST,2019-07-12,541654016
MNST,2019-07-13,543576000
MNST,2019-07-24,548452992
MNST,2019-07-25,543576000
MNST,2019-08-05,552899008
MNST,2019-08-06,543576000
MNST,2019-08-07,575198976
MNST,2019-08-08,556760000
MNST,2019-08-09,562931968
MNST,2019-08-11,544825024
MNST,2019-08-12,544878976
MNST,2019-08-23,536992000
MNST,2019-08-25,544878976
MNST,2019-08-30,549324992
MNST,2019-09-02,539400000
MNST,2019-09-04,544878976
MNST,2019-09-06,543952000
MNST,2019-09-09,559176000
MNST,2019-09-11,553464000
MNST,2019-09-12,536484000
MNST,2019-09-13,544878976
MNST,2019-09-20,548894016
MNST,2019-09-21,544878976
MNST,2019-10-04,539980992
MNST,2019-10-08,544878976
MNST,2019-10-21,540014016
MNST,2019-10-22,544878976
MNST,2019-11-05,543716992
MNST,2019-11-06,545267968
MNST,2019-11-07,546433984
MNST,2019-11-08,543907968
MNST,2019-11-09,544878976
MNST,2019-11-11,540590976
MNST,2019-11-12,537681984
MNST,2019-11-14,542745024
MNST,2019-11-15,537499008
MNST,2019-11-16,537681984
MNST,2019-12-18,540091008
MNST,2019-12-19,537681984
MNST,2020-01-08,540396032
MNST,2020-01-09,540312000
MNST,2020-01-10,541414016
MNST,2020-01-11,538779008
MNST,2020-01-12,537681984
MNST,2020-01-13,550488000
MNST,2020-01-14,537681984
MNST,2020-02-07,541580992
MNST,2020-02-08,537681984
MNST,2020-02-12,537526016
MNST,2020-02-13,538459008
MNST,2020-02-14,537681984
MNST,2020-03-02,536697984
MNST,2020-03-03,536697984
MNST,2020-04-21,536896000
MNST,2020-04-23,526547008
MNST,2020-05-13,526564000
MNST,2020-05-21,509419008
MNST,2020-05-22,526564000
MNST,2020-08-06,527360992
MNST,2020-08-10,527396000
MNST,2020-08-28,527396000
MNST,2020-09-05,551820992
MNST,2020-09-06,527396000
MNST,2020-09-21,538880000
MNST,2020-09-22,527396000
MNST,2020-11-07,527396000
MNST,2020-11-10,527916992
MNST,2020-11-26,527916992
MNST,2021-03-02,528096992
MNST,2021-03-03,528136992
MNST,2021-03-17,528136992
MNST,2021-03-18,528136992
MNST,2021-04-23,530736992
MNST,2021-04-24,524444000
MNST,2021-04-27,528136992
MNST,2021-05-01,528560000
MNST,2021-05-03,528560000
MNST,2021-05-06,536897984
MNST,2021-05-11,528561984
MNST,2021-08-10,528886016
MNST,2021-09-01,530187008
MNST,2021-09-02,528886016
MNST,2021-10-21,529321984
MNST,2021-10-22,528886016
MNST,2021-11-09,529139008
MNST,2022-02-12,529139008
MNST,2022-03-01,529323008
MNST,2022-03-02,529359008
MNST,2022-04-15,538460032
MNST,2022-04-21,529359008
MNST,2022-04-29,529664000
MNST,2022-05-04,534903008
MNST,2022-05-05,529664000
MNST,2022-05-10,529671008
MNST,2022-06-01,532940000
MNST,2022-06-02,529671008
MNST,2022-06-14,545657024
MNST,2022-06-16,529671008
MNST,2022-07-29,537937984
MNST,2022-07-30,529671008
MNST,2022-08-04,534359008
MNST,2022-08-07,529671008
MNST,2022-08-09,526886016
MNST,2022-08-10,526886016
MNST,2022-08-23,532767008
MNST,2022-08-24,526886016
MNST,2022-09-02,526886016
MNST,2022-09-20,523227008
MNST,2022-09-21,526886016
MNST,2022-10-04,514404000
MNST,2022-10-07,526886016
MNST,2022-10-21,534334016
MNST,2022-10-22,526886016
MNST,2022-11-09,521744000
MNST,2022-12-07,522124992
MNST,2023-03-03,522408992
MNST,2023-03-04,523126016
MNST,2023-03-05,522408992
MNST,2023-03-08,526256000
MNST,2023-03-09,522408992
MNST,2023-03-18,524488992
MNST,2023-03-22,522408992
MNST,2023-03-28,1044819968
MNST,2023-03-30,1055960000
MNST,2023-04-01,1044819968
MNST,2023-04-06,1051939968
MNST,2023-04-07,1044819968
MNST,2023-04-25,1057219968
MNST,2023-04-26,1044819968
MNST,2023-05-05,1046620032
MNST,2023-05-06,1044819968
MNST,2023-05-08,1046620032
MNST,2023-05-09,1046710016
MNST,2023-05-10,1046710016
MNST,2023-06-10,1051830016
MNST,2023-06-12,1046710016
MNST,2023-08-22,1047520000
MNST,2023-08-23,1048800000
MNST,2023-08-25,1047520000
MNST,2023-10-20,1047520000
MNST,2023-10-21,1047520000
MNST,2023-10-22,1047520000
MNST,2023-10-24,1047520000
MNST,2023-10-25,1052750016
MNST,2023-10-26,1047520000
MNST,2023-10-28,1047520000
MNST,2023-11-01,1047520000
MNST,2023-11-02,1047520000
MNST,2023-11-04,1040419968
MNST,2023-11-08,1043580032
MNST,2023-11-09,1040440000
MNST,2023-11-10,1040440000
MNST,2023-11-14,1040440000
MNST,2023-11-16,1040440000
MNST,2023-11-17,1040440000
MNST,2023-11-21,1040440000
MNST,2023-11-23,1040440000
MNST,2023-11-25,1040440000
MNST,2023-11-28,1040440000
MNST,2023-11-29,1040440000
MNST,2023-12-03,1040630016
MNST,2023-12-05,1040440000
MNST,2023-12-06,1057889984
MNST,2023-12-08,1040440000
MNST,2023-12-09,1040440000
MNST,2023-12-15,1058409984
MNST,2023-12-16,1040440000
MNST,2023-12-20,1040440000
MNST,2023-12-21,1040440000
MNST,2023-12-22,1040440000
MNST,2023-12-27,1040440000
MNST,2023-12-29,1040440000
MNST,2023-12-30,1040440000
MNST,2024-01-02,1040440000
MNST,2024-01-04,1040440000
MNST,2024-01-05,1040440000
MNST,2024-01-06,1040440000
MNST,2024-01-09,1040440000
MNST,2024-01-10,1040440000
MNST,2024-01-12,1040440000
MNST,2024-01-17,1040440000
MNST,2024-01-18,1040440000
MNST,2024-01-20,1040440000
MNST,2024-01-23,1040440000
MNST,2024-01-24,1040440000
MNST,2024-01-25,1040440000
MNST,2024-01-26,1040440000
MNST,2024-01-27,1040440000
MNST,2024-01-31,1040440000
MNST,2024-02-01,1040440000
MNST,2024-02-03,1040440000
MNST,2024-02-06,1040440000
MNST,2024-02-09,1040440000
MNST,2024-02-10,1055960000
MNST,2024-02-13,1040440000
MNST,2024-02-15,1040440000
MNST,2024-02-17,1040440000
MNST,2024-02-21,1040440000
MNST,2024-02-23,1040440000
MNST,2024-02-27,1040640000
MNST,2024-03-01,1047299968
MNST,2024-03-02,1047299968
MNST,2024-03-05,1052670016
MNST,2024-03-07,1047299968
MNST,2024-03-08,1047299968
MNST,2024-03-09,1047299968
MNST,2024-03-13,1047299968
MNST,2024-03-14,1047299968
MNST,2024-03-19,1047299968
MNST,2024-03-20,1047299968
MNST,2024-03-21,1047299968
MNST,2024-03-22,1052030016
MNST,2024-03-23,1047299968
MNST,2024-03-26,1047299968
MNST,2024-04-13,1047299968
MNST,2024-04-16,1064920000
MNST,2024-04-17,1047299968
MNST,2024-04-19,1047299968
MNST,2024-04-20,1047299968
MNST,2024-04-24,1047299968
MNST,2024-04-26,1047299968
MNST,2024-04-30,1041729984
MNST,2024-05-02,1041729984
MNST,2024-05-03,1041729984
MNST,2024-05-04,1041729984
MNST,2024-05-06,1056710016
MNST,2024-05-07,1041729984
MNST,2024-05-08,1041729984
MNST,2024-05-09,1041729984
MNST,2024-05-10,1048230016
MNST,2024-05-11,1048230016
MNST,2024-05-14,1048230016
MNST,2024-05-15,1052849984
MNST,2024-05-16,1048230016
MNST,2024-05-17,1048230016
MNST,2024-05-18,1048230016
MNST,2024-05-21,1048230016
MNST,2024-05-22,1048230016
MNST,2024-05-23,1048230016
MNST,2024-05-24,1057390016
MNST,2024-05-25,1048230016
MNST,2024-05-31,1066440000
MNST,2024-06-01,1048230016
MNST,2024-06-04,1048230016
MNST,2024-06-06,1048230016
MNST,2024-06-13,991628032
MNST,2024-06-15,1005249984
MNST,2024-06-18,985433024
MNST,2024-07-03,985433024
MNST,2024-07-10,985433024
MNST,2024-07-24,986412992
MNST,2024-08-09,979480000
MNST,2024-08-13,979480000
MNST,2024-08-17,979480000
MNST,2024-08-20,979480000
MNST,2024-08-29,990721984
MNST,2024-09-06,979480000
MNST,2024-09-11,987459008
MNST,2024-09-12,979480000
MNST,2024-09-16,981024000
MNST,2024-09-17,979480000
MNST,2024-09-20,979480000
MNST,2024-09-21,991916992
MNST,2024-10-04,979480000
MNST,2024-10-25,982966976
MNST,2024-10-29,979480000
MNST,2024-10-30,979480000
MNST,2024-11-09,972520000
MNST,2024-11-12,972520000
MNST,2024-11-13,972520000
MNST,2024-11-15,972520000
MNST,2024-11-16,972520000
MNST,2024-11-22,972520000
MNST,2024-11-28,972520000
MNST,2024-11-30,972696000
MNST,2024-12-03,972520000
MNST,2024-12-04,972520000
MNST,2024-12-06,972520000
MNST,2024-12-10,972520000
MNST,2024-12-11,972520000
MNST,2024-12-13,972520000
MNST,2024-12-14,972520000
MNST,2024-12-17,972520000
MNST,2024-12-18,972520000
MNST,2024-12-19,972520000
MNST,2024-12-20,972520000
MNST,2024-12-24,972520000
MNST,2024-12-25,972520000
MNST,2024-12-27,972520000
MNST,2024-12-28,972520000
MNST,2025-01-07,982268992
MNST,2025-01-11,972520000
MNST,2025-01-14,972520000
MNST,2025-01-15,972520000
MNST,2025-01-16,972520000
MNST,2025-01-18,972520000
MNST,2025-01-23,972520000
MNST,2025-01-25,972520000
MNST,2025-01-28,972520000
MNST,2025-01-30,972520000
MNST,2025-01-31,972520000
MNST,2025-02-01,972520000
MNST,2025-02-04,972520000
MNST,2025-02-06,972520000
MNST,2025-02-07,972520000
MNST,2025-02-08,972520000
MNST,2025-02-13,972520000
MNST,2025-02-14,972520000
MNST,2025-02-15,972520000
MNST,2025-02-21,972520000
MNST,2025-02-26,972520000
MNST,2025-02-27,972520000
MNST,2025-03-01,973078976
MNST,2025-03-04,973158976
MNST,2025-03-05,973158976
MNST,2025-03-07,973158976
MNST,2025-03-08,973158976
MNST,2025-03-10,973158976
MNST,2025-03-11,973158976
MNST,2025-03-12,973158976
MNST,2025-03-14,973158976
MNST,2025-03-18,973158976
MNST,2025-03-19,973158976
MNST,2025-03-22,973158976
MNST,2025-03-26,973158976
MNST,2025-03-27,973158976
MNST,2025-03-28,973158976
MNST,2025-04-01,973158976
MNST,2025-04-04,973158976
MNST,2025-04-05,973158976
MNST,2025-04-10,973158976
MNST,2025-04-11,973158976
MNST,2025-04-12,973158976
MNST,2025-04-15,973158976
MNST,2025-04-16,973158976
MNST,2025-04-22,979868992
MNST,2025-04-23,973158976
MNST,2025-04-24,973158976
MNST,2025-04-26,973158976
MNST,2025-05-01,973158976
MNST,2025-05-06,973158976
MNST,2025-05-07,973158976
MNST,2025-05-09,973158976
MNST,2025-05-10,975142976
MNST,2025-05-17,975246016
MNST,2025-05-20,975246016
MNST,2025-05-22,975246016
MNST,2025-05-23,975246016
MNST,2025-05-29,975246016
MNST,2025-05-30,975246016
MNST,2025-06-03,975246016
MNST,2025-06-04,975246016
MNST,2025-06-05,988062016
MNST,2025-06-06,975246016
MNST,2025-06-10,981593024
MNST,2025-06-12,975246016
MNST,2025-06-14,984988992
MNST,2025-06-16,975246016
MNST,2025-06-17,975246016
MNST,2025-06-18,975246016
MNST,2025-06-25,975246016
MNST,2025-06-26,996726976
MNST,2025-06-27,975246016
MNST,2025-06-28,975246016
MNST,2025-07-03,975246016
MNST,2025-07-04,975246016
MNST,2025-07-08,975246016
MNST,2025-07-09,975246016
MNST,2025-07-10,975246016
MNST,2025-07-11,975246016
MNST,2025-07-12,975246016
MNST,2025-07-16,975246016
MNST,2025-07-23,975246016
MNST,2025-07-24,975246016
MNST,2025-07-25,975246016
MNST,2025-07-29,975246016
MNST,2025-08-05,975246016
MNST,2025-08-06,975246016
MNST,2025-08-07,975246016
MNST,2025-08-09,976428032
MNST,2025-08-10,976428032
MNST,2025-08-12,976428032
MNST,2025-08-14,976428032
MNST,2025-08-15,976428032
MNST,2025-08-20,976428032
MNST,2025-08-21,976428032
MNST,2025-08-22,976428032
MNST,2025-08-23,976428032
MNST,2025-08-29,976428032
MNST,2025-08-30,976428032
MNST,2025-09-03,976428032
MNST,2025-09-04,976428032
MNST,2025-09-05,977352000
MNST,2025-09-06,976428032
MNST,2025-09-10,976428032
MNST,2025-09-11,976428032
MNST,2025-09-12,976428032
MNST,2025-09-16,976428032
MNST,2025-09-17,976428189
MNST,2025-09-19,976428189
MNST,2025-09-20,984193328
MNST,2025-09-23,978717408
MNST,2025-09-24,976428189
MNST,2025-09-26,981568080
MNST,2025-09-27,976428189
MNST,2025-10-03,976428189
MNST,2025-10-06,982388224
MNST,2025-10-07,976428189
MNST,2025-10-09,976428189
MNST,2025-10-11,976428189
MNST,2025-10-16,976428189
MNST,2025-10-17,976428189
MNST,2025-10-18,976428189
MNST,2025-10-20,982866792
MNST,2025-10-22,995134796
MNST,2025-10-23,976428189
MNST,2025-10-24,979230394
MNST,2025-10-25,976428189
MNST,2025-10-27,976568319
MNST,2025-10-28,976428189
MNST,2025-10-29,976428189
MNST,2025-10-30,976428189
MNST,2025-11-01,976428189
MNST,2025-11-04,976428189
MNST,2025-11-07,976428189
MNST,2025-11-08,977021216
MNST,2025-11-11,977021216
MNST,2025-11-12,977021216
MNST,2025-11-14,977021216
MNST,2025-11-17,977021216
MNST,2026-03-06,978270734
MNST,2026-03-30,978270735
MNST,2026-04-23,977906022
MNST,2026-05-09,977916000
MNST,2026-05-12,978008110
MNST,2026-08-08,979525882
MNST,2026-08-11,1959051764
PG,2019-01-05,2491409920
PG,2019-01-07,2491409920
PG,2019-01-09,2491409920
PG,2019-01-10,2491409920
PG,2019-01-12,2491409920
PG,2019-01-14,2491409920
PG,2019-01-16,2491409920
PG,2019-01-20,2491409920
PG,2019-01-23,2491409920
PG,2019-01-25,2491409920
PG,2019-01-26,2491409920
PG,2019-01-28,2501580032
PG,2019-01-30,2501580032
PG,2019-02-04,2501580032
PG,2019-02-07,2501580032
PG,2019-02-11,2501580032
PG,2019-02-13,2501580032
PG,2019-02-14,2501580032
PG,2019-02-15,2501580032
PG,2019-02-17,2501580032
PG,2019-02-18,2501580032
PG,2019-02-20,2501580032
PG,2019-02-28,2501580032
PG,2019-03-01,2501580032
PG,2019-03-07,2501580032
PG,2019-03-09,2501580032
PG,2019-03-10,2501580032
PG,2019-03-11,2501580032
PG,2019-03-14,2501580032
PG,2019-03-17,2501580032
PG,2019-03-26,2501580032
PG,2019-03-27,2501580032
PG,2019-03-29,2501580032
PG,2019-04-01,2501580032
PG,2019-04-02,2501580032
PG,2019-04-05,2501580032
PG,2019-04-09,2501580032
PG,2019-04-11,2501580032
PG,2019-04-14,2501580032
PG,2019-04-15,2501580032
PG,2019-04-17,2501580032
PG,2019-04-19,2501580032
PG,2019-04-21,2501580032
PG,2019-04-23,2501580032
PG,2019-04-29,2508329984
PG,2019-05-01,2508329984
PG,2019-05-02,2508329984
PG,2019-05-03,2508329984
PG,2019-05-05,2508329984
PG,2019-05-07,2508329984
PG,2019-05-09,2508329984
PG,2019-05-11,2508329984
PG,2019-05-12,2508329984
PG,2019-05-13,2508329984
PG,2019-05-19,2508329984
PG,2019-05-20,2508329984
PG,2019-05-22,2508329984
PG,2019-05-23,2508329984
PG,2019-05-28,2508329984
PG,2019-05-31,2508329984
PG,2019-06-03,2508329984
PG,2019-06-04,2508329984
PG,2019-06-05,2508329984
PG,2019-06-06,2508329984
PG,2019-06-10,2508329984
PG,2019-06-11,2508329984
PG,2019-06-12,2508329984
PG,2019-06-17,2508329984
PG,2019-06-19,2508329984
PG,2019-06-21,2508329984
PG,2019-06-23,2508329984
PG,2019-06-24,2508329984
PG,2019-06-26,2508329984
PG,2019-07-01,2508329984
PG,2019-07-03,2530800128
PG,2019-07-04,2508329984
PG,2019-07-05,2451160064
PG,2019-07-06,2508329984
PG,2019-07-10,2487879936
PG,2019-07-11,2526990080
PG,2019-07-12,2522220032
PG,2019-07-13,2508329984
PG,2019-08-01,2498099968
PG,2019-08-05,2504320000
PG,2019-08-06,2498099968
PG,2019-08-07,2572329984
PG,2019-08-08,2556250112
PG,2019-08-09,2543849984
PG,2019-08-10,2502259968
PG,2019-08-27,2502629888
PG,2019-08-30,2507180032
PG,2019-09-04,2502629888
PG,2019-09-06,2451059968
PG,2019-09-09,2448859904
PG,2019-09-11,2509939968
PG,2019-09-12,2531650048
PG,2019-09-13,2502629888
PG,2019-09-20,2512730112
PG,2019-09-21,2502629888
PG,2019-10-04,2489070080
PG,2019-10-08,2502629888
PG,2019-10-21,2520659968
PG,2019-10-22,2502629888
PG,2019-10-24,2493809920
PG,2019-11-05,2506700032
PG,2019-11-06,2607749888
PG,2019-11-07,2493809920
PG,2019-11-08,2519990016
PG,2019-11-09,2493809920
PG,2019-11-14,2522670080
PG,2019-11-15,2490710016
PG,2019-11-16,2493809920
PG,2019-12-18,2488849920
PG,2019-12-19,2493809920
PG,2020-01-07,2510700032
PG,2020-01-08,2507219968
PG,2020-01-09,2488940032
PG,2020-01-11,2504440064
PG,2020-01-12,2493809920
PG,2020-01-27,2469449984
PG,2020-02-07,2475879936
PG,2020-02-08,2469449984
PG,2020-02-12,2430109952
PG,2020-02-13,2469449984
PG,2020-03-09,2469449984
PG,2020-03-10,2469449984
PG,2020-04-22,2475640064
PG,2020-08-03,2479699968
PG,2020-08-10,2486089984
PG,2020-08-12,2486089984
PG,2020-08-28,2486089984
PG,2020-09-01,2489619968
PG,2020-09-05,2489619968
PG,2020-09-21,2492339968
PG,2020-10-22,2479610112
PG,2020-11-07,2479610112
PG,2020-11-26,2479610112
PG,2020-12-01,2479610112
PG,2021-01-22,2462479872
PG,2021-03-17,2462479872
PG,2021-04-22,2448229888
PG,2021-04-23,2488600064
PG,2021-04-24,2501420032
PG,2021-04-27,2448229888
PG,2021-08-03,2429700096
PG,2021-08-10,2427419904
PG,2021-08-31,2428320000
PG,2021-09-01,2428320000
PG,2021-10-21,2419950080
PG,2021-11-17,2423399936
PG,2021-11-27,2439480064
PG,2022-01-25,2397070080
PG,2022-02-11,2397070080
PG,2022-03-19,2398340096
PG,2022-03-22,2397070080
PG,2022-04-01,2422010112
PG,2022-04-02,2397070080
PG,2022-04-23,2399300096
PG,2022-05-04,2432630016
PG,2022-05-06,2399300096
PG,2022-05-11,2399300096
PG,2022-05-19,2558759936
PG,2022-05-20,2399300096
PG,2022-08-05,2403109888
PG,2022-08-06,2399300096
PG,2022-08-10,2389550080
PG,2022-08-20,2390190080
PG,2022-08-30,2385499904
PG,2022-09-02,2385499904
PG,2022-10-22,2369700096
PG,2022-11-04,2386030080
PG,2022-12-03,2392730112
PG,2022-12-04,2369700096
PG,2022-12-06,2393860096
PG,2022-12-07,2369700096
PG,2023-01-22,2359140096
PG,2023-03-30,2366400000
PG,2023-04-01,2359140096
PG,2023-04-05,2370510080
PG,2023-04-06,2359140096
PG,2023-04-24,2359140096
PG,2023-04-25,2361200128
PG,2023-04-27,2356969984
PG,2023-05-04,2359990016
PG,2023-05-06,2356969984
PG,2023-07-19,2361400064
PG,2023-07-21,2356969984
PG,2023-08-21,2357309952
PG,2023-09-09,2367480064
PG,2023-09-12,2356890112
PG,2023-09-16,2376859904
PG,2023-09-17,2356890112
PG,2023-09-21,2358889984
PG,2023-10-03,2367770112
PG,2023-10-10,2356890112
PG,2023-10-11,2356890112
PG,2023-10-13,2356890112
PG,2023-10-14,2356890112
PG,2023-10-15,2356890112
PG,2023-10-18,2356890112
PG,2023-10-19,2356890112
PG,2023-10-22,2356890112
PG,2023-10-23,2356890112
PG,2023-10-24,2356890112
PG,2023-10-25,2356890112
PG,2023-11-01,2356890112
PG,2023-11-02,2356890112
PG,2023-11-04,2356890112
PG,2023-11-07,2356890112
PG,2023-11-08,2362360064
PG,2023-11-09,2356890112
PG,2023-11-10,2356890112
PG,2023-11-14,2356890112
PG,2023-11-16,2356890112
PG,2023-11-17,2356890112
PG,2023-11-18,2356890112
PG,2023-11-23,2356890112
PG,2023-11-28,2356890112
PG,2023-11-29,2356890112
PG,2023-12-01,2356890112
PG,2023-12-02,2356890112
PG,2023-12-05,2356890112
PG,2023-12-06,2441999872
PG,2023-12-08,2356890112
PG,2023-12-12,2356890112
PG,2023-12-15,2420750080
PG,2023-12-16,2356890112
PG,2023-12-21,2356890112
PG,2023-12-22,2356890112
PG,2023-12-23,2356890112
PG,2023-12-28,2356890112
PG,2023-12-29,2356890112
PG,2023-12-30,2356890112
PG,2024-01-03,2356890112
PG,2024-01-06,2356890112
PG,2024-01-10,2356890112
PG,2024-01-12,2356890112
PG,2024-01-18,2356890112
PG,2024-01-19,2356890112
PG,2024-01-20,2356890112
PG,2024-01-24,2352999936
PG,2024-01-25,2353019904
PG,2024-01-27,2353019904
PG,2024-01-31,2353019904
PG,2024-02-01,2353019904
PG,2024-02-06,2353019904
PG,2024-02-07,2353019904
PG,2024-02-08,2353019904
PG,2024-02-09,2353019904
PG,2024-02-10,2371259904
PG,2024-02-13,2353019904
PG,2024-02-15,2353019904
PG,2024-02-16,2353019904
PG,2024-02-23,2353019904
PG,2024-02-24,2353019904
PG,2024-02-28,2353019904
PG,2024-02-29,2353019904
PG,2024-03-05,2353019904
PG,2024-03-07,2353019904
PG,2024-03-08,2353019904
PG,2024-03-09,2353019904
PG,2024-03-12,2353019904
PG,2024-03-13,2353019904
PG,2024-03-16,2353019904
PG,2024-03-19,2353019904
PG,2024-03-20,2353019904
PG,2024-03-21,2353019904
PG,2024-03-23,2353019904
PG,2024-03-26,2353019904
PG,2024-03-27,2353019904
PG,2024-03-29,2353019904
PG,2024-04-02,2353019904
PG,2024-04-03,2353019904
PG,2024-04-04,2353019904
PG,2024-04-10,2353019904
PG,2024-04-12,2353019904
PG,2024-04-13,2353019904
PG,2024-04-16,2353019904
PG,2024-04-18,2353019904
PG,2024-04-19,2353019904
PG,2024-04-20,2360140032
PG,2024-04-21,2360140032
PG,2024-04-23,2360140032
PG,2024-04-25,2360859904
PG,2024-04-26,2360140032
PG,2024-04-27,2360140032
PG,2024-04-30,2360140032
PG,2024-05-02,2360140032
PG,2024-05-04,2360140032
PG,2024-05-07,2360420096
PG,2024-05-09,2360140032
PG,2024-05-10,2360140032
PG,2024-05-11,2360140032
PG,2024-05-14,2360140032
PG,2024-05-15,2361700096
PG,2024-05-16,2360140032
PG,2024-05-18,2360140032
PG,2024-05-20,2364790016
PG,2024-05-21,2360140032
PG,2024-05-22,2360140032
PG,2024-05-23,2367729920
PG,2024-05-24,2393220096
PG,2024-05-31,2360140032
PG,2024-06-01,2360140032
PG,2024-06-05,2360140032
PG,2024-06-06,2360140032
PG,2024-06-07,2360140032
PG,2024-06-12,2360140032
PG,2024-06-13,2360140032
PG,2024-06-15,2360140032
PG,2024-06-18,2360140032
PG,2024-06-19,2360140032
PG,2024-06-21,2372659968
PG,2024-06-22,2360140032
PG,2024-06-25,2360140032
PG,2024-06-28,2371889920
PG,2024-06-29,2360140032
PG,2024-07-03,2360140032
PG,2024-07-04,2360140032
PG,2024-07-09,2360140032
PG,2024-07-10,2360140032
PG,2024-07-11,2360140032
PG,2024-07-12,2360140032
PG,2024-07-16,2360140032
PG,2024-07-18,2360140032
PG,2024-07-20,2360140032
PG,2024-07-24,2360140032
PG,2024-07-25,2375689984
PG,2024-07-26,2360140032
PG,2024-07-27,2360140032
PG,2024-07-31,2357100032
PG,2024-08-07,2354050048
PG,2024-08-13,2354050048
PG,2024-08-15,2354050048
PG,2024-08-16,2354050048
PG,2024-08-17,2354050048
PG,2024-08-20,2354050048
PG,2024-08-23,2354050048
PG,2024-08-27,2349710080
PG,2024-09-12,2349710080
PG,2024-09-30,2354459904
PG,2024-10-01,2349710080
PG,2024-10-19,2355040000
PG,2024-10-20,2355040000
PG,2024-10-22,2355040000
PG,2024-10-23,2355040000
PG,2024-10-24,2355040000
PG,2024-10-26,2374080000
PG,2024-10-28,2358939904
PG,2024-10-29,2355040000
PG,2024-10-30,2385050112
PG,2024-10-31,2369359872
PG,2024-11-01,2355040000
PG,2024-11-02,2355040000
PG,2024-11-05,2355330048
PG,2024-11-08,2355040000
PG,2024-11-13,2355040000
PG,2024-11-14,2355040000
PG,2024-11-15,2355040000
PG,2024-11-16,2355040000
PG,2024-11-19,2355040000
PG,2024-11-21,2355040000
PG,2024-11-23,2355040000
PG,2024-11-27,2355040000
PG,2024-11-28,2355040000
PG,2024-11-30,2356359936
PG,2024-12-03,2355040000
PG,2024-12-04,2412499968
PG,2024-12-06,2355040000
PG,2024-12-11,2355040000
PG,2024-12-14,2355040000
PG,2024-12-17,2355040000
PG,2024-12-18,2355040000
PG,2024-12-19,2355040000
PG,2024-12-20,2355040000
PG,2024-12-24,2355040000
PG,2024-12-27,2355040000
PG,2024-12-28,2355040000
PG,2024-12-31,2355040000
PG,2025-01-03,2355040000
PG,2025-01-04,2367160064
PG,2025-01-07,2421469952
PG,2025-01-08,2355040000
PG,2025-01-11,2355040000
PG,2025-01-16,2355040000
PG,2025-01-17,2355040000
PG,2025-01-22,2355040000
PG,2025-01-23,2344900096
PG,2025-01-24,2344849920
PG,2025-02-08,2344849920
PG,2025-02-20,2344849920
PG,2025-02-22,2344849920
PG,2025-02-25,2344849920
PG,2025-02-26,2344849920
PG,2025-02-27,2344849920
PG,2025-02-28,2344849920
PG,2025-03-04,2344849920
PG,2025-03-05,2344849920
PG,2025-03-07,2344849920
PG,2025-03-11,2344849920
PG,2025-03-13,2344849920
PG,2025-03-15,2344849920
PG,2025-03-19,2344849920
PG,2025-03-20,2344849920
PG,2025-03-22,2356950016
PG,2025-03-25,2344849920
PG,2025-03-26,2344849920
PG,2025-03-27,2344849920
PG,2025-03-28,2344849920
PG,2025-03-29,2344849920
PG,2025-04-01,2344849920
PG,2025-04-03,2344849920
PG,2025-04-05,2344849920
PG,2025-04-08,2344849920
PG,2025-04-11,2344849920
PG,2025-04-17,2344849920
PG,2025-04-18,2344849920
PG,2025-04-22,2413890048
PG,2025-04-23,2344849920
PG,2025-04-24,2375269888
PG,2025-04-25,2344499968
PG,2025-04-26,2344539904
PG,2025-04-29,2344539904
PG,2025-05-01,2344539904
PG,2025-05-03,2344539904
PG,2025-05-06,2344539904
PG,2025-05-07,2344539904
PG,2025-05-09,2344539904
PG,2025-05-10,2359259904
PG,2025-05-13,2344539904
PG,2025-05-14,2355079936
PG,2025-05-15,2344539904
PG,2025-05-16,2344539904
PG,2025-05-17,2344539904
PG,2025-05-20,2344539904
PG,2025-05-21,2344539904
PG,2025-05-23,2344539904
PG,2025-05-28,2344539904
PG,2025-05-29,2350149888
PG,2025-06-03,2344539904
PG,2025-06-05,2357260032
PG,2025-06-06,2389910016
PG,2025-06-07,2344539904
PG,2025-06-10,2365600000
PG,2025-06-11,2344539904
PG,2025-06-13,2344539904
PG,2025-06-14,2386959872
PG,2025-06-17,2344539904
PG,2025-06-18,2344539904
PG,2025-06-19,2344539904
PG,2025-06-24,2344539904
PG,2025-06-26,2344539904
PG,2025-06-27,2349570048
PG,2025-07-01,2344539904
PG,2025-07-02,2344539904
PG,2025-07-03,2344539904
PG,2025-07-04,2344539904
PG,2025-07-08,2349360128
PG,2025-07-09,2344539904
PG,2025-07-10,2350050048
PG,2025-07-11,2358980096
PG,2025-07-12,2344539904
PG,2025-07-16,2344539904
PG,2025-07-17,2344539904
PG,2025-07-18,2344539904
PG,2025-07-23,2344539904
PG,2025-07-26,2344539904
PG,2025-07-29,2344539904
PG,2025-07-30,2342000128
PG,2025-08-06,2342370048
PG,2025-08-07,2342370048
PG,2025-08-09,2342370048
PG,2025-08-12,2342370048
PG,2025-08-13,2342370048
PG,2025-08-14,2342370048
PG,2025-08-16,2342370048
PG,2025-08-19,2342370048
PG,2025-08-21,2342370048
PG,2025-08-22,2342370048
PG,2025-08-23,2342370048
PG,2025-08-26,2342370048
PG,2025-09-09,2340489984
PG,2025-09-15,2356450048
PG,2025-09-16,2340489984
PG,2025-09-17,2340485262
PG,2025-09-20,2359684321
PG,2025-09-23,2385897434
PG,2025-09-26,2340485262
PG,2025-10-27,2352053497
PG,2025-10-28,2336733549
PG,2025-10-30,2336733549
PG,2025-10-31,2336733549
PG,2025-11-04,2336733549
PG,2025-11-05,2336733549
PG,2025-11-06,2336733549
PG,2025-11-07,2336733549
PG,2025-11-11,2336733549
PG,2025-11-12,2336733549
PG,2025-11-15,2341322516
PG,2025-11-17,2340485262
PG,2026-01-24,2336733549
PG,2026-04-28,2328598978
PG,2026-08-06,2328598978
PG,2026-09-01,2324433060
