ticker,market_cap,source,shares_asof,sector,ret,rank_in_sector,selected,port_weight,bench_weight,eq_weight,rebalance_date,next_date
GOOGL,1783649450894.336,shares_x_price,2021-09-30,Communication Services,0.08360543866498449,1.0,True,0.07142857142857142,0.09399627000677072,0.013333333333333334,2021-09-30,2021-12-31
DIS,307403876066.0156,shares_x_price,2021-08-18,Communication Services,-0.08441216527990714,2.0,True,0.07142857142857142,0.01619982991688249,0.013333333333333334,2021-09-30,2021-12-31
NFLX,270134044395.90457,shares_x_price,2021-07-27,Communication Services,-0.012943620119806099,3.0,False,0.0,0.014235752749693551,0.013333333333333334,2021-09-30,2021-12-31
CMCSA,256704165259.80908,shares_x_price,2021-08-26,Communication Services,-0.09614558749808744,4.0,False,0.0,0.013528013600164045,0.013333333333333334,2021-09-30,2021-12-31
TMUS,160208491567.11038,shares_x_price,2021-09-11,Communication Services,-0.09220425327834614,5.0,False,0.0,0.00844280282942865,0.013333333333333334,2021-09-30,2021-12-31
TTWO,17951929113.40332,shares_x_price,2021-08-05,Communication Services,0.1535016081794316,6.0,False,0.0,0.0009460459706585191,0.013333333333333334,2021-09-30,2021-12-31
AMZN,1663678905231.8262,shares_x_price,2021-08-05,Consumer Cyclical,0.015007405415935704,1.0,True,0.07142857142857142,0.08767396054327238,0.013333333333333334,2021-09-30,2021-12-31
TSLA,776852628769.6875,shares_x_price,2021-08-30,Consumer Cyclical,0.3627430401012477,2.0,True,0.07142857142857142,0.04093923803956643,0.013333333333333334,2021-09-30,2021-12-31
HD,346432483906.25,shares_x_price,2021-09-02,Consumer Cyclical,0.2695010141765215,3.0,False,0.0,0.01825659256085359,0.013333333333333334,2021-09-30,2021-12-31
NKE,229913610883.62695,shares_x_price,2021-08-11,Consumer Cyclical,0.14969074016819728,4.0,False,0.0,0.012116182266651713,0.013333333333333334,2021-09-30,2021-12-31
MCD,180060701559.16995,shares_x_price,2021-08-18,Consumer Cyclical,0.11798039220426526,5.0,False,0.0,0.009488991411893157,0.013333333333333334,2021-09-30,2021-12-31
LOW,140466963671.2676,shares_x_price,2021-09-02,Consumer Cyclical,0.2787927890391382,6.0,False,0.0,0.007402447065848869,0.013333333333333334,2021-09-30,2021-12-31
SBUX,131614165622.12502,shares_x_price,2021-08-20,Consumer Cyclical,0.06494752838021012,7.0,False,0.0,0.006935914813490995,0.013333333333333334,2021-09-30,2021-12-31
ABNB,105454864592.0,shares_x_price,2021-09-17,Consumer Cyclical,-0.007511144601108466,8.0,False,0.0,0.005557349803655051,0.013333333333333334,2021-09-30,2021-12-31
BKNG,97470630984.64966,shares_x_price,2021-08-21,Consumer Cyclical,0.010682961884906028,9.0,False,0.0,0.0051365898961646325,0.013333333333333334,2021-09-30,2021-12-31
CMG,51063041267.60483,shares_x_price,2021-08-17,Consumer Cyclical,-0.03811234270318342,10.0,False,0.0,0.002690963413214426,0.013333333333333334,2021-09-30,2021-12-31
ORLY,42400043495.505066,shares_x_price,2021-08-24,Consumer Cyclical,0.155745826383197,11.0,False,0.0,0.0022344334166693926,0.013333333333333334,2021-09-30,2021-12-31
ROST,38681590299.35449,shares_x_price,2021-09-09,Consumer Cyclical,0.05260783517988332,12.0,False,0.0,0.0020384752195821473,0.013333333333333334,2021-09-30,2021-12-31
WMT,390073026102.77344,shares_x_price,2021-09-11,Consumer Defensive,0.042277203309587064,1.0,True,0.07142857142857142,0.020556398829114145,0.013333333333333334,2021-09-30,2021-12-31
PG,339479143410.64453,shares_x_price,2021-09-01,Consumer Defensive,0.17735412009256968,2.0,True,0.07142857142857142,0.017890159532016996,0.013333333333333334,2021-09-30,2021-12-31
COST,198534062851.88574,shares_x_price,2021-09-27,Consumer Defensive,0.2654241824406638,3.0,False,0.0,0.010462516257334105,0.013333333333333334,2021-09-30,2021-12-31
MNST,46980945769.69922,shares_x_price,2021-09-02,Consumer Defensive,0.08116626067604193,4.0,False,0.0,0.0024758416860038647,0.013333333333333334,2021-09-30,2021-12-31
V,488800376064.0,shares_x_price,2021-09-29,Financial Services,-0.025402873773510026,1.0,True,0.07142857142857142,0.025759216366694374,0.013333333333333334,2021-09-30,2021-12-31
MA,343081916428.3242,shares_x_price,2021-09-22,Financial Services,0.034784540320830004,2.0,True,0.07142857142857142,0.01808002151704613,0.013333333333333334,2021-09-30,2021-12-31
PYPL,305754550422.8203,shares_x_price,2021-08-02,Financial Services,-0.275277609711543,3.0,False,0.0,0.016112912356703195,0.013333333333333334,2021-09-30,2021-12-31
AXP,133091363540.95312,shares_x_price,2021-08-04,Financial Services,-0.02103103352388691,4.0,False,0.0,0.007013761441011883,0.013333333333333334,2021-09-30,2021-12-31
BLK,128408905808.10547,shares_x_price,2021-09-11,Financial Services,0.09672899131286972,5.0,False,0.0,0.0067670013160717754,0.013333333333333334,2021-09-30,2021-12-31
SPGI,102398490176.51367,shares_x_price,2021-09-11,Financial Services,0.11258035660965615,6.0,False,0.0,0.005396282395114774,0.013333333333333334,2021-09-30,2021-12-31
UNH,368435376245.90625,shares_x_price,2021-08-05,Healthcare,0.2892914563683968,1.0,True,0.07142857142857142,0.019416119623893488,0.013333333333333334,2021-09-30,2021-12-31
LLY,221018041120.85352,shares_x_price,2021-08-05,Healthcare,0.19938085108235626,2.0,True,0.07142857142857142,0.01164739599428947,0.013333333333333334,2021-09-30,2021-12-31
DHR,217339724696.32797,shares_x_price,2021-07-23,Healthcare,0.08140746731950133,3.0,False,0.0,0.011453552958800248,0.013333333333333334,2021-09-30,2021-12-31
AMGN,120753731138.90627,shares_x_price,2021-09-11,Healthcare,0.06681800542193805,4.0,False,0.0,0.006363582435307818,0.013333333333333334,2021-09-30,2021-12-31
ISRG,118294901923.73657,shares_x_price,2021-08-24,Healthcare,0.08424279031997095,5.0,False,0.0,0.00623400497001959,0.013333333333333334,2021-09-30,2021-12-31
SYK,99447757580.32227,shares_x_price,2021-09-10,Healthcare,0.016636536190727025,6.0,False,0.0,0.005240782188675489,0.013333333333333334,2021-09-30,2021-12-31
GILD,87578629939.6377,shares_x_price,2021-08-09,Healthcare,0.050072054595868165,7.0,False,0.0,0.004615292843838579,0.013333333333333334,2021-09-30,2021-12-31
REGN,64727026116.63818,shares_x_price,2021-09-02,Healthcare,0.043524117958047004,8.0,False,0.0,0.0034110396639565064,0.013333333333333334,2021-09-30,2021-12-31
BSX,61780849936.71094,shares_x_price,2021-08-10,Healthcare,-0.020972571104234894,9.0,False,0.0,0.0032557795754020523,0.013333333333333334,2021-09-30,2021-12-31
VRTX,47057644761.657715,shares_x_price,2021-08-04,Healthcare,0.21065112102342143,10.0,False,0.0,0.002479883634467316,0.013333333333333334,2021-09-30,2021-12-31
HON,146557890305.70386,shares_x_price,2021-07-26,Industrials,-0.01351443486255488,1.0,True,0.07142857142857142,0.007723431878326923,0.013333333333333334,2021-09-30,2021-12-31
GE,113091918746.72852,shares_x_price,2021-09-01,Industrials,-0.08227974051894382,2.0,True,0.07142857142857142,0.005959813754194353,0.013333333333333334,2021-09-30,2021-12-31
CAT,105098003931.01953,shares_x_price,2021-09-22,Industrials,0.08288550484025525,3.0,False,0.0,0.005538543658183195,0.013333333333333334,2021-09-30,2021-12-31
CTAS,39592066320.892334,shares_x_price,2021-09-17,Industrials,0.16676859986954895,4.0,False,0.0,0.0020864562563897163,0.013333333333333334,2021-09-30,2021-12-31
PH,35947107712.28027,shares_x_price,2021-09-27,Industrials,0.14125380676495514,5.0,False,0.0,0.0018943711393467828,0.013333333333333334,2021-09-30,2021-12-31
AAPL,2339023236608.0,shares_x_price,2021-07-30,Technology,0.25674284874669895,1.0,True,0.07142857142857142,0.12326382832124162,0.013333333333333334,2021-09-30,2021-12-31
MSFT,2118597957368.75,shares_x_price,2021-09-11,Technology,0.19514507072421283,2.0,True,0.07142857142857142,0.11164767019482187,0.013333333333333334,2021-09-30,2021-12-31
NVDA,516242710113.5254,shares_x_price,2021-07-20,Technology,0.4198976448096787,3.0,False,0.0,0.027205395737669884,0.013333333333333334,2021-09-30,2021-12-31
ADBE,274272994042.96875,shares_x_price,2021-09-15,Technology,-0.015041988440933962,4.0,False,0.0,0.014453870625027633,0.013333333333333334,2021-09-30,2021-12-31
CRM,265524381195.06836,shares_x_price,2021-09-01,Technology,-0.06301149669648154,5.0,False,0.0,0.01399282881267845,0.013333333333333334,2021-09-30,2021-12-31
ORCL,238186411950.25586,shares_x_price,2021-09-28,Technology,0.004400283104831315,6.0,False,0.0,0.012552149346607503,0.013333333333333334,2021-09-30,2021-12-31
CSCO,229571591228.9121,shares_x_price,2021-09-13,Technology,0.17211270345265284,7.0,False,0.0,0.012098158225102473,0.013333333333333334,2021-09-30,2021-12-31
AVGO,199604947005.61523,shares_x_price,2021-09-13,Technology,0.3809549876819138,8.0,False,0.0,0.010518950617801887,0.013333333333333334,2021-09-30,2021-12-31
TXN,179123008599.78027,shares_x_price,2021-09-30,Technology,-0.013418533390566756,9.0,False,0.0,0.009439576073834412,0.013333333333333334,2021-09-30,2021-12-31
INTU,147335867586.91406,shares_x_price,2021-09-10,Technology,0.19374799719469382,10.0,False,0.0,0.007764430384253691,0.013333333333333334,2021-09-30,2021-12-31
QCOM,145489435180.66406,shares_x_price,2021-09-09,Technology,0.42317652889193846,11.0,False,0.0,0.00766712552487109,0.013333333333333334,2021-09-30,2021-12-31
AMD,124814613204.44531,shares_x_price,2021-07-30,Technology,0.39844501227042395,12.0,False,0.0,0.006577586239085892,0.013333333333333334,2021-09-30,2021-12-31
NOW,123426629612.56104,shares_x_price,2021-08-26,Technology,0.04313243240509457,13.0,False,0.0,0.006504441103755457,0.013333333333333334,2021-09-30,2021-12-31
AMAT,116234049401.79102,shares_x_price,2021-08-30,Technology,0.22437648525015974,14.0,False,0.0,0.006125400417707027,0.013333333333333334,2021-09-30,2021-12-31
ADI,90005593323.77246,shares_x_price,2021-09-01,Technology,0.05351829100882721,15.0,False,0.0,0.00474319101656377,0.013333333333333334,2021-09-30,2021-12-31
UBER,86712636372.89258,shares_x_price,2021-09-15,Technology,-0.06406247724911962,16.0,False,0.0,0.004569655981122597,0.013333333333333334,2021-09-30,2021-12-31
ADP,84510782985.33105,shares_x_price,2021-09-27,Technology,0.23889255021014022,17.0,False,0.0,0.00445362084572714,0.013333333333333334,2021-09-30,2021-12-31
MU,81420455457.74512,shares_x_price,2021-09-09,Technology,0.31374081411473287,18.0,False,0.0,0.0042907641473177785,0.013333333333333334,2021-09-30,2021-12-31
LRCX,80138033292.29004,shares_x_price,2021-09-30,Technology,0.26632360131891075,19.0,False,0.0,0.0042231819774769825,0.013333333333333334,2021-09-30,2021-12-31
ADSK,62694627452.0874,shares_x_price,2021-09-04,Technology,-0.013956625167171444,20.0,False,0.0,0.003303934597129206,0.013333333333333334,2021-09-30,2021-12-31
WDAY,61972719848.63281,shares_x_price,2021-08-30,Technology,0.09320098180406644,21.0,False,0.0,0.003265890898587301,0.013333333333333334,2021-09-30,2021-12-31
CRWD,56085273295.2041,shares_x_price,2021-09-19,Technology,-0.1669379078162524,22.0,False,0.0,0.0029556292518219916,0.013333333333333334,2021-09-30,2021-12-31
KLAC,50843176078.61206,shares_x_price,2021-09-28,Technology,0.28907029958424757,23.0,False,0.0,0.0026793767711983667,0.013333333333333334,2021-09-30,2021-12-31
FTNT,47695973572.54028,shares_x_price,2021-09-02,Technology,0.2306532682023814,24.0,False,0.0,0.0025135228269839477,0.013333333333333334,2021-09-30,2021-12-31
PLTR,46953006588.134766,shares_x_price,2021-09-30,Technology,-0.24251254613260487,25.0,False,0.0,0.0024743693233415806,0.013333333333333334,2021-09-30,2021-12-31
PANW,46657521470.29907,shares_x_price,2021-09-17,Technology,0.16233818795355281,26.0,False,0.0,0.0024587975982443984,0.013333333333333334,2021-09-30,2021-12-31
SNPS,45660926183.762695,shares_x_price,2021-09-02,Technology,0.23075380078435903,27.0,False,0.0,0.002406278175443142,0.013333333333333334,2021-09-30,2021-12-31
APH,43805091315.5874,shares_x_price,2021-09-22,Technology,0.19722241501473148,28.0,False,0.0,0.0023084778171555214,0.013333333333333334,2021-09-30,2021-12-31
MCHP,42062401105.34668,shares_x_price,2021-08-05,Technology,0.13759114218230328,29.0,False,0.0,0.0022166400519165,0.013333333333333334,2021-09-30,2021-12-31
CDNS,41915563875.73242,shares_x_price,2021-07-29,Technology,0.23052035855332487,30.0,False,0.0,0.0022089018991786136,0.013333333333333334,2021-09-30,2021-12-31
MSI,39337583381.61328,shares_x_price,2021-09-02,Technology,0.17302741166648405,31.0,False,0.0,0.002073045298838278,0.013333333333333334,2021-09-30,2021-12-31
ANET,26362893547.77832,shares_x_price,2021-09-29,Technology,0.6732626454700172,32.0,False,0.0,0.0013892941008303112,0.013333333333333334,2021-09-30,2021-12-31
GOOGL,1921705244110.8203,shares_x_price,2021-12-31,Communication Services,-0.03993389298775851,1.0,True,0.07142857142857142,0.08960374961840882,0.013333333333333334,2021-12-31,2022-03-31
DIS,281537361247.06836,shares_x_price,2021-11-29,Communication Services,-0.11446822821992886,2.0,True,0.07142857142857142,0.013127301027417635,0.013333333333333334,2021-12-31,2022-03-31
NFLX,266852000581.9702,shares_x_price,2021-12-04,Communication Services,-0.3782119388425075,3.0,False,0.0,0.01244256366505469,0.013333333333333334,2021-12-31,2022-03-31
CMCSA,229953753078.14783,shares_x_price,2021-11-06,Communication Services,-0.06513368848090395,4.0,False,0.0,0.010722101413716878,0.013333333333333334,2021-12-31,2022-03-31
TMUS,144864821337.29785,shares_x_price,2021-11-04,Communication Services,0.10665631283121235,5.0,False,0.0,0.006754642117672347,0.013333333333333334,2021-12-31,2022-03-31
TTWO,20491116140.74707,shares_x_price,2021-12-03,Communication Services,-0.13493132772241712,6.0,False,0.0,0.0009554435289719975,0.013333333333333334,2021-12-31,2022-03-31
AMZN,1691003814031.9824,shares_x_price,2021-11-02,Consumer Cyclical,-0.022310249026058604,1.0,True,0.07142857142857142,0.07884678611386371,0.013333333333333334,2021-12-31,2022-03-31
TSLA,1061281878404.7188,shares_x_price,2021-12-04,Consumer Cyclical,0.01970136333676864,2.0,True,0.07142857142857142,0.049484610607456465,0.013333333333333334,2021-12-31,2022-03-31
HD,433370052597.65625,shares_x_price,2021-11-26,Consumer Cyclical,-0.27438753928097737,3.0,False,0.0,0.02020683546765496,0.013333333333333334,2021-12-31,2022-03-31
NKE,263808601168.33008,shares_x_price,2021-12-04,Consumer Cyclical,-0.19081397368261332,4.0,False,0.0,0.012300658448380943,0.013333333333333334,2021-12-31,2022-03-31
MCD,200313970478.42578,shares_x_price,2021-12-03,Consumer Cyclical,-0.07242302080342822,5.0,False,0.0,0.009340081113283953,0.013333333333333334,2021-12-31,2022-03-31
LOW,174150134029.8457,shares_x_price,2021-11-27,Consumer Cyclical,-0.21519363679868686,6.0,False,0.0,0.008120134476108426,0.013333333333333334,2021-12-31,2022-03-31
SBUX,137229205432.1289,shares_x_price,2021-12-04,Consumer Cyclical,-0.21833598172445612,7.0,False,0.0,0.006398614668693994,0.013333333333333334,2021-12-31,2022-03-31
ABNB,105785916768.37598,shares_x_price,2021-11-12,Consumer Cyclical,0.03165348573364213,8.0,False,0.0,0.004932501916366096,0.013333333333333334,2021-12-31,2022-03-31
BKNG,98511904091.83502,shares_x_price,2021-11-06,Consumer Cyclical,-0.021165232437985848,9.0,False,0.0,0.004593335016245839,0.013333333333333334,2021-12-31,2022-03-31
CMG,49187713264.65607,shares_x_price,2021-10-28,Consumer Cyclical,-0.09507793317924718,10.0,False,0.0,0.002293485724293608,0.013333333333333334,2021-12-31,2022-03-31
ORLY,47584648172.24122,shares_x_price,2021-11-10,Consumer Cyclical,-0.030117651024155867,11.0,False,0.0,0.0022187392752203447,0.013333333333333334,2021-12-31,2022-03-31
ROST,40378550140.208984,shares_x_price,2021-12-13,Consumer Cyclical,-0.2056294955149114,12.0,False,0.0,0.0018827390453376974,0.013333333333333334,2021-12-31,2022-03-31
WMT,401352702650.8154,shares_x_price,2021-12-05,Consumer Defensive,0.03321562338541573,1.0,True,0.07142857142857142,0.01871395584062915,0.013333333333333334,2021-12-31,2022-03-31
PG,399050153335.9414,shares_x_price,2021-11-27,Consumer Defensive,-0.06085701286834855,2.0,True,0.07142857142857142,0.018606594395409452,0.013333333333333334,2021-12-31,2022-03-31
COST,251736351812.98828,shares_x_price,2021-12-24,Consumer Defensive,0.01589364292793438,3.0,False,0.0,0.011737763169886992,0.013333333333333334,2021-12-31,2022-03-31
MNST,50818510812.76124,shares_x_price,2021-11-09,Consumer Defensive,-0.16805496913566775,4.0,False,0.0,0.0023695252603392843,0.013333333333333334,2021-12-31,2022-03-31
V,471086362357.8711,shares_x_price,2021-12-09,Financial Services,0.025014293631785423,1.0,True,0.07142857142857142,0.02196544167775996,0.013333333333333334,2021-12-31,2022-03-31
MA,353052385561.90234,shares_x_price,2021-12-31,Financial Services,-0.004093926952887128,2.0,True,0.07142857142857142,0.016461846922163223,0.013333333333333334,2021-12-31,2022-03-31
PYPL,221568310603.20117,shares_x_price,2021-11-12,Financial Services,-0.38673239258006253,3.0,False,0.0,0.010331111645505911,0.013333333333333334,2021-12-31,2022-03-31
BLK,139089120824.6289,shares_x_price,2021-11-09,Financial Services,-0.15979427357886222,4.0,False,0.0,0.006485337330065564,0.013333333333333334,2021-12-31,2022-03-31
AXP,128674844326.94336,shares_x_price,2021-11-23,Financial Services,0.14590088049498662,5.0,False,0.0,0.005999748696420933,0.013333333333333334,2021-12-31,2022-03-31
SPGI,113735126263.79395,shares_x_price,2021-12-04,Financial Services,-0.12916827284321186,6.0,False,0.0,0.005303151358820671,0.013333333333333334,2021-12-31,2022-03-31
UNH,472941078953.7656,shares_x_price,2021-11-06,Healthcare,0.018598540777108097,1.0,True,0.07142857142857142,0.02205192193376225,0.013333333333333334,2021-12-31,2022-03-31
LLY,264229843407.71484,shares_x_price,2021-12-04,Healthcare,0.04107364774168798,2.0,True,0.07142857142857142,0.012320299797782574,0.013333333333333334,2021-12-31,2022-03-31
DHR,235102990853.21472,shares_x_price,2021-11-06,Healthcare,-0.10766660563552355,3.0,False,0.0,0.010962195993120618,0.013333333333333334,2021-12-31,2022-03-31
ISRG,128355246864.79688,shares_x_price,2021-10-22,Healthcare,-0.1603673728772531,4.0,False,0.0,0.0059848467591625465,0.013333333333333334,2021-12-31,2022-03-31
AMGN,126717949108.06055,shares_x_price,2021-11-06,Healthcare,0.0841151269140521,5.0,False,0.0,0.005908504136538718,0.013333333333333334,2021-12-31,2022-03-31
SYK,101798241671.50879,shares_x_price,2021-11-19,Healthcare,0.0022898800476742753,6.0,False,0.0,0.0047465677612534675,0.013333333333333334,2021-12-31,2022-03-31
GILD,91080534889.13281,shares_x_price,2021-11-06,Healthcare,-0.1708057582919642,7.0,False,0.0,0.004246831020692146,0.013333333333333334,2021-12-31,2022-03-31
REGN,67915557460.44922,shares_x_price,2021-11-16,Healthcare,0.10593481270809568,8.0,False,0.0,0.0031667128059987815,0.013333333333333334,2021-12-31,2022-03-31
BSX,60533572508.65137,shares_x_price,2021-11-08,Healthcare,0.04260831903944351,9.0,False,0.0,0.0028225114601707364,0.013333333333333334,2021-12-31,2022-03-31
VRTX,55833740751.83105,shares_x_price,2021-12-04,Healthcare,0.18838795067103242,10.0,False,0.0,0.002603371428536161,0.013333333333333334,2021-12-31,2022-03-31
HON,143543072904.99384,shares_x_price,2021-12-05,Industrials,-0.06166917333773392,1.0,True,0.07142857142857142,0.006693012678948776,0.013333333333333334,2021-12-31,2022-03-31
CAT,111834355359.32326,shares_x_price,2021-11-19,Industrials,0.0830085412654511,2.0,True,0.07142857142857142,0.005214523719005412,0.013333333333333334,2021-12-31,2022-03-31
GE,103741289947.08942,shares_x_price,2021-11-16,Industrials,-0.030568411645689464,3.0,False,0.0,0.004837166676833867,0.013333333333333334,2021-12-31,2022-03-31
CTAS,45940776271.97266,shares_x_price,2021-12-28,Industrials,-0.03768553263877694,4.0,False,0.0,0.0021420901186403737,0.013333333333333334,2021-12-31,2022-03-31
PH,40883191172.48535,shares_x_price,2021-11-23,Industrials,-0.10507659845963802,5.0,False,0.0,0.0019062690475801533,0.013333333333333334,2021-12-31,2022-03-31
AAPL,2913284568164.0625,shares_x_price,2021-12-04,Technology,-0.015416488522219218,1.0,True,0.07142857142857142,0.13583832474461066,0.013333333333333334,2021-12-31,2022-03-31
MSFT,2575740386568.7812,shares_x_price,2021-12-04,Technology,-0.08138829377758183,2.0,True,0.07142857142857142,0.12009958207036206,0.013333333333333334,2021-12-31,2022-03-31
NVDA,732922102508.5449,shares_x_price,2021-07-20,Technology,-0.072093936125045,3.0,False,0.0,0.034174111125642656,0.013333333333333334,2021-12-31,2022-03-31
AVGO,274730479205.4297,shares_x_price,2021-12-21,Technology,-0.04729709589236142,4.0,False,0.0,0.012809915124449333,0.013333333333333334,2021-12-31,2022-03-31
ADBE,269807146838.3789,shares_x_price,2021-11-12,Technology,-0.19652241900539147,5.0,False,0.0,0.01258035388343313,0.013333333333333334,2021-12-31,2022-03-31
CSCO,267269940181.18652,shares_x_price,2021-11-28,Technology,-0.11490365771140754,6.0,False,0.0,0.012462051021567121,0.013333333333333334,2021-12-31,2022-03-31
CRM,250318054809.5703,shares_x_price,2021-12-08,Technology,-0.16452211810084005,7.0,False,0.0,0.011671631940881784,0.013333333333333334,2021-12-31,2022-03-31
ORCL,232889935078.33008,shares_x_price,2021-12-14,Technology,-0.047846283102460974,8.0,False,0.0,0.01085900738178075,0.013333333333333334,2021-12-31,2022-03-31
QCOM,205417859663.29688,shares_x_price,2021-12-04,Technology,-0.16083819067982585,9.0,False,0.0,0.009578061214552241,0.013333333333333334,2021-12-31,2022-03-31
INTU,182138674589.85156,shares_x_price,2021-11-30,Technology,-0.25158068074667206,10.0,False,0.0,0.008492617816281895,0.013333333333333334,2021-12-31,2022-03-31
TXN,174236939721.79688,shares_x_price,2021-12-04,Technology,-0.02002983782773493,11.0,False,0.0,0.008124181983139425,0.013333333333333334,2021-12-31,2022-03-31
AMD,173775069326.9336,shares_x_price,2021-10-29,Technology,-0.24016677570851575,12.0,False,0.0,0.008102646256292496,0.013333333333333334,2021-12-31,2022-03-31
AMAT,139816409998.9453,shares_x_price,2021-12-21,Technology,-0.16091972289312118,13.0,False,0.0,0.0065192487934782484,0.013333333333333334,2021-12-31,2022-03-31
NOW,129172896194.45801,shares_x_price,2021-11-01,Technology,-0.14207150551568137,14.0,False,0.0,0.006022971464309259,0.013333333333333334,2021-12-31,2022-03-31
MU,104343835718.84375,shares_x_price,2021-12-08,Technology,-0.163821849303327,15.0,False,0.0,0.00486526170370199,0.013333333333333334,2021-12-31,2022-03-31
ADP,103904867491.57715,shares_x_price,2021-11-13,Technology,-0.07261701526062136,16.0,False,0.0,0.0048447938409811216,0.013333333333333334,2021-12-31,2022-03-31
LRCX,101255607892.25342,shares_x_price,2021-12-04,Technology,-0.25003802861444446,17.0,False,0.0,0.004721266263305281,0.013333333333333334,2021-12-31,2022-03-31
ADI,92337433520.61621,shares_x_price,2021-12-07,Technology,-0.055662897982284076,18.0,False,0.0,0.004305436694281423,0.013333333333333334,2021-12-31,2022-03-31
UBER,81349234875.59766,shares_x_price,2021-11-13,Technology,-0.14905795264753452,19.0,False,0.0,0.0037930876734506283,0.013333333333333334,2021-12-31,2022-03-31
WDAY,68210587736.64844,shares_x_price,2021-12-04,Technology,-0.12343504965948959,20.0,False,0.0,0.0031804692439745944,0.013333333333333334,2021-12-31,2022-03-31
KLAC,65214140826.11084,shares_x_price,2021-12-05,Technology,-0.14661618941248156,21.0,False,0.0,0.003040753291416585,0.013333333333333334,2021-12-31,2022-03-31
ADSK,61854206157.52344,shares_x_price,2021-12-07,Technology,-0.23770402844183136,22.0,False,0.0,0.0028840889196556493,0.013333333333333334,2021-12-31,2022-03-31
FTNT,59996077307.510376,shares_x_price,2021-11-16,Technology,-0.04913742091853113,23.0,False,0.0,0.0027974495597717403,0.013333333333333334,2021-12-31,2022-03-31
SNPS,56541903000.0,shares_x_price,2021-12-16,Technology,-0.09560382899953357,24.0,False,0.0,0.002636391056790077,0.013333333333333334,2021-12-31,2022-03-31
PANW,54933505827.53906,shares_x_price,2021-11-23,Technology,0.11809391538393732,25.0,False,0.0,0.0025613959877128574,0.013333333333333334,2021-12-31,2022-03-31
CDNS,52478582778.02929,shares_x_price,2021-11-24,Technology,-0.11746712461865294,26.0,False,0.0,0.002446929780715272,0.013333333333333334,2021-12-31,2022-03-31
APH,52303531131.208984,shares_x_price,2021-11-02,Technology,-0.1362120298596433,27.0,False,0.0,0.0024387676112150093,0.013333333333333334,2021-12-31,2022-03-31
MCHP,48307065815.89453,shares_x_price,2021-12-10,Technology,-0.13383782342379014,28.0,False,0.0,0.002252423592760824,0.013333333333333334,2021-12-31,2022-03-31
CRWD,46957161888.0,shares_x_price,2021-12-08,Technology,0.10905983800270902,29.0,False,0.0,0.002189481341895533,0.013333333333333334,2021-12-31,2022-03-31
MSI,45889314788.13086,shares_x_price,2021-11-09,Technology,-0.1053887354888513,30.0,False,0.0,0.0021396906133430427,0.013333333333333334,2021-12-31,2022-03-31
ANET,44174375000.0,shares_x_price,2021-11-23,Technology,-0.03318263841711955,31.0,False,0.0,0.002059727759592583,0.013333333333333334,2021-12-31,2022-03-31
PLTR,36507769781.8125,shares_x_price,2021-12-04,Technology,-0.24601865829067193,32.0,False,0.0,0.001702255365478617,0.013333333333333334,2021-12-31,2022-03-31
GOOGL,1842758452800.4688,shares_x_price,2022-03-31,Communication Services,-0.2164741309307987,1.0,True,0.07142857142857142,0.0950822693559855,0.013513513513513514,2022-03-31,2022-06-30
DIS,249717619661.90625,shares_x_price,2022-03-31,Communication Services,-0.3117526669117522,2.0,True,0.07142857142857142,0.012884878069366721,0.013513513513513514,2022-03-31,2022-06-30
CMCSA,212245822246.5462,shares_x_price,2022-03-24,Communication Services,-0.1571662445785761,3.0,False,0.0,0.010951416019749971,0.013513513513513514,2022-03-31,2022-06-30
NFLX,166304101540.8789,shares_x_price,2022-03-31,Communication Services,-0.5331696072325169,4.0,False,0.0,0.008580924620741476,0.013513513513513514,2022-03-31,2022-06-30
TMUS,160346377071.46094,shares_x_price,2022-03-05,Communication Services,0.04822742992202267,5.0,False,0.0,0.008273519186302107,0.013513513513513514,2022-03-31,2022-06-30
TTWO,17744825174.02649,shares_x_price,2022-03-23,Communication Services,-0.20300510991756737,6.0,False,0.0,0.0009155938176854199,0.013513513513513514,2022-03-31,2022-06-30
AMZN,1658805972954.1016,shares_x_price,2022-03-16,Consumer Cyclical,-0.3483949098893824,1.0,True,0.07142857142857142,0.08559072736312527,0.013513513513513514,2022-03-31,2022-06-30
TSLA,1113710431089.8672,shares_x_price,2022-03-31,Consumer Cyclical,-0.37507427614635047,2.0,True,0.07142857142857142,0.057465000381644454,0.013513513513513514,2022-03-31,2022-06-30
HD,314389282985.9961,shares_x_price,2022-03-28,Consumer Cyclical,-0.07793350184984382,3.0,False,0.0,0.01622179317212248,0.013513513513513514,2022-03-31,2022-06-30
NKE,212779719833.48438,shares_x_price,2022-03-28,Consumer Cyclical,-0.23860582246537976,4.0,False,0.0,0.010978963956970185,0.013513513513513514,2022-03-31,2022-06-30
MCD,183873703827.02344,shares_x_price,2022-03-16,Consumer Cyclical,0.0039156512711708835,5.0,False,0.0,0.009487477324113945,0.013513513513513514,2022-03-31,2022-06-30
LOW,133761025057.69922,shares_x_price,2022-03-23,Consumer Cyclical,-0.13261428560340693,6.0,False,0.0,0.006901773693964437,0.013513513513513514,2022-03-31,2022-06-30
ABNB,110419867070.83301,shares_x_price,2022-03-25,Consumer Cyclical,-0.4813693253378082,7.0,False,0.0,0.0056974214537589595,0.013513513513513514,2022-03-31,2022-06-30
SBUX,104642795315.21484,shares_x_price,2022-03-05,Consumer Cyclical,-0.15435836002240078,8.0,False,0.0,0.005399337300666747,0.013513513513513514,2022-03-31,2022-06-30
BKNG,96022722683.60138,shares_x_price,2022-03-31,Consumer Cyclical,-0.2552577894902077,9.0,False,0.0,0.004954560576630211,0.013513513513513514,2022-03-31,2022-06-30
ORLY,45618953927.39868,shares_x_price,2022-03-22,Consumer Cyclical,-0.07766881772457457,10.0,False,0.0,0.0023538373455681974,0.013513513513513514,2022-03-31,2022-06-30
CMG,44347307043.58101,shares_x_price,2022-03-16,Consumer Cyclical,-0.17368189729604688,11.0,False,0.0,0.002288223172777889,0.013513513513513514,2022-03-31,2022-06-30
ROST,31741689998.74878,shares_x_price,2022-03-31,Consumer Cyclical,-0.22071434705583937,12.0,False,0.0,0.0016378011527710598,0.013513513513513514,2022-03-31,2022-06-30
WMT,409795086857.66016,shares_x_price,2022-03-22,Consumer Defensive,-0.1806208290853627,1.0,True,0.07142857142857142,0.02114452209954318,0.013513513513513514,2022-03-31,2022-06-30
PG,366272315539.27734,shares_x_price,2022-03-22,Consumer Defensive,-0.053686578271249674,2.0,True,0.07142857142857142,0.01889884315050649,0.013513513513513514,2022-03-31,2022-06-30
COST,255230529579.10156,shares_x_price,2022-03-25,Consumer Defensive,-0.1663459348242421,3.0,False,0.0,0.013169332054578643,0.013513513513513514,2022-03-31,2022-06-30
MNST,42295785546.937744,shares_x_price,2022-03-02,Consumer Defensive,0.16020018996141672,4.0,False,0.0,0.0021823691910815963,0.013513513513513514,2022-03-31,2022-06-30
V,480251836342.1054,shares_x_price,2022-03-22,Financial Services,-0.11049255241625577,1.0,True,0.07142857142857142,0.024779934880988497,0.013513513513513514,2022-03-31,2022-06-30
MA,352098991973.53906,shares_x_price,2022-03-28,Financial Services,-0.11601698203635469,2.0,True,0.07142857142857142,0.018167530933813607,0.013513513513513514,2022-03-31,2022-06-30
SPGI,142343537463.65286,shares_x_price,2022-03-24,Financial Services,-0.17624939047394061,3.0,False,0.0,0.007344612393249097,0.013513513513513514,2022-03-31,2022-06-30
AXP,141613047488.0,shares_x_price,2022-03-22,Financial Services,-0.2538304151641836,4.0,False,0.0,0.007306920722633603,0.013513513513513514,2022-03-31,2022-06-30
PYPL,134732244376.04883,shares_x_price,2022-03-31,Financial Services,-0.39610898217205504,5.0,False,0.0,0.006951886467394246,0.013513513513513514,2022-03-31,2022-06-30
BLK,116185932541.62598,shares_x_price,2022-03-23,Financial Services,-0.1972986626968899,6.0,False,0.0,0.00599493770684411,0.013513513513513514,2022-03-31,2022-06-30
UNH,479830268258.31836,shares_x_price,2022-03-22,Healthcare,0.01076888375788343,1.0,True,0.07142857142857142,0.024758182898229383,0.013513513513513514,2022-03-31,2022-06-30
LLY,272723608030.82812,shares_x_price,2022-02-25,Healthcare,0.1360221003770843,2.0,True,0.07142857142857142,0.014071936296976627,0.013513513513513514,2022-03-31,2022-06-30
DHR,209834490653.94205,shares_x_price,2022-03-25,Healthcare,-0.13483791917405763,3.0,False,0.0,0.010826996631171858,0.013513513513513514,2022-03-31,2022-06-30
AMGN,134700754925.24219,shares_x_price,2022-02-22,Healthcare,0.014204011276051087,4.0,False,0.0,0.006950261681227117,0.013513513513513514,2022-03-31,2022-06-30
ISRG,108361947382.61719,shares_x_price,2022-03-17,Healthcare,-0.3346923508793226,5.0,False,0.0,0.005591237339497779,0.013513513513513514,2022-03-31,2022-06-30
SYK,100978097305.29785,shares_x_price,2022-03-25,Healthcare,-0.2532956150048874,6.0,False,0.0,0.005210246971026566,0.013513513513513514,2022-03-31,2022-06-30
REGN,75805806525.08545,shares_x_price,2022-03-22,Healthcare,-0.1536180773042337,7.0,False,0.0,0.003911412319836118,0.013513513513513514,2022-03-31,2022-06-30
GILD,74834473862.77295,shares_x_price,2022-03-28,Healthcare,0.052688898149092056,8.0,False,0.0,0.003861293698107965,0.013513513513513514,2022-03-31,2022-06-30
VRTX,66436957913.00293,shares_x_price,2022-03-22,Healthcare,0.07977931266747862,9.0,False,0.0,0.0034280004076912025,0.013513513513513514,2022-03-31,2022-06-30
BSX,63310341100.06055,shares_x_price,2022-03-29,Healthcare,-0.15850079730530275,10.0,False,0.0,0.00326667388031625,0.013513513513513514,2022-03-31,2022-06-30
HON,133446665394.16881,shares_x_price,2022-02-15,Industrials,-0.10216042455212948,1.0,True,0.07142857142857142,0.006885553429090856,0.013513513513513514,2022-03-31,2022-06-30
CAT,119406568084.96094,shares_x_price,2022-02-23,Industrials,-0.1938907157821046,2.0,True,0.07142857142857142,0.006161115393216113,0.013513513513513514,2022-03-31,2022-06-30
GE,100810126180.96373,shares_x_price,2022-03-21,Industrials,-0.30332222731387903,3.0,False,0.0,0.005201580031708669,0.013513513513513514,2022-03-31,2022-06-30
CTAS,43566743740.234375,shares_x_price,2022-03-25,Industrials,-0.11963378385667556,4.0,False,0.0,0.0022479478289608996,0.013513513513513514,2022-03-31,2022-06-30
PH,36456918534.66797,shares_x_price,2022-03-05,Industrials,-0.12851809888445842,5.0,False,0.0,0.001881096539122948,0.013513513513513514,2022-03-31,2022-06-30
AAPL,2849530432785.5312,shares_x_price,2022-03-17,Technology,-0.21584724647330966,1.0,True,0.07142857142857142,0.14702948166453414,0.013513513513513514,2022-03-31,2022-06-30
MSFT,2311359936866.3745,shares_x_price,2022-03-31,Technology,-0.16503459848924262,2.0,True,0.07142857142857142,0.11926107177084189,0.013513513513513514,2022-03-31,2022-06-30
AVGO,257086368937.28394,shares_x_price,2022-03-17,Technology,-0.22208495819525464,3.0,False,0.0,0.013265089269783908,0.013513513513513514,2022-03-31,2022-06-30
CSCO,231636518472.4834,shares_x_price,2022-03-17,Technology,-0.23005730386161738,4.0,False,0.0,0.01195193315141893,0.013513513513513514,2022-03-31,2022-06-30
ORCL,220926330846.12305,shares_x_price,2022-02-12,Technology,-0.15214179353213586,5.0,False,0.0,0.011399311106356464,0.013513513513513514,2022-03-31,2022-06-30
ADBE,215212563958.5586,shares_x_price,2022-03-16,Technology,-0.19656731161580943,6.0,False,0.0,0.011104493344747456,0.013513513513513514,2022-03-31,2022-06-30
CRM,210196807250.97656,shares_x_price,2022-03-29,Technology,-0.22268273215669654,7.0,False,0.0,0.010845691367977446,0.013513513513513514,2022-03-31,2022-06-30
AMD,177935536440.4297,shares_x_price,2022-03-29,Technology,-0.30062187870950885,8.0,False,0.0,0.009181080991987516,0.013513513513513514,2022-03-31,2022-06-30
QCOM,172228158034.875,shares_x_price,2022-03-28,Technology,-0.15971442956537052,9.0,False,0.0,0.008886592861951384,0.013513513513513514,2022-03-31,2022-06-30
TXN,169452401082.02145,shares_x_price,2022-02-11,Technology,-0.1568849772853269,10.0,False,0.0,0.008743369929039652,0.013513513513513514,2022-03-31,2022-06-30
INTU,135987321044.31152,shares_x_price,2022-03-16,Technology,-0.19730012702688793,11.0,False,0.0,0.00701664565363095,0.013513513513513514,2022-03-31,2022-06-30
AMAT,116431464750.30762,shares_x_price,2022-03-17,Technology,-0.30802384251678194,12.0,False,0.0,0.006007606626943735,0.013513513513513514,2022-03-31,2022-06-30
NOW,111377998352.05078,shares_x_price,2022-03-29,Technology,-0.14611505248779366,13.0,False,0.0,0.0057468589133569305,0.013513513513513514,2022-03-31,2022-06-30
ADP,95577034659.55371,shares_x_price,2022-03-16,Technology,-0.07252508109693956,14.0,False,0.0,0.004931564058184271,0.013513513513513514,2022-03-31,2022-06-30
MU,87219661024.06055,shares_x_price,2022-03-16,Technology,-0.2893113819105674,15.0,False,0.0,0.004500342022593578,0.013513513513513514,2022-03-31,2022-06-30
ADI,86441169188.5664,shares_x_price,2022-03-16,Technology,-0.11145343626782112,16.0,False,0.0,0.004460173561946227,0.013513513513513514,2022-03-31,2022-06-30
LRCX,74996597213.74512,shares_x_price,2022-03-31,Technology,-0.20465666085375356,17.0,False,0.0,0.003869658905225916,0.013513513513513514,2022-03-31,2022-06-30
UBER,69752973396.60645,shares_x_price,2022-03-31,Technology,-0.42656953729048297,18.0,False,0.0,0.0035990994884857854,0.013513513513513514,2022-03-31,2022-06-30
PANW,61307521800.25634,shares_x_price,2022-03-18,Technology,-0.2065348044089912,19.0,False,0.0,0.0031633328244953167,0.013513513513513514,2022-03-31,2022-06-30
WDAY,60104461685.180664,shares_x_price,2022-03-24,Technology,-0.41710516195783776,20.0,False,0.0,0.0031012575776070287,0.013513513513513514,2022-03-31,2022-06-30
KLAC,55170734310.65918,shares_x_price,2022-03-16,Technology,-0.1254299715661289,21.0,False,0.0,0.0028466881333913,0.013513513513513514,2022-03-31,2022-06-30
FTNT,54956920490.38208,shares_x_price,2022-03-16,Technology,-0.17217764697228077,22.0,False,0.0,0.00283565581213361,0.013513513513513514,2022-03-31,2022-06-30
CRWD,52402797862.54883,shares_x_price,2022-03-26,Technology,-0.25770655187857205,23.0,False,0.0,0.0027038687212651387,0.013513513513513514,2022-03-31,2022-06-30
SNPS,51023304714.16406,shares_x_price,2022-03-18,Technology,-0.08872679143463935,24.0,False,0.0,0.002632689919230546,0.013513513513513514,2022-03-31,2022-06-30
ADSK,47151212177.808586,shares_x_price,2022-03-16,Technology,-0.1977606633198653,25.0,False,0.0,0.0024328984897279203,0.013513513513513514,2022-03-31,2022-06-30
CDNS,45781718828.97949,shares_x_price,2022-03-24,Technology,-0.08774174477370722,26.0,False,0.0,0.0023622356552817077,0.013513513513513514,2022-03-31,2022-06-30
APH,45130130497.29005,shares_x_price,2022-03-17,Technology,-0.1428448083400421,27.0,False,0.0,0.002328615135365622,0.013513513513513514,2022-03-31,2022-06-30
ANET,42708552687.072754,shares_x_price,2021-11-23,Technology,-0.32551445714863525,28.0,False,0.0,0.0022036670645711864,0.013513513513513514,2022-03-31,2022-06-30
MCHP,41777161597.29004,shares_x_price,2022-03-16,Technology,-0.22380373689807076,29.0,False,0.0,0.002155609339837974,0.013513513513513514,2022-03-31,2022-06-30
MSI,40740217349.066895,shares_x_price,2022-03-16,Technology,-0.13121208233191406,30.0,False,0.0,0.0021021053050759267,0.013513513513513514,2022-03-31,2022-06-30
PLTR,28516111527.981445,shares_x_price,2022-03-31,Technology,-0.33940276786441115,31.0,False,0.0,0.0014713684222521588,0.013513513513513514,2022-03-31,2022-06-30
GOOGL,1439645203514.414,shares_x_price,2022-06-18,Communication Services,-0.12217905285050756,1.0,True,0.07142857142857142,0.09048677103537672,0.013333333333333334,2022-06-30,2022-09-30
META,436394079360.0,shares_x_price,2022-06-09,Communication Services,-0.15857355953603114,2.0,True,0.07142857142857142,0.027428904735587498,0.013333333333333334,2022-06-30,2022-09-30
CMCSA,175795607115.46365,shares_x_price,2022-05-06,Communication Services,-0.24750586060618573,3.0,False,0.0,0.0110493730061059,0.013333333333333334,2022-06-30,2022-09-30
DIS,171947708737.7578,shares_x_price,2022-05-16,Communication Services,-0.0007416269797176911,4.0,False,0.0,0.010807519041934109,0.013333333333333334,2022-06-30,2022-09-30
TMUS,168656649088.91016,shares_x_price,2022-06-04,Communication Services,-0.0027500570319245465,5.0,False,0.0,0.010600664352888452,0.013333333333333334,2022-06-30,2022-09-30
NFLX,77690189412.77344,shares_x_price,2022-04-14,Communication Services,0.3463716636940808,6.0,False,0.0,0.0048831020059160665,0.013333333333333334,2022-06-30,2022-09-30
TTWO,20172848879.02832,shares_x_price,2022-06-04,Communication Services,-0.11042192862229061,7.0,False,0.0,0.0012679345947125336,0.013333333333333334,2022-06-30,2022-09-30
AMZN,1080623069064.5781,shares_x_price,2022-06-06,Consumer Cyclical,0.0639299592699083,1.0,True,0.07142857142857142,0.06792096551795551,0.013333333333333334,2022-06-30,2022-09-30
TSLA,697669825720.0312,shares_x_price,2022-04-29,Consumer Cyclical,0.18165486649386264,2.0,True,0.07142857142857142,0.04385100552838231,0.013333333333333334,2022-06-30,2022-09-30
HD,282114110699.4629,shares_x_price,2022-06-23,Consumer Cyclical,0.012653648989364719,3.0,False,0.0,0.017731865377937635,0.013333333333333334,2022-06-30,2022-09-30
MCD,182579368946.10938,shares_x_price,2022-06-29,Consumer Cyclical,-0.0602600593990229,4.0,False,0.0,0.011475756327517092,0.013333333333333334,2022-06-30,2022-09-30
NKE,160839287562.0352,shares_x_price,2022-06-29,Consumer Cyclical,-0.18435666097699765,5.0,False,0.0,0.010109315650544086,0.013333333333333334,2022-06-30,2022-09-30
LOW,111636665451.7998,shares_x_price,2022-06-16,Consumer Cyclical,0.08133899874001949,6.0,False,0.0,0.007016757574178811,0.013333333333333334,2022-06-30,2022-09-30
SBUX,87611687855.50781,shares_x_price,2022-05-05,Consumer Cyclical,0.1093089137589296,7.0,False,0.0,0.0055067031235553005,0.013333333333333334,2022-06-30,2022-09-30
BKNG,71049747859.66873,shares_x_price,2022-05-10,Consumer Cyclical,-0.06048031019791733,8.0,False,0.0,0.004465726868678949,0.013333333333333334,2022-06-30,2022-09-30
ABNB,57515659084.32422,shares_x_price,2022-06-29,Consumer Cyclical,0.17916478172891948,9.0,False,0.0,0.0036150617261858733,0.013333333333333334,2022-06-30,2022-09-30
ORLY,41522677841.51459,shares_x_price,2022-06-30,Consumer Cyclical,0.11331835737354679,10.0,False,0.0,0.0026098465326378746,0.013333333333333334,2022-06-30,2022-09-30
CMG,36554128043.746956,shares_x_price,2022-05-07,Consumer Cyclical,0.14954942927708426,11.0,False,0.0,0.002297555680120221,0.013333333333333334,2022-06-30,2022-09-30
ROST,25777431683.979004,shares_x_price,2022-06-29,Consumer Cyclical,0.20413183874822405,12.0,False,0.0,0.0016202023616473083,0.013333333333333334,2022-06-30,2022-09-30
PG,344995344695.2578,shares_x_price,2022-05-20,Consumer Defensive,-0.11628336459727617,1.0,True,0.07142857142857142,0.021684172383239636,0.013333333333333334,2022-06-30,2022-09-30
WMT,333269026640.0127,shares_x_price,2022-06-07,Consumer Defensive,0.07143331199653224,2.0,True,0.07142857142857142,0.020947131996925907,0.013333333333333334,2022-06-30,2022-09-30
COST,212303309933.51367,shares_x_price,2022-06-14,Consumer Defensive,-0.01292526082128731,3.0,False,0.0,0.013344010697295482,0.013333333333333334,2022-06-30,2022-09-30
MNST,49100500825.17236,shares_x_price,2022-06-16,Consumer Defensive,-0.06192015159368758,4.0,False,0.0,0.003086139393958821,0.013333333333333334,2022-06-30,2022-09-30
V,416656638357.66016,shares_x_price,2022-05-29,Financial Services,-0.0961216548351187,1.0,True,0.07142857142857142,0.02618833705929954,0.013333333333333334,2022-06-30,2022-09-30
MA,306850052761.95703,shares_x_price,2022-06-14,Financial Services,-0.09732520143014256,2.0,True,0.07142857142857142,0.019286606449063527,0.013333333333333334,2022-06-30,2022-09-30
SPGI,114566695275.86975,shares_x_price,2022-05-09,Financial Services,-0.09202397976347698,3.0,False,0.0,0.007200920267299462,0.013333333333333334,2022-06-30,2022-09-30
AXP,104389169087.10938,shares_x_price,2022-05-21,Financial Services,-0.026763878858013457,4.0,False,0.0,0.006561226904170294,0.013333333333333334,2022-06-30,2022-09-30
BLK,93415769909.79004,shares_x_price,2022-06-29,Financial Services,-0.08972929334039648,5.0,False,0.0,0.0058715101208865125,0.013333333333333334,2022-06-30,2022-09-30
PYPL,80877513828.89062,shares_x_price,2022-06-13,Financial Services,0.23238834305430323,6.0,False,0.0,0.0050834365702605334,0.013333333333333334,2022-06-30,2022-09-30
UNH,481873305377.0781,shares_x_price,2022-05-06,Healthcare,-0.013639007646881196,1.0,True,0.07142857142857142,0.03028743425482421,0.013333333333333334,2022-06-30,2022-09-30
LLY,308070387238.76953,shares_x_price,2022-05-05,Healthcare,0.000541563117973265,2.0,True,0.07142857142857142,0.019363308768579713,0.013333333333333334,2022-06-30,2022-09-30
DHR,192987031054.45956,shares_x_price,2022-06-03,Healthcare,0.019772738308662108,3.0,False,0.0,0.012129914543661505,0.013333333333333334,2022-06-30,2022-09-30
AMGN,129970861630.24902,shares_x_price,2022-05-14,Healthcare,-0.0664175260476616,4.0,False,0.0,0.008169126371481863,0.013333333333333334,2022-06-30,2022-09-30
ELV,116342792202.13477,shares_x_price,2022-06-29,Healthcare,-0.05623533424113447,5.0,False,0.0,0.007312554213990807,0.013333333333333334,2022-06-30,2022-09-30
GILD,78178523959.0459,shares_x_price,2022-05-27,Healthcare,0.009377281177964658,6.0,False,0.0,0.004913795551915699,0.013333333333333334,2022-06-30,2022-09-30
SYK,75226169267.4375,shares_x_price,2022-05-29,Healthcare,0.021596740913179202,7.0,False,0.0,0.004728229662248833,0.013333333333333334,2022-06-30,2022-09-30
VRTX,72069485425.41504,shares_x_price,2022-06-04,Healthcare,0.027502749441041807,8.0,False,0.0,0.004529820965893044,0.013333333333333334,2022-06-30,2022-09-30
ISRG,72046260274.30957,shares_x_price,2022-06-03,Healthcare,-0.06611530979309221,9.0,False,0.0,0.004528361183354115,0.013333333333333334,2022-06-30,2022-09-30
REGN,64933266516.35742,shares_x_price,2022-06-15,Healthcare,0.16534436850652345,10.0,False,0.0,0.004081284475856554,0.013333333333333334,2022-06-30,2022-09-30
BSX,53280076343.365234,shares_x_price,2022-05-10,Healthcare,0.03917357302228108,11.0,False,0.0,0.003348840434476682,0.013333333333333334,2022-06-30,2022-09-30
HON,118318199954.1272,shares_x_price,2022-05-05,Industrials,-0.034556055018791,1.0,True,0.07142857142857142,0.0074367155479914985,0.013333333333333334,2022-06-30,2022-09-30
CAT,99210012211.50879,shares_x_price,2022-05-10,Industrials,-0.07572837844883262,2.0,True,0.07142857142857142,0.006235698655116481,0.013333333333333334,2022-06-30,2022-09-30
GE,70079021649.51994,shares_x_price,2022-04-28,Industrials,-0.026435934851453347,3.0,False,0.0,0.004404713307767312,0.013333333333333334,2022-06-30,2022-09-30
CTAS,38221457125.09155,shares_x_price,2022-05-08,Industrials,0.04203639541535775,4.0,False,0.0,0.0024023531847109023,0.013333333333333334,2022-06-30,2022-09-30
PH,31585930991.760254,shares_x_price,2022-05-10,Industrials,-0.010699918356973814,5.0,False,0.0,0.001985286998917163,0.013333333333333334,2022-06-30,2022-09-30
AAPL,2212840511256.8438,shares_x_price,2022-06-13,Technology,0.012228770369462127,1.0,True,0.07142857142857142,0.13908481908674605,0.013333333333333334,2022-06-30,2022-09-30
MSFT,1920839112834.375,shares_x_price,2022-06-13,Technology,-0.09124957196579286,2.0,True,0.07142857142857142,0.12073150285538392,0.013333333333333334,2022-06-30,2022-09-30
AVGO,197490025094.0039,shares_x_price,2022-06-28,Technology,-0.07837805045470025,3.0,False,0.0,0.01241294357722841,0.013333333333333334,2022-06-30,2022-09-30
ORCL,186198669773.20898,shares_x_price,2022-06-29,Technology,-0.12203891208086792,4.0,False,0.0,0.011703242130581926,0.013333333333333334,2022-06-30,2022-09-30
CSCO,176570531872.5586,shares_x_price,2022-06-11,Technology,-0.05347046956852919,5.0,False,0.0,0.011098079756139672,0.013333333333333334,2022-06-30,2022-09-30
ADBE,172963348846.43555,shares_x_price,2022-06-03,Technology,-0.24821063748441652,6.0,False,0.0,0.010871355599541442,0.013333333333333334,2022-06-30,2022-09-30
CRM,164214793319.70215,shares_x_price,2022-06-08,Technology,-0.12845382575012376,7.0,False,0.0,0.010321478074922662,0.013333333333333334,2022-06-30,2022-09-30
QCOM,145535450834.65134,shares_x_price,2022-06-24,Technology,-0.11058427856747177,8.0,False,0.0,0.009147415616748915,0.013333333333333334,2022-06-30,2022-09-30
TXN,141685885930.14062,shares_x_price,2022-06-19,Technology,0.013989314341594339,9.0,False,0.0,0.008905456905498436,0.013333333333333334,2022-06-30,2022-09-30
AMD,124355520879.1875,shares_x_price,2022-06-08,Technology,-0.1714397855508628,10.0,False,0.0,0.007816182429747793,0.013333333333333334,2022-06-30,2022-09-30
INTU,113646596196.32619,shares_x_price,2022-06-03,Technology,0.00654366440625509,11.0,False,0.0,0.007143088799839788,0.013333333333333334,2022-06-30,2022-09-30
NOW,95322735468.29225,shares_x_price,2022-04-26,Technology,-0.20590084401945197,12.0,False,0.0,0.005991369621993663,0.013333333333333334,2022-06-30,2022-09-30
ADP,87743578755.62207,shares_x_price,2022-06-30,Technology,0.0815436569459036,13.0,False,0.0,0.005514992931107297,0.013333333333333334,2022-06-30,2022-09-30
AMAT,79147781708.19434,shares_x_price,2022-05-30,Technology,-0.09716944917362402,14.0,False,0.0,0.004974716814881989,0.013333333333333334,2022-06-30,2022-09-30
ADI,78208113156.95898,shares_x_price,2022-06-11,Technology,-0.04161379663780784,15.0,False,0.0,0.004915655337208732,0.013333333333333334,2022-06-30,2022-09-30
MU,63256904372.10938,shares_x_price,2022-06-03,Technology,-0.09193044819031404,16.0,False,0.0,0.0039759192114506795,0.013333333333333334,2022-06-30,2022-09-30
LRCX,60668420989.53247,shares_x_price,2022-06-29,Technology,-0.1378225374123936,17.0,False,0.0,0.0038132239150010156,0.013333333333333334,2022-06-30,2022-09-30
PANW,49549097404.90723,shares_x_price,2022-05-27,Technology,-0.005203106794964829,18.0,False,0.0,0.00311433526881648,0.013333333333333334,2022-06-30,2022-09-30
SNPS,46456990867.30957,shares_x_price,2022-05-24,Technology,0.005959820499973789,19.0,False,0.0,0.002919985483465503,0.013333333333333334,2022-06-30,2022-09-30
KLAC,45528250229.87365,shares_x_price,2022-06-29,Technology,-0.048235150355543266,20.0,False,0.0,0.002861610863659344,0.013333333333333334,2022-06-30,2022-09-30
FTNT,45413148160.23047,shares_x_price,2022-06-27,Technology,-0.1316719781166642,21.0,False,0.0,0.0028543762932276328,0.013333333333333334,2022-06-30,2022-09-30
CDNS,41372123633.62012,shares_x_price,2022-04-28,Technology,0.08931543028402311,22.0,False,0.0,0.0026003836704653733,0.013333333333333334,2022-06-30,2022-09-30
UBER,40176482456.93555,shares_x_price,2022-05-10,Technology,0.2952102241349157,23.0,False,0.0,0.0025252334118245527,0.013333333333333334,2022-06-30,2022-09-30
CRWD,39118055753.41797,shares_x_price,2022-06-07,Technology,-0.02224727132365112,24.0,False,0.0,0.002458707566050105,0.013333333333333334,2022-06-30,2022-09-30
APH,38443741769.83154,shares_x_price,2022-06-11,Technology,0.04294244985403295,25.0,False,0.0,0.0024163245574520234,0.013333333333333334,2022-06-30,2022-09-30
ADSK,37362094578.73535,shares_x_price,2022-06-06,Technology,0.08629911466904994,26.0,False,0.0,0.0023483392222577336,0.013333333333333334,2022-06-30,2022-09-30
WDAY,35453320465.08789,shares_x_price,2022-05-30,Technology,0.09055738088431675,27.0,False,0.0,0.002228366047090521,0.013333333333333334,2022-06-30,2022-09-30
MSI,35065450544.2998,shares_x_price,2022-06-16,Technology,0.07200063198592943,28.0,False,0.0,0.0022039870566085717,0.013333333333333334,2022-06-30,2022-09-30
MCHP,32205418630.68164,shares_x_price,2022-05-24,Technology,0.05522234761916156,29.0,False,0.0,0.0020242239786712616,0.013333333333333334,2022-06-30,2022-09-30
PLTR,18562570240.070316,shares_x_price,2022-05-29,Technology,-0.10363832546981355,30.0,False,0.0,0.0011667229113402338,0.013333333333333334,2022-06-30,2022-09-30
GOOGL,1250222027701.2578,shares_x_price,2022-09-24,Communication Services,-0.07757441240796348,1.0,True,0.07142857142857142,0.08168334907130345,0.013333333333333334,2022-09-30,2022-12-31
META,364646757803.15625,shares_x_price,2022-09-02,Communication Services,-0.11306025533265762,2.0,True,0.07142857142857142,0.023824223014307307,0.013333333333333334,2022-09-30,2022-12-31
DIS,171969250119.56247,shares_x_price,2022-09-22,Communication Services,-0.07897803582004892,3.0,False,0.0,0.011235623733869347,0.013333333333333334,2022-09-30,2022-12-31
TMUS,168254553090.66406,shares_x_price,2022-09-02,Communication Services,0.04345236760289506,4.0,False,0.0,0.010992923727484444,0.013333333333333334,2022-09-30,2022-12-31
CMCSA,129440324292.55247,shares_x_price,2022-09-25,Communication Services,0.2028979579249104,5.0,False,0.0,0.008456993205064328,0.013333333333333334,2022-09-30,2022-12-31
NFLX,104701579655.08667,shares_x_price,2022-09-02,Communication Services,0.25246347630805555,6.0,False,0.0,0.006840685486087859,0.013333333333333334,2022-09-30,2022-12-31
TTWO,18169319872.0,shares_x_price,2022-09-25,Communication Services,-0.04467892428056919,7.0,False,0.0,0.0011870938638167887,0.013333333333333334,2022-09-30,2022-12-31
AMZN,1151198785536.0,shares_x_price,2022-09-02,Consumer Cyclical,-0.2566371681415929,1.0,True,0.07142857142857142,0.07521365818701378,0.013333333333333334,2022-09-30,2022-12-31
TSLA,831152904768.0,shares_x_price,2022-09-17,Consumer Cyclical,-0.5356079159088567,2.0,True,0.07142857142857142,0.054303436787641615,0.013333333333333334,2022-09-30,2022-12-31
HD,282488054284.3008,shares_x_price,2022-09-12,Consumer Cyclical,0.15159395149221777,3.0,False,0.0,0.01845637801551482,0.013333333333333334,2022-09-30,2022-12-31
MCD,169759342775.49417,shares_x_price,2022-09-12,Consumer Cyclical,0.14854039595480817,4.0,False,0.0,0.011091239273348626,0.013333333333333334,2022-09-30,2022-12-31
NKE,130378711508.17871,shares_x_price,2022-09-17,Consumer Cyclical,0.4120447121335027,5.0,False,0.0,0.008518302803519397,0.013333333333333334,2022-09-30,2022-12-31
LOW,116573851792.1367,shares_x_price,2022-09-21,Consumer Cyclical,0.06662975738825261,6.0,False,0.0,0.007616361268271321,0.013333333333333334,2022-09-30,2022-12-31
SBUX,96679921058.4707,shares_x_price,2022-09-14,Consumer Cyclical,0.1840742308461254,7.0,False,0.0,0.006316589825669073,0.013333333333333334,2022-09-30,2022-12-31
ABNB,67172976385.79883,shares_x_price,2022-09-02,Consumer Cyclical,-0.18602437876253752,8.0,False,0.0,0.004388751403115363,0.013333333333333334,2022-09-30,2022-12-31
BKNG,65245626077.38495,shares_x_price,2022-09-16,Consumer Cyclical,0.22642848137507898,9.0,False,0.0,0.004262827827513098,0.013333333333333334,2022-09-30,2022-12-31
ORLY,44534925725.30365,shares_x_price,2022-09-14,Consumer Cyclical,0.20001420443913953,10.0,False,0.0,0.00290969268120574,0.013333333333333334,2022-09-30,2022-12-31
CMG,41723531096.70639,shares_x_price,2022-09-24,Consumer Cyclical,-0.07670555524988254,11.0,False,0.0,0.002726010004259841,0.013333333333333334,2022-09-30,2022-12-31
ROST,29246998519.09253,shares_x_price,2022-09-14,Consumer Cyclical,0.3809561055176436,12.0,False,0.0,0.0019108548212956162,0.013333333333333334,2022-09-30,2022-12-31
WMT,352776232526.34955,shares_x_price,2022-09-17,Consumer Defensive,0.0973364446667413,1.0,True,0.07142857142857142,0.023048661363367636,0.013333333333333334,2022-09-30,2022-12-31
PG,301169362880.0,shares_x_price,2022-09-02,Consumer Defensive,0.20899476829235386,2.0,True,0.07142857142857142,0.01967692270063524,0.013333333333333334,2022-09-30,2022-12-31
COST,209198134921.62305,shares_x_price,2022-09-23,Consumer Defensive,-0.03164694770338827,3.0,False,0.0,0.013667975688516482,0.013333333333333334,2022-09-30,2022-12-31
MNST,45818007468.981445,shares_x_price,2022-09-21,Consumer Defensive,0.16754829632266866,4.0,False,0.0,0.002993522922261846,0.013333333333333334,2022-09-30,2022-12-31
V,374381382164.58984,shares_x_price,2022-09-18,Financial Services,0.17210431259088965,1.0,True,0.07142857142857142,0.024460235420243736,0.013333333333333334,2022-09-30,2022-12-31
MA,274779348301.0254,shares_x_price,2022-09-13,Financial Services,0.22491036805991516,2.0,True,0.07142857142857142,0.017952729137341007,0.013333333333333334,2022-09-30,2022-12-31
SPGI,101834226251.84631,shares_x_price,2022-09-12,Financial Services,0.09951374498334342,3.0,False,0.0,0.006653346738442918,0.013333333333333334,2022-09-30,2022-12-31
AXP,101148501108.53906,shares_x_price,2022-09-02,Financial Services,0.09935503079779617,4.0,False,0.0,0.006608544835255591,0.013333333333333334,2022-09-30,2022-12-31
PYPL,99538233247.07031,shares_x_price,2022-09-17,Financial Services,-0.17253395328793386,5.0,False,0.0,0.006503337864883699,0.013333333333333334,2022-09-30,2022-12-31
BLK,82965165334.82031,shares_x_price,2022-09-12,Financial Services,0.2966401718938687,6.0,False,0.0,0.005420535241458627,0.013333333333333334,2022-09-30,2022-12-31
UNH,474119439061.7676,shares_x_price,2022-09-17,Healthcare,0.05301451500620469,1.0,True,0.07142857142857142,0.030976628778154092,0.013333333333333334,2022-09-30,2022-12-31
LLY,307815940699.8965,shares_x_price,2022-09-17,Healthcare,0.1345615883537552,2.0,True,0.07142857142857142,0.020111177356338616,0.013333333333333334,2022-09-30,2022-12-31
DHR,187891769292.46533,shares_x_price,2022-09-21,Healthcare,0.02859625576831859,3.0,False,0.0,0.012275922707073431,0.013333333333333334,2022-09-30,2022-12-31
AMGN,120573445938.24025,shares_x_price,2022-09-12,Healthcare,0.17324344191725194,4.0,False,0.0,0.007877675048976665,0.013333333333333334,2022-09-30,2022-12-31
ELV,109018048262.32031,shares_x_price,2022-09-18,Healthcare,0.13205160619402467,5.0,False,0.0,0.007122702283254897,0.013333333333333334,2022-09-30,2022-12-31
GILD,78316687056.57957,shares_x_price,2022-08-19,Healthcare,0.40317699509478455,6.0,False,0.0,0.005116826567768036,0.013333333333333334,2022-09-30,2022-12-31
SYK,76625131179.6831,shares_x_price,2022-09-14,Healthcare,0.21087781048317988,7.0,False,0.0,0.005006308638868478,0.013333333333333334,2022-09-30,2022-12-31
REGN,75092340427.73438,shares_x_price,2022-09-02,Healthcare,0.04735292710314476,8.0,False,0.0,0.004906163641203622,0.013333333333333334,2022-09-30,2022-12-31
VRTX,74255143367.74219,shares_x_price,2022-09-02,Healthcare,-0.002624886866048004,9.0,False,0.0,0.004851465309085328,0.013333333333333334,2022-09-30,2022-12-31
ISRG,66936888211.37305,shares_x_price,2022-09-02,Healthcare,0.415653023086489,10.0,False,0.0,0.004373326564697913,0.013333333333333334,2022-09-30,2022-12-31
BSX,55446254024.98096,shares_x_price,2022-09-14,Healthcare,0.19468115168203726,11.0,False,0.0,0.0036225851263763705,0.013333333333333334,2022-09-30,2022-12-31
HON,112175618402.0543,shares_x_price,2022-09-17,Industrials,0.28974940659185244,1.0,True,0.07142857142857142,0.00732900236294174,0.013333333333333334,2022-09-30,2022-12-31
CAT,87697153843.93848,shares_x_price,2022-09-02,Industrials,0.4697888919180153,2.0,True,0.07142857142857142,0.005729700062288401,0.013333333333333334,2022-09-30,2022-12-31
GE,67887409155.84428,shares_x_price,2022-09-02,Industrials,0.3547238571928679,3.0,False,0.0,0.0044354289212286055,0.013333333333333334,2022-09-30,2022-12-31
CTAS,39612460609.13086,shares_x_price,2022-09-18,Industrials,0.1664213212768728,4.0,False,0.0,0.0025880830571016486,0.013333333333333334,2022-09-30,2022-12-31
PH,31113330616.51611,shares_x_price,2022-09-18,Industrials,0.20648924171346872,5.0,False,0.0,0.0020327917675491787,0.013333333333333334,2022-09-30,2022-12-31
AAPL,2220984564024.6094,shares_x_price,2022-09-17,Technology,-0.05828123587622058,1.0,True,0.07142857142857142,0.14510819150960344,0.013333333333333334,2022-09-30,2022-12-31
MSFT,1741484044371.2346,shares_x_price,2022-09-17,Technology,0.03261421015668087,2.0,True,0.07142857142857142,0.11377998943118266,0.013333333333333334,2022-09-30,2022-12-31
AVGO,179827606035.15625,shares_x_price,2022-09-20,Technology,0.2697804274250888,3.0,False,0.0,0.011749050001490166,0.013333333333333334,2022-09-30,2022-12-31
ORCL,164623347608.7129,shares_x_price,2022-09-21,Technology,0.3453442903513728,4.0,False,0.0,0.010755678647522757,0.013333333333333334,2022-09-30,2022-12-31
CSCO,164353597440.0,shares_x_price,2022-09-16,Technology,0.20206306068934787,5.0,False,0.0,0.010738054500207473,0.013333333333333334,2022-09-30,2022-12-31
CRM,143839996337.89062,shares_x_price,2022-09-02,Technology,-0.07821182667016935,6.0,False,0.0,0.009397796848041496,0.013333333333333334,2022-09-30,2022-12-31
TXN,140614998869.25195,shares_x_price,2022-09-02,Technology,0.07596161262560974,7.0,False,0.0,0.009187091398810819,0.013333333333333334,2022-09-30,2022-12-31
ADBE,132029957856.44531,shares_x_price,2022-09-27,Technology,0.22285604597331,8.0,False,0.0,0.008626187106370926,0.013333333333333334,2022-09-30,2022-12-31
QCOM,126876551000.55664,shares_x_price,2022-09-12,Technology,-0.020703159113587777,9.0,False,0.0,0.008289488886543538,0.013333333333333334,2022-09-30,2022-12-31
INTU,109173896661.59767,shares_x_price,2022-09-14,Technology,0.006804202306294416,10.0,False,0.0,0.0071328846500012125,0.013333333333333334,2022-09-30,2022-12-31
AMD,102283316185.30273,shares_x_price,2022-09-02,Technology,0.02225372504943568,11.0,False,0.0,0.0066826880626126555,0.013333333333333334,2022-09-30,2022-12-31
ADP,93934898493.89648,shares_x_price,2022-09-25,Technology,0.061131861724281755,12.0,False,0.0,0.006137243572457561,0.013333333333333334,2022-09-30,2022-12-31
NOW,76277223205.5664,shares_x_price,2022-09-13,Technology,0.028230132480437042,13.0,False,0.0,0.004983578045530016,0.013333333333333334,2022-09-30,2022-12-31
ADI,71668414625.86328,shares_x_price,2022-09-17,Technology,0.1824333060783201,14.0,False,0.0,0.004682461194540837,0.013333333333333334,2022-09-30,2022-12-31
AMAT,70524772719.01318,shares_x_price,2022-09-17,Technology,0.19146950948981845,15.0,False,0.0,0.004607741265584243,0.013333333333333334,2022-09-30,2022-12-31
MU,55267810911.92675,shares_x_price,2022-09-02,Technology,0.001984835228476811,16.0,False,0.0,0.0036109265323266584,0.013333333333333334,2022-09-30,2022-12-31
UBER,52467880000.0,shares_x_price,2022-09-02,Technology,-0.06679247010428946,17.0,False,0.0,0.0034279928381611806,0.013333333333333334,2022-09-30,2022-12-31
LRCX,50137605909.729,shares_x_price,2022-09-14,Technology,0.1526429573214898,18.0,False,0.0,0.003275744207334062,0.013333333333333334,2022-09-30,2022-12-31
PANW,49008261671.756836,shares_x_price,2022-09-27,Technology,-0.1480554429087525,19.0,False,0.0,0.003201958417635923,0.013333333333333334,2022-09-30,2022-12-31
SNPS,46715843547.35156,shares_x_price,2022-09-02,Technology,0.0451049011123017,20.0,False,0.0,0.003052183109151339,0.013333333333333334,2022-09-30,2022-12-31
CDNS,44758574708.99609,shares_x_price,2022-09-14,Technology,-0.01707148877909892,21.0,False,0.0,0.0029243048041723957,0.013333333333333334,2022-09-30,2022-12-31
KLAC,42915355732.421875,shares_x_price,2022-09-24,Technology,0.2501191405874621,22.0,False,0.0,0.0028038779553868297,0.013333333333333334,2022-09-30,2022-12-31
ADSK,40322463353.149414,shares_x_price,2022-09-24,Technology,0.00037468985163924273,23.0,False,0.0,0.002634471139135274,0.013333333333333334,2022-09-30,2022-12-31
APH,39829684478.13867,shares_x_price,2022-09-02,Technology,0.14017984343075773,24.0,False,0.0,0.002602275394722998,0.013333333333333334,2022-09-30,2022-12-31
WDAY,38968320312.5,shares_x_price,2022-09-02,Technology,0.0992642260490042,25.0,False,0.0,0.002545998102961676,0.013333333333333334,2022-09-30,2022-12-31
FTNT,38740038751.35132,shares_x_price,2022-09-02,Technology,-0.004885033039874198,26.0,False,0.0,0.0025310833102027168,0.013333333333333334,2022-09-30,2022-12-31
CRWD,38463520721.74219,shares_x_price,2022-09-22,Technology,-0.3611431194998086,27.0,False,0.0,0.0025130169841929267,0.013333333333333334,2022-09-30,2022-12-31
MSI,37377231861.95703,shares_x_price,2022-09-21,Technology,0.15444782482146358,28.0,False,0.0,0.002442044220827649,0.013333333333333334,2022-09-30,2022-12-31
MCHP,33718095892.621098,shares_x_price,2022-09-23,Technology,0.15618632388078413,29.0,False,0.0,0.002202974300397444,0.013333333333333334,2022-09-30,2022-12-31
PLTR,16781621036.224365,shares_x_price,2022-09-14,Technology,-0.21033210505244448,30.0,False,0.0,0.0010964284572754252,0.013333333333333334,2022-09-30,2022-12-31
GOOGL,1144996028624.1094,shares_x_price,2022-12-30,Communication Services,0.17567710187886565,1.0,True,0.07142857142857142,0.07510629978621736,0.013333333333333334,2022-12-31,2023-03-31
META,319887785967.1406,shares_x_price,2022-12-16,Communication Services,0.7611769297739068,2.0,True,0.07142857142857142,0.020983119024148823,0.013333333333333334,2022-12-31,2023-03-31
TMUS,174181002240.0,shares_x_price,2022-10-30,Communication Services,0.0345715062908607,3.0,False,0.0,0.01142544624108557,0.013333333333333334,2022-12-31,2023-03-31
DIS,158433495581.44043,shares_x_price,2022-12-05,Communication Services,0.1525090945649079,4.0,False,0.0,0.010392484618149227,0.013333333333333334,2022-12-31,2023-03-31
CMCSA,150859172938.85886,shares_x_price,2022-12-30,Communication Services,0.09250738302197736,5.0,False,0.0,0.009895645037181542,0.013333333333333334,2022-12-31,2023-03-31
NFLX,131227501470.5658,shares_x_price,2022-12-07,Communication Services,0.17159520200411316,6.0,False,0.0,0.008607900655767447,0.013333333333333334,2022-12-31,2023-03-31
TTWO,17474992842.111324,shares_x_price,2022-11-10,Communication Services,0.1456833400410169,7.0,False,0.0,0.001146276509569004,0.013333333333333334,2022-12-31,2023-03-31
AMZN,856942829568.0,shares_x_price,2022-11-19,Consumer Cyclical,0.2296428680419922,1.0,True,0.07142857142857142,0.05621137842244247,0.013333333333333334,2022-12-31,2023-03-31
TSLA,388971647934.5488,shares_x_price,2022-12-07,Consumer Cyclical,0.684202031172995,2.0,True,0.07142857142857142,0.025514692162920988,0.013333333333333334,2022-12-31,2023-03-31
HD,321921343524.21875,shares_x_price,2022-12-05,Consumer Cyclical,-0.05889595690042382,3.0,False,0.0,0.021116510738789063,0.013333333333333334,2022-12-31,2023-03-31
MCD,193015695825.92773,shares_x_price,2022-11-11,Consumer Cyclical,0.06714356685593481,4.0,False,0.0,0.012660912659729923,0.013333333333333334,2022-12-31,2023-03-31
NKE,183072673625.84476,shares_x_price,2022-12-07,Consumer Cyclical,0.051104150548026084,5.0,False,0.0,0.012008697641099839,0.013333333333333334,2022-12-31,2023-03-31
LOW,120481024259.97267,shares_x_price,2022-11-29,Consumer Cyclical,0.008828303988599906,6.0,False,0.0,0.00790298280553311,0.013333333333333334,2022-12-31,2023-03-31
SBUX,113861762845.9922,shares_x_price,2022-12-22,Consumer Cyclical,0.05495756834484733,7.0,False,0.0,0.007468790703819746,0.013333333333333334,2022-12-31,2023-03-31
BKNG,78171500504.95148,shares_x_price,2022-12-07,Consumer Cyclical,0.3161495613095102,8.0,False,0.0,0.005127679052929514,0.013333333333333334,2022-12-31,2023-03-31
ABNB,54136635552.0,shares_x_price,2022-12-08,Consumer Cyclical,0.45497077808045505,9.0,False,0.0,0.0035511060977841454,0.013333333333333334,2022-12-31,2023-03-31
ORLY,52815935607.07283,shares_x_price,2022-11-11,Consumer Cyclical,0.0058647531306241785,10.0,False,0.0,0.003464474455829425,0.013333333333333334,2022-12-31,2023-03-31
ROST,39971142793.46631,shares_x_price,2022-12-09,Consumer Cyclical,-0.08268798093980567,11.0,False,0.0,0.002621917070796528,0.013333333333333334,2022-12-31,2023-03-31
CMG,38462748662.53853,shares_x_price,2022-11-09,Consumer Cyclical,0.23120882030357381,12.0,False,0.0,0.002522973581944983,0.013333333333333334,2022-12-31,2023-03-31
WMT,382379264181.51855,shares_x_price,2022-12-07,Consumer Defensive,0.04418049510847277,1.0,True,0.07142857142857142,0.025082263108074522,0.013333333333333334,2022-12-31,2023-03-31
PG,359151740764.3594,shares_x_price,2022-12-07,Consumer Defensive,-0.012780021610512726,2.0,True,0.07142857142857142,0.02355864792212766,0.013333333333333334,2022-12-31,2023-03-31
COST,202613412848.0,shares_x_price,2022-12-14,Consumer Defensive,0.0903284505568156,3.0,False,0.0,0.013290477299171731,0.013333333333333334,2022-12-31,2023-03-31
MNST,53011349800.40039,shares_x_price,2022-12-07,Consumer Defensive,0.0639219732276104,4.0,False,0.0,0.003477292698530387,0.013333333333333334,2022-12-31,2023-03-31
V,439956712919.24615,shares_x_price,2022-12-05,Financial Services,0.08732021156874814,1.0,True,0.07142857142857142,0.028859070204093715,0.013333333333333334,2022-12-31,2023-03-31
MA,334328485235.5547,shares_x_price,2022-12-07,Financial Services,0.04678863846823078,2.0,True,0.07142857142857142,0.021930360290722834,0.013333333333333334,2022-12-31,2023-03-31
AXP,113262634704.0,shares_x_price,2022-12-16,Financial Services,0.12028283305546217,3.0,False,0.0,0.007429490744066263,0.013333333333333334,2022-12-31,2023-03-31
SPGI,109123453282.59888,shares_x_price,2022-10-30,Financial Services,0.03203163650818697,4.0,False,0.0,0.007157980107405921,0.013333333333333334,2022-12-31,2023-03-31
BLK,106433392213.3789,shares_x_price,2022-11-09,Financial Services,-0.04891537886591968,5.0,False,0.0,0.006981524881311513,0.013333333333333334,2022-12-31,2023-03-31
PYPL,81192934573.07812,shares_x_price,2022-12-07,Financial Services,0.06627343995240897,6.0,False,0.0,0.00532587077345251,0.013333333333333334,2022-12-31,2023-03-31
UNH,495373141735.1836,shares_x_price,2022-11-10,Healthcare,-0.10544883236117686,1.0,True,0.07142857142857142,0.0324941246599007,0.013333333333333334,2022-12-31,2023-03-31
LLY,347613110186.9043,shares_x_price,2022-11-05,Healthcare,-0.05824639119340724,2.0,True,0.07142857142857142,0.022801768574420105,0.013333333333333334,2022-12-31,2023-03-31
DHR,194112274328.78683,shares_x_price,2022-11-04,Healthcare,-0.04937368952961485,3.0,False,0.0,0.012732842999849813,0.013333333333333334,2022-12-31,2023-03-31
AMGN,142766909722.65625,shares_x_price,2022-12-16,Healthcare,-0.07142136575811708,4.0,False,0.0,0.009364831015236476,0.013333333333333334,2022-12-31,2023-03-31
ELV,123113301834.96094,shares_x_price,2022-10-21,Healthcare,-0.10077998134209332,5.0,False,0.0,0.008075647708925984,0.013333333333333334,2022-12-31,2023-03-31
GILD,107676502086.18164,shares_x_price,2022-12-07,Healthcare,-0.02434361965489562,6.0,False,0.0,0.007063066983152793,0.013333333333333334,2022-12-31,2023-03-31
ISRG,93770709784.09082,shares_x_price,2022-10-27,Healthcare,-0.037233859640305456,7.0,False,0.0,0.006150913072312831,0.013333333333333334,2022-12-31,2023-03-31
SYK,92522356690.61818,shares_x_price,2022-11-04,Healthcare,0.1707609506105494,8.0,False,0.0,0.0060690270401053,0.013333333333333334,2022-12-31,2023-03-31
REGN,78571702916.5039,shares_x_price,2022-11-09,Healthcare,0.1388514553535174,9.0,False,0.0,0.00515393042983022,0.013333333333333334,2022-12-31,2023-03-31
VRTX,74127228976.89648,shares_x_price,2022-11-27,Healthcare,0.09103819051198991,10.0,False,0.0,0.004862394054371078,0.013333333333333334,2022-12-31,2023-03-31
BSX,66272985095.97949,shares_x_price,2022-11-08,Healthcare,0.08126211982568332,11.0,False,0.0,0.004347192970029261,0.013333333333333334,2022-12-31,2023-03-31
HON,144078602408.25464,shares_x_price,2022-10-30,Industrials,-0.10344240825362461,1.0,True,0.07142857142857142,0.009450871823771264,0.013333333333333334,2022-12-31,2023-03-31
CAT,124669176852.99022,shares_x_price,2022-11-04,Industrials,-0.04019302949495651,2.0,True,0.07142857142857142,0.008177705718397349,0.013333333333333334,2022-12-31,2023-03-31
GE,91554816433.68149,shares_x_price,2022-10-27,Industrials,0.46290875456980496,3.0,False,0.0,0.006005560995878017,0.013333333333333334,2022-12-31,2023-03-31
CTAS,45885043123.90137,shares_x_price,2022-12-23,Industrials,0.027126240665079182,4.0,False,0.0,0.0030098408364860963,0.013333333333333334,2022-12-31,2023-03-31
PH,37366146000.0,shares_x_price,2022-11-09,Industrials,0.15939760889636023,5.0,False,0.0,0.0024510416570649,0.013333333333333334,2022-12-31,2023-03-31
AAPL,2066939328958.875,shares_x_price,2022-12-07,Technology,0.27108255080913657,1.0,True,0.07142857142857142,0.13558140028420307,0.013333333333333334,2022-12-31,2023-03-31
MSFT,1787731084532.25,shares_x_price,2022-10-29,Technology,0.2051627353615273,2.0,True,0.07142857142857142,0.11726666592316898,0.013333333333333334,2022-12-31,2023-03-31
AVGO,233652600601.8872,shares_x_price,2022-12-21,Technology,0.1556479590987443,3.0,False,0.0,0.015326500553650164,0.013333333333333334,2022-12-31,2023-03-31
ORCL,220391478395.06836,shares_x_price,2022-12-17,Technology,0.1410379064496574,4.0,False,0.0,0.01445663393833636,0.013333333333333334,2022-12-31,2023-03-31
CSCO,195709886066.0547,shares_x_price,2022-12-07,Technology,0.10616513940181282,5.0,False,0.0,0.012837638739818804,0.013333333333333334,2022-12-31,2023-03-31
ADBE,159943285579.83398,shares_x_price,2022-11-17,Technology,0.1451282100111404,6.0,False,0.0,0.010491519669274986,0.013333333333333334,2022-12-31,2023-03-31
TXN,151836356343.58008,shares_x_price,2022-11-04,Technology,0.13385569326835922,7.0,False,0.0,0.00995974362609045,0.013333333333333334,2022-12-31,2023-03-31
CRM,132589996337.89062,shares_x_price,2022-12-07,Technology,0.5067503713654213,8.0,False,0.0,0.008697273846070516,0.013333333333333334,2022-12-31,2023-03-31
QCOM,123242735700.65623,shares_x_price,2022-11-22,Technology,0.16753980185195472,9.0,False,0.0,0.008084137955596168,0.013333333333333334,2022-12-31,2023-03-31
INTU,109341625729.16602,shares_x_price,2022-11-29,Technology,0.14776107438528263,10.0,False,0.0,0.007172291183398608,0.013333333333333334,2022-12-31,2023-03-31
AMD,104432547642.13477,shares_x_price,2022-12-07,Technology,0.5132006672216247,11.0,False,0.0,0.006850278983127859,0.013333333333333334,2022-12-31,2023-03-31
ADP,99085816333.19093,shares_x_price,2022-11-05,Technology,-0.06266927606937833,12.0,False,0.0,0.006499558810719538,0.013333333333333334,2022-12-31,2023-03-31
ADI,83539822258.30078,shares_x_price,2022-11-25,Technology,0.20793627064805054,13.0,False,0.0,0.005479815455918112,0.013333333333333334,2022-12-31,2023-03-31
AMAT,82202353997.66014,shares_x_price,2022-12-21,Technology,0.264301445182771,14.0,False,0.0,0.005392083892116152,0.013333333333333334,2022-12-31,2023-03-31
NOW,78430539321.89941,shares_x_price,2022-12-07,Technology,0.19689907857576916,15.0,False,0.0,0.005144670768669644,0.013333333333333334,2022-12-31,2023-03-31
LRCX,57320095397.617195,shares_x_price,2022-12-28,Technology,0.2658676227240402,16.0,False,0.0,0.0037599259395521764,0.013333333333333334,2022-12-31,2023-03-31
MU,54537177499.85742,shares_x_price,2022-12-24,Technology,0.2072829096928217,17.0,False,0.0,0.0035773797466533775,0.013333333333333334,2022-12-31,2023-03-31
KLAC,53431936285.78187,shares_x_price,2022-11-01,Technology,0.0621422004963621,18.0,False,0.0,0.003504881173832831,0.013333333333333334,2022-12-31,2023-03-31
UBER,49321757991.35156,shares_x_price,2022-12-18,Technology,0.28184396885244856,19.0,False,0.0,0.0032352730045125955,0.013333333333333334,2022-12-31,2023-03-31
SNPS,48665222678.07129,shares_x_price,2022-12-14,Technology,0.20971527346010688,20.0,False,0.0,0.00319220740705483,0.013333333333333334,2022-12-31,2023-03-31
APH,45310531109.42285,shares_x_price,2022-12-08,Technology,0.07622928375675353,21.0,False,0.0,0.002972155577750258,0.013333333333333334,2022-12-31,2023-03-31
CDNS,44066122072.5708,shares_x_price,2022-10-26,Technology,0.30783115747091294,22.0,False,0.0,0.0028905282569194612,0.013333333333333334,2022-12-31,2023-03-31
MSI,43089885762.94336,shares_x_price,2022-11-09,Technology,0.11403308459909,23.0,False,0.0,0.0028264917929492093,0.013333333333333334,2022-12-31,2023-03-31
WDAY,43003810470.581055,shares_x_price,2022-12-05,Technology,0.2343273234089045,24.0,False,0.0,0.002820845662700078,0.013333333333333334,2022-12-31,2023-03-31
PANW,42190892633.69531,shares_x_price,2022-12-07,Technology,0.43141762292899455,25.0,False,0.0,0.00276752211464195,0.013333333333333334,2022-12-31,2023-03-31
ADSK,40320379731.41016,shares_x_price,2022-12-08,Technology,0.11392951838828225,26.0,False,0.0,0.0026448253547572595,0.013333333333333334,2022-12-31,2023-03-31
MCHP,38638133936.0,shares_x_price,2022-11-09,Technology,0.19766340126341686,27.0,False,0.0,0.0025344780226568987,0.013333333333333334,2022-12-31,2023-03-31
FTNT,38194625998.69141,shares_x_price,2022-12-08,Technology,0.3593781941945442,28.0,False,0.0,0.002505386009004158,0.013333333333333334,2022-12-31,2023-03-31
CRWD,24679344474.59412,shares_x_price,2022-12-21,Technology,0.30363750891176866,29.0,False,0.0,0.0016188477499468276,0.013333333333333334,2022-12-31,2023-03-31
PLTR,13354819650.545898,shares_x_price,2022-11-16,Technology,0.3161993315961209,30.0,False,0.0,0.0008760127224808496,0.013333333333333334,2022-12-31,2023-03-31
GOOGL,1336332847414.3828,shares_x_price,2023-03-30,Communication Services,0.15395744947520562,1.0,True,0.07142857142857142,0.07486815464485383,0.013333333333333334,2023-03-31,2023-06-30
META,562270464885.9375,shares_x_price,2023-03-30,Communication Services,0.35406251462792526,2.0,True,0.07142857142857142,0.031501247760813776,0.013333333333333334,2023-03-31,2023-06-30
DIS,182918478680.4365,shares_x_price,2023-02-10,Communication Services,-0.10835898276575051,3.0,False,0.0,0.010248022396325721,0.013333333333333334,2023-03-31,2023-06-30
TMUS,177876548785.16016,shares_x_price,2023-03-30,Communication Services,-0.041011035892744796,4.0,False,0.0,0.009965547870732467,0.013333333333333334,2023-03-31,2023-06-30
CMCSA,159830830590.73117,shares_x_price,2023-03-21,Communication Services,0.10444332214700025,5.0,False,0.0,0.0089545350657475,0.013333333333333334,2023-03-31,2023-06-30
NFLX,157905433050.4834,shares_x_price,2023-03-30,Communication Services,0.27500866499840826,6.0,False,0.0,0.008846664514578304,0.013333333333333334,2023-03-31,2023-06-30
TTWO,20317863265.341793,shares_x_price,2023-03-30,Communication Services,0.23352891783468466,7.0,False,0.0,0.0011383099142895708,0.013333333333333334,2023-03-31,2023-06-30
AMZN,1091207264251.2891,shares_x_price,2023-03-30,Consumer Cyclical,0.2620776401867071,1.0,True,0.07142857142857142,0.061134974245095466,0.013333333333333334,2023-03-31,2023-06-30
TSLA,672697376808.7031,shares_x_price,2023-03-30,Consumer Cyclical,0.26178531062476074,2.0,True,0.07142857142857142,0.03768792433228595,0.013333333333333334,2023-03-31,2023-06-30
HD,299534990244.1406,shares_x_price,2023-03-31,Consumer Cyclical,0.06016640608523205,3.0,False,0.0,0.016781471782672683,0.013333333333333334,2023-03-31,2023-06-30
MCD,205712707863.59375,shares_x_price,2023-03-30,Consumer Cyclical,0.07290156074554877,4.0,False,0.0,0.011525070909199454,0.013333333333333334,2023-03-31,2023-06-30
NKE,190160677453.61328,shares_x_price,2023-03-31,Consumer Cyclical,-0.09708650579435729,5.0,False,0.0,0.01065376716176202,0.013333333333333334,2023-03-31,2023-06-30
SBUX,121979964714.75877,shares_x_price,2023-03-30,Consumer Cyclical,-0.04395231234059882,6.0,False,0.0,0.006833937278057872,0.013333333333333334,2023-03-31,2023-06-30
LOW,120375938435.30664,shares_x_price,2023-03-30,Consumer Cyclical,0.13431293857602045,7.0,False,0.0,0.006744071577475274,0.013333333333333334,2023-03-31,2023-06-30
BKNG,100904570193.13812,shares_x_price,2023-03-30,Consumer Cyclical,0.018066569367396035,8.0,False,0.0,0.005653186614554413,0.013333333333333334,2023-03-31,2023-06-30
ABNB,80012217967.02246,shares_x_price,2023-03-30,Consumer Cyclical,0.03022509718738453,9.0,False,0.0,0.004482690910294776,0.013333333333333334,2023-03-31,2023-06-30
ORLY,52699754761.17325,shares_x_price,2023-03-30,Consumer Cyclical,0.1252326531487058,10.0,False,0.0,0.0029525079749700427,0.013333333333333334,2023-03-31,2023-06-30
CMG,47186042218.437195,shares_x_price,2023-03-21,Consumer Cyclical,0.25212935301052597,11.0,False,0.0,0.0026436017888237196,0.013333333333333334,2023-03-31,2023-06-30
ROST,36301553300.5371,shares_x_price,2023-03-29,Consumer Cyclical,0.05997195952900802,12.0,False,0.0,0.0020337974267501074,0.013333333333333334,2023-03-31,2023-06-30
WMT,397475084058.15234,shares_x_price,2023-03-31,Consumer Defensive,0.07003769046952035,1.0,True,0.07142857142857142,0.02226857337101309,0.013333333333333334,2023-03-31,2023-06-30
PG,351860021777.34375,shares_x_price,2023-03-30,Consumer Defensive,0.026901777727048604,2.0,True,0.07142857142857142,0.019712985858828542,0.013333333333333334,2023-03-31,2023-06-30
COST,220353400019.51562,shares_x_price,2023-03-24,Consumer Defensive,0.08580316286614331,3.0,False,0.0,0.012345316858072221,0.013333333333333334,2023-03-31,2023-06-30
MNST,57032397827.6062,shares_x_price,2023-03-30,Consumer Defensive,0.06350676563173074,4.0,False,0.0,0.003195244649254657,0.013333333333333334,2023-03-31,2023-06-30
V,480256855071.90234,shares_x_price,2023-03-30,Financial Services,0.05536644375685351,1.0,True,0.07142857142857142,0.026906428712235923,0.013333333333333334,2023-03-31,2023-06-30
MA,351501784662.1094,shares_x_price,2023-03-30,Financial Services,0.08394647421378498,2.0,True,0.07142857142857142,0.019692915595798798,0.013333333333333334,2023-03-31,2023-06-30
AXP,126110210866.82129,shares_x_price,2023-03-30,Financial Services,0.059989799421748646,3.0,False,0.0,0.00706533464902891,0.013333333333333334,2023-03-31,2023-06-30
SPGI,114419849547.78352,shares_x_price,2023-03-30,Financial Services,0.1657204374152761,4.0,False,0.0,0.006410381221234782,0.013333333333333334,2023-03-31,2023-06-30
BLK,100525911586.42578,shares_x_price,2023-03-31,Financial Services,0.040504647942959604,5.0,False,0.0,0.005631972235831479,0.013333333333333334,2023-03-31,2023-06-30
PYPL,87665897003.34375,shares_x_price,2023-03-30,Financial Services,-0.12127982705918328,6.0,False,0.0,0.0049114888903804155,0.013333333333333334,2023-03-31,2023-06-30
UNH,440854148971.65234,shares_x_price,2023-03-21,Healthcare,0.0212088987001795,1.0,True,0.07142857142857142,0.024698888951878245,0.013333333333333334,2023-03-31,2023-06-30
LLY,327055022275.22266,shares_x_price,2023-03-21,Healthcare,0.3691685806992602,2.0,True,0.07142857142857142,0.01832328377803066,0.013333333333333334,2023-03-31,2023-06-30
DHR,184233171596.9678,shares_x_price,2023-03-30,Healthcare,-0.046673754112088406,3.0,False,0.0,0.010321678172112275,0.013333333333333334,2023-03-31,2023-06-30
AMGN,130469094368.0,shares_x_price,2023-03-30,Healthcare,-0.07294793932237831,4.0,False,0.0,0.00730954144576864,0.013333333333333334,2023-03-31,2023-06-30
ELV,109273382431.32227,shares_x_price,2023-03-15,Healthcare,-0.03063496262302079,5.0,False,0.0,0.006122049989464651,0.013333333333333334,2023-03-31,2023-06-30
SYK,108859988385.49805,shares_x_price,2023-03-30,Healthcare,0.07140474689944676,6.0,False,0.0,0.006098889554987631,0.013333333333333334,2023-03-31,2023-06-30
GILD,103614594269.39844,shares_x_price,2023-03-31,Healthcare,-0.0621437361134497,7.0,False,0.0,0.0058050159301514265,0.013333333333333334,2023-03-31,2023-06-30
ISRG,89935659229.73633,shares_x_price,2023-03-30,Healthcare,0.3384741879967379,8.0,False,0.0,0.005038652500630215,0.013333333333333334,2023-03-31,2023-06-30
REGN,89001649208.8623,shares_x_price,2023-03-30,Healthcare,-0.1255126106474549,9.0,False,0.0,0.004986324514516621,0.013333333333333334,2023-03-31,2023-06-30
VRTX,81257815168.94531,shares_x_price,2023-03-30,Healthcare,0.1169263829672651,10.0,False,0.0,0.004552475593144706,0.013333333333333334,2023-03-31,2023-06-30
BSX,71909620546.88673,shares_x_price,2023-03-24,Healthcare,0.08115133864386759,11.0,False,0.0,0.004028742241855283,0.013333333333333334,2023-03-31,2023-06-30
HON,128476400444.8204,shares_x_price,2023-03-30,Industrials,0.09140177179233433,1.0,True,0.07142857142857142,0.0071979006093639,0.013333333333333334,2023-03-31,2023-06-30
CAT,119684694786.13478,shares_x_price,2023-03-30,Industrials,0.08104174910565343,2.0,True,0.07142857142857142,0.00670534459675067,0.013333333333333334,2023-03-31,2023-06-30
GE,105260382317.75787,shares_x_price,2023-03-30,Industrials,0.14905862445146822,3.0,False,0.0,0.005897221337176805,0.013333333333333334,2023-03-31,2023-06-30
CTAS,49323537939.20899,shares_x_price,2023-03-30,Industrials,0.07696099128983791,4.0,False,0.0,0.002763355157518572,0.013333333333333334,2023-03-31,2023-06-30
PH,43957472214.2334,shares_x_price,2023-03-30,Industrials,0.16573153345080338,5.0,False,0.0,0.0024627208961448075,0.013333333333333334,2023-03-31,2023-06-30
AAPL,2660677960117.5625,shares_x_price,2023-03-30,Technology,0.17791604203399713,1.0,True,0.07142857142857142,0.14906469549383608,0.013333333333333334,2023-03-31,2023-06-30
MSFT,2187219621130.8125,shares_x_price,2023-03-30,Technology,0.1837821312078265,2.0,True,0.07142857142857142,0.12253915418895794,0.013333333333333334,2023-03-31,2023-06-30
AVGO,267473420160.82764,shares_x_price,2023-03-31,Technology,0.35930910741516353,3.0,False,0.0,0.014985219754745122,0.013333333333333334,2023-03-31,2023-06-30
ORCL,253015570893.82816,shares_x_price,2023-03-30,Technology,0.28700690714000654,4.0,False,0.0,0.01417521759334644,0.013333333333333334,2023-03-31,2023-06-30
CSCO,217444014849.86722,shares_x_price,2023-03-30,Technology,-0.0028948936612710474,5.0,False,0.0,0.012182318321274945,0.013333333333333334,2023-03-31,2023-06-30
CRM,204289030155.26562,shares_x_price,2023-03-30,Technology,0.05746314794893137,6.0,False,0.0,0.011445309251736813,0.013333333333333334,2023-03-31,2023-06-30
ADBE,179447532060.39844,shares_x_price,2023-03-30,Technology,0.2688844394480623,7.0,False,0.0,0.010053562334361487,0.013333333333333334,2023-03-31,2023-06-30
TXN,172150386839.9717,shares_x_price,2023-03-30,Technology,-0.024751511151622774,8.0,False,0.0,0.009644739189823864,0.013333333333333334,2023-03-31,2023-06-30
AMD,160487454961.6719,shares_x_price,2023-03-30,Technology,0.16222835607919328,9.0,False,0.0,0.008991322498640653,0.013333333333333334,2023-03-31,2023-06-30
QCOM,142251710206.74606,shares_x_price,2023-03-31,Technology,-0.06045887884069434,10.0,False,0.0,0.007969663440407152,0.013333333333333334,2023-03-31,2023-06-30
INTU,129239878620.76758,shares_x_price,2023-03-30,Technology,0.029552143655235952,11.0,False,0.0,0.00724067453522779,0.013333333333333334,2023-03-31,2023-06-30
AMAT,106882611255.4033,shares_x_price,2023-03-30,Technology,0.17978067197319314,12.0,False,0.0,0.005988106843140375,0.013333333333333334,2023-03-31,2023-06-30
ADI,102790868993.98926,shares_x_price,2023-03-30,Technology,-0.007488584310437196,13.0,False,0.0,0.00575886665572213,0.013333333333333334,2023-03-31,2023-06-30
NOW,96395940413.20801,shares_x_price,2023-03-30,Technology,0.20926576107281702,14.0,False,0.0,0.005400590270572209,0.013333333333333334,2023-03-31,2023-06-30
ADP,92419506969.0625,shares_x_price,2023-03-31,Technology,-0.007022716986076372,15.0,False,0.0,0.005177810268862846,0.013333333333333334,2023-03-31,2023-06-30
LRCX,71532273720.09277,shares_x_price,2023-03-31,Technology,0.21601126803287074,16.0,False,0.0,0.004007601355707182,0.013333333333333334,2023-03-31,2023-06-30
MU,70573061743.90527,shares_x_price,2023-03-30,Technology,0.048020152376290204,17.0,False,0.0,0.003953861428031714,0.013333333333333334,2023-03-31,2023-06-30
UBER,63839679014.86084,shares_x_price,2023-03-31,Technology,0.36182956245904774,18.0,False,0.0,0.0035766231221586817,0.013333333333333334,2023-03-31,2023-06-30
PANW,60895933914.733894,shares_x_price,2023-03-30,Technology,0.27921291418799177,19.0,False,0.0,0.003411699567508533,0.013333333333333334,2023-03-31,2023-06-30
SNPS,59648976840.0,shares_x_price,2023-03-30,Technology,0.12727509038733809,20.0,False,0.0,0.0033418386976756128,0.013333333333333334,2023-03-31,2023-06-30
CDNS,58166356746.09376,shares_x_price,2023-03-30,Technology,0.11628353734310659,21.0,False,0.0,0.0032587747883472506,0.013333333333333334,2023-03-31,2023-06-30
KLAC,57383880596.77124,shares_x_price,2023-03-30,Technology,0.21917166703739266,22.0,False,0.0,0.003214936499505712,0.013333333333333334,2023-03-31,2023-06-30
WDAY,55910792567.18262,shares_x_price,2023-03-30,Technology,0.09368648558397519,23.0,False,0.0,0.003132406624843037,0.013333333333333334,2023-03-31,2023-06-30
FTNT,52546865179.49463,shares_x_price,2023-03-30,Technology,0.13737582574765717,24.0,False,0.0,0.002943942323929698,0.013333333333333334,2023-03-31,2023-06-30
APH,48591120672.07617,shares_x_price,2023-03-31,Technology,0.042198666093215875,25.0,False,0.0,0.0027223214215549916,0.013333333333333334,2023-03-31,2023-06-30
MSI,47855243316.65039,shares_x_price,2023-03-31,Technology,0.028220225597775483,26.0,False,0.0,0.00268109383386809,0.013333333333333334,2023-03-31,2023-06-30
MCHP,47668556575.21289,shares_x_price,2023-03-30,Technology,0.0746045533351356,27.0,False,0.0,0.0026706346942494464,0.013333333333333334,2023-03-31,2023-06-30
ADSK,45137415194.09179,shares_x_price,2023-03-30,Technology,-0.017054203445923344,28.0,False,0.0,0.002528827295953114,0.013333333333333334,2023-03-31,2023-06-30
CRWD,32374691344.36035,shares_x_price,2023-03-24,Technology,0.07001312104724722,29.0,False,0.0,0.001813794671618497,0.013333333333333334,2023-03-31,2023-06-30
PLTR,18245070858.56909,shares_x_price,2023-03-30,Technology,0.8142012153535476,30.0,False,0.0,0.0010221815539359351,0.013333333333333334,2023-03-31,2023-06-30
GOOGL,1524283678155.9065,shares_x_price,2023-06-28,Communication Services,0.09323297878856973,1.0,True,0.07142857142857142,0.07221845410446848,0.012987012987012988,2023-06-30,2023-09-30
META,735452278963.3125,shares_x_price,2023-06-25,Communication Services,0.0461006704564364,2.0,True,0.07142857142857142,0.034844712579088714,0.012987012987012988,2023-06-30,2023-09-30
NFLX,195815860616.438,shares_x_price,2023-06-28,Communication Services,-0.14277285512368776,3.0,False,0.0,0.009277484857650495,0.012987012987012988,2023-06-30,2023-09-30
CMCSA,173214885237.1299,shares_x_price,2023-06-24,Communication Services,0.0746481451639327,4.0,False,0.0,0.008206681878823454,0.012987012987012988,2023-06-30,2023-09-30
TMUS,166664720343.65234,shares_x_price,2023-05-06,Communication Services,0.008279355786421583,5.0,False,0.0,0.007896344118526367,0.012987012987012988,2023-06-30,2023-09-30
DIS,163141338912.44922,shares_x_price,2023-06-24,Communication Services,-0.0921819217351344,6.0,False,0.0,0.007729411175644161,0.012987012987012988,2023-06-30,2023-09-30
TTWO,24919192060.11963,shares_x_price,2023-05-31,Communication Services,-0.04600437689581327,7.0,False,0.0,0.0011806368813785302,0.012987012987012988,2023-06-30,2023-09-30
AMZN,1337545766948.5312,shares_x_price,2023-06-12,Consumer Cyclical,-0.024854233266337067,1.0,True,0.07142857142857142,0.06337106994405449,0.012987012987012988,2023-06-30,2023-09-30
TSLA,829679955048.9141,shares_x_price,2023-05-16,Consumer Cyclical,-0.0441226583554829,2.0,True,0.07142857142857142,0.039309089648973415,0.012987012987012988,2023-06-30,2023-09-30
HD,312311247986.7656,shares_x_price,2023-06-24,Consumer Cyclical,-0.02108708150238847,3.0,False,0.0,0.014796875314133342,0.012987012987012988,2023-06-30,2023-09-30
MCD,217867357988.24414,shares_x_price,2023-05-17,Consumer Cyclical,-0.11244126263328014,4.0,False,0.0,0.010322254327863049,0.012987012987012988,2023-06-30,2023-09-30
NKE,169637585223.709,shares_x_price,2023-06-24,Consumer Cyclical,-0.1307356817052706,5.0,False,0.0,0.008037194348031481,0.012987012987012988,2023-06-30,2023-09-30
LOW,132255908106.12793,shares_x_price,2023-06-12,Consumer Cyclical,-0.07478240110321255,6.0,False,0.0,0.006266102147838044,0.012987012987012988,2023-06-30,2023-09-30
SBUX,113562381201.17189,shares_x_price,2023-06-10,Consumer Cyclical,-0.0737260477472006,7.0,False,0.0,0.005380428677615311,0.012987012987012988,2023-06-30,2023-09-30
BKNG,99733177061.50055,shares_x_price,2023-05-16,Consumer Cyclical,0.14206421778868084,8.0,False,0.0,0.004725220097496913,0.012987012987012988,2023-06-30,2023-09-30
ABNB,80773480032.22266,shares_x_price,2023-06-11,Consumer Cyclical,0.07061487822377033,9.0,False,0.0,0.003826935854632059,0.012987012987012988,2023-06-30,2023-09-30
CMG,59014580516.05225,shares_x_price,2023-06-12,Consumer Cyclical,-0.14360445208533235,10.0,False,0.0,0.0027960292664480396,0.012987012987012988,2023-06-30,2023-09-30
ORLY,58157614749.1951,shares_x_price,2023-05-12,Consumer Cyclical,-0.04861301037347654,11.0,False,0.0,0.0027554274127447004,0.012987012987012988,2023-06-30,2023-09-30
ROST,38197756344.360344,shares_x_price,2023-06-24,Consumer Cyclical,0.010090777436828624,12.0,False,0.0,0.0018097569061332585,0.012987012987012988,2023-06-30,2023-09-30
WMT,423260581962.26953,shares_x_price,2023-06-06,Consumer Defensive,0.021113060096359382,1.0,True,0.07142857142857142,0.02005350142543894,0.012987012987012988,2023-06-30,2023-09-30
PG,357646638319.3828,shares_x_price,2023-05-06,Consumer Defensive,-0.03269402612420824,2.0,True,0.07142857142857142,0.01694480345438953,0.012987012987012988,2023-06-30,2023-09-30
COST,238582022403.8086,shares_x_price,2023-06-24,Consumer Defensive,0.05135269454531488,3.0,False,0.0,0.01130368650011773,0.012987012987012988,2023-06-30,2023-09-30
MNST,60123021881.60253,shares_x_price,2023-06-12,Consumer Defensive,-0.07816848835511159,4.0,False,0.0,0.002848545686477107,0.012987012987012988,2023-06-30,2023-09-30
V,497378103051.75775,shares_x_price,2023-06-13,Financial Services,-0.02963386361472009,1.0,True,0.07142857142857142,0.023565087143927948,0.012987012987012988,2023-06-30,2023-09-30
MA,372702470985.86334,shares_x_price,2023-06-25,Financial Services,0.008091830125437571,2.0,True,0.07142857142857142,0.01765812799890228,0.012987012987012988,2023-06-30,2023-09-30
AXP,129472584112.6084,shares_x_price,2023-06-27,Financial Services,-0.14063375676127765,3.0,False,0.0,0.006134232103590744,0.012987012987012988,2023-06-30,2023-09-30
SPGI,128605509190.25879,shares_x_price,2023-06-24,Financial Services,-0.08637841692201365,4.0,False,0.0,0.0060931512920710685,0.012987012987012988,2023-06-30,2023-09-30
BLK,103507207542.91406,shares_x_price,2023-06-24,Financial Services,-0.05781700310451943,5.0,False,0.0,0.0049040284459800285,0.012987012987012988,2023-06-30,2023-09-30
PYPL,74451328842.32422,shares_x_price,2023-06-24,Financial Services,-0.12393230868261773,6.0,False,0.0,0.003527401068494638,0.012987012987012988,2023-06-30,2023-09-30
UNH,447491234118.16406,shares_x_price,2023-05-14,Healthcare,0.053080809983373944,1.0,True,0.07142857142857142,0.021201516237720375,0.012987012987012988,2023-06-30,2023-09-30
LLY,445599954250.4668,shares_x_price,2023-06-14,Healthcare,0.14777036567108026,2.0,True,0.07142857142857142,0.021111910011345738,0.012987012987012988,2023-06-30,2023-09-30
DHR,177095764622.2668,shares_x_price,2023-05-17,Healthcare,0.033750134462978476,3.0,False,0.0,0.008390552580699342,0.012987012987012988,2023-06-30,2023-09-30
ISRG,119815098446.5039,shares_x_price,2023-04-27,Healthcare,-0.14520089355439547,4.0,False,0.0,0.005676673779417183,0.012987012987012988,2023-06-30,2023-09-30
AMGN,118631284599.05125,shares_x_price,2023-06-28,Healthcare,0.22032946691868704,5.0,False,0.0,0.005620586315360673,0.012987012987012988,2023-06-30,2023-09-30
SYK,115814603329.83398,shares_x_price,2023-05-16,Healthcare,-0.10176964450884496,6.0,False,0.0,0.005487135849490712,0.012987012987012988,2023-06-30,2023-09-30
ELV,105321612265.625,shares_x_price,2023-05-17,Healthcare,-0.016701552595945746,7.0,False,0.0,0.004989992434226991,0.012987012987012988,2023-06-30,2023-09-30
GILD,96133265352.45898,shares_x_price,2023-06-24,Healthcare,-0.01811171352985419,8.0,False,0.0,0.0045546612558158926,0.012987012987012988,2023-06-30,2023-09-30
VRTX,91360059870.72754,shares_x_price,2023-05-27,Healthcare,-0.011849658675057939,9.0,False,0.0,0.004328513376681834,0.012987012987012988,2023-06-30,2023-09-30
REGN,78028411833.92334,shares_x_price,2023-06-13,Healthcare,0.14532247963216127,10.0,False,0.0,0.0036968783170926206,0.012987012987012988,2023-06-30,2023-09-30
BSX,77765191488.4956,shares_x_price,2023-05-09,Healthcare,-0.0238491571804077,11.0,False,0.0,0.003684407300897897,0.012987012987012988,2023-06-30,2023-09-30
HON,138127976522.4774,shares_x_price,2023-06-14,Industrials,-0.10481458182979286,1.0,True,0.07142857142857142,0.0065443126341810315,0.012987012987012988,2023-06-30,2023-09-30
CAT,128869425279.96729,shares_x_price,2023-04-25,Industrials,0.11502540097766034,2.0,True,0.07142857142857142,0.0061056552716682935,0.012987012987012988,2023-06-30,2023-09-30
GE,119767252109.19008,shares_x_price,2023-05-17,Industrials,0.007841195880335716,3.0,False,0.0,0.005674406886079096,0.012987012987012988,2023-06-30,2023-09-30
CTAS,50554028794.37256,shares_x_price,2023-05-06,Industrials,-0.02965527898981346,4.0,False,0.0,0.0023951800183934975,0.012987012987012988,2023-06-30,2023-09-30
PH,50537483907.16553,shares_x_price,2023-06-06,Industrials,0.0023911349900782586,5.0,False,0.0,0.002394396144502733,0.012987012987012988,2023-06-30,2023-09-30
AAPL,3050896038891.5938,shares_x_price,2023-06-24,Technology,-0.11614583982011673,1.0,True,0.07142857142857142,0.1445472379713177,0.012987012987012988,2023-06-30,2023-09-30
MSFT,2532081757303.3594,shares_x_price,2023-06-24,Technology,-0.07083313649624345,2.0,True,0.07142857142857142,0.11996653431322184,0.012987012987012988,2023-06-30,2023-09-30
NVDA,1044859408165.7225,shares_x_price,2023-06-24,Technology,0.02838126998817936,3.0,False,0.0,0.049503994758723864,0.012987012987012988,2023-06-30,2023-09-30
AVGO,357975326993.81836,shares_x_price,2023-06-24,Technology,-0.0372667533583908,4.0,False,0.0,0.016960376269535133,0.012987012987012988,2023-06-30,2023-09-30
ORCL,323241209649.2031,shares_x_price,2023-06-22,Technology,-0.10746722107335027,5.0,False,0.0,0.015314721792445895,0.012987012987012988,2023-06-30,2023-09-30
ADBE,224299708520.5078,shares_x_price,2023-05-17,Technology,0.04276161901000708,6.0,False,0.0,0.010627010206545773,0.012987012987012988,2023-06-30,2023-09-30
CSCO,210843609584.17285,shares_x_price,2023-06-10,Technology,0.04692037917232095,7.0,False,0.0,0.009989478835328467,0.012987012987012988,2023-06-30,2023-09-30
CRM,205767234649.65823,shares_x_price,2023-06-24,Technology,-0.0401401318142941,8.0,False,0.0,0.009748967206503022,0.012987012987012988,2023-06-30,2023-09-30
AMD,183436120787.5547,shares_x_price,2023-06-24,Technology,-0.09735759468660343,9.0,False,0.0,0.008690949893411362,0.012987012987012988,2023-06-30,2023-09-30
TXN,163395879838.23633,shares_x_price,2023-06-24,Technology,-0.11050316392856363,10.0,False,0.0,0.007741470972931306,0.012987012987012988,2023-06-30,2023-09-30
QCOM,132610561019.89746,shares_x_price,2023-06-24,Technology,-0.0604299999525435,11.0,False,0.0,0.006282905112760602,0.012987012987012988,2023-06-30,2023-09-30
INTU,128320692083.74025,shares_x_price,2023-05-27,Technology,0.11705661674062373,12.0,False,0.0,0.006079657051182679,0.012987012987012988,2023-06-30,2023-09-30
AMAT,121377026898.37012,shares_x_price,2023-06-24,Technology,-0.04005582111682304,13.0,False,0.0,0.005750675790874807,0.012987012987012988,2023-06-30,2023-09-30
NOW,114495764939.88036,shares_x_price,2023-06-28,Technology,-0.005356134584819983,14.0,False,0.0,0.005424651109215001,0.012987012987012988,2023-06-30,2023-09-30
ADI,97681236238.87498,shares_x_price,2023-06-24,Technology,-0.0969544128871207,15.0,False,0.0,0.004628001977111901,0.012987012987012988,2023-06-30,2023-09-30
ADP,90800303154.66699,shares_x_price,2023-05-17,Technology,0.10006759987024316,16.0,False,0.0,0.004301992877061059,0.012987012987012988,2023-06-30,2023-09-30
UBER,87368738084.97656,shares_x_price,2023-05-16,Technology,0.06532322513624922,17.0,False,0.0,0.00413941006649672,0.012987012987012988,2023-06-30,2023-09-30
LRCX,86361816581.72607,shares_x_price,2023-06-24,Technology,-0.022081874171260063,18.0,False,0.0,0.004091703517242534,0.012987012987012988,2023-06-30,2023-09-30
PANW,78149011413.96825,shares_x_price,2023-06-13,Technology,-0.08246249664752725,19.0,False,0.0,0.0037025921585260133,0.012987012987012988,2023-06-30,2023-09-30
MU,69066954577.72266,shares_x_price,2023-06-24,Technology,0.07998751036184992,20.0,False,0.0,0.003272296857066064,0.012987012987012988,2023-06-30,2023-09-30
KLAC,66544261352.84668,shares_x_price,2023-06-12,Technology,-0.05177465366145362,21.0,False,0.0,0.0031527751384442596,0.012987012987012988,2023-06-30,2023-09-30
SNPS,66251986157.22656,shares_x_price,2023-05-23,Technology,0.05410991332407922,22.0,False,0.0,0.003138927543601348,0.012987012987012988,2023-06-30,2023-09-30
CDNS,63949852845.03173,shares_x_price,2023-06-24,Technology,-0.0009380914919628891,23.0,False,0.0,0.003029855648827634,0.012987012987012988,2023-06-30,2023-09-30
FTNT,59352965183.40625,shares_x_price,2023-06-24,Technology,-0.2237067978827041,24.0,False,0.0,0.0028120614643382153,0.012987012987012988,2023-06-30,2023-09-30
WDAY,58957289840.69824,shares_x_price,2023-06-24,Technology,-0.04887331584382992,25.0,False,0.0,0.0027933149134257247,0.012987012987012988,2023-06-30,2023-09-30
APH,50572345194.430664,shares_x_price,2023-06-12,Technology,-0.00887276203055043,26.0,False,0.0,0.0023960478241149075,0.012987012987012988,2023-06-30,2023-09-30
ANET,49960343523.83594,shares_x_price,2023-06-13,Technology,0.13494999041500222,27.0,False,0.0,0.0023670520307510537,0.012987012987012988,2023-06-30,2023-09-30
MSI,49188039209.02734,shares_x_price,2023-06-12,Technology,-0.06881436401046903,28.0,False,0.0,0.002330461319643287,0.012987012987012988,2023-06-30,2023-09-30
MCHP,48860950562.74414,shares_x_price,2023-05-30,Technology,-0.12428748796554012,29.0,False,0.0,0.002314964311620296,0.012987012987012988,2023-06-30,2023-09-30
ADSK,43730476990.448006,shares_x_price,2023-06-06,Technology,0.011240912198313024,30.0,False,0.0,0.0020718895641013107,0.012987012987012988,2023-06-30,2023-09-30
CRWD,34824050802.2461,shares_x_price,2023-06-24,Technology,0.1396473782766865,31.0,False,0.0,0.001649915400023365,0.012987012987012988,2023-06-30,2023-09-30
PLTR,32475684057.255863,shares_x_price,2023-06-10,Technology,0.04370515848847889,32.0,False,0.0,0.0015386530290986066,0.012987012987012988,2023-06-30,2023-09-30
GOOGL,1654724732843.0156,shares_x_price,2023-09-29,Communication Services,0.06747655117835327,1.0,True,0.07142857142857142,0.08068951362782124,0.012987012987012988,2023-09-30,2023-12-31
META,767994222057.2656,shares_x_price,2023-09-26,Communication Services,0.17904143049892363,2.0,True,0.07142857142857142,0.03744978183791777,0.012987012987012988,2023-09-30,2023-12-31
CMCSA,182908260941.30823,shares_x_price,2023-08-24,Communication Services,-0.004562093643007636,3.0,False,0.0,0.008919174483182723,0.012987012987012988,2023-09-30,2023-12-31
NFLX,171620702771.30127,shares_x_price,2023-09-21,Communication Services,0.2894068297025516,4.0,False,0.0,0.0083687581144017,0.012987012987012988,2023-09-30,2023-12-31
TMUS,164763231071.8711,shares_x_price,2023-08-21,Communication Services,0.14980311800395119,5.0,False,0.0,0.008034366511278146,0.012987012987012988,2023-09-30,2023-12-31
DIS,148303671990.4453,shares_x_price,2023-08-25,Communication Services,0.1176342547662903,6.0,False,0.0,0.0072317473260757985,0.012987012987012988,2023-09-30,2023-12-31
TTWO,23842575109.46338,shares_x_price,2023-08-21,Communication Services,0.146449160538352,7.0,False,0.0,0.001162637960884285,0.012987012987012988,2023-09-30,2023-12-31
AMZN,1311598821288.4456,shares_x_price,2023-09-08,Consumer Cyclical,0.19524857739583035,1.0,True,0.07142857142857142,0.06395762924432498,0.012987012987012988,2023-09-30,2023-12-31
TSLA,794195753649.8594,shares_x_price,2023-08-22,Consumer Cyclical,-0.006953902504497789,2.0,True,0.07142857142857142,0.038727449838249134,0.012987012987012988,2023-09-30,2023-12-31
HD,302181159696.9258,shares_x_price,2023-09-20,Consumer Cyclical,0.15461029562313344,3.0,False,0.0,0.014735291205530757,0.012987012987012988,2023-09-30,2023-12-31
MCD,194578370658.27734,shares_x_price,2023-09-07,Consumer Cyclical,0.1322755638792017,4.0,False,0.0,0.009488245252692326,0.012987012987012988,2023-09-30,2023-12-31
NKE,146295740191.94827,shares_x_price,2023-09-20,Consumer Cyclical,0.13925476641666878,5.0,False,0.0,0.007133834339702412,0.012987012987012988,2023-09-30,2023-12-31
LOW,119947581149.26173,shares_x_price,2023-09-02,Consumer Cyclical,0.07706492891974293,6.0,False,0.0,0.005849016329827079,0.012987012987012988,2023-09-30,2023-12-31
BKNG,110072961714.9353,shares_x_price,2023-09-07,Consumer Cyclical,0.15021949978096538,7.0,False,0.0,0.005367499239037803,0.012987012987012988,2023-09-30,2023-12-31
SBUX,104540659996.24805,shares_x_price,2023-08-24,Consumer Cyclical,0.057714409542096945,8.0,False,0.0,0.005097727037013441,0.012987012987012988,2023-09-30,2023-12-31
ABNB,87551505533.29102,shares_x_price,2023-09-08,Consumer Cyclical,-0.007798318430594531,9.0,False,0.0,0.004269283137339172,0.012987012987012988,2023-09-30,2023-12-31
ORLY,54766359494.24744,shares_x_price,2023-08-21,Consumer Cyclical,0.045353537134179556,10.0,False,0.0,0.002670577663491342,0.012987012987012988,2023-09-30,2023-12-31
CMG,50535793989.94446,shares_x_price,2023-09-27,Consumer Cyclical,0.2484564608840112,11.0,False,0.0,0.0024642821593887686,0.012987012987012988,2023-09-30,2023-12-31
ROST,38699040000.80372,shares_x_price,2023-09-20,Consumer Cyclical,0.22834631537259842,12.0,False,0.0,0.001887085297965806,0.012987012987012988,2023-09-30,2023-12-31
WMT,432057318683.2822,shares_x_price,2023-09-16,Consumer Defensive,-0.0105952068423254,1.0,True,0.07142857142857142,0.021068455805333047,0.012987012987012988,2023-09-30,2023-12-31
PG,344067694505.9922,shares_x_price,2023-09-21,Consumer Defensive,0.011003026534193827,2.0,True,0.07142857142857142,0.01677780864315403,0.012987012987012988,2023-09-30,2023-12-31
COST,252923562476.80664,shares_x_price,2023-09-27,Consumer Defensive,0.19712836968137193,3.0,False,0.0,0.01233333788768934,0.012987012987012988,2023-09-30,2023-12-31
MNST,55466184799.194336,shares_x_price,2023-08-25,Consumer Defensive,0.08800755014669837,4.0,False,0.0,0.002704703317359818,0.012987012987012988,2023-09-30,2023-12-31
V,478374801295.9571,shares_x_price,2023-09-26,Financial Services,0.13431728527106568,1.0,True,0.07142857142857142,0.023327040009885672,0.012987012987012988,2023-09-30,2023-12-31
MA,372780953917.28906,shares_x_price,2023-09-26,Financial Services,0.07885209202366417,2.0,True,0.07142857142857142,0.018177956287400796,0.012987012987012988,2023-09-30,2023-12-31
SPGI,116273465029.73633,shares_x_price,2023-09-20,Financial Services,0.20816941208474726,3.0,False,0.0,0.005669855024739625,0.012987012987012988,2023-09-30,2023-12-31
AXP,111353775538.71875,shares_x_price,2023-09-21,Financial Services,0.26087365396816553,4.0,False,0.0,0.005429955696258522,0.012987012987012988,2023-09-30,2023-12-31
BLK,96522900183.88281,shares_x_price,2023-09-20,Financial Services,0.26408290167573556,5.0,False,0.0,0.004706756184397426,0.012987012987012988,2023-09-30,2023-12-31
PYPL,64191421136.1543,shares_x_price,2023-09-07,Financial Services,0.05046179308655718,6.0,False,0.0,0.003130172921060897,0.012987012987012988,2023-09-30,2023-12-31
LLY,509894815094.1094,shares_x_price,2023-08-21,Healthcare,0.08725483668383971,1.0,True,0.07142857142857142,0.024864053709164446,0.012987012987012988,2023-09-30,2023-12-31
UNH,467033732312.04694,shares_x_price,2023-09-05,Healthcare,0.047751813753063255,2.0,True,0.07142857142857142,0.022774014287740927,0.012987012987012988,2023-09-30,2023-12-31
DHR,183185130659.21478,shares_x_price,2023-08-22,Healthcare,0.05418621914769228,3.0,False,0.0,0.008932675509929188,0.012987012987012988,2023-09-30,2023-12-31
AMGN,143759995833.5625,shares_x_price,2023-09-17,Healthcare,0.08008839391081568,4.0,False,0.0,0.007010183574773615,0.012987012987012988,2023-09-30,2023-12-31
SYK,103781925515.31445,shares_x_price,2023-08-21,Healthcare,0.09877886223153087,5.0,False,0.0,0.00506072878889153,0.012987012987012988,2023-09-30,2023-12-31
ISRG,102697558290.6211,shares_x_price,2023-08-22,Healthcare,0.1541960911733109,6.0,False,0.0,0.005007851677540129,0.012987012987012988,2023-09-30,2023-12-31
ELV,102605855324.21875,shares_x_price,2023-08-24,Healthcare,0.08632842552062603,7.0,False,0.0,0.005003379956286213,0.012987012987012988,2023-09-30,2023-12-31
GILD,93375991242.97656,shares_x_price,2023-08-22,Healthcare,0.09084435214004416,8.0,False,0.0,0.004553303137595799,0.012987012987012988,2023-09-30,2023-12-31
VRTX,89749955561.46094,shares_x_price,2023-09-08,Healthcare,0.17009842432616296,9.0,False,0.0,0.004376486383889624,0.012987012987012988,2023-09-30,2023-12-31
REGN,89339717025.32959,shares_x_price,2023-09-07,Healthcare,0.06723283279410364,10.0,False,0.0,0.004356481879638965,0.012987012987012988,2023-09-30,2023-12-31
BSX,77310816572.48877,shares_x_price,2023-09-08,Healthcare,0.09488640546634564,11.0,False,0.0,0.0037699153602943325,0.012987012987012988,2023-09-30,2023-12-31
CAT,142984566816.0,shares_x_price,2023-04-25,Industrials,0.08863652157366264,1.0,True,0.07142857142857142,0.006972371249232003,0.012987012987012988,2023-09-30,2023-12-31
HON,122660156816.0311,shares_x_price,2023-08-24,Industrials,0.14184248229545005,2.0,True,0.07142857142857142,0.0059812899381717285,0.012987012987012988,2023-09-30,2023-12-31
GE,120320407630.12471,shares_x_price,2023-08-25,Industrials,0.1552252825295477,3.0,False,0.0,0.00586719650614965,0.012987012987012988,2023-09-30,2023-12-31
PH,50057213788.14697,shares_x_price,2023-09-26,Industrials,0.18699329477090987,4.0,False,0.0,0.0024409451034129413,0.012987012987012988,2023-09-30,2023-12-31
CTAS,49027907265.38085,shares_x_price,2023-09-27,Industrials,0.2560673091703989,5.0,False,0.0,0.0023907529227755945,0.012987012987012988,2023-09-30,2023-12-31
AAPL,2676731410263.8594,shares_x_price,2023-08-22,Technology,0.12600672388262812,1.0,True,0.07142857142857142,0.13052573115010865,0.012987012987012988,2023-09-30,2023-12-31
MSFT,2345946720000.0,shares_x_price,2023-08-21,Technology,0.19335957147728,2.0,True,0.07142857142857142,0.1143956430193401,0.012987012987012988,2023-09-30,2023-12-31
NVDA,1074425369246.8359,shares_x_price,2023-08-24,Technology,0.13856288922017823,3.0,False,0.0,0.05239231562398131,0.012987012987012988,2023-09-30,2023-12-31
AVGO,342809437402.54395,shares_x_price,2023-09-28,Technology,0.35012034483354126,4.0,False,0.0,0.016716452121624585,0.012987012987012988,2023-09-30,2023-12-31
ORCL,290155121194.6055,shares_x_price,2023-09-27,Technology,-0.0009838400999045982,5.0,False,0.0,0.014148864243775944,0.012987012987012988,2023-09-30,2023-12-31
ADBE,232157467221.06934,shares_x_price,2023-09-29,Technology,0.17003330599579147,6.0,False,0.0,0.011320718632729902,0.012987012987012988,2023-09-30,2023-12-31
CSCO,217989268514.37207,shares_x_price,2023-09-16,Technology,-0.05348085794323465,7.0,False,0.0,0.010629833290935602,0.012987012987012988,2023-09-30,2023-12-31
CRM,197304938812.25586,shares_x_price,2023-09-15,Technology,0.2976624647395085,8.0,False,0.0,0.009621201178140807,0.012987012987012988,2023-09-30,2023-12-31
AMD,166123190552.05664,shares_x_price,2023-09-15,Technology,0.4336705319940761,9.0,False,0.0,0.008100682356343918,0.012987012987012988,2023-09-30,2023-12-31
TXN,144375671216.5537,shares_x_price,2023-08-21,Technology,0.08183459067386112,10.0,False,0.0,0.0070402058172772545,0.012987012987012988,2023-09-30,2023-12-31
INTU,143195538231.74612,shares_x_price,2023-09-07,Technology,0.22542564705850698,11.0,False,0.0,0.006982658870241135,0.012987012987012988,2023-09-30,2023-12-31
QCOM,123942957275.39064,shares_x_price,2023-09-07,Technology,0.31055132598333524,12.0,False,0.0,0.006043843269908922,0.012987012987012988,2023-09-30,2023-12-31
AMAT,116443784175.70996,shares_x_price,2023-09-21,Technology,0.17311843643404368,13.0,False,0.0,0.005678160314905021,0.012987012987012988,2023-09-30,2023-12-31
NOW,114383338372.65013,shares_x_price,2023-09-21,Technology,0.2639366357326496,14.0,False,0.0,0.005577686582685079,0.012987012987012988,2023-09-30,2023-12-31
ADP,99112224514.34326,shares_x_price,2023-09-25,Technology,-0.025761704911070327,15.0,False,0.0,0.004833019675057028,0.012987012987012988,2023-09-30,2023-12-31
UBER,93981488229.98047,shares_x_price,2023-09-07,Technology,0.3387692421775277,16.0,False,0.0,0.004582829049921117,0.012987012987012988,2023-09-30,2023-12-31
ADI,87249793633.67969,shares_x_price,2023-08-24,Technology,0.1393884794358482,17.0,False,0.0,0.0042545707287118244,0.012987012987012988,2023-09-30,2023-12-31
LRCX,82872780478.5919,shares_x_price,2023-09-29,Technology,0.2530840593846633,18.0,False,0.0,0.0040411339826375665,0.012987012987012988,2023-09-30,2023-12-31
MU,74513255486.0039,shares_x_price,2023-08-24,Technology,0.25822178474713886,19.0,False,0.0,0.0036334975991210014,0.012987012987012988,2023-09-30,2023-12-31
PANW,72347014428.92578,shares_x_price,2023-09-22,Technology,0.25780584291075526,20.0,False,0.0,0.0035278649619657353,0.012987012987012988,2023-09-30,2023-12-31
SNPS,69801993665.64941,shares_x_price,2023-09-08,Technology,0.1218815429658735,21.0,False,0.0,0.0034037618507439375,0.012987012987012988,2023-09-30,2023-12-31
CDNS,63680401578.237305,shares_x_price,2023-09-27,Technology,0.16248395889700373,22.0,False,0.0,0.0031052540214009023,0.012987012987012988,2023-09-30,2023-12-31
KLAC,62525450059.280396,shares_x_price,2023-09-25,Technology,0.2708756475209926,23.0,False,0.0,0.0030489350007936317,0.012987012987012988,2023-09-30,2023-12-31
ANET,56941229591.12109,shares_x_price,2023-09-07,Technology,0.28043279445988034,24.0,False,0.0,0.0027766310794083908,0.012987012987012988,2023-09-30,2023-12-31
WDAY,56290701599.121086,shares_x_price,2023-08-26,Technology,0.28489639151132673,25.0,False,0.0,0.0027449093155198566,0.012987012987012988,2023-09-30,2023-12-31
APH,50096171529.67676,shares_x_price,2023-08-22,Technology,0.18288052142152456,26.0,False,0.0,0.0024428448038003744,0.012987012987012988,2023-09-30,2023-12-31
FTNT,46083576807.98584,shares_x_price,2023-08-24,Technology,-0.0025562632089091153,27.0,False,0.0,0.0022471782315587664,0.012987012987012988,2023-09-30,2023-12-31
MSI,45469523168.94531,shares_x_price,2023-09-07,Technology,0.15350903288463136,28.0,False,0.0,0.0022172350703234564,0.012987012987012988,2023-09-30,2023-12-31
ADSK,44229910022.82714,shares_x_price,2023-09-01,Technology,0.1767434701956201,29.0,False,0.0,0.0021567876860173816,0.012987012987012988,2023-09-30,2023-12-31
MCHP,42485271609.975586,shares_x_price,2023-09-21,Technology,0.1614322076239072,30.0,False,0.0,0.002071713702293491,0.012987012987012988,2023-09-30,2023-12-31
CRWD,39968336605.95703,shares_x_price,2023-09-02,Technology,0.525391324387734,31.0,False,0.0,0.0019489801398609274,0.012987012987012988,2023-09-30,2023-12-31
PLTR,32756000768.0,shares_x_price,2023-09-29,Technology,0.07312500476837158,32.0,False,0.0,0.0015972842599755882,0.012987012987012988,2023-09-30,2023-12-31
GOOGL,1754352802951.9375,shares_x_price,2023-12-29,Communication Services,0.08046398329148485,1.0,True,0.07142857142857142,0.07560702085028646,0.012987012987012988,2023-12-31,2024-03-31
META,909627657620.9062,shares_x_price,2023-12-29,Communication Services,0.37330532046356857,2.0,True,0.07142857142857142,0.039202056256882355,0.012987012987012988,2023-12-31,2024-03-31
NFLX,213097637197.87598,shares_x_price,2023-12-29,Communication Services,0.24739159652462028,3.0,False,0.0,0.009183829769962175,0.012987012987012988,2023-12-31,2024-03-31
TMUS,185418440517.57812,shares_x_price,2023-12-28,Communication Services,0.02208119649559115,4.0,False,0.0,0.00799094450936628,0.012987012987012988,2023-12-31,2024-03-31
CMCSA,176499754710.67862,shares_x_price,2023-12-29,Communication Services,-0.0048209331112779585,5.0,False,0.0,0.007606577543597037,0.012987012987012988,2023-12-31,2024-03-31
DIS,165259594475.708,shares_x_price,2023-12-29,Communication Services,0.3551888420823299,6.0,False,0.0,0.007122162420358415,0.012987012987012988,2023-12-31,2024-03-31
TTWO,27372444080.993652,shares_x_price,2023-12-29,Communication Services,-0.07741529475819109,7.0,False,0.0,0.0011796652001083757,0.012987012987012988,2023-12-31,2024-03-31
AMZN,1570148004677.8125,shares_x_price,2023-12-29,Consumer Cyclical,0.18717916272492996,1.0,True,0.07142857142857142,0.06766838045800037,0.012987012987012988,2023-12-31,2024-03-31
TSLA,789898012115.4686,shares_x_price,2023-12-28,Consumer Cyclical,-0.29253864975557864,2.0,True,0.07142857142857142,0.03404208969320421,0.012987012987012988,2023-12-31,2024-03-31
HD,344908039495.60547,shares_x_price,2023-12-29,Consumer Cyclical,0.11353143002472099,3.0,False,0.0,0.014864438492472425,0.012987012987012988,2023-12-31,2024-03-31
MCD,215071168247.57812,shares_x_price,2023-12-29,Consumer Cyclical,-0.043694587636378346,4.0,False,0.0,0.009268882675496595,0.012987012987012988,2023-12-31,2024-03-31
NKE,165233769972.66992,shares_x_price,2023-12-26,Consumer Cyclical,-0.13129073055549012,5.0,False,0.0,0.007121049466489408,0.012987012987012988,2023-12-31,2024-03-31
LOW,127991405246.30566,shares_x_price,2023-12-26,Consumer Cyclical,0.15035223311612267,6.0,False,0.0,0.0055160221073161245,0.012987012987012988,2023-12-31,2024-03-31
BKNG,123762145796.81396,shares_x_price,2023-12-29,Consumer Cyclical,0.025356394716203212,7.0,False,0.0,0.0053337544888297245,0.012987012987012988,2023-12-31,2024-03-31
SBUX,109134572500.57326,shares_x_price,2023-12-26,Consumer Cyclical,-0.04239324732412564,8.0,False,0.0,0.004703352646431173,0.012987012987012988,2023-12-31,2024-03-31
ABNB,87255667427.0498,shares_x_price,2023-12-26,Consumer Cyclical,0.21169389932001215,9.0,False,0.0,0.0037604414889422628,0.012987012987012988,2023-12-31,2024-03-31
CMG,62764931924.4194,shares_x_price,2023-12-29,Consumer Cyclical,0.27101912828056984,10.0,False,0.0,0.0027049687546834874,0.012987012987012988,2023-12-31,2024-03-31
ORLY,56208824889.816284,shares_x_price,2023-12-29,Consumer Cyclical,0.1881946430262087,11.0,False,0.0,0.002422421412764641,0.012987012987012988,2023-12-31,2024-03-31
ROST,46591205320.27539,shares_x_price,2023-12-27,Consumer Cyclical,0.06314123158826246,12.0,False,0.0,0.0020079326268711444,0.012987012987012988,2023-12-31,2024-03-31
WMT,424430035681.1748,shares_x_price,2023-12-28,Consumer Defensive,0.14890463355341144,1.0,True,0.07142857142857142,0.01829158337093816,0.012987012987012988,2023-12-31,2024-03-31
PG,345378661188.6328,shares_x_price,2023-12-29,Consumer Defensive,0.11419871768313117,2.0,True,0.07142857142857142,0.014884720789224504,0.012987012987012988,2023-12-31,2024-03-31
COST,292895985823.2422,shares_x_price,2023-12-29,Consumer Defensive,0.11154248641956577,3.0,False,0.0,0.012622884558819134,0.012987012987012988,2023-12-31,2024-03-31
MNST,59939749035.03418,shares_x_price,2023-12-29,Consumer Defensive,0.028987990821948584,4.0,False,0.0,0.002583212366080121,0.012987012987012988,2023-12-31,2024-03-31
V,535068733209.4844,shares_x_price,2023-12-26,Financial Services,0.07394018257903312,1.0,True,0.07142857142857142,0.023059759017704354,0.012987012987012988,2023-12-31,2024-03-31
MA,399970850917.96875,shares_x_price,2023-12-26,Financial Services,0.1308738981218931,2.0,True,0.07142857142857142,0.017237470373107248,0.012987012987012988,2023-12-31,2024-03-31
SPGI,139556738407.32422,shares_x_price,2023-12-22,Financial Services,-0.03220012210308343,3.0,False,0.0,0.0060144511484840745,0.012987012987012988,2023-12-31,2024-03-31
AXP,136523269973.81252,shares_x_price,2023-12-26,Financial Services,0.21931017163187816,4.0,False,0.0,0.005883718316002894,0.012987012987012988,2023-12-31,2024-03-31
BLK,120764989784.05762,shares_x_price,2023-12-29,Financial Services,0.033350013690029545,5.0,False,0.0,0.005204586606083031,0.012987012987012988,2023-12-31,2024-03-31
PYPL,66208579200.60889,shares_x_price,2023-12-29,Financial Services,0.09086481469396124,6.0,False,0.0,0.002853378989485628,0.012987012987012988,2023-12-31,2024-03-31
LLY,553370024879.8516,shares_x_price,2023-12-29,Healthcare,0.3369304712421717,1.0,True,0.07142857142857142,0.023848486426798095,0.012987012987012988,2023-12-31,2024-03-31
UNH,486945233440.8281,shares_x_price,2023-12-29,Healthcare,-0.05664103170592383,2.0,True,0.07142857142857142,0.020985789378145357,0.012987012987012988,2023-12-31,2024-03-31
DHR,170943363921.80862,shares_x_price,2023-12-29,Healthcare,0.0806244943810579,3.0,False,0.0,0.007367114789286983,0.012987012987012988,2023-12-31,2024-03-31
AMGN,154141957072.03906,shares_x_price,2023-12-23,Healthcare,-0.0051293181432089385,4.0,False,0.0,0.0066430276410992225,0.012987012987012988,2023-12-31,2024-03-31
ISRG,118775004762.69531,shares_x_price,2023-12-29,Healthcare,0.18297964686594148,5.0,False,0.0,0.005118824586751039,0.012987012987012988,2023-12-31,2024-03-31
SYK,113776225442.09961,shares_x_price,2023-12-29,Healthcare,0.19778615965575708,6.0,False,0.0,0.00490339311157551,0.012987012987012988,2023-12-31,2024-03-31
ELV,110797269238.84961,shares_x_price,2023-12-28,Healthcare,0.10318888724728659,7.0,False,0.0,0.004775009582679707,0.012987012987012988,2023-12-31,2024-03-31
VRTX,104848642899.77344,shares_x_price,2023-12-28,Healthcare,0.027329240622420814,8.0,False,0.0,0.004518642724832006,0.012987012987012988,2023-12-31,2024-03-31
GILD,100941708246.46875,shares_x_price,2023-12-27,Healthcare,-0.08652867695150901,9.0,False,0.0,0.004350266278944909,0.012987012987012988,2023-12-31,2024-03-31
REGN,95687058236.14502,shares_x_price,2023-12-26,Healthcare,0.09586809301948418,10.0,False,0.0,0.004123807591602766,0.012987012987012988,2023-12-31,2024-03-31
BSX,84690493961.92383,shares_x_price,2023-12-28,Healthcare,0.1847430589305057,11.0,False,0.0,0.0036498906787882034,0.012987012987012988,2023-12-31,2024-03-31
CAT,150521166420.49805,shares_x_price,2023-12-29,Industrials,0.24506245002899862,1.0,True,0.07142857142857142,0.006486983090752821,0.012987012987012988,2023-12-31,2024-03-31
GE,138911215159.6116,shares_x_price,2023-12-28,Industrials,0.37530351671245565,2.0,True,0.07142857142857142,0.005986631151521645,0.012987012987012988,2023-12-31,2024-03-31
HON,138251532027.88904,shares_x_price,2023-12-29,Industrials,-0.01588782201490846,3.0,False,0.0,0.005958200908636174,0.012987012987012988,2023-12-31,2024-03-31
CTAS,61078382958.25195,shares_x_price,2023-12-29,Industrials,0.14254133206193131,4.0,False,0.0,0.002632283863346072,0.012987012987012988,2023-12-31,2024-03-31
PH,59188894768.310555,shares_x_price,2023-12-27,Industrials,0.20988548254396022,5.0,False,0.0,0.002550852937518103,0.012987012987012988,2023-12-31,2024-03-31
AAPL,2994380515726.9688,shares_x_price,2023-12-26,Technology,-0.10819692935829828,1.0,True,0.07142857142857142,0.12904826766048313,0.012987012987012988,2023-12-31,2024-03-31
MSFT,2794827150007.922,shares_x_price,2023-12-27,Technology,0.12088597323158679,2.0,True,0.07142857142857142,0.12044815287326484,0.012987012987012988,2023-12-31,2024-03-31
NVDA,1223193447558.6914,shares_x_price,2023-12-26,Technology,0.8246486215054802,3.0,False,0.0,0.05271574357101387,0.012987012987012988,2023-12-31,2024-03-31
AVGO,522562382320.0,shares_x_price,2023-12-29,Technology,0.19243413989934055,4.0,False,0.0,0.022520775108155946,0.012987012987012988,2023-12-31,2024-03-31
ORCL,289818643186.4238,shares_x_price,2023-12-22,Technology,0.19602314932281195,5.0,False,0.0,0.012490260887848333,0.012987012987012988,2023-12-31,2024-03-31
ADBE,271631968884.27734,shares_x_price,2023-12-26,Technology,-0.15420712914388934,6.0,False,0.0,0.011706473122442159,0.012987012987012988,2023-12-31,2024-03-31
CRM,254719534179.6875,shares_x_price,2023-12-27,Technology,0.14605708418153407,7.0,False,0.0,0.010977601027167225,0.012987012987012988,2023-12-31,2024-03-31
AMD,238140865633.2578,shares_x_price,2023-12-29,Technology,0.22440812027167523,8.0,False,0.0,0.010263113190769224,0.012987012987012988,2023-12-31,2024-03-31
CSCO,205287014693.39355,shares_x_price,2023-12-27,Technology,-0.004386987778488893,9.0,False,0.0,0.008847216805023504,0.012987012987012988,2023-12-31,2024-03-31
INTU,174968406281.25,shares_x_price,2023-12-22,Technology,0.04151656474441712,10.0,False,0.0,0.007540581301314386,0.012987012987012988,2023-12-31,2024-03-31
QCOM,160973186178.25,shares_x_price,2023-12-22,Technology,0.17651891955174515,11.0,False,0.0,0.006937431868457204,0.012987012987012988,2023-12-31,2024-03-31
TXN,154812465392.28125,shares_x_price,2023-12-29,Technology,0.030064362742544315,12.0,False,0.0,0.006671924415148057,0.012987012987012988,2023-12-31,2024-03-31
NOW,144869316857.2119,shares_x_price,2023-12-26,Technology,0.07913764702045523,13.0,False,0.0,0.006243406367157069,0.012987012987012988,2023-12-31,2024-03-31
AMAT,134691036073.47656,shares_x_price,2023-12-29,Technology,0.2746314419220177,14.0,False,0.0,0.005804754867788711,0.012987012987012988,2023-12-31,2024-03-31
UBER,126702437601.75098,shares_x_price,2023-12-23,Technology,0.25044661759583486,15.0,False,0.0,0.005460471705245795,0.012987012987012988,2023-12-31,2024-03-31
LRCX,103227397174.07227,shares_x_price,2023-12-22,Technology,0.24308821837806915,16.0,False,0.0,0.0044487721952667595,0.012987012987012988,2023-12-31,2024-03-31
ADI,98537784685.3828,shares_x_price,2023-12-29,Technology,0.0008160888281671941,17.0,False,0.0,0.004246664826318222,0.012987012987012988,2023-12-31,2024-03-31
ADP,95821724488.32129,shares_x_price,2023-12-27,Technology,0.07817581237010374,18.0,False,0.0,0.004129611278363484,0.012987012987012988,2023-12-31,2024-03-31
MU,94207676722.80078,shares_x_price,2023-12-29,Technology,0.3827490105766811,19.0,False,0.0,0.0040600509579674215,0.012987012987012988,2023-12-31,2024-03-31
PANW,92975665539.55078,shares_x_price,2023-12-26,Technology,-0.03645550672135989,20.0,False,0.0,0.004006955198059247,0.012987012987012988,2023-12-31,2024-03-31
KLAC,79017273051.9104,shares_x_price,2023-12-29,Technology,0.2044085648639944,21.0,False,0.0,0.00340539291818388,0.012987012987012988,2023-12-31,2024-03-31
SNPS,78259626207.59766,shares_x_price,2023-12-26,Technology,0.10990275933067695,22.0,False,0.0,0.0033727407511518442,0.012987012987012988,2023-12-31,2024-03-31
CDNS,74101529969.49219,shares_x_price,2023-12-22,Technology,0.14285715886350947,23.0,False,0.0,0.00319354004052913,0.012987012987012988,2023-12-31,2024-03-31
ANET,73267159291.07664,shares_x_price,2023-12-28,Technology,0.23128537110942515,24.0,False,0.0,0.0031575813204964866,0.012987012987012988,2023-12-31,2024-03-31
WDAY,72603779357.91014,shares_x_price,2023-12-28,Technology,-0.01199013833176299,25.0,False,0.0,0.0031289917572374965,0.012987012987012988,2023-12-31,2024-03-31
CRWD,61313821116.31445,shares_x_price,2023-12-29,Technology,0.2556399308370245,26.0,False,0.0,0.002642430498444573,0.012987012987012988,2023-12-31,2024-03-31
APH,59310470242.77245,shares_x_price,2023-12-28,Technology,0.16597069432948386,27.0,False,0.0,0.0025560924534336346,0.012987012987012988,2023-12-31,2024-03-31
ADSK,52084025233.89648,shares_x_price,2023-12-22,Technology,0.06957457695683433,28.0,False,0.0,0.002244655678834938,0.012987012987012988,2023-12-31,2024-03-31
MSI,51962920512.20703,shares_x_price,2023-12-26,Technology,0.13703743434747073,29.0,False,0.0,0.0022394364508652644,0.012987012987012988,2023-12-31,2024-03-31
MCHP,48791437543.67383,shares_x_price,2023-12-29,Technology,0.00017973197061404989,30.0,False,0.0,0.0021027556312919462,0.012987012987012988,2023-12-31,2024-03-31
FTNT,44945772299.08985,shares_x_price,2023-12-27,Technology,0.1670937806811681,31.0,False,0.0,0.0019370197018704293,0.012987012987012988,2023-12-31,2024-03-31
PLTR,37361748740.73486,shares_x_price,2023-12-29,Technology,0.34012813783565377,32.0,False,0.0,0.0016101724301353618,0.012987012987012988,2023-12-31,2024-03-31
GOOGL,1882413937502.8125,shares_x_price,2024-03-28,Communication Services,0.20823593361659865,1.0,True,0.07142857142857142,0.07234786253494427,0.012987012987012988,2024-03-31,2024-06-30
META,1237942496875.039,shares_x_price,2024-03-27,Communication Services,0.039418129563451254,2.0,True,0.07142857142857142,0.04757853297075218,0.012987012987012988,2024-03-31,2024-06-30
NFLX,262828138195.80078,shares_x_price,2024-03-26,Communication Services,0.1112244918468881,3.0,False,0.0,0.010101420114712,0.012987012987012988,2024-03-31,2024-06-30
DIS,224444953035.0879,shares_x_price,2024-03-28,Communication Services,-0.1885419976522551,4.0,False,0.0,0.008626217796913385,0.012987012987012988,2024-03-31,2024-06-30
TMUS,193720925460.33594,shares_x_price,2024-03-28,Communication Services,0.08352785991122169,5.0,False,0.0,0.007445384145391045,0.012987012987012988,2024-03-31,2024-06-30
CMCSA,171770476675.94098,shares_x_price,2024-03-28,Communication Services,-0.08998276935527261,6.0,False,0.0,0.006601750330534971,0.012987012987012988,2024-03-31,2024-06-30
TTWO,25330316077.056885,shares_x_price,2024-03-28,Communication Services,0.047141219887167685,7.0,False,0.0,0.0009735341356113722,0.012987012987012988,2024-03-31,2024-06-30
AMZN,1873679204998.125,shares_x_price,2024-03-28,Consumer Cyclical,0.0713493445437523,1.0,True,0.07142857142857142,0.07201215569919539,0.012987012987012988,2024-03-31,2024-06-30
TSLA,559854215530.3828,shares_x_price,2024-03-27,Consumer Cyclical,0.12566137118353393,2.0,True,0.07142857142857142,0.021517188657524312,0.012987012987012988,2024-03-31,2024-06-30
HD,380153743648.68164,shares_x_price,2024-03-27,Consumer Cyclical,-0.09636855321942583,3.0,False,0.0,0.014610660407734136,0.012987012987012988,2024-03-31,2024-06-30
MCD,206512603763.3672,shares_x_price,2024-03-26,Consumer Cyclical,-0.09028356211114597,4.0,False,0.0,0.007937013836938392,0.012987012987012988,2024-03-31,2024-06-30
LOW,145752427875.36618,shares_x_price,2024-03-27,Consumer Cyclical,-0.1303977193009167,5.0,False,0.0,0.005601784180396622,0.012987012987012988,2024-03-31,2024-06-30
NKE,142390982686.15723,shares_x_price,2024-03-27,Consumer Cyclical,-0.1948868017162989,6.0,False,0.0,0.005472591886596325,0.012987012987012988,2024-03-31,2024-06-30
BKNG,123968290775.29907,shares_x_price,2024-03-27,Consumer Cyclical,0.09447355062256069,7.0,False,0.0,0.004764542315066627,0.012987012987012988,2024-03-31,2024-06-30
ABNB,105222218641.58105,shares_x_price,2024-03-28,Consumer Cyclical,-0.08080747628833673,8.0,False,0.0,0.004044064091451502,0.012987012987012988,2024-03-31,2024-06-30
SBUX,103666416545.41992,shares_x_price,2024-03-28,Consumer Cyclical,-0.14169330290412419,9.0,False,0.0,0.003984269083593686,0.012987012987012988,2024-03-31,2024-06-30
CMG,80164645556.56433,shares_x_price,2024-03-28,Consumer Cyclical,0.07765669023164667,10.0,False,0.0,0.0030810124390508458,0.012987012987012988,2024-03-31,2024-06-30
ORLY,67037184433.95996,shares_x_price,2024-03-28,Consumer Cyclical,-0.06450642640372806,11.0,False,0.0,0.0025764774195158094,0.012987012987012988,2024-03-31,2024-06-30
ROST,49550579293.50293,shares_x_price,2024-03-28,Consumer Cyclical,-0.00728819628408417,12.0,False,0.0,0.001904404991820695,0.012987012987012988,2024-03-31,2024-06-30
WMT,484852856633.4297,shares_x_price,2024-03-28,Consumer Defensive,0.1292067951475333,1.0,True,0.07142857142857142,0.01863461968833728,0.012987012987012988,2024-03-31,2024-06-30
PG,381777479424.0,shares_x_price,2024-03-27,Consumer Defensive,0.02301944938402478,2.0,True,0.07142857142857142,0.014673066348492119,0.012987012987012988,2024-03-31,2024-06-30
COST,324924337685.5469,shares_x_price,2024-03-28,Consumer Defensive,0.16205211533756603,3.0,False,0.0,0.01248799790991594,0.012987012987012988,2024-03-31,2024-06-30
MNST,62083940824.597664,shares_x_price,2024-03-26,Consumer Defensive,-0.15738863374632628,4.0,False,0.0,0.0023861066511036153,0.012987012987012988,2024-03-31,2024-06-30
V,573249832483.7734,shares_x_price,2024-03-27,Financial Services,-0.05777625988502877,1.0,True,0.07142857142857142,0.022032029859348566,0.012987012987012988,2024-03-31,2024-06-30
MA,449252822682.9454,shares_x_price,2024-03-27,Financial Services,-0.08264417309743888,2.0,True,0.07142857142857142,0.017266383769989943,0.012987012987012988,2024-03-31,2024-06-30
AXP,163945676203.34766,shares_x_price,2024-03-27,Financial Services,0.020103721724835877,3.0,False,0.0,0.00630101541900667,0.012987012987012988,2024-03-31,2024-06-30
SPGI,136253342338.37671,shares_x_price,2024-03-26,Financial Services,0.050519853142956705,4.0,False,0.0,0.005236700539149536,0.012987012987012988,2024-03-31,2024-06-30
BLK,124384707021.24023,shares_x_price,2024-03-28,Financial Services,-0.04940424046000047,5.0,False,0.0,0.0047805466724072,0.012987012987012988,2024-03-31,2024-06-30
PYPL,71795862454.19629,shares_x_price,2024-03-26,Financial Services,-0.13375143588400062,6.0,False,0.0,0.002759370340353846,0.012987012987012988,2024-03-31,2024-06-30
LLY,739657950698.2148,shares_x_price,2024-03-28,Healthcare,0.1657710209802219,1.0,True,0.07142857142857142,0.028427685682662494,0.012987012987012988,2024-03-31,2024-06-30
UNH,456080768969.2774,shares_x_price,2024-03-27,Healthcare,0.033799042063768825,2.0,True,0.07142857142857142,0.01752880602976924,0.012987012987012988,2024-03-31,2024-06-30
DHR,184718388338.47656,shares_x_price,2024-03-28,Healthcare,0.0015948770323188644,3.0,False,0.0,0.00709938462574127,0.012987012987012988,2024-03-31,2024-06-30
AMGN,152372496279.74805,shares_x_price,2024-03-28,Healthcare,0.10674324548827308,4.0,False,0.0,0.00585621695384257,0.012987012987012988,2024-03-31,2024-06-30
ISRG,141864527383.66992,shares_x_price,2024-03-28,Healthcare,0.114660878963456,5.0,False,0.0,0.005452358336952259,0.012987012987012988,2024-03-31,2024-06-30
SYK,136404650865.92188,shares_x_price,2024-03-28,Healthcare,-0.04699694791528275,6.0,False,0.0,0.005242515864000841,0.012987012987012988,2024-03-31,2024-06-30
ELV,120648173999.32422,shares_x_price,2024-03-28,Healthcare,0.048142477654470994,7.0,False,0.0,0.004636938419173867,0.012987012987012988,2024-03-31,2024-06-30
VRTX,107975329602.53906,shares_x_price,2024-03-26,Healthcare,0.12131286397546037,8.0,False,0.0,0.004149875937283386,0.012987012987012988,2024-03-31,2024-06-30
REGN,106160720942.8711,shares_x_price,2024-03-28,Healthcare,0.09199062988993423,9.0,False,0.0,0.004080134072729124,0.012987012987012988,2024-03-31,2024-06-30
BSX,100864538241.51465,shares_x_price,2024-03-28,Healthcare,0.12439778855604144,10.0,False,0.0,0.003876582935328393,0.012987012987012988,2024-03-31,2024-06-30
GILD,91252651328.0,shares_x_price,2024-03-28,Healthcare,-0.05185821120535972,11.0,False,0.0,0.0035071639359966645,0.012987012987012988,2024-03-31,2024-06-30
GE,191901678384.90854,shares_x_price,2024-03-28,Industrials,0.13680720224637244,1.0,True,0.07142857142857142,0.007375464010022347,0.012987012987012988,2024-03-31,2024-06-30
CAT,182986707521.0137,shares_x_price,2024-03-27,Industrials,-0.08764503884003849,2.0,True,0.07142857142857142,0.007032829973100734,0.012987012987012988,2024-03-31,2024-06-30
HON,133860359202.79926,shares_x_price,2024-03-27,Industrials,0.04589830259584837,3.0,False,0.0,0.0051447296864629765,0.012987012987012988,2024-03-31,2024-06-30
PH,71659669236.99951,shares_x_price,2024-03-28,Industrials,-0.08724494943331595,4.0,False,0.0,0.002754135950637727,0.012987012987012988,2024-03-31,2024-06-30
CTAS,69695074291.99219,shares_x_price,2024-03-28,Industrials,0.021254585628398104,5.0,False,0.0,0.0026786295797027616,0.012987012987012988,2024-03-31,2024-06-30
MSFT,3126134698944.2812,shares_x_price,2024-03-27,Technology,0.06426187069107492,1.0,True,0.07142857142857142,0.12014847476372466,0.012987012987012988,2024-03-31,2024-06-30
AAPL,2647976863714.6875,shares_x_price,2024-03-27,Technology,0.22991402025794727,2.0,True,0.07142857142857142,0.10177116855917713,0.012987012987012988,2024-03-31,2024-06-30
NVDA,2258900070190.43,shares_x_price,2024-03-27,Technology,0.36737074015527216,3.0,False,0.0,0.086817563609369,0.012987012987012988,2024-03-31,2024-06-30
AVGO,614222818703.8184,shares_x_price,2024-03-27,Technology,0.21519222946287409,4.0,False,0.0,0.02360676744263824,0.012987012987012988,2024-03-31,2024-06-30
ORCL,345240336748.27734,shares_x_price,2024-03-26,Technology,0.12774192871509915,5.0,False,0.0,0.013268814008951163,0.012987012987012988,2024-03-31,2024-06-30
CRM,292144592895.5078,shares_x_price,2024-03-27,Technology,-0.1463576190356366,6.0,False,0.0,0.011228155734530029,0.012987012987012988,2024-03-31,2024-06-30
AMD,291697123253.4024,shares_x_price,2024-03-28,Technology,-0.101279839453433,7.0,False,0.0,0.01121095788473162,0.012987012987012988,2024-03-31,2024-06-30
ADBE,226087542497.89844,shares_x_price,2024-03-28,Technology,0.10095119165214217,8.0,False,0.0,0.00868934835193595,0.012987012987012988,2024-03-31,2024-06-30
CSCO,202095066692.22266,shares_x_price,2024-03-27,Technology,-0.04030959752828589,9.0,False,0.0,0.007767232176061952,0.012987012987012988,2024-03-31,2024-06-30
INTU,189050555200.0,shares_x_price,2024-03-16,Technology,0.012504537747736189,10.0,False,0.0,0.007265885205837761,0.012987012987012988,2024-03-31,2024-06-30
QCOM,188938803405.76172,shares_x_price,2024-03-27,Technology,0.18131275319068352,11.0,False,0.0,0.007261590186933306,0.012987012987012988,2024-03-31,2024-06-30
AMAT,171355889709.5449,shares_x_price,2024-03-28,Technology,0.1463910366210177,12.0,False,0.0,0.006585816278913257,0.012987012987012988,2024-03-31,2024-06-30
UBER,160257757689.6709,shares_x_price,2024-03-28,Technology,-0.05598126611485432,13.0,False,0.0,0.006159275594225351,0.012987012987012988,2024-03-31,2024-06-30
TXN,158540861869.99512,shares_x_price,2024-03-28,Technology,0.12468895602103935,14.0,False,0.0,0.006093289181633493,0.012987012987012988,2024-03-31,2024-06-30
NOW,156291995620.72754,shares_x_price,2024-03-16,Technology,0.03183370961606946,15.0,False,0.0,0.006006857253448068,0.012987012987012988,2024-03-31,2024-06-30
MU,130547846737.875,shares_x_price,2024-03-28,Technology,0.1157008821550809,16.0,False,0.0,0.005017418051289073,0.012987012987012988,2024-03-31,2024-06-30
LRCX,127375738669.281,shares_x_price,2024-03-27,Technology,0.09805870450404153,17.0,False,0.0,0.004895502656422697,0.012987012987012988,2024-03-31,2024-06-30
ADP,102590948594.46242,shares_x_price,2024-03-28,Technology,-0.03873669128358448,18.0,False,0.0,0.003942935025272895,0.012987012987012988,2024-03-31,2024-06-30
ADI,98085639990.53955,shares_x_price,2024-03-27,Technology,0.15864269088110494,19.0,False,0.0,0.003769779992227127,0.012987012987012988,2024-03-31,2024-06-30
KLAC,94470418433.99048,shares_x_price,2024-03-28,Technology,0.1826839543550538,20.0,False,0.0,0.00363083417005926,0.012987012987012988,2024-03-31,2024-06-30
PANW,91802404577.63672,shares_x_price,2024-03-28,Technology,0.19315103628512365,21.0,False,0.0,0.0035282929086102115,0.012987012987012988,2024-03-31,2024-06-30
ANET,90657606115.01953,shares_x_price,2024-03-27,Technology,0.20863507037680762,22.0,False,0.0,0.0034842942321482656,0.012987012987012988,2024-03-31,2024-06-30
SNPS,87457788000.0,shares_x_price,2024-03-28,Technology,0.041224842622211266,23.0,False,0.0,0.003361313841645334,0.012987012987012988,2024-03-31,2024-06-30
CDNS,84871423016.93164,shares_x_price,2024-03-28,Technology,-0.011340268546453314,24.0,False,0.0,0.0032619106367856995,0.012987012987012988,2024-03-31,2024-06-30
CRWD,77540779259.5293,shares_x_price,2024-03-27,Technology,0.19526500146167192,25.0,False,0.0,0.002980167925319827,0.012987012987012988,2024-03-31,2024-06-30
WDAY,72057277000.0,shares_x_price,2024-03-27,Technology,-0.18034831325905143,26.0,False,0.0,0.002769417431085405,0.012987012987012988,2024-03-31,2024-06-30
APH,69193270566.29396,shares_x_price,2024-03-28,Technology,0.16995800841773234,27.0,False,0.0,0.0026593434778294936,0.012987012987012988,2024-03-31,2024-06-30
MSI,58973891325.35156,shares_x_price,2024-03-27,Technology,0.09036275791756831,28.0,False,0.0,0.0022665763877722576,0.012987012987012988,2024-03-31,2024-06-30
ADSK,55825459101.82324,shares_x_price,2024-03-28,Technology,-0.04980422321916256,29.0,False,0.0,0.0021455709398363007,0.012987012987012988,2024-03-31,2024-06-30
FTNT,52122644107.69141,shares_x_price,2024-03-28,Technology,-0.1176986881595724,30.0,False,0.0,0.0020032585903308774,0.012987012987012988,2024-03-31,2024-06-30
PLTR,50914920383.57374,shares_x_price,2024-03-27,Technology,0.10082571367870652,31.0,False,0.0,0.001956841472272047,0.012987012987012988,2024-03-31,2024-06-30
MCHP,48478204114.54004,shares_x_price,2024-03-27,Technology,0.024755082051959754,32.0,False,0.0,0.0018631897997272834,0.012987012987012988,2024-03-31,2024-06-30
GOOGL,2259005921872.813,shares_x_price,2024-06-28,Communication Services,-0.08827825241368537,1.0,True,0.07142857142857142,0.07900681784687973,0.012987012987012988,2024-06-30,2024-09-30
META,1278969119358.75,shares_x_price,2024-06-28,Communication Services,0.13638094322833938,2.0,True,0.07142857142857142,0.04473086115736624,0.012987012987012988,2024-06-30,2024-09-30
NFLX,293650412084.2969,shares_x_price,2024-06-21,Communication Services,0.05095725230553261,3.0,False,0.0,0.010270174324718502,0.012987012987012988,2024-06-30,2024-09-30
TMUS,207032632993.16406,shares_x_price,2024-06-28,Communication Services,0.17511979066083705,4.0,False,0.0,0.0072407909004904986,0.012987012987012988,2024-06-30,2024-09-30
DIS,181009643269.04297,shares_x_price,2024-06-28,Communication Services,-0.02675226375729889,5.0,False,0.0,0.006330658886644182,0.012987012987012988,2024-06-30,2024-09-30
CMCSA,153328233592.59012,shares_x_price,2024-06-28,Communication Services,0.07538570950845203,6.0,False,0.0,0.005362525040302058,0.012987012987012988,2024-06-30,2024-09-30
TTWO,27211372921.325684,shares_x_price,2024-06-28,Communication Services,-0.011447673267817371,7.0,False,0.0,0.0009516947091384105,0.012987012987012988,2024-06-30,2024-09-30
AMZN,2011075388160.0,shares_x_price,2024-06-28,Consumer Cyclical,-0.03580852868794471,1.0,True,0.07142857142857142,0.0703356575254015,0.012987012987012988,2024-06-30,2024-09-30
TSLA,631078886243.625,shares_x_price,2024-06-28,Consumer Cyclical,0.32216494050398725,2.0,True,0.07142857142857142,0.02207144927319452,0.012987012987012988,2024-06-30,2024-09-30
HD,341353199184.1094,shares_x_price,2024-06-28,Consumer Cyclical,0.1842353875664393,3.0,False,0.0,0.01193853888042486,0.012987012987012988,2024-06-30,2024-09-30
MCD,183658594163.34378,shares_x_price,2024-06-28,Consumer Cyclical,0.20185979003716414,4.0,False,0.0,0.00642330369946426,0.012987012987012988,2024-06-30,2024-09-30
BKNG,134403796944.61823,shares_x_price,2024-06-28,Consumer Cyclical,0.06572962376071723,5.0,False,0.0,0.004700658905014737,0.012987012987012988,2024-06-30,2024-09-30
LOW,125625829689.47656,shares_x_price,2024-06-28,Consumer Cyclical,0.23452473363463633,6.0,False,0.0,0.00439365693867288,0.012987012987012988,2024-06-30,2024-09-30
NKE,113603697739.86816,shares_x_price,2024-06-28,Consumer Cyclical,0.17811212916232355,7.0,False,0.0,0.003973193061231419,0.012987012987012988,2024-06-30,2024-09-30
ABNB,95226369980.41406,shares_x_price,2024-06-28,Consumer Cyclical,-0.16368796758531345,8.0,False,0.0,0.003330461595702599,0.012987012987012988,2024-06-30,2024-09-30
SBUX,88180695762.83691,shares_x_price,2024-06-21,Consumer Cyclical,0.259848772736581,9.0,False,0.0,0.003084045110412874,0.012987012987012988,2024-06-30,2024-09-30
CMG,86040380597.96582,shares_x_price,2024-06-28,Consumer Cyclical,-0.08028734990399633,10.0,False,0.0,0.0030091894012141593,0.012987012987012988,2024-06-30,2024-09-30
ORLY,62195702652.88925,shares_x_price,2024-06-27,Consumer Cyclical,0.0904683174337042,11.0,False,0.0,0.002175241995949127,0.012987012987012988,2024-06-30,2024-09-30
ROST,48525545160.59766,shares_x_price,2024-06-28,Consumer Cyclical,0.03824782160374962,12.0,False,0.0,0.0016971398216811444,0.012987012987012988,2024-06-30,2024-09-30
WMT,544628083869.1992,shares_x_price,2024-06-28,Consumer Defensive,0.1959851483673225,1.0,True,0.07142857142857142,0.019047905718138088,0.012987012987012988,2024-06-30,2024-09-30
PG,391172081263.33984,shares_x_price,2024-06-28,Consumer Defensive,0.05652252461297147,2.0,True,0.07142857142857142,0.013680912064867778,0.012987012987012988,2024-06-30,2024-09-30
COST,376830319120.47656,shares_x_price,2024-06-28,Consumer Defensive,0.0444616403867546,3.0,False,0.0,0.013179321087060563,0.012987012987012988,2024-06-30,2024-09-30
MNST,49222380300.62573,shares_x_price,2024-06-18,Consumer Defensive,0.04444439183378335,4.0,False,0.0,0.0017215110402089208,0.012987012987012988,2024-06-30,2024-09-30
V,551160763962.3945,shares_x_price,2024-06-28,Financial Services,0.04964899743032136,1.0,True,0.07142857142857142,0.01927638066863628,0.012987012987012988,2024-06-30,2024-09-30
MA,419029215607.6797,shares_x_price,2024-06-28,Financial Services,0.12097966252017889,2.0,True,0.07142857142857142,0.014655191732561022,0.012987012987012988,2024-06-30,2024-09-30
AXP,166554606287.93848,shares_x_price,2024-06-28,Financial Services,0.17472589738064692,3.0,False,0.0,0.005825106217358027,0.012987012987012988,2024-06-30,2024-09-30
SPGI,140449867654.95572,shares_x_price,2024-06-15,Financial Services,0.16044429886184197,4.0,False,0.0,0.004912115104697901,0.012987012987012988,2024-06-30,2024-09-30
BLK,116995753088.3789,shares_x_price,2024-06-28,Financial Services,0.2131393868649214,5.0,False,0.0,0.0040918273226343916,0.012987012987012988,2024-06-30,2024-09-30
PYPL,60702279294.60352,shares_x_price,2024-06-28,Financial Services,0.3446494060730201,6.0,False,0.0,0.002123010779512768,0.012987012987012988,2024-06-30,2024-09-30
LLY,815208676053.4686,shares_x_price,2024-06-26,Healthcare,-0.020104336587833505,1.0,True,0.07142857142857142,0.028511232641106214,0.012987012987012988,2024-06-30,2024-09-30
UNH,468715286310.375,shares_x_price,2024-06-27,Healthcare,0.15216837313982645,2.0,True,0.07142857142857142,0.01639291995165334,0.012987012987012988,2024-06-30,2024-09-30
DHR,185060645474.3945,shares_x_price,2024-06-28,Healthcare,0.11383326199071742,3.0,False,0.0,0.006472339255976803,0.012987012987012988,2024-06-30,2024-09-30
AMGN,167609124797.8789,shares_x_price,2024-06-26,Healthcare,0.038417375967796374,4.0,False,0.0,0.005861987108649341,0.012987012987012988,2024-06-30,2024-09-30
ISRG,157790959147.35352,shares_x_price,2024-06-27,Healthcare,0.1043497409761851,5.0,False,0.0,0.005518605084887995,0.012987012987012988,2024-06-30,2024-09-30
SYK,129618242944.0,shares_x_price,2024-06-28,Healthcare,0.064111644805946,6.0,False,0.0,0.004533288209098279,0.012987012987012988,2024-06-30,2024-09-30
ELV,125938014075.43945,shares_x_price,2024-06-28,Healthcare,-0.03745654063450676,7.0,False,0.0,0.004404575323028403,0.012987012987012988,2024-06-30,2024-09-30
VRTX,121336144305.75977,shares_x_price,2024-06-28,Healthcare,-0.007765861578250766,8.0,False,0.0,0.004243628827435898,0.012987012987012988,2024-06-30,2024-09-30
REGN,117824670404.29688,shares_x_price,2024-06-28,Healthcare,0.00019977614285959788,9.0,False,0.0,0.004120818003338124,0.012987012987012988,2024-06-30,2024-09-30
BSX,113218562476.32324,shares_x_price,2024-06-28,Healthcare,0.0881703769273483,10.0,False,0.0,0.003959723281750683,0.012987012987012988,2024-06-30,2024-09-30
GILD,85477768162.64648,shares_x_price,2024-06-28,Healthcare,0.23339951328539943,11.0,False,0.0,0.0029895125080439044,0.012987012987012988,2024-06-30,2024-09-30
GE,174010160666.7539,shares_x_price,2024-06-28,Industrials,0.19002946365396034,1.0,True,0.07142857142857142,0.0060858579139566075,0.012987012987012988,2024-06-30,2024-09-30
CAT,165381488230.34668,shares_x_price,2024-06-15,Industrials,0.17896391634037756,2.0,True,0.07142857142857142,0.005784077407388285,0.012987012987012988,2024-06-30,2024-09-30
HON,139054257522.23257,shares_x_price,2024-06-28,Industrials,-0.026688026346934013,3.0,False,0.0,0.004863304822939142,0.012987012987012988,2024-06-30,2024-09-30
CTAS,71050481370.84961,shares_x_price,2024-06-28,Industrials,0.17842928703767247,4.0,False,0.0,0.0024849303781134075,0.012987012987012988,2024-06-30,2024-09-30
PH,65017322896.1792,shares_x_price,2024-06-28,Industrials,0.2525852580649455,5.0,False,0.0,0.0022739257729309337,0.012987012987012988,2024-06-30,2024-09-30
MSFT,3321870937958.438,shares_x_price,2024-06-28,Technology,-0.03551733297739379,1.0,True,0.07142857142857142,0.1161796211178336,0.012987012987012988,2024-06-30,2024-09-30
AAPL,3229668060386.625,shares_x_price,2024-06-26,Technology,0.1075381685042125,2.0,True,0.07142857142857142,0.11295490360702908,0.012987012987012988,2024-06-30,2024-09-30
NVDA,3097209573186.328,shares_x_price,2024-06-28,Technology,-0.0169143755409753,3.0,False,0.0,0.10832228026187596,0.012987012987012988,2024-06-30,2024-09-30
AVGO,749870797917.3291,shares_x_price,2024-06-28,Technology,0.07794531320554277,4.0,False,0.0,0.026226095720294617,0.012987012987012988,2024-06-30,2024-09-30
ORCL,389127419071.3828,shares_x_price,2024-06-27,Technology,0.21020621847298782,5.0,False,0.0,0.013609401737340869,0.012987012987012988,2024-06-30,2024-09-30
AMD,262181658547.05078,shares_x_price,2024-06-28,Technology,0.011528235249296914,6.0,False,0.0,0.009169581336221885,0.012987012987012988,2024-06-30,2024-09-30
CRM,254613334844.48242,shares_x_price,2024-06-13,Technology,0.06793617550515907,7.0,False,0.0,0.00890488562808522,0.012987012987012988,2024-06-30,2024-09-30
ADBE,246326426257.32422,shares_x_price,2024-06-28,Technology,-0.06796981355788256,8.0,False,0.0,0.00861505802253536,0.012987012987012988,2024-06-30,2024-09-30
QCOM,224768649521.71875,shares_x_price,2024-06-28,Technology,-0.14183767715362383,9.0,False,0.0,0.007861093049162627,0.012987012987012988,2024-06-30,2024-09-30
AMAT,195393819134.4424,shares_x_price,2024-06-28,Technology,-0.14217884423270144,10.0,False,0.0,0.006833733248455918,0.012987012987012988,2024-06-30,2024-09-30
CSCO,191408755577.6162,shares_x_price,2024-06-27,Technology,0.12978203232851948,11.0,False,0.0,0.006694359027479381,0.012987012987012988,2024-06-30,2024-09-30
INTU,183895902620.5547,shares_x_price,2024-06-12,Technology,-0.05378728772354224,12.0,False,0.0,0.0064316033616611794,0.012987012987012988,2024-06-30,2024-09-30
TXN,177116059236.0918,shares_x_price,2024-06-28,Technology,0.06880571715713613,13.0,False,0.0,0.006194484084495871,0.012987012987012988,2024-06-30,2024-09-30
NOW,161567857563.93433,shares_x_price,2024-06-22,Technology,0.1369316638349125,14.0,False,0.0,0.0056506989064825765,0.012987012987012988,2024-06-30,2024-09-30
MU,156865311353.125,shares_x_price,2024-06-28,Technology,-0.21082094129991047,15.0,False,0.0,0.005486231337674288,0.012987012987012988,2024-06-30,2024-09-30
UBER,152967412753.6543,shares_x_price,2024-06-28,Technology,0.034122225461204136,16.0,False,0.0,0.0053499056372181,0.012987012987012988,2024-06-30,2024-09-30
LRCX,139219554647.97974,shares_x_price,2024-06-28,Technology,-0.23128871651633764,17.0,False,0.0,0.00486908594984017,0.012987012987012988,2024-06-30,2024-09-30
ADI,113266487868.11867,shares_x_price,2024-06-28,Technology,0.01233361296775648,18.0,False,0.0,0.003961399431716984,0.012987012987012988,2024-06-30,2024-09-30
KLAC,111012021551.51367,shares_x_price,2024-06-28,Technology,-0.05904467878203423,19.0,False,0.0,0.003882551382717507,0.012987012987012988,2024-06-30,2024-09-30
ANET,109827470486.54883,shares_x_price,2024-06-28,Technology,0.09512666997488517,20.0,False,0.0,0.003841122713003168,0.012987012987012988,2024-06-30,2024-09-30
PANW,109771441162.10938,shares_x_price,2024-06-21,Technology,0.008229780676011877,21.0,False,0.0,0.003839163134859875,0.012987012987012988,2024-06-30,2024-09-30
ADP,97990120862.75781,shares_x_price,2024-06-28,Technology,0.1652296224502332,22.0,False,0.0,0.0034271214408235274,0.012987012987012988,2024-06-30,2024-09-30
CRWD,93253499118.62305,shares_x_price,2024-06-28,Technology,-0.26806545203749177,23.0,False,0.0,0.003261462109112623,0.012987012987012988,2024-06-30,2024-09-30
SNPS,91713617363.23828,shares_x_price,2024-06-28,Technology,-0.14901015573883403,24.0,False,0.0,0.0032076060496063446,0.012987012987012988,2024-06-30,2024-09-30
CDNS,83838180712.0,shares_x_price,2024-06-28,Technology,-0.11931763191130174,25.0,False,0.0,0.0029321693263359683,0.012987012987012988,2024-06-30,2024-09-30
APH,80925519921.30176,shares_x_price,2024-06-25,Technology,-0.030275147840002625,26.0,False,0.0,0.0028303014833558735,0.012987012987012988,2024-06-30,2024-09-30
MSI,64388122402.42579,shares_x_price,2024-06-27,Technology,0.16729452844803916,27.0,False,0.0,0.0022519200188433437,0.012987012987012988,2024-06-30,2024-09-30
WDAY,59331481992.06542,shares_x_price,2024-06-28,Technology,0.09326358172843952,28.0,False,0.0,0.002075068305463459,0.012987012987012988,2024-06-30,2024-09-30
PLTR,53961511226.90795,shares_x_price,2024-06-28,Technology,0.46861432589758545,29.0,False,0.0,0.0018872581284391633,0.012987012987012988,2024-06-30,2024-09-30
ADSK,53463302011.04639,shares_x_price,2024-06-21,Technology,0.113275467301577,30.0,False,0.0,0.0018698336832944694,0.012987012987012988,2024-06-30,2024-09-30
MCHP,49454652000.0,shares_x_price,2024-06-28,Technology,-0.1176763738309976,31.0,False,0.0,0.0017296345460686283,0.012987012987012988,2024-06-30,2024-09-30
FTNT,46042542645.38306,shares_x_price,2024-06-28,Technology,0.28670984673550337,32.0,False,0.0,0.0016102989127957585,0.012987012987012988,2024-06-30,2024-09-30
GOOGL,2025708554241.75,shares_x_price,2024-09-30,Communication Services,0.14270067092206284,1.0,True,0.07142857142857142,0.06850523309899068,0.012987012987012988,2024-09-30,2024-12-31
META,1435318879762.4688,shares_x_price,2024-09-30,Communication Services,0.02365738623637581,2.0,True,0.07142857142857142,0.04853948719504477,0.012987012987012988,2024-09-30,2024-12-31
NFLX,304393862257.96875,shares_x_price,2024-09-25,Communication Services,0.25667237201265336,3.0,False,0.0,0.01029396476813991,0.012987012987012988,2024-09-30,2024-12-31
TMUS,240776728115.66605,shares_x_price,2024-09-28,Communication Services,0.07349264673786426,4.0,False,0.0,0.008142566140542415,0.012987012987012988,2024-09-30,2024-12-31
DIS,174606973514.59372,shares_x_price,2024-09-12,Communication Services,0.16273416678489805,5.0,False,0.0,0.005904843219563675,0.012987012987012988,2024-09-30,2024-12-31
CMCSA,161360010678.22116,shares_x_price,2024-09-30,Communication Services,-0.09477892756349948,6.0,False,0.0,0.00545685859953572,0.012987012987012988,2024-09-30,2024-12-31
TTWO,26942752336.506836,shares_x_price,2024-09-28,Communication Services,0.19757981777804212,7.0,False,0.0,0.0009111476205577135,0.012987012987012988,2024-09-30,2024-12-31
AMZN,1972843408499.3438,shares_x_price,2024-09-30,Consumer Cyclical,0.17742713054105597,1.0,True,0.07142857142857142,0.06671744426613399,0.012987012987012988,2024-09-30,2024-12-31
TSLA,835813645310.1875,shares_x_price,2024-09-30,Consumer Cyclical,0.5435538309865333,2.0,True,0.07142857142857142,0.028265472088468226,0.012987012987012988,2024-09-30,2024-12-31
HD,402482332483.55865,shares_x_price,2024-09-30,Consumer Cyclical,-0.03494970714165868,3.0,False,0.0,0.013611111996973463,0.012987012987012988,2024-09-30,2024-12-31
MCD,218438116627.0625,shares_x_price,2024-09-28,Consumer Cyclical,-0.04228483088339874,4.0,False,0.0,0.00738712094881917,0.012987012987012988,2024-09-30,2024-12-31
LOW,153651587696.0879,shares_x_price,2024-09-28,Consumer Cyclical,-0.08492873356708652,5.0,False,0.0,0.005196175831468761,0.012987012987012988,2024-09-30,2024-12-31
BKNG,142415148794.55566,shares_x_price,2024-09-30,Consumer Cyclical,0.18150833503087838,6.0,False,0.0,0.004816182932421069,0.012987012987012988,2024-09-30,2024-12-31
NKE,134102796657.1582,shares_x_price,2024-09-30,Consumer Cyclical,-0.13963555606587907,7.0,False,0.0,0.00453507654148397,0.012987012987012988,2024-09-30,2024-12-31
SBUX,111475909837.62596,shares_x_price,2024-09-21,Consumer Cyclical,-0.0582171112554305,8.0,False,0.0,0.0037698824800624624,0.012987012987012988,2024-09-30,2024-12-31
ABNB,80197556042.55861,shares_x_price,2024-09-28,Consumer Cyclical,0.03627479056917515,9.0,False,0.0,0.0027121138720378785,0.012987012987012988,2024-09-30,2024-12-31
CMG,79886092353.37305,shares_x_price,2024-09-28,Consumer Cyclical,0.046511634065525165,10.0,False,0.0,0.0027015808204866815,0.012987012987012988,2024-09-30,2024-12-31
ORLY,67580952711.82251,shares_x_price,2024-09-28,Consumer Cyclical,0.02969779686318974,11.0,False,0.0,0.0022854466941362186,0.012987012987012988,2024-09-30,2024-12-31
ROST,49933494389.41699,shares_x_price,2024-09-28,Consumer Cyclical,0.007422382629685531,12.0,False,0.0,0.001688646506147855,0.012987012987012988,2024-09-30,2024-12-31
WMT,649088686208.0,shares_x_price,2024-09-30,Consumer Defensive,0.12136456134220697,1.0,True,0.07142857142857142,0.02195082390183264,0.012987012987012988,2024-09-30,2024-12-31
PG,407792448187.5586,shares_x_price,2024-09-30,Consumer Defensive,-0.02635279673547597,2.0,True,0.07142857142857142,0.013790689021182303,0.012987012987012988,2024-09-30,2024-12-31
COST,400206172109.25,shares_x_price,2024-09-28,Consumer Defensive,0.03493160358135006,3.0,False,0.0,0.013534137006328242,0.012987012987012988,2024-09-30,2024-12-31
MNST,51748307656.38574,shares_x_price,2024-09-21,Consumer Defensive,0.007475622350660904,4.0,False,0.0,0.0017500197010353947,0.012987012987012988,2024-09-30,2024-12-31
V,535448651772.46094,shares_x_price,2024-09-30,Financial Services,0.1516304708481504,1.0,True,0.07142857142857142,0.018107755247122864,0.012987012987012988,2024-09-30,2024-12-31
MA,456042065526.36725,shares_x_price,2024-09-30,Financial Services,0.06778078429172463,2.0,True,0.07142857142857142,0.015422390321851108,0.012987012987012988,2024-09-30,2024-12-31
AXP,192799343078.125,shares_x_price,2024-09-28,Financial Services,0.09721811378975165,3.0,False,0.0,0.006520071167810747,0.012987012987012988,2024-09-30,2024-12-31
SPGI,161872026266.2366,shares_x_price,2024-09-21,Financial Services,-0.03429556402900069,4.0,False,0.0,0.005474173897500902,0.012987012987012988,2024-09-30,2024-12-31
BLK,140649018726.5625,shares_x_price,2024-09-28,Financial Services,0.08496619386206095,5.0,False,0.0,0.004756456101659723,0.012987012987012988,2024-09-30,2024-12-31
PYPL,79772407403.5586,shares_x_price,2024-09-30,Financial Services,0.09380993104130098,6.0,False,0.0,0.002697736232887652,0.012987012987012988,2024-09-30,2024-12-31
LLY,797723398463.2656,shares_x_price,2024-09-30,Healthcare,-0.12716597567998877,1.0,True,0.07142857142857142,0.026977339482431417,0.012987012987012988,2024-09-30,2024-12-31
UNH,539904020121.8047,shares_x_price,2024-09-30,Healthcare,-0.1314903748766817,2.0,True,0.07142857142857142,0.018258426500731655,0.012987012987012988,2024-09-30,2024-12-31
DHR,201875874422.60742,shares_x_price,2024-09-28,Healthcare,-0.17337479571959546,3.0,False,0.0,0.006827020503726845,0.012987012987012988,2024-09-30,2024-12-31
ISRG,177179956497.54395,shares_x_price,2024-09-28,Healthcare,0.06247080759115997,4.0,False,0.0,0.005991856130990472,0.012987012987012988,2024-09-30,2024-12-31
AMGN,173379907562.01172,shares_x_price,2024-09-30,Healthcare,-0.18461767045317945,5.0,False,0.0,0.0058633464114796864,0.012987012987012988,2024-09-30,2024-12-31
SYK,137667161111.51562,shares_x_price,2024-09-28,Healthcare,-0.0010329490492816396,6.0,False,0.0,0.0046556159040118195,0.012987012987012988,2024-09-30,2024-12-31
BSX,123406399834.91016,shares_x_price,2024-09-28,Healthcare,0.06587107926066627,7.0,False,0.0,0.004173346737809578,0.012987012987012988,2024-09-30,2024-12-31
ELV,120580720000.0,shares_x_price,2024-09-28,Healthcare,-0.28767494237789193,8.0,False,0.0,0.0040777881465461395,0.012987012987012988,2024-09-30,2024-12-31
VRTX,120038074694.2749,shares_x_price,2024-09-28,Healthcare,-0.1341274106954966,9.0,False,0.0,0.004059437015490821,0.012987012987012988,2024-09-30,2024-12-31
REGN,115883440323.48633,shares_x_price,2024-09-28,Healthcare,-0.32239070213735355,10.0,False,0.0,0.003918935957026128,0.012987012987012988,2024-09-30,2024-12-31
GILD,104379953016.39062,shares_x_price,2024-09-26,Healthcare,0.11100211009158456,11.0,False,0.0,0.003529912038568692,0.012987012987012988,2024-09-30,2024-12-31
GE,204479184802.71094,shares_x_price,2024-09-26,Industrials,-0.11410679629928211,1.0,True,0.07142857142857142,0.006915059024393885,0.012987012987012988,2024-09-30,2024-12-31
CAT,189653297134.41406,shares_x_price,2024-09-26,Industrials,-0.06917749437757714,2.0,True,0.07142857142857142,0.006413678463755289,0.012987012987012988,2024-09-30,2024-12-31
HON,134293483525.81908,shares_x_price,2024-09-21,Industrials,0.09816677446597355,3.0,False,0.0,0.004541525173178385,0.012987012987012988,2024-09-30,2024-12-31
CTAS,84934764967.33984,shares_x_price,2024-09-28,Industrials,-0.11099244675698716,4.0,False,0.0,0.002872316385351661,0.012987012987012988,2024-09-30,2024-12-31
PH,81296280342.40723,shares_x_price,2024-09-28,Industrials,0.009047878339818904,5.0,False,0.0,0.002749270433437121,0.012987012987012988,2024-09-30,2024-12-31
AAPL,3553436310528.0,shares_x_price,2024-09-21,Technology,0.07594650830659355,1.0,True,0.07142857142857142,0.12016979552434026,0.012987012987012988,2024-09-30,2024-12-31
MSFT,3198436966186.2505,shares_x_price,2024-09-30,Technology,-0.018490079278600247,2.0,True,0.07142857142857142,0.10816445902951391,0.012987012987012988,2024-09-30,2024-12-31
NVDA,3026940520270.6245,shares_x_price,2024-09-21,Technology,0.10588959639085593,3.0,False,0.0,0.102364807357758,0.012987012987012988,2024-09-30,2024-12-31
AVGO,806561733120.0,shares_x_price,2024-09-30,Technology,0.3476009749350619,4.0,False,0.0,0.02727623350378441,0.012987012987012988,2024-09-30,2024-12-31
ORCL,472188601633.9922,shares_x_price,2024-09-27,Technology,-0.019866757547349012,5.0,False,0.0,0.01596843245485091,0.012987012987012988,2024-09-30,2024-12-31
AMD,265998287092.57422,shares_x_price,2024-09-30,Technology,-0.2638347174087734,6.0,False,0.0,0.008995506595977169,0.012987012987012988,2024-09-30,2024-12-31
CRM,264467895504.2461,shares_x_price,2024-09-30,Technology,0.22286896769543119,7.0,False,0.0,0.008943751948314937,0.012987012987012988,2024-09-30,2024-12-31
ADBE,227961977938.47656,shares_x_price,2024-09-28,Technology,-0.14117971432841991,8.0,False,0.0,0.0077091980500757695,0.012987012987012988,2024-09-30,2024-12-31
CSCO,212386654619.97656,shares_x_price,2024-09-30,Technology,0.12086495101146388,9.0,False,0.0,0.007182473140763543,0.012987012987012988,2024-09-30,2024-12-31
QCOM,189524140284.4453,shares_x_price,2024-09-30,Technology,-0.09189299760516634,10.0,False,0.0,0.006409310648802386,0.012987012987012988,2024-09-30,2024-12-31
TXN,188734138139.5039,shares_x_price,2024-09-28,Technology,-0.08629275481353282,11.0,False,0.0,0.006382594425990082,0.012987012987012988,2024-09-30,2024-12-31
NOW,184116441231.4917,shares_x_price,2024-09-28,Technology,0.1852994498227365,12.0,False,0.0,0.006226433559511304,0.012987012987012988,2024-09-30,2024-12-31
INTU,174061332000.0,shares_x_price,2024-09-28,Technology,0.01377336836685683,13.0,False,0.0,0.0058863907629812815,0.012987012987012988,2024-09-30,2024-12-31
AMAT,168936833018.81738,shares_x_price,2024-09-30,Technology,-0.19320745133258743,14.0,False,0.0,0.005713090908722207,0.012987012987012988,2024-09-30,2024-12-31
UBER,159146047756.8203,shares_x_price,2024-09-30,Technology,-0.19744549287144975,15.0,False,0.0,0.0053819869968634105,0.012987012987012988,2024-09-30,2024-12-31
ANET,122493471668.03319,shares_x_price,2024-09-28,Technology,0.15189408233146606,16.0,False,0.0,0.004142473413636866,0.012987012987012988,2024-09-30,2024-12-31
MU,119200124547.72949,shares_x_price,2024-09-30,Technology,-0.1865371632125502,17.0,False,0.0,0.004031099291392147,0.012987012987012988,2024-09-30,2024-12-31
ADI,114277791059.53418,shares_x_price,2024-09-28,Technology,-0.07303461158156477,18.0,False,0.0,0.0038646362519318585,0.012987012987012988,2024-09-30,2024-12-31
ADP,113465671508.4873,shares_x_price,2024-09-28,Technology,0.06329917229452642,19.0,False,0.0,0.0038371720646319545,0.012987012987012988,2024-09-30,2024-12-31
PANW,112277872521.3125,shares_x_price,2024-09-28,Technology,0.06471628561954157,20.0,False,0.0,0.0037970031833184166,0.012987012987012988,2024-09-30,2024-12-31
LRCX,105772947095.03174,shares_x_price,2024-09-28,Technology,-0.11219727675434565,21.0,False,0.0,0.0035770201893749877,0.012987012987012988,2024-09-30,2024-12-31
KLAC,103752356694.94629,shares_x_price,2024-09-28,Technology,-0.18406513566446558,22.0,False,0.0,0.0035086880415615283,0.012987012987012988,2024-09-30,2024-12-31
PLTR,83307545874.96484,shares_x_price,2024-09-28,Technology,1.0330644005998098,23.0,False,0.0,0.002817287233703534,0.012987012987012988,2024-09-30,2024-12-31
APH,79316017585.38281,shares_x_price,2024-09-28,Technology,0.06817680514013102,24.0,False,0.0,0.0026823020822973956,0.012987012987012988,2024-09-30,2024-12-31
SNPS,77788595710.20508,shares_x_price,2024-09-28,Technology,-0.04152931275999816,25.0,False,0.0,0.0026306478641323766,0.012987012987012988,2024-09-30,2024-12-31
MSI,75310781264.88672,shares_x_price,2024-09-28,Technology,0.030413219381184797,26.0,False,0.0,0.0025468533539116716,0.012987012987012988,2024-09-30,2024-12-31
CDNS,74213434265.74707,shares_x_price,2024-09-28,Technology,0.10858573887884071,27.0,False,0.0,0.0025097433699462447,0.012987012987012988,2024-09-30,2024-12-31
CRWD,68750489519.22607,shares_x_price,2024-09-28,Technology,0.2199522308015469,28.0,False,0.0,0.0023249979866660666,0.012987012987012988,2024-09-30,2024-12-31
WDAY,65217876557.18993,shares_x_price,2024-09-28,Technology,0.055726013310064104,29.0,False,0.0,0.0022055323933031622,0.012987012987012988,2024-09-30,2024-12-31
ADSK,59667317499.572754,shares_x_price,2024-09-28,Technology,0.07292723804518686,30.0,False,0.0,0.002017824076983143,0.012987012987012988,2024-09-30,2024-12-31
FTNT,59318620215.91406,shares_x_price,2024-09-28,Technology,0.21831076259115667,31.0,False,0.0,0.0020060318630202786,0.012987012987012988,2024-09-30,2024-12-31
MCHP,43075986298.86499,shares_x_price,2024-09-28,Technology,-0.2807942007001496,32.0,False,0.0,0.001456739902782929,0.012987012987012988,2024-09-30,2024-12-31
GOOGL,2325171901139.1406,shares_x_price,2024-12-31,Communication Services,-0.18215474281826194,1.0,True,0.07142857142857142,0.07389748587552702,0.012987012987012988,2024-12-31,2025-03-31
META,1478114155185.0625,shares_x_price,2024-12-25,Communication Services,-0.014751705416287009,2.0,True,0.07142857142857142,0.04697670733578522,0.012987012987012988,2024-12-31,2025-03-31
NFLX,381001866474.6582,shares_x_price,2024-12-31,Communication Services,0.046234734920236775,3.0,False,0.0,0.012108816570751971,0.012987012987012988,2024-12-31,2025-03-31
TMUS,256154949210.17184,shares_x_price,2024-12-27,Communication Services,0.21234723363019503,4.0,False,0.0,0.008140992385092596,0.012987012987012988,2024-12-31,2025-03-31
DIS,201648169799.9248,shares_x_price,2024-12-31,Communication Services,-0.11360572999521079,5.0,False,0.0,0.0064086843524624685,0.012987012987012988,2024-12-31,2025-03-31
CMCSA,143610041226.39017,shares_x_price,2024-12-31,Communication Services,-0.008519701810436597,6.0,False,0.0,0.004564144693092076,0.012987012987012988,2024-12-31,2025-03-31
TTWO,32329419954.222656,shares_x_price,2024-12-28,Communication Services,0.12586917611077775,7.0,False,0.0,0.0010274779483016754,0.012987012987012988,2024-12-31,2025-03-31
AMZN,2306885913786.953,shares_x_price,2024-12-17,Consumer Cyclical,-0.13277726862597783,1.0,True,0.07142857142857142,0.07331632949245862,0.012987012987012988,2024-12-31,2025-03-31
TSLA,1296350631567.289,shares_x_price,2024-12-31,Consumer Cyclical,-0.35826068241821274,2.0,True,0.07142857142857142,0.04119998716612811,0.012987012987012988,2024-12-31,2025-03-31
HD,386408266781.1094,shares_x_price,2024-12-28,Consumer Cyclical,-0.05186300546511846,3.0,False,0.0,0.012280640163703395,0.012987012987012988,2024-12-31,2025-03-31
MCD,207740991573.84375,shares_x_price,2024-12-31,Consumer Cyclical,0.08376815382891745,4.0,False,0.0,0.006602323459644048,0.012987012987012988,2024-12-31,2025-03-31
BKNG,164438307163.42923,shares_x_price,2024-12-28,Consumer Cyclical,-0.07086206595664057,5.0,False,0.0,0.005226098541381747,0.012987012987012988,2024-12-31,2025-03-31
LOW,140582462563.9453,shares_x_price,2024-12-17,Consumer Cyclical,-0.050854714320701544,6.0,False,0.0,0.004467923656128978,0.012987012987012988,2024-12-31,2025-03-31
NKE,112634789853.03516,shares_x_price,2024-12-20,Consumer Cyclical,-0.1568482289602674,7.0,False,0.0,0.0035797042739850048,0.012987012987012988,2024-12-31,2025-03-31
SBUX,103459244160.0,shares_x_price,2024-12-14,Consumer Cyclical,0.0807932327019425,8.0,False,0.0,0.0032880915300329853,0.012987012987012988,2024-12-31,2025-03-31
CMG,82164173066.02637,shares_x_price,2024-12-03,Consumer Cyclical,-0.16733002123135265,9.0,False,0.0,0.002611301906601573,0.012987012987012988,2024-12-31,2025-03-31
ABNB,82101286602.86328,shares_x_price,2024-12-31,Consumer Cyclical,-0.09093679510399688,10.0,False,0.0,0.002609303279523257,0.012987012987012988,2024-12-31,2025-03-31
ORLY,68457060712.57782,shares_x_price,2024-12-27,Consumer Cyclical,0.2081127207388611,11.0,False,0.0,0.0021756691084256707,0.012987012987012988,2024-12-31,2025-03-31
ROST,51110199003.2334,shares_x_price,2024-12-17,Consumer Cyclical,-0.15248503548819425,12.0,False,0.0,0.0016243595611517762,0.012987012987012988,2024-12-31,2025-03-31
WMT,731283832411.2891,shares_x_price,2024-12-14,Consumer Defensive,-0.025665998246888755,1.0,True,0.07142857142857142,0.02324130815882447,0.012987012987012988,2024-12-31,2025-03-31
COST,406731352730.0625,shares_x_price,2024-12-31,Consumer Defensive,0.03334722164774573,2.0,True,0.07142857142857142,0.012926538626575803,0.012987012987012988,2024-12-31,2025-03-31
PG,394822441625.97656,shares_x_price,2024-12-31,Consumer Defensive,0.022721110822595758,3.0,False,0.0,0.012548055388551143,0.012987012987012988,2024-12-31,2025-03-31
MNST,51115652535.55298,shares_x_price,2024-12-28,Consumer Defensive,0.11339419575246268,4.0,False,0.0,0.0016245328826715144,0.012987012987012988,2024-12-31,2025-03-31
V,612002000403.625,shares_x_price,2024-12-14,Financial Services,0.1107761879935818,1.0,True,0.07142857142857142,0.019450350814262156,0.012987012987012988,2024-12-31,2025-03-31
MA,483302263754.71484,shares_x_price,2024-12-14,Financial Services,0.04245956236339743,2.0,True,0.07142857142857142,0.015360078191176744,0.012987012987012988,2024-12-31,2025-03-31
AXP,209072235195.10742,shares_x_price,2024-12-28,Financial Services,-0.09133536207201676,3.0,False,0.0,0.006644632398888936,0.012987012987012988,2024-12-31,2025-03-31
BLK,158768017622.14453,shares_x_price,2024-12-31,Financial Services,-0.07166387127159357,4.0,False,0.0,0.00504588814872994,0.012987012987012988,2024-12-31,2025-03-31
SPGI,154538707267.06238,shares_x_price,2024-12-17,Financial Services,0.02205921337775396,5.0,False,0.0,0.004911474257836631,0.012987012987012988,2024-12-31,2025-03-31
PYPL,85566790201.44531,shares_x_price,2024-12-28,Financial Services,-0.23550080470992574,6.0,False,0.0,0.0027194422344548642,0.012987012987012988,2024-12-31,2025-03-31
LLY,694271927296.0,shares_x_price,2024-12-28,Healthcare,0.07167531544628525,1.0,True,0.07142857142857142,0.022065013737692228,0.012987012987012988,2024-12-31,2025-03-31
UNH,465534866946.7969,shares_x_price,2024-12-31,Healthcare,0.03979047868910013,2.0,True,0.07142857142857142,0.014795403401319374,0.012987012987012988,2024-12-31,2025-03-31
ISRG,185911202841.8789,shares_x_price,2024-12-31,Healthcare,-0.05113424751978912,3.0,False,0.0,0.005908539699529024,0.012987012987012988,2024-12-31,2025-03-31
DHR,165798230290.6084,shares_x_price,2024-12-31,Healthcare,-0.10558620019994813,4.0,False,0.0,0.005269318958776819,0.012987012987012988,2024-12-31,2025-03-31
AMGN,140102606908.89844,shares_x_price,2024-12-28,Healthcare,0.20498386292865645,5.0,False,0.0,0.0044526731163844775,0.012987012987012988,2024-12-31,2025-03-31
SYK,137256816146.48438,shares_x_price,2024-12-31,Healthcare,0.03627238936124488,6.0,False,0.0,0.004362229574310376,0.012987012987012988,2024-12-31,2025-03-31
BSX,131642496579.34277,shares_x_price,2024-12-31,Healthcare,0.12942227494503222,7.0,False,0.0,0.004183797992236687,0.012987012987012988,2024-12-31,2025-03-31
GILD,115117958889.22267,shares_x_price,2024-12-31,Healthcare,0.22156974293923914,8.0,False,0.0,0.003658623148193107,0.012987012987012988,2024-12-31,2025-03-31
VRTX,103706928222.06447,shares_x_price,2024-12-31,Healthcare,0.20392349795849762,9.0,False,0.0,0.003295963304790385,0.012987012987012988,2024-12-31,2025-03-31
ELV,85556396235.6543,shares_x_price,2024-12-28,Healthcare,0.18401754443456952,10.0,False,0.0,0.002719111898474176,0.012987012987012988,2024-12-31,2025-03-31
REGN,78991700255.12695,shares_x_price,2024-12-21,Healthcare,-0.10849597507635111,11.0,False,0.0,0.002510475914072127,0.012987012987012988,2024-12-31,2025-03-31
GE,180515149839.56836,shares_x_price,2024-12-28,Industrials,0.20224443471827724,1.0,True,0.07142857142857142,0.0057370449595803424,0.012987012987012988,2024-12-31,2025-03-31
CAT,175141252430.70312,shares_x_price,2024-12-27,Industrials,-0.08752621261059512,2.0,True,0.07142857142857142,0.005566254357959191,0.012987012987012988,2024-12-31,2025-03-31
HON,146884288363.8752,shares_x_price,2024-12-31,Industrials,-0.05758004581174292,3.0,False,0.0,0.004668205227918231,0.012987012987012988,2024-12-31,2025-03-31
PH,81869785371.09375,shares_x_price,2024-12-31,Industrials,-0.04204842601745329,4.0,False,0.0,0.0026019458196311625,0.012987012987012988,2024-12-31,2025-03-31
CTAS,73718717968.62793,shares_x_price,2024-12-20,Industrials,0.12709287500448596,5.0,False,0.0,0.0023428925479358144,0.012987012987012988,2024-12-31,2025-03-31
AAPL,3785298496133.9844,shares_x_price,2024-12-28,Technology,-0.11199491078686707,1.0,True,0.07142857142857142,0.12030252129559682,0.012987012987012988,2024-12-31,2025-03-31
NVDA,3412724963920.625,shares_x_price,2024-12-14,Technology,-0.19286634292873828,2.0,True,0.07142857142857142,0.10846156995739967,0.012987012987012988,2024-12-31,2025-03-31
MSFT,3133801920000.0,shares_x_price,2024-12-24,Technology,-0.10760923002981926,3.0,False,0.0,0.09959697302657258,0.012987012987012988,2024-12-31,2025-03-31
AVGO,1086717525234.3751,shares_x_price,2024-12-25,Technology,-0.27563562656629126,4.0,False,0.0,0.03453752943270638,0.012987012987012988,2024-12-31,2025-03-31
ORCL,466085412692.8711,shares_x_price,2024-12-14,Technology,-0.1589436325339324,5.0,False,0.0,0.014812900579258959,0.012987012987012988,2024-12-31,2025-03-31
CRM,319953797149.6582,shares_x_price,2024-12-14,Technology,-0.1973200734458097,6.0,False,0.0,0.010168616433952529,0.012987012987012988,2024-12-31,2025-03-31
CSCO,236702918839.30664,shares_x_price,2024-12-11,Technology,0.04950177032235281,7.0,False,0.0,0.0075227773882241495,0.012987012987012988,2024-12-31,2025-03-31
NOW,218720771699.78027,shares_x_price,2024-12-28,Technology,-0.2490095684086705,8.0,False,0.0,0.006951277507461019,0.012987012987012988,2024-12-31,2025-03-31
ADBE,197512622986.81644,shares_x_price,2024-12-17,Technology,-0.137514605792191,9.0,False,0.0,0.0062772504089938005,0.012987012987012988,2024-12-31,2025-03-31
AMD,196019219453.0869,shares_x_price,2024-12-31,Technology,-0.1494329242068706,10.0,False,0.0,0.006229787782043005,0.012987012987012988,2024-12-31,2025-03-31
INTU,175927829472.0,shares_x_price,2024-12-31,Technology,-0.02146105141677135,11.0,False,0.0,0.005591252968070888,0.012987012987012988,2024-12-31,2025-03-31
PLTR,172286653603.71094,shares_x_price,2024-12-14,Technology,0.115959336122607,12.0,False,0.0,0.005475530882247738,0.012987012987012988,2024-12-31,2025-03-31
QCOM,172071285356.95312,shares_x_price,2024-12-14,Technology,0.005326943641332349,13.0,False,0.0,0.005468686153062327,0.012987012987012988,2024-12-31,2025-03-31
TXN,171049809159.28226,shares_x_price,2024-12-31,Technology,-0.03456417158372904,14.0,False,0.0,0.005436222091866427,0.012987012987012988,2024-12-31,2025-03-31
ANET,139241271262.20703,shares_x_price,2024-12-31,Technology,-0.29901380428273194,15.0,False,0.0,0.004425298564526921,0.012987012987012988,2024-12-31,2025-03-31
AMAT,132329594222.03125,shares_x_price,2024-12-31,Technology,-0.10561224276301351,16.0,False,0.0,0.004205634996339826,0.012987012987012988,2024-12-31,2025-03-31
UBER,127016423662.02832,shares_x_price,2024-12-27,Technology,0.20789126291397086,17.0,False,0.0,0.004036774385982491,0.012987012987012988,2024-12-31,2025-03-31
PANW,119402156405.63965,shares_x_price,2024-12-21,Technology,-0.06221151300581951,18.0,False,0.0,0.0037947814362329236,0.012987012987012988,2024-12-31,2025-03-31
ADP,119274889744.61621,shares_x_price,2024-12-31,Technology,0.049287908709719996,19.0,False,0.0,0.003790736708924462,0.012987012987012988,2024-12-31,2025-03-31
ADI,105443262252.39209,shares_x_price,2024-12-27,Technology,-0.0466564082265023,20.0,False,0.0,0.003351146630985954,0.012987012987012988,2024-12-31,2025-03-31
MU,93768549933.65234,shares_x_price,2024-12-31,Technology,0.03378231359747619,21.0,False,0.0,0.0029801065851931055,0.012987012987012988,2024-12-31,2025-03-31
LRCX,92937626486.37305,shares_x_price,2024-12-14,Technology,0.009544610150298505,22.0,False,0.0,0.0029536985791102505,0.012987012987012988,2024-12-31,2025-03-31
KLAC,84284852587.89062,shares_x_price,2024-12-31,Technology,0.08127902258648434,23.0,False,0.0,0.0026787003148382744,0.012987012987012988,2024-12-31,2025-03-31
CRWD,84277775399.29785,shares_x_price,2024-12-27,Technology,0.030453538691349147,24.0,False,0.0,0.00267847539106218,0.012987012987012988,2024-12-31,2025-03-31
APH,83729609709.57031,shares_x_price,2024-12-28,Technology,-0.05313290351981581,25.0,False,0.0,0.002661053854919307,0.012987012987012988,2024-12-31,2025-03-31
CDNS,82405061040.12402,shares_x_price,2024-12-14,Technology,-0.15353122191285273,26.0,False,0.0,0.0026189576913866657,0.012987012987012988,2024-12-31,2025-03-31
MSI,77248337968.20605,shares_x_price,2024-12-31,Technology,-0.05033130337785163,27.0,False,0.0,0.002455069219233544,0.012987012987012988,2024-12-31,2025-03-31
SNPS,75025975815.67383,shares_x_price,2024-12-31,Technology,-0.11642900311840665,28.0,False,0.0,0.0023844391829353252,0.012987012987012988,2024-12-31,2025-03-31
FTNT,72414481257.0918,shares_x_price,2024-12-28,Technology,0.018839952540774973,29.0,False,0.0,0.002301441929200113,0.012987012987012988,2024-12-31,2025-03-31
WDAY,67074898182.67822,shares_x_price,2024-12-21,Technology,-0.09495020003839094,30.0,False,0.0,0.0021317418891173266,0.012987012987012988,2024-12-31,2025-03-31
ADSK,63697994343.875,shares_x_price,2024-12-28,Technology,-0.11425387791193153,31.0,False,0.0,0.002024418768788581,0.012987012987012988,2024-12-31,2025-03-31
MCHP,30797521762.98779,shares_x_price,2024-12-31,Technology,-0.14954876433129005,32.0,False,0.0,0.0009787919028122801,0.012987012987012988,2024-12-31,2025-03-31
GOOGL,1894587396728.2969,shares_x_price,2025-03-29,Communication Services,0.14099418506377792,1.0,True,0.07142857142857142,0.06705930251504891,0.012987012987012988,2025-03-31,2025-06-30
META,1460300185155.2812,shares_x_price,2025-03-28,Communication Services,0.2815912946108152,2.0,True,0.07142857142857142,0.05168761918727871,0.012987012987012988,2025-03-31,2025-06-30
NFLX,398896220700.542,shares_x_price,2025-03-27,Communication Services,0.4360181093503752,3.0,False,0.0,0.014119012077384542,0.012987012987012988,2025-03-31,2025-06-30
TMUS,304513474178.6406,shares_x_price,2025-03-29,Communication Services,-0.10337287283081731,4.0,False,0.0,0.010778315753666178,0.012987012987012988,2025-03-31,2025-06-30
DIS,178428862745.46292,shares_x_price,2025-03-29,Communication Services,0.2617916376299485,5.0,False,0.0,0.006315525536022599,0.012987012987012988,2025-03-31,2025-06-30
CMCSA,139171298989.93512,shares_x_price,2025-03-27,Communication Services,-0.02402039584462301,6.0,False,0.0,0.004925996159636012,0.012987012987012988,2025-03-31,2025-06-30
TTWO,36578796000.0,shares_x_price,2025-03-28,Communication Services,0.1717732501979039,7.0,False,0.0,0.0012947138521221984,0.012987012987012988,2025-03-31,2025-06-30
AMZN,2016318264636.9377,shares_x_price,2025-03-29,Consumer Cyclical,0.15310630570719286,1.0,True,0.07142857142857142,0.07136799110371035,0.012987012987012988,2025-03-31,2025-06-30
TSLA,833593318393.0078,shares_x_price,2025-03-29,Consumer Cyclical,0.22572927602004444,2.0,True,0.07142857142857142,0.029505203406911956,0.012987012987012988,2025-03-31,2025-06-30
HD,364302777972.65625,shares_x_price,2025-03-29,Consumer Cyclical,0.006626476584340901,3.0,False,0.0,0.012894570204218744,0.012987012987012988,2025-03-31,2025-06-30
MCD,223176176582.46094,shares_x_price,2025-03-28,Consumer Cyclical,-0.059362038890713786,4.0,False,0.0,0.007899365722288453,0.012987012987012988,2025-03-31,2025-06-30
BKNG,151176671149.29193,shares_x_price,2025-03-29,Consumer Cyclical,0.25881198668995253,5.0,False,0.0,0.00535092872533887,0.012987012987012988,2025-03-31,2025-06-30
LOW,130540463084.51366,shares_x_price,2025-03-28,Consumer Cyclical,-0.043687199444150226,6.0,False,0.0,0.00462050598434039,0.012987012987012988,2025-03-31,2025-06-30
SBUX,111423367970.66016,shares_x_price,2025-03-28,Consumer Cyclical,-0.05928170186837012,7.0,False,0.0,0.003943852552219668,0.012987012987012988,2025-03-31,2025-06-30
NKE,93895170707.22803,shares_x_price,2025-03-28,Consumer Cyclical,0.12652962571926274,8.0,False,0.0,0.003323438479550464,0.012987012987012988,2025-03-31,2025-06-30
ORLY,82047294459.91516,shares_x_price,2025-03-25,Consumer Cyclical,-0.05628309464514325,9.0,False,0.0,0.002904080513377233,0.012987012987012988,2025-03-31,2025-06-30
ABNB,74225279653.86621,shares_x_price,2025-03-28,Consumer Cyclical,0.10781849449295788,10.0,False,0.0,0.002627218723806671,0.012987012987012988,2025-03-31,2025-06-30
CMG,68175133543.45703,shares_x_price,2025-03-26,Consumer Cyclical,0.11830317764819842,11.0,False,0.0,0.0024130725836081254,0.012987012987012988,2025-03-31,2025-06-30
ROST,42161626189.73901,shares_x_price,2025-03-28,Consumer Cyclical,0.0012090901496741857,12.0,False,0.0,0.0014923192511818368,0.012987012987012988,2025-03-31,2025-06-30
WMT,703799261816.4453,shares_x_price,2025-03-28,Consumer Defensive,0.11648719829457344,1.0,True,0.07142857142857142,0.024911116631261717,0.012987012987012988,2025-03-31,2025-06-30
COST,419626528304.7656,shares_x_price,2025-03-28,Consumer Defensive,0.04805530848435646,2.0,True,0.07142857142857142,0.014852765490535222,0.012987012987012988,2025-03-31,2025-06-30
PG,399609319072.85156,shares_x_price,2025-03-29,Consumer Defensive,-0.05930592617583341,3.0,False,0.0,0.014144252337904735,0.012987012987012988,2025-03-31,2025-06-30
MNST,56949263720.99683,shares_x_price,2025-03-28,Consumer Defensive,0.07040326212673786,4.0,False,0.0,0.002015730660127107,0.012987012987012988,2025-03-31,2025-06-30
V,665064415577.0273,shares_x_price,2025-03-28,Financial Services,0.014779602869183783,1.0,True,0.07142857142857142,0.023540088946643615,0.012987012987012988,2025-03-31,2025-06-30
MA,499725402048.1406,shares_x_price,2025-03-28,Financial Services,0.026839469665546734,2.0,True,0.07142857142857142,0.017687881260199555,0.012987012987012988,2025-03-31,2025-06-30
AXP,191393551716.3086,shares_x_price,2025-03-28,Financial Services,0.18951487223092633,3.0,False,0.0,0.0067744133134937275,0.012987012987012988,2025-03-31,2025-06-30
SPGI,155825639331.67358,shares_x_price,2025-03-27,Financial Services,0.03969984208000055,4.0,False,0.0,0.005515479890549581,0.012987012987012988,2025-03-31,2025-06-30
BLK,146943848835.875,shares_x_price,2025-03-28,Financial Services,0.11445232770148617,5.0,False,0.0,0.0052011071269802795,0.012987012987012988,2025-03-31,2025-06-30
PYPL,65588648544.0,shares_x_price,2025-03-28,Financial Services,0.1390037554426964,6.0,False,0.0,0.0023215234260824565,0.012987012987012988,2025-03-31,2025-06-30
LLY,741658064266.8047,shares_x_price,2025-03-28,Healthcare,-0.05422142401365082,1.0,True,0.07142857142857142,0.026251136569513323,0.012987012987012988,2025-03-31,2025-06-30
UNH,479080410000.0,shares_x_price,2025-03-29,Healthcare,-0.4001248605200809,2.0,True,0.07142857142857142,0.016957147608340696,0.012987012987012988,2025-03-31,2025-06-30
ISRG,177442859276.0332,shares_x_price,2025-03-28,Healthcare,0.0971994774541658,3.0,False,0.0,0.006280625744621286,0.012987012987012988,2025-03-31,2025-06-30
AMGN,167366208699.92188,shares_x_price,2025-03-29,Healthcare,-0.09588362690997676,4.0,False,0.0,0.005923960667840561,0.012987012987012988,2025-03-31,2025-06-30
BSX,149208572695.37302,shares_x_price,2025-03-28,Healthcare,0.06473043801029821,5.0,False,0.0,0.0052812674841479605,0.012987012987012988,2025-03-31,2025-06-30
DHR,146667246720.0,shares_x_price,2025-03-29,Healthcare,-0.034857255838056656,6.0,False,0.0,0.0051913167393756775,0.012987012987012988,2025-03-31,2025-06-30
SYK,142172698000.0,shares_x_price,2025-03-28,Healthcare,0.06508058352496104,7.0,False,0.0,0.005032231282139138,0.012987012987012988,2025-03-31,2025-06-30
GILD,139684897097.21286,shares_x_price,2025-03-29,Healthcare,-0.0035052887824889023,8.0,False,0.0,0.004944175068092054,0.012987012987012988,2025-03-31,2025-06-30
VRTX,124496929680.78615,shares_x_price,2025-03-28,Healthcare,-0.08172103980579337,9.0,False,0.0,0.004406593902226774,0.012987012987012988,2025-03-31,2025-06-30
ELV,98889023977.29492,shares_x_price,2025-03-27,Healthcare,-0.10181470181704322,10.0,False,0.0,0.003500196921906559,0.012987012987012988,2025-03-31,2025-06-30
REGN,69807157030.27344,shares_x_price,2025-03-28,Healthcare,-0.17100172877290687,11.0,False,0.0,0.002470838383646212,0.012987012987012988,2025-03-31,2025-06-30
GE,213475974085.31253,shares_x_price,2025-03-28,Industrials,0.28598565194295444,1.0,True,0.07142857142857142,0.007556025101086804,0.012987012987012988,2025-03-31,2025-06-30
CAT,157621967765.86914,shares_x_price,2025-03-29,Industrials,0.1827752561263889,2.0,True,0.07142857142857142,0.0055790612972944605,0.012987012987012988,2025-03-31,2025-06-30
HON,137620345419.34708,shares_x_price,2025-03-29,Industrials,0.10540678030252959,3.0,False,0.0,0.004871099845611933,0.012987012987012988,2025-03-31,2025-06-30
CTAS,82940397827.39258,shares_x_price,2025-03-27,Industrials,0.08634529808600999,4.0,False,0.0,0.002935692086958003,0.012987012987012988,2025-03-31,2025-06-30
PH,78269802106.32324,shares_x_price,2025-03-28,Industrials,0.1523161263769479,5.0,False,0.0,0.0027703754106592226,0.012987012987012988,2025-03-31,2025-06-30
AAPL,3336859252972.5,shares_x_price,2025-03-27,Technology,-0.07514051195284654,1.0,True,0.07142857142857142,0.11810880536925346,0.012987012987012988,2025-03-31,2025-06-30
MSFT,2790641825058.75,shares_x_price,2025-03-28,Technology,0.3274811637223223,2.0,True,0.07142857142857142,0.0987753294891154,0.012987012987012988,2025-03-31,2025-06-30
NVDA,2644471822002.281,shares_x_price,2025-03-28,Technology,0.45784245533191315,3.0,False,0.0,0.09360161278936523,0.012987012987012988,2025-03-31,2025-06-30
AVGO,787247446025.25,shares_x_price,2025-03-29,Technology,0.6502350254854854,4.0,False,0.0,0.02786478191946815,0.012987012987012988,2025-03-31,2025-06-30
ORCL,392059373795.0156,shares_x_price,2025-03-28,Technology,0.5693826382015958,5.0,False,0.0,0.013877020504085525,0.012987012987012988,2025-03-31,2025-06-30
CRM,257893945922.85156,shares_x_price,2025-03-28,Technology,0.01934554541800204,6.0,False,0.0,0.009128208160945731,0.012987012987012988,2025-03-31,2025-06-30
CSCO,247099790497.23633,shares_x_price,2025-03-28,Technology,0.13179731377365989,7.0,False,0.0,0.008746146855496966,0.012987012987012988,2025-03-31,2025-06-30
PLTR,197948376775.53516,shares_x_price,2025-03-28,Technology,0.615165934356293,8.0,False,0.0,0.0070064226667381135,0.012987012987012988,2025-03-31,2025-06-30
INTU,172725817170.84375,shares_x_price,2025-03-27,Technology,0.2850465353102971,9.0,False,0.0,0.0061136650892013415,0.012987012987012988,2025-03-31,2025-06-30
QCOM,169892660675.04883,shares_x_price,2025-03-28,Technology,0.04300909465466418,10.0,False,0.0,0.006013384944378213,0.012987012987012988,2025-03-31,2025-06-30
AMD,166488111738.28122,shares_x_price,2025-03-29,Technology,0.381156286226908,11.0,False,0.0,0.005892880249016973,0.012987012987012988,2025-03-31,2025-06-30
NOW,164392563272.34863,shares_x_price,2025-03-28,Technology,0.29133067935862256,12.0,False,0.0,0.005818707888979854,0.012987012987012988,2025-03-31,2025-06-30
TXN,163512264698.3506,shares_x_price,2025-03-28,Technology,0.16522690895395908,13.0,False,0.0,0.0057875495436434275,0.012987012987012988,2025-03-31,2025-06-30
ADBE,163460485479.73633,shares_x_price,2025-03-28,Technology,0.008734665121836738,14.0,False,0.0,0.005785716807771205,0.012987012987012988,2025-03-31,2025-06-30
UBER,152369207207.92383,shares_x_price,2025-03-29,Technology,0.2805380492750398,15.0,False,0.0,0.005393138779334796,0.012987012987012988,2025-03-31,2025-06-30
ADP,124311298577.57129,shares_x_price,2025-03-29,Technology,0.014436843288413437,16.0,False,0.0,0.004400023451938661,0.012987012987012988,2025-03-31,2025-06-30
AMAT,117901437435.88281,shares_x_price,2025-03-29,Technology,0.2650948514210967,17.0,False,0.0,0.004173145125754172,0.012987012987012988,2025-03-31,2025-06-30
PANW,112980738135.40625,shares_x_price,2025-03-28,Technology,0.199249883506871,18.0,False,0.0,0.003998975982886402,0.012987012987012988,2025-03-31,2025-06-30
ADI,100023479011.84082,shares_x_price,2025-03-28,Technology,0.1856186887865705,19.0,False,0.0,0.0035403511863562782,0.012987012987012988,2025-03-31,2025-06-30
MU,98138775930.15234,shares_x_price,2025-03-28,Technology,0.41846021206873063,20.0,False,0.0,0.003473641741162963,0.012987012987012988,2025-03-31,2025-06-30
ANET,97711581833.4961,shares_x_price,2025-03-28,Technology,0.3204697099363014,21.0,False,0.0,0.003458521120066367,0.012987012987012988,2025-03-31,2025-06-30
LRCX,93322080408.98047,shares_x_price,2025-03-28,Technology,0.34225880878324566,22.0,False,0.0,0.003303153833012127,0.012987012987012988,2025-03-31,2025-06-30
KLAC,90336587060.92834,shares_x_price,2025-03-29,Technology,0.3208242773562675,23.0,False,0.0,0.003197481694619661,0.012987012987012988,2025-03-31,2025-06-30
CRWD,87395056190.9873,shares_x_price,2025-03-29,Technology,0.44452327685991433,24.0,False,0.0,0.0030933656169948613,0.012987012987012988,2025-03-31,2025-06-30
APH,81679875191.21875,shares_x_price,2025-03-27,Technology,0.5082299896798326,25.0,False,0.0,0.002891075634356123,0.012987012987012988,2025-03-31,2025-06-30
FTNT,74021440422.86574,shares_x_price,2025-03-28,Technology,0.09827549215181319,26.0,False,0.0,0.002620003793168105,0.012987012987012988,2025-03-31,2025-06-30
MSI,73098508432.37305,shares_x_price,2025-03-29,Technology,-0.03708820643291666,27.0,False,0.0,0.002587336429467627,0.012987012987012988,2025-03-31,2025-06-30
CDNS,69766276053.0039,shares_x_price,2025-03-28,Technology,0.21161479840345776,28.0,False,0.0,0.002469391393221509,0.012987012987012988,2025-03-31,2025-06-30
SNPS,66308787943.725586,shares_x_price,2025-03-28,Technology,0.19547623966229066,29.0,False,0.0,0.0023470129051862436,0.012987012987012988,2025-03-31,2025-06-30
WDAY,62118979675.29297,shares_x_price,2025-03-28,Technology,0.027705225258095156,30.0,False,0.0,0.0021987137976137625,0.012987012987012988,2025-03-31,2025-06-30
ADSK,55763397399.90234,shares_x_price,2025-03-28,Technology,0.18246761557921265,31.0,False,0.0,0.001973756682834737,0.012987012987012988,2025-03-31,2025-06-30
MCHP,26035818095.215332,shares_x_price,2025-03-29,Technology,0.46487463287866215,32.0,False,0.0,0.0009215430256154161,0.012987012987012988,2025-03-31,2025-06-30
GOOGL,2083531970930.1094,shares_x_price,2025-06-28,Communication Services,0.38068113937449977,1.0,True,0.07142857142857142,0.06322428362651211,0.012987012987012988,2025-06-30,2025-09-30
META,1855801979889.5938,shares_x_price,2025-06-28,Communication Services,-0.00435499986798249,2.0,True,0.07142857142857142,0.056313871046002884,0.012987012987012988,2025-06-30,2025-09-30
NFLX,569894880046.2305,shares_x_price,2025-06-18,Communication Services,-0.10470228194184172,3.0,False,0.0,0.017293325005833863,0.012987012987012988,2025-06-30,2025-09-30
TMUS,270532306950.62698,shares_x_price,2025-06-26,Communication Services,0.008241836488127596,4.0,False,0.0,0.008209238707839739,0.012987012987012988,2025-06-30,2025-09-30
DIS,222938983324.5684,shares_x_price,2025-06-28,Communication Services,-0.07668737081233479,5.0,False,0.0,0.0067650305873763715,0.012987012987012988,2025-06-30,2025-09-30
CMCSA,133255752409.73216,shares_x_price,2025-06-28,Communication Services,-0.11157128346422251,6.0,False,0.0,0.004043614210275918,0.012987012987012988,2025-06-30,2025-09-30
TTWO,44414111009.0537,shares_x_price,2025-06-28,Communication Services,0.0638664972544234,7.0,False,0.0,0.001347735667431234,0.012987012987012988,2025-06-30,2025-09-30
AMZN,2329131961438.3438,shares_x_price,2025-06-28,Consumer Cyclical,0.0008204928896990982,1.0,True,0.07142857142857142,0.07067695710366999,0.012987012987012988,2025-06-30,2025-09-30
TSLA,1023170165395.5078,shares_x_price,2025-06-28,Consumer Cyclical,0.39998739562361063,2.0,True,0.07142857142857142,0.03104785606254604,0.012987012987012988,2025-06-30,2025-09-30
HD,364780416494.1406,shares_x_price,2025-06-28,Consumer Cyclical,0.11141367713786132,3.0,False,0.0,0.011069175244537871,0.012987012987012988,2025-06-30,2025-09-30
MCD,208911208223.35352,shares_x_price,2025-06-28,Consumer Cyclical,0.046018641179649045,4.0,False,0.0,0.006339361078090073,0.012987012987012988,2025-06-30,2025-09-30
BKNG,188383602578.54465,shares_x_price,2025-06-28,Consumer Cyclical,-0.06575551367525478,5.0,False,0.0,0.005716455752149134,0.012987012987012988,2025-06-30,2025-09-30
LOW,124344379873.40625,shares_x_price,2025-06-28,Consumer Cyclical,0.1387145123520399,6.0,False,0.0,0.0037732007236584483,0.012987012987012988,2025-06-30,2025-09-30
SBUX,104673522964.20213,shares_x_price,2025-06-30,Consumer Cyclical,-0.07062967290131306,7.0,False,0.0,0.003176293234953647,0.012987012987012988,2025-06-30,2025-09-30
NKE,91027106309.75098,shares_x_price,2025-06-28,Consumer Cyclical,-0.013339224210703104,8.0,False,0.0,0.002762195957309559,0.012987012987012988,2025-06-30,2025-09-30
ABNB,81681965100.97852,shares_x_price,2025-06-28,Consumer Cyclical,-0.08251472322142395,9.0,False,0.0,0.0024786198631786497,0.012987012987012988,2025-06-30,2025-09-30
ORLY,77046905670.02635,shares_x_price,2025-06-28,Consumer Cyclical,0.19616110999609893,10.0,False,0.0,0.0023379700837766857,0.012987012987012988,2025-06-30,2025-09-30
CMG,76867106088.86719,shares_x_price,2025-06-27,Consumer Cyclical,-0.302048128909725,11.0,False,0.0,0.002332514108119129,0.012987012987012988,2025-06-30,2025-09-30
ROST,41727719799.524895,shares_x_price,2025-06-28,Consumer Cyclical,0.1976664336534455,12.0,False,0.0,0.001266217763154873,0.012987012987012988,2025-06-30,2025-09-30
WMT,790402670790.3906,shares_x_price,2025-06-27,Consumer Defensive,0.056460539485515326,1.0,True,0.07142857142857142,0.023984581630823766,0.012987012987012988,2025-06-30,2025-09-30
COST,439015614543.1875,shares_x_price,2025-06-27,Consumer Defensive,-0.06366811703689768,2.0,True,0.07142857142857142,0.013321824727246806,0.012987012987012988,2025-06-30,2025-09-30
PG,374333517256.125,shares_x_price,2025-06-27,Consumer Defensive,-0.028993552036210346,3.0,False,0.0,0.011359061822001198,0.012987012987012988,2025-06-30,2025-09-30
MNST,61089409846.99707,shares_x_price,2025-06-28,Consumer Defensive,0.07455297277217166,4.0,False,0.0,0.0018537436567477295,0.012987012987012988,2025-06-30,2025-09-30
V,688456128330.0781,shares_x_price,2025-06-28,Financial Services,-0.03680968176823263,1.0,True,0.07142857142857142,0.020891037972659635,0.012987012987012988,2025-06-30,2025-09-30
MA,510287592305.95703,shares_x_price,2025-06-28,Financial Services,0.013594938191146433,2.0,True,0.07142857142857142,0.015484555992985065,0.012987012987012988,2025-06-30,2025-09-30
AXP,223473884365.06055,shares_x_price,2025-06-26,Financial Services,0.04394817052186806,3.0,False,0.0,0.006781262032618412,0.012987012987012988,2025-06-30,2025-09-30
BLK,162556105500.0,shares_x_price,2025-06-28,Financial Services,0.11639175240500732,4.0,False,0.0,0.004932726477321704,0.012987012987012988,2025-06-30,2025-09-30
SPGI,161710884720.28107,shares_x_price,2025-06-27,Financial Services,-0.07535059217126328,5.0,False,0.0,0.0049070784531735,0.012987012987012988,2025-06-30,2025-09-30
PYPL,72278651668.64648,shares_x_price,2025-06-28,Financial Services,-0.09768560495379042,6.0,False,0.0,0.002193278546717183,0.012987012987012988,2025-06-30,2025-09-30
LLY,699812170380.8594,shares_x_price,2025-06-30,Healthcare,-0.01905525601786484,1.0,True,0.07142857142857142,0.02123563437603168,0.012987012987012988,2025-06-30,2025-09-30
UNH,283000456924.3086,shares_x_price,2025-06-28,Healthcare,0.11381988029587276,2.0,True,0.07142857142857142,0.00858758176243757,0.012987012987012988,2025-06-30,2025-09-30
ISRG,194767907059.95703,shares_x_price,2025-06-28,Healthcare,-0.17699336948426236,3.0,False,0.0,0.005910185957839541,0.012987012987012988,2025-06-30,2025-09-30
BSX,158907728199.34766,shares_x_price,2025-06-28,Healthcare,-0.09105303114463514,4.0,False,0.0,0.0048220173332090745,0.012987012987012988,2025-06-30,2025-09-30
SYK,151195937651.0,shares_x_price,2025-06-28,Healthcare,-0.06349008569799075,5.0,False,0.0,0.004588004877580986,0.012987012987012988,2025-06-30,2025-09-30
AMGN,150132883197.98438,shares_x_price,2025-06-28,Healthcare,0.018908072380856122,6.0,False,0.0,0.004555746742267668,0.012987012987012988,2025-06-30,2025-09-30
DHR,143264890850.48145,shares_x_price,2025-06-28,Healthcare,0.005417884858624378,7.0,False,0.0,0.004347339142969157,0.012987012987012988,2025-06-30,2025-09-30
GILD,137914520742.63577,shares_x_price,2025-06-27,Healthcare,0.008125223574473761,8.0,False,0.0,0.004184983430685923,0.012987012987012988,2025-06-30,2025-09-30
VRTX,114326023973.12892,shares_x_price,2025-06-28,Healthcare,-0.12030547190031704,9.0,False,0.0,0.0034691960893414057,0.012987012987012988,2025-06-30,2025-09-30
ELV,87879678781.08301,shares_x_price,2025-06-27,Healthcare,-0.16473890822163062,10.0,False,0.0,0.00266668801524637,0.012987012987012988,2025-06-30,2025-09-30
REGN,56681625000.0,shares_x_price,2025-06-27,Healthcare,0.07261669543484217,11.0,False,0.0,0.00171999047070625,0.012987012987012988,2025-06-30,2025-09-30
GE,274478141839.1875,shares_x_price,2025-06-30,Industrials,0.17186917978388183,1.0,True,0.07142857142857142,0.008328974131926545,0.012987012987012988,2025-06-30,2025-09-30
CAT,185010794679.07227,shares_x_price,2025-06-18,Industrials,0.23360538183635016,2.0,True,0.07142857142857142,0.0056141086961743756,0.012987012987012988,2025-06-30,2025-09-30
HON,149801692436.0018,shares_x_price,2025-06-30,Industrials,-0.09139561668170015,3.0,False,0.0,0.0045456968371247585,0.012987012987012988,2025-06-30,2025-09-30
CTAS,89992008501.34375,shares_x_price,2025-06-28,Industrials,-0.07713856070172354,4.0,False,0.0,0.0027307861597480154,0.012987012987012988,2025-06-30,2025-09-30
PH,89249095916.5039,shares_x_price,2025-06-28,Industrials,0.08802304048521448,5.0,False,0.0,0.0027082426535148703,0.012987012987012988,2025-06-30,2025-09-30
NVDA,3868227254049.1875,shares_x_price,2025-06-18,Technology,0.18102747266525143,1.0,True,0.07142857142857142,0.11738043881929651,0.012987012987012988,2025-06-30,2025-09-30
MSFT,3697019828204.375,shares_x_price,2025-06-27,Technology,0.04300574196777873,2.0,True,0.07142857142857142,0.11218519007744719,0.012987012987012988,2025-06-30,2025-09-30
AAPL,3072913091182.922,shares_x_price,2025-06-27,Technology,0.24247684164555006,3.0,False,0.0,0.09324681912600621,0.012987012987012988,2025-06-30,2025-09-30
AVGO,1300458842040.0938,shares_x_price,2025-06-28,Technology,0.1988944529473824,4.0,False,0.0,0.03946211520672962,0.012987012987012988,2025-06-30,2025-09-30
ORCL,614094506120.75,shares_x_price,2025-06-20,Technology,0.2891076586145356,5.0,False,0.0,0.018634552178783705,0.012987012987012988,2025-06-30,2025-09-30
PLTR,354945960738.4219,shares_x_price,2025-06-28,Technology,0.3381747972994451,6.0,False,0.0,0.010770751016502446,0.012987012987012988,2025-06-30,2025-09-30
CSCO,274744789123.53516,shares_x_price,2025-06-28,Technology,-0.007906627188885795,7.0,False,0.0,0.008337065480544685,0.012987012987012988,2025-06-30,2025-09-30
CRM,263966644900.26562,shares_x_price,2025-06-19,Technology,-0.12936770367636863,8.0,False,0.0,0.008010005249721713,0.012987012987012988,2025-06-30,2025-09-30
AMD,233174320159.3203,shares_x_price,2025-06-30,Technology,0.1401691349201757,9.0,False,0.0,0.007075619456701166,0.012987012987012988,2025-06-30,2025-09-30
INTU,219707033273.08594,shares_x_price,2025-06-19,Technology,-0.13178262334542745,10.0,False,0.0,0.0066669578293997184,0.012987012987012988,2025-06-30,2025-09-30
NOW,212968825378.41797,shares_x_price,2025-06-28,Technology,-0.10485564275245374,11.0,False,0.0,0.006462488508548975,0.012987012987012988,2025-06-30,2025-09-30
UBER,195106171860.1445,shares_x_price,2025-06-28,Technology,0.05005356930540139,12.0,False,0.0,0.005920450522994436,0.012987012987012988,2025-06-30,2025-09-30
TXN,188616952204.10156,shares_x_price,2025-06-26,Technology,-0.10866976748283386,13.0,False,0.0,0.0057235366912065586,0.012987012987012988,2025-06-30,2025-09-30
QCOM,174867473968.50586,shares_x_price,2025-06-19,Technology,0.050525919233638694,14.0,False,0.0,0.005306312034319823,0.012987012987012988,2025-06-30,2025-09-30
ADBE,166002088710.15234,shares_x_price,2025-06-27,Technology,-0.08821858057293663,15.0,False,0.0,0.005037294020748269,0.012987012987012988,2025-06-30,2025-09-30
AMAT,147025719722.16797,shares_x_price,2025-06-30,Technology,0.12157529151721724,16.0,False,0.0,0.004461460603341151,0.012987012987012988,2025-06-30,2025-09-30
MU,139622522112.0,shares_x_price,2025-06-30,Technology,0.3588438414853967,17.0,False,0.0,0.004236812327250899,0.012987012987012988,2025-06-30,2025-09-30
PANW,137658059897.90625,shares_x_price,2025-06-28,Technology,-0.004984383676227333,18.0,False,0.0,0.004177201187162664,0.012987012987012988,2025-06-30,2025-09-30
ADP,130732296945.48926,shares_x_price,2025-06-26,Technology,-0.04337072988788815,19.0,False,0.0,0.003967040552556165,0.012987012987012988,2025-06-30,2025-09-30
ANET,128493172133.78908,shares_x_price,2025-06-28,Technology,0.42420105748138526,20.0,False,0.0,0.003899094841069484,0.012987012987012988,2025-06-30,2025-09-30
CRWD,128441869664.30664,shares_x_price,2025-06-28,Technology,-0.037167918883436846,21.0,False,0.0,0.0038975380797974936,0.012987012987012988,2025-06-30,2025-09-30
LRCX,124509536115.72266,shares_x_price,2025-06-19,Technology,0.3783069793275824,22.0,False,0.0,0.003778212350670939,0.012987012987012988,2025-06-30,2025-09-30
APH,119497371840.0,shares_x_price,2025-06-27,Technology,0.2549010686731972,23.0,False,0.0,0.003626119414170666,0.012987012987012988,2025-06-30,2025-09-30
KLAC,118453550030.74646,shares_x_price,2025-06-28,Technology,0.20676471436339372,24.0,False,0.0,0.0035944448888720103,0.012987012987012988,2025-06-30,2025-09-30
ADI,118116951080.20018,shares_x_price,2025-06-28,Technology,0.03634875963335982,25.0,False,0.0,0.003584230873529484,0.012987012987012988,2025-06-30,2025-09-30
CDNS,84137885703.08398,shares_x_price,2025-06-19,Technology,0.1398994539121179,26.0,False,0.0,0.002553144191520199,0.012987012987012988,2025-06-30,2025-09-30
FTNT,80919780454.3457,shares_x_price,2025-06-28,Technology,-0.20469163015305258,27.0,False,0.0,0.002455491550800043,0.012987012987012988,2025-06-30,2025-09-30
SNPS,79547936242.12695,shares_x_price,2025-06-28,Technology,-0.03762576715089938,28.0,False,0.0,0.0024138632634616015,0.012987012987012988,2025-06-30,2025-09-30
MSI,70181499933.71582,shares_x_price,2025-06-27,Technology,0.0900611850679971,29.0,False,0.0,0.0021296409745814896,0.012987012987012988,2025-06-30,2025-09-30
ADSK,66230952740.41992,shares_x_price,2025-06-26,Technology,0.026165345194543832,30.0,False,0.0,0.0020097625567248338,0.012987012987012988,2025-06-30,2025-09-30
WDAY,63983040000.0,shares_x_price,2025-06-28,Technology,0.003041648864746005,31.0,False,0.0,0.0019415501776248799,0.012987012987012988,2025-06-30,2025-09-30
MCHP,38113731080.561035,shares_x_price,2025-06-28,Technology,-0.0810697282889743,32.0,False,0.0,0.00115655213239962,0.012987012987012988,2025-06-30,2025-09-30
GOOGL,2973509983539.7607,shares_x_price,2025-09-30,Communication Services,0.28837814550048724,1.0,True,0.07142857142857142,0.08150988356769649,0.012987012987012988,2025-09-30,2025-12-31
META,1845735050018.171,shares_x_price,2025-09-30,Communication Services,-0.10042716421851083,2.0,True,0.07142857142857142,0.0505953065086744,0.012987012987012988,2025-09-30,2025-12-31
NFLX,511226297771.91345,shares_x_price,2025-09-30,Communication Services,-0.21796280425116077,3.0,False,0.0,0.014013740071095343,0.012987012987012988,2025-09-30,2025-12-31
TMUS,269402814811.65015,shares_x_price,2025-09-30,Communication Services,-0.14760665147303476,4.0,False,0.0,0.007384872487284076,0.012987012987012988,2025-09-30,2025-12-31
DIS,205863423878.5,shares_x_price,2025-09-30,Communication Services,0.00034717877699375066,5.0,False,0.0,0.0056431301068673575,0.012987012987012988,2025-09-30,2025-12-31
CMCSA,116856449600.45999,shares_x_price,2025-09-30,Communication Services,-0.03859768179150458,6.0,False,0.0,0.0032032700928513705,0.012987012987012988,2025-09-30,2025-12-31
TTWO,47659721270.11963,shares_x_price,2025-09-24,Communication Services,-0.009018372442989198,7.0,False,0.0,0.001306448726623007,0.012987012987012988,2025-09-30,2025-12-31
AMZN,2341694827250.439,shares_x_price,2025-09-30,Consumer Cyclical,0.05123650601053242,1.0,True,0.07142857142857142,0.06419056057549913,0.012987012987012988,2025-09-30,2025-12-31
TSLA,1478761106080.9421,shares_x_price,2025-09-27,Consumer Cyclical,0.011243029290959772,2.0,True,0.07142857142857142,0.04053581331434058,0.012987012987012988,2025-09-30,2025-12-31
HD,406582579296.10706,shares_x_price,2025-09-30,Consumer Cyclical,-0.1452762142642774,3.0,False,0.0,0.01114524547841871,0.012987012987012988,2025-09-30,2025-12-31
MCD,218467641337.0952,shares_x_price,2025-09-30,Consumer Cyclical,0.011760819524427202,4.0,False,0.0,0.0059886370341012156,0.012987012987012988,2025-09-30,2025-12-31
BKNG,177979242603.49734,shares_x_price,2025-09-30,Consumer Cyclical,-0.006240435254049381,5.0,False,0.0,0.00487876866813415,0.012987012987012988,2025-09-30,2025-12-31
LOW,143055130274.76944,shares_x_price,2025-09-30,Consumer Cyclical,-0.035670271111980734,6.0,False,0.0,0.003921428573304197,0.012987012987012988,2025-09-30,2025-12-31
NKE,102629111234.55856,shares_x_price,2025-09-30,Consumer Cyclical,-0.08049989839417593,7.0,False,0.0,0.0028132701600775316,0.012987012987012988,2025-09-30,2025-12-31
SBUX,96164818265.53345,shares_x_price,2025-09-17,Consumer Cyclical,0.002581209607907642,8.0,False,0.0,0.002636070900559501,0.012987012987012988,2025-09-30,2025-12-31
ORLY,91476424999.27492,shares_x_price,2025-09-26,Consumer Cyclical,-0.15397457425132732,9.0,False,0.0,0.0025075526203560557,0.012987012987012988,2025-09-30,2025-12-31
ABNB,74809370258.98938,shares_x_price,2025-09-30,Consumer Cyclical,0.1177730461819031,10.0,False,0.0,0.0020506751594370036,0.012987012987012988,2025-09-30,2025-12-31
CMG,52786345725.21748,shares_x_price,2025-09-30,Consumer Cyclical,-0.05588156936592592,11.0,False,0.0,0.0014469798042866123,0.012987012987012988,2025-09-30,2025-12-31
ROST,49561230477.23764,shares_x_price,2025-09-25,Consumer Cyclical,0.18479137273764246,12.0,False,0.0,0.0013585729148494023,0.012987012987012988,2025-09-30,2025-12-31
WMT,822319721515.2449,shares_x_price,2025-09-30,Consumer Defensive,0.08322446589510402,1.0,True,0.07142857142857142,0.022541435921576064,0.012987012987012988,2025-09-30,2025-12-31
COST,410273466474.2431,shares_x_price,2025-09-27,Consumer Defensive,-0.0670570439456647,2.0,True,0.07142857142857142,0.01124642011237546,0.012987012987012988,2025-09-30,2025-12-31
PG,359615546221.11163,shares_x_price,2025-09-26,Consumer Defensive,-0.06077356142961665,3.0,False,0.0,0.009857784727099583,0.012987012987012988,2025-09-30,2025-12-31
MNST,65723379017.73212,shares_x_price,2025-09-27,Consumer Defensive,0.13905810354849035,4.0,False,0.0,0.0018016098822825084,0.012987012987012988,2025-09-30,2025-12-31
V,657164104080.3827,shares_x_price,2025-09-30,Financial Services,0.02936503223628706,1.0,True,0.07142857142857142,0.018014188586881977,0.012987012987012988,2025-09-30,2025-12-31
MA,511486686029.34283,shares_x_price,2025-09-30,Financial Services,0.004964224586759158,2.0,True,0.07142857142857142,0.014020877836451087,0.012987012987012988,2025-09-30,2025-12-31
AXP,231144243068.71683,shares_x_price,2025-09-27,Financial Services,0.11659259158834123,3.0,False,0.0,0.006336128159706418,0.012987012987012988,2025-09-30,2025-12-31
BLK,180538859252.0702,shares_x_price,2025-09-30,Financial Services,-0.07747013652378987,4.0,False,0.0,0.004948932903720386,0.012987012987012988,2025-09-30,2025-12-31
SPGI,150369761450.07935,shares_x_price,2025-09-26,Financial Services,0.07583044865858435,5.0,False,0.0,0.004121937311711189,0.012987012987012988,2025-09-30,2025-12-31
PYPL,64067673506.83319,shares_x_price,2025-09-30,Financial Services,-0.12742385952060264,6.0,False,0.0,0.0017562236672831195,0.012987012987012988,2025-09-30,2025-12-31
LLY,683996507117.0,shares_x_price,2025-09-24,Healthcare,0.4105612774091185,1.0,True,0.07142857142857142,0.018749718670676273,0.012987012987012988,2025-09-30,2025-12-31
UNH,312729091656.91376,shares_x_price,2025-09-26,Healthcare,-0.037562926905572946,2.0,True,0.07142857142857142,0.008572532794674464,0.012987012987012988,2025-09-30,2025-12-31
ISRG,161014978450.4372,shares_x_price,2025-09-30,Healthcare,0.26637294331501415,3.0,False,0.0,0.004413744100003558,0.012987012987012988,2025-09-30,2025-12-31
AMGN,151925720923.99994,shares_x_price,2025-09-30,Healthcare,0.16812369519832981,4.0,False,0.0,0.0041645892874090625,0.012987012987012988,2025-09-30,2025-12-31
BSX,146362874993.7172,shares_x_price,2025-09-30,Healthcare,-0.02335346556836082,5.0,False,0.0,0.004012100502574849,0.012987012987012988,2025-09-30,2025-12-31
DHR,141964384300.01117,shares_x_price,2025-09-30,Healthcare,0.1562439307173138,6.0,False,0.0,0.0038915290344102185,0.012987012987012988,2025-09-30,2025-12-31
SYK,141327543985.18085,shares_x_price,2025-09-30,Healthcare,-0.04686454300255416,7.0,False,0.0,0.003874071961724947,0.012987012987012988,2025-09-30,2025-12-31
GILD,137729567676.0,shares_x_price,2025-09-30,Healthcare,0.11306894644476206,8.0,False,0.0,0.003775444201379733,0.012987012987012988,2025-09-30,2025-12-31
VRTX,100412838313.36243,shares_x_price,2025-09-26,Healthcare,0.15759362780774322,9.0,False,0.0,0.002752517665967562,0.012987012987012988,2025-09-30,2025-12-31
ELV,72759612488.97656,shares_x_price,2025-09-27,Healthcare,0.09048257404934534,10.0,False,0.0,0.0019944871802135963,0.012987012987012988,2025-09-30,2025-12-31
REGN,59928326532.17578,shares_x_price,2025-09-30,Healthcare,0.3744959484940591,11.0,False,0.0,0.001642755849176461,0.012987012987012988,2025-09-30,2025-12-31
GE,320468032109.9393,shares_x_price,2025-09-30,Industrials,0.025138866804446325,1.0,True,0.07142857142857142,0.00878467270298327,0.012987012987012988,2025-09-30,2025-12-31
CAT,223534715250.08157,shares_x_price,2025-09-27,Industrials,0.2040572375742662,2.0,True,0.07142857142857142,0.006127535711745729,0.012987012987012988,2025-09-30,2025-12-31
HON,133645724009.29913,shares_x_price,2025-09-30,Industrials,-0.010782566590156195,3.0,False,0.0,0.0036634978404715382,0.012987012987012988,2025-09-30,2025-12-31
PH,95939391276.25488,shares_x_price,2025-09-26,Industrials,0.1618555856636239,4.0,False,0.0,0.0026298914938143324,0.012987012987012988,2025-09-30,2025-12-31
CTAS,82843476285.12448,shares_x_price,2025-09-30,Industrials,-0.08154799403214119,5.0,False,0.0,0.0022709061492052762,0.012987012987012988,2025-09-30,2025-12-31
NVDA,4542663304580.688,shares_x_price,2025-09-24,Technology,-0.00037316118513752716,1.0,True,0.07142857142857142,0.12452352912662355,0.012987012987012988,2025-09-30,2025-12-31
MSFT,3850008616739.9443,shares_x_price,2025-09-26,Technology,-0.06453299230281384,2.0,True,0.07142857142857142,0.10553647232471278,0.012987012987012988,2025-09-30,2025-12-31
AAPL,3794106195799.8306,shares_x_price,2025-09-30,Technology,0.06870179053729952,3.0,False,0.0,0.1040040746373989,0.012987012987012988,2025-09-30,2025-12-31
AVGO,1589456665360.541,shares_x_price,2025-09-30,Technology,0.05108116837792398,4.0,False,0.0,0.04357020102391206,0.012987012987012988,2025-09-30,2025-12-31
ORCL,801756884390.4285,shares_x_price,2025-09-30,Technology,-0.305759365939995,5.0,False,0.0,0.021977767237380142,0.012987012987012988,2025-09-30,2025-12-31
PLTR,429641466198.4209,shares_x_price,2025-09-30,Technology,-0.025600253348430968,6.0,False,0.0,0.011777335902534535,0.012987012987012988,2025-09-30,2025-12-31
CSCO,270477728285.74017,shares_x_price,2025-09-27,Technology,0.13263873344980848,7.0,False,0.0,0.007414338025521188,0.012987012987012988,2025-09-30,2025-12-31
AMD,262559869547.753,shares_x_price,2025-09-30,Technology,0.32369128221272514,8.0,False,0.0,0.007197293607506315,0.012987012987012988,2025-09-30,2025-12-31
CRM,230249783538.0,shares_x_price,2025-09-26,Technology,0.11956783149583794,9.0,False,0.0,0.006311609226658158,0.012987012987012988,2025-09-30,2025-12-31
UBER,204308470233.3971,shares_x_price,2025-09-27,Technology,-0.16596919397398546,10.0,False,0.0,0.005600505702958472,0.012987012987012988,2025-09-30,2025-12-31
NOW,194044133564.5306,shares_x_price,2025-09-26,Technology,-0.16769894681724706,11.0,False,0.0,0.005319139609886547,0.012987012987012988,2025-09-30,2025-12-31
INTU,191377170716.42322,shares_x_price,2025-09-30,Technology,-0.02823128532356367,12.0,False,0.0,0.005246032799271496,0.012987012987012988,2025-09-30,2025-12-31
MU,187252020096.03705,shares_x_price,2025-09-23,Technology,0.7075310798990713,13.0,False,0.0,0.005132954131761318,0.012987012987012988,2025-09-30,2025-12-31
QCOM,183737525420.10727,shares_x_price,2025-09-30,Technology,0.03344557888480271,14.0,False,0.0,0.005036614770730047,0.012987012987012988,2025-09-30,2025-12-31
ANET,183137863103.93726,shares_x_price,2025-09-30,Technology,-0.10074811102985981,15.0,False,0.0,0.005020176821692874,0.012987012987012988,2025-09-30,2025-12-31
LRCX,168852217273.26965,shares_x_price,2025-09-26,Technology,0.2805213874785859,16.0,False,0.0,0.004628578564147795,0.012987012987012988,2025-09-30,2025-12-31
TXN,168239103924.80453,shares_x_price,2025-09-30,Technology,-0.047305545082953704,17.0,False,0.0,0.0046117718952871445,0.012987012987012988,2025-09-30,2025-12-31
AMAT,163104574880.06757,shares_x_price,2025-09-30,Technology,0.25766211327099464,18.0,False,0.0,0.004471024136938187,0.012987012987012988,2025-09-30,2025-12-31
APH,153074207632.5,shares_x_price,2025-09-30,Technology,0.0941462238404418,19.0,False,0.0,0.004196071615838123,0.012987012987012988,2025-09-30,2025-12-31
ADBE,148051440007.75,shares_x_price,2025-09-30,Technology,-0.007824265813253017,20.0,False,0.0,0.004058387462582447,0.012987012987012988,2025-09-30,2025-12-31
KLAC,142056291141.85944,shares_x_price,2025-09-30,Technology,0.1284245642556272,21.0,False,0.0,0.0038940483856212777,0.012987012987012988,2025-09-30,2025-12-31
PANW,137824456072.42615,shares_x_price,2025-09-30,Technology,-0.09537372868400618,22.0,False,0.0,0.003778045282992855,0.012987012987012988,2025-09-30,2025-12-31
CRWD,123063382778.5669,shares_x_price,2025-09-30,Technology,-0.04408824768936925,23.0,False,0.0,0.0033734146033660775,0.012987012987012988,2025-09-30,2025-12-31
ADI,122241231522.88239,shares_x_price,2025-09-30,Technology,0.10768354704902938,24.0,False,0.0,0.0033508777854314342,0.012987012987012988,2025-09-30,2025-12-31
ADP,118893772946.0,shares_x_price,2025-09-30,Technology,-0.11791215362635143,25.0,False,0.0,0.0032591172195144636,0.012987012987012988,2025-09-30,2025-12-31
CDNS,96151505429.5752,shares_x_price,2025-09-30,Technology,-0.11011792438076928,26.0,False,0.0,0.002635705968975306,0.012987012987012988,2025-09-30,2025-12-31
SNPS,92816836444.25317,shares_x_price,2025-09-30,Technology,-0.04797424496845626,27.0,False,0.0,0.0025442959914621865,0.012987012987012988,2025-09-30,2025-12-31
MSI,76578818763.64194,shares_x_price,2025-09-30,Technology,-0.15896702495187554,28.0,False,0.0,0.002099179298448359,0.012987012987012988,2025-09-30,2025-12-31
ADSK,67842311706.706696,shares_x_price,2025-09-30,Technology,-0.068183973137385,29.0,False,0.0,0.0018596940850335278,0.012987012987012988,2025-09-30,2025-12-31
FTNT,64427649457.71501,shares_x_price,2025-09-30,Technology,-0.055542317640869254,30.0,False,0.0,0.0017660913314261598,0.012987012987012988,2025-09-30,2025-12-31
WDAY,64010221414.35058,shares_x_price,2025-09-30,Technology,-0.10779710633822581,31.0,False,0.0,0.0017546487899849428,0.012987012987012988,2025-09-30,2025-12-31
MCHP,34847559005.90747,shares_x_price,2025-09-30,Technology,0.0011637774098320897,32.0,False,0.0,0.0009552416144265386,0.012987012987012988,2025-09-30,2025-12-31
GOOGL,3791094278022.0,shares_x_price,2025-11-17,Communication Services,-0.08063120581301897,1.0,True,0.07142857142857142,0.10097139310694922,0.012987012987012988,2025-12-31,2026-03-31
META,1663775129193.6802,shares_x_price,2025-11-17,Communication Services,-0.13251246112965587,2.0,True,0.07142857142857142,0.04431271825269164,0.012987012987012988,2025-12-31,2026-03-31
NFLX,397291445504.05927,shares_x_price,2025-12-03,Communication Services,0.025490607243969787,3.0,False,0.0,0.010581396235534524,0.012987012987012988,2025-12-31,2026-03-31
TMUS,228505074122.64606,shares_x_price,2025-11-17,Communication Services,0.03940062490712615,4.0,False,0.0,0.006085967262784166,0.012987012987012988,2025-12-31,2026-03-31
DIS,204550926258.6355,shares_x_price,2025-11-17,Communication Services,-0.1528522129729657,5.0,False,0.0,0.005447976354844798,0.012987012987012988,2025-12-31,2026-03-31
CMCSA,110360051365.89684,shares_x_price,2025-11-17,Communication Services,0.03689146679804578,6.0,False,0.0,0.002939311795638867,0.012987012987012988,2025-12-31,2026-03-31
TTWO,47308924131.3999,shares_x_price,2025-11-17,Communication Services,-0.22860601905384903,7.0,False,0.0,0.0012600182495146842,0.012987012987012988,2025-12-31,2026-03-31
AMZN,2467515737956.5005,shares_x_price,2025-11-17,Consumer Cyclical,-0.09769518384982645,1.0,True,0.07142857142857142,0.06571941590035654,0.012987012987012988,2025-12-31,2026-03-31
TSLA,1495687399843.078,shares_x_price,2025-11-17,Consumer Cyclical,-0.1733745464045724,2.0,True,0.07142857142857142,0.039835896799027,0.012987012987012988,2025-12-31,2026-03-31
HD,342555508064.6199,shares_x_price,2025-11-26,Consumer Cyclical,-0.037812051660978674,3.0,False,0.0,0.009123568112315546,0.012987012987012988,2025-12-31,2026-03-31
MCD,218098926647.81665,shares_x_price,2025-11-17,Consumer Cyclical,0.02256365920025405,4.0,False,0.0,0.005808811610522703,0.012987012987012988,2025-12-31,2026-03-31
BKNG,173565631389.97498,shares_x_price,2025-11-17,Consumer Cyclical,-0.21201405745856683,5.0,False,0.0,0.004622719012431616,0.012987012987012988,2025-12-31,2026-03-31
LOW,135279055424.38557,shares_x_price,2025-11-28,Consumer Cyclical,-0.015835408546934993,6.0,False,0.0,0.0036030005277313077,0.012987012987012988,2025-12-31,2026-03-31
SBUX,95755189958.95386,shares_x_price,2025-11-18,Consumer Cyclical,0.07074876368342542,7.0,False,0.0,0.002550328274194404,0.012987012987012988,2025-12-31,2026-03-31
NKE,94176207483.39624,shares_x_price,2025-11-17,Consumer Cyclical,-0.16542785119562808,8.0,False,0.0,0.0025082739097928687,0.012987012987012988,2025-12-31,2026-03-31
ABNB,83092626015.478,shares_x_price,2025-11-17,Consumer Cyclical,-0.06955498346964528,9.0,False,0.0,0.0022130755898993387,0.012987012987012988,2025-12-31,2026-03-31
ORLY,77166609777.72424,shares_x_price,2025-11-17,Consumer Cyclical,0.012060064523214953,10.0,False,0.0,0.002055243029899646,0.012987012987012988,2025-12-31,2026-03-31
ROST,58586259358.73764,shares_x_price,2025-12-11,Consumer Cyclical,0.2051203390369245,11.0,False,0.0,0.0015603769757641603,0.012987012987012988,2025-12-31,2026-03-31
CMG,49612745000.0,shares_x_price,2025-11-17,Consumer Cyclical,-0.1348649102288324,12.0,False,0.0,0.0013213778426854408,0.012987012987012988,2025-12-31,2026-03-31
WMT,888255372699.4729,shares_x_price,2025-12-05,Consumer Defensive,0.11780856243852211,1.0,True,0.07142857142857142,0.023657650229419513,0.012987012987012988,2025-12-31,2026-03-31
COST,382842480280.9117,shares_x_price,2025-12-19,Consumer Defensive,0.15707409699431163,2.0,True,0.07142857142857142,0.01019656482788716,0.012987012987012988,2025-12-31,2026-03-31
PG,335414937183.14465,shares_x_price,2025-11-17,Consumer Defensive,0.015041142460702206,3.0,False,0.0,0.008933387299967708,0.012987012987012988,2025-12-31,2026-03-31
MNST,74908214841.74072,shares_x_price,2025-11-17,Consumer Defensive,-0.05491064542868207,4.0,False,0.0,0.0019950933036863186,0.012987012987012988,2025-12-31,2026-03-31
V,676834217544.9095,shares_x_price,2025-12-10,Financial Services,-0.13642827204488162,1.0,True,0.07142857142857142,0.018026693307035945,0.012987012987012988,2025-12-31,2026-03-31
MA,516082281920.6803,shares_x_price,2025-11-17,Financial Services,-0.12344003236049494,2.0,True,0.07142857142857142,0.013745252199460604,0.012987012987012988,2025-12-31,2026-03-31
AXP,257441638743.25613,shares_x_price,2025-11-17,Financial Services,-0.1805597483429412,3.0,False,0.0,0.006856659054441927,0.012987012987012988,2025-12-31,2026-03-31
BLK,166064218636.0504,shares_x_price,2025-11-17,Financial Services,-0.09648892083161864,4.0,False,0.0,0.004422927595893912,0.012987012987012988,2025-12-31,2026-03-31
SPGI,159546722975.04883,shares_x_price,2025-11-17,Financial Services,-0.18420042822826,5.0,False,0.0,0.004249341668401974,0.012987012987012988,2025-12-31,2026-03-31
PYPL,55774992304.35423,shares_x_price,2025-11-17,Financial Services,-0.2229025925815329,6.0,False,0.0,0.0014855021427845742,0.012987012987012988,2025-12-31,2026-03-31
LLY,963404197911.653,shares_x_price,2025-11-17,Healthcare,-0.142716771457148,1.0,True,0.07142857142857142,0.025659151910876882,0.012987012987012988,2025-12-31,2026-03-31
UNH,299026373579.0796,shares_x_price,2025-11-17,Healthcare,-0.17393092283578337,2.0,True,0.07142857142857142,0.0079642201701594,0.012987012987012988,2025-12-31,2026-03-31
ISRG,203026749253.3993,shares_x_price,2025-11-17,Healthcare,-0.1860477396752881,3.0,False,0.0,0.005407381670494037,0.012987012987012988,2025-12-31,2026-03-31
AMGN,176250107110.3599,shares_x_price,2025-11-17,Healthcare,0.08242346626883235,4.0,False,0.0,0.004694216905485984,0.012987012987012988,2025-12-31,2026-03-31
DHR,163918528900.5904,shares_x_price,2025-11-17,Healthcare,-0.16999750421875548,5.0,False,0.0,0.004365779641800373,0.012987012987012988,2025-12-31,2026-03-31
GILD,152296638341.93045,shares_x_price,2025-11-17,Healthcare,0.14193830317793465,6.0,False,0.0,0.004056244084468716,0.012987012987012988,2025-12-31,2026-03-31
BSX,141350846156.62296,shares_x_price,2025-11-17,Healthcare,-0.34189825900174553,7.0,False,0.0,0.0037647156220886407,0.012987012987012988,2025-12-31,2026-03-31
SYK,134410440029.38574,shares_x_price,2025-11-17,Healthcare,-0.06256832821502967,8.0,False,0.0,0.00357986596549799,0.012987012987012988,2025-12-31,2026-03-31
VRTX,116237261781.63757,shares_x_price,2025-11-17,Healthcare,-0.015043182078259498,9.0,False,0.0,0.0030958444692524693,0.012987012987012988,2025-12-31,2026-03-31
REGN,81808527110.89319,shares_x_price,2025-11-17,Healthcare,0.002201613850028483,10.0,False,0.0,0.002178875106932008,0.012987012987012988,2025-12-31,2026-03-31
ELV,78936252068.9914,shares_x_price,2025-11-17,Healthcare,-0.15973569962194722,11.0,False,0.0,0.0021023753970597276,0.012987012987012988,2025-12-31,2026-03-31
GE,326647143083.1283,shares_x_price,2025-11-17,Industrials,-0.07741666661692048,1.0,True,0.07142857142857142,0.008699867287055909,0.012987012987012988,2025-12-31,2026-03-31
CAT,268377518331.51526,shares_x_price,2025-11-28,Industrials,0.23957898974948155,2.0,True,0.07142857142857142,0.0071479235063121385,0.012987012987012988,2025-12-31,2026-03-31
HON,131465241205.0213,shares_x_price,2025-11-17,Industrials,0.16434567781790932,3.0,False,0.0,0.003501424015373715,0.012987012987012988,2025-12-31,2026-03-31
PH,111227181184.58942,shares_x_price,2025-11-17,Industrials,0.02042011342395922,4.0,False,0.0,0.0029624067912725938,0.012987012987012988,2025-12-31,2026-03-31
CTAS,75782433311.2793,shares_x_price,2025-12-23,Industrials,-0.09858556519960482,5.0,False,0.0,0.0020183770973025484,0.012987012987012988,2025-12-31,2026-03-31
NVDA,4540715500000.0,shares_x_price,2025-12-03,Technology,-0.0648287303601055,1.0,True,0.07142857142857142,0.12093668374201716,0.012987012987012988,2025-12-31,2026-03-31
AAPL,4034508208011.4746,shares_x_price,2025-11-17,Technology,-0.06559446590469331,2.0,True,0.07142857142857142,0.10745444043055684,0.012987012987012988,2025-12-31,2026-03-31
MSFT,3594827887917.222,shares_x_price,2025-11-17,Technology,-0.23283794435078486,3.0,False,0.0,0.0957440657508775,0.012987012987012988,2025-12-31,2026-03-31
AVGO,1640954890772.3386,shares_x_price,2025-12-20,Technology,-0.1038449599839274,4.0,False,0.0,0.04370492770583196,0.012987012987012988,2025-12-31,2026-03-31
ORCL,560001778821.7162,shares_x_price,2025-12-13,Technology,-0.24324626390833104,5.0,False,0.0,0.014914996991185406,0.012987012987012988,2025-12-31,2026-03-31
PLTR,423655809079.5,shares_x_price,2025-11-17,Technology,-0.1770464203696378,6.0,False,0.0,0.01128358043971614,0.012987012987012988,2025-12-31,2026-03-31
AMD,348661382168.4661,shares_x_price,2025-11-17,Technology,-0.050102777376009766,7.0,False,0.0,0.009286190977691152,0.012987012987012988,2025-12-31,2026-03-31
MU,321231602303.74805,shares_x_price,2025-12-19,Technology,0.18419794692386282,8.0,False,0.0,0.00855563064802228,0.012987012987012988,2025-12-31,2026-03-31
CSCO,304352809364.7765,shares_x_price,2025-11-20,Technology,0.012659898082862275,9.0,False,0.0,0.008106083601173078,0.012987012987012988,2025-12-31,2026-03-31
CRM,252194323486.32812,shares_x_price,2025-12-09,Technology,-0.29534553096367944,10.0,False,0.0,0.0067169029068211905,0.012987012987012988,2025-12-31,2026-03-31
LRCX,215863499877.92358,shares_x_price,2025-11-17,Technology,0.24965532754410558,11.0,False,0.0,0.005749273614737899,0.012987012987012988,2025-12-31,2026-03-31
AMAT,204729129535.0188,shares_x_price,2025-12-16,Technology,0.3316327704104196,12.0,False,0.0,0.005452722592145453,0.012987012987012988,2025-12-31,2026-03-31
QCOM,184562953292.84668,shares_x_price,2025-11-17,Technology,-0.2422869236846492,13.0,False,0.0,0.0049156199089922465,0.012987012987012988,2025-12-31,2026-03-31
INTU,184417723242.1875,shares_x_price,2025-11-28,Technology,-0.3460698914345647,14.0,False,0.0,0.004911751875263552,0.012987012987012988,2025-12-31,2026-03-31
UBER,170399558106.70218,shares_x_price,2025-11-17,Technology,-0.11969157861801238,15.0,False,0.0,0.00453839432761857,0.012987012987012988,2025-12-31,2026-03-31
APH,165418860604.0158,shares_x_price,2025-11-17,Technology,-0.06319584143726276,16.0,False,0.0,0.004405739234231407,0.012987012987012988,2025-12-31,2026-03-31
ANET,165004121184.88678,shares_x_price,2025-11-17,Technology,-0.06296268088879453,17.0,False,0.0,0.0043946931314825,0.012987012987012988,2025-12-31,2026-03-31
KLAC,160007244187.29456,shares_x_price,2025-11-17,Technology,0.2133548356724133,18.0,False,0.0,0.004261607116039434,0.012987012987012988,2025-12-31,2026-03-31
NOW,159071073102.18353,shares_x_price,2025-12-18,Technology,-0.3175141890101659,19.0,False,0.0,0.004236673286459384,0.012987012987012988,2025-12-31,2026-03-31
TXN,157726212617.33963,shares_x_price,2025-11-17,Technology,0.12633110860722985,20.0,False,0.0,0.004200854489370532,0.012987012987012988,2025-12-31,2026-03-31
ADBE,148465753857.42188,shares_x_price,2025-11-17,Technology,-0.30546584584241043,21.0,False,0.0,0.0039542129254244605,0.012987012987012988,2025-12-31,2026-03-31
ADI,132794197083.62286,shares_x_price,2025-11-26,Technology,0.17675570634933968,22.0,False,0.0,0.0035368192117469586,0.012987012987012988,2025-12-31,2026-03-31
PANW,128387397872.9248,shares_x_price,2025-11-21,Technology,-0.12964163962898112,23.0,False,0.0,0.0034194492328397216,0.012987012987012988,2025-12-31,2026-03-31
CRWD,118173667196.29881,shares_x_price,2025-12-09,Technology,-0.16714311048566144,24.0,False,0.0,0.003147418378524965,0.012987012987012988,2025-12-31,2026-03-31
ADP,104201180651.12634,shares_x_price,2025-11-17,Technology,-0.20359700715593865,25.0,False,0.0,0.0027752774270817155,0.012987012987012988,2025-12-31,2026-03-31
SNPS,89865987955.86273,shares_x_price,2025-12-23,Technology,-0.15592265614417045,26.0,False,0.0,0.002393476218578789,0.012987012987012988,2025-12-31,2026-03-31
CDNS,85174920541.07666,shares_x_price,2025-11-17,Technology,-0.11104355027878121,27.0,False,0.0,0.0022685350862056055,0.012987012987012988,2025-12-31,2026-03-31
MSI,63862605868.32337,shares_x_price,2025-11-17,Technology,0.13512644205916247,28.0,False,0.0,0.0017009063370824517,0.012987012987012988,2025-12-31,2026-03-31
ADSK,63050132080.078125,shares_x_price,2025-11-28,Technology,-0.19124358637048566,29.0,False,0.0,0.0016792670413420128,0.012987012987012988,2025-12-31,2026-03-31
FTNT,60849188486.68002,shares_x_price,2025-11-17,Technology,0.02908950323718429,30.0,False,0.0,0.001620647464914288,0.012987012987012988,2025-12-31,2026-03-31
WDAY,57346259674.072266,shares_x_price,2025-11-28,Technology,-0.3951019698885081,31.0,False,0.0,0.0015273510243024187,0.012987012987012988,2025-12-31,2026-03-31
MCHP,34437272922.20514,shares_x_price,2025-11-17,Technology,0.01993760339487416,32.0,False,0.0,0.0009171967687317679,0.012987012987012988,2025-12-31,2026-03-31
GOOGL,3478613290466.308,shares_x_price,2026-02-06,Communication Services,0.2435090423087991,1.0,True,0.07142857142857142,0.10171393709759784,0.012987012987012988,2026-03-31,2026-06-30
META,1447234579969.665,shares_x_price,2026-01-30,Communication Services,-0.01453859506056665,2.0,True,0.07142857142857142,0.042316841436769836,0.012987012987012988,2026-03-31,2026-06-30
NFLX,407857694493.2599,shares_x_price,2026-01-28,Communication Services,-0.2574102923268129,3.0,False,0.0,0.011925675094772513,0.012987012987012988,2026-03-31,2026-06-30
TMUS,234919945293.41547,shares_x_price,2026-02-13,Communication Services,-0.19706671143212617,4.0,False,0.0,0.006869010879718255,0.012987012987012988,2026-03-31,2026-06-30
DIS,170919029081.10724,shares_x_price,2026-02-03,Communication Services,0.0063032747642952636,5.0,False,0.0,0.004997637254012733,0.012987012987012988,2026-03-31,2026-06-30
CMCSA,104616207931.17494,shares_x_price,2026-02-05,Communication Services,-0.13495417342143523,6.0,False,0.0,0.0030589564014096918,0.012987012987012988,2026-03-31,2026-06-30
TTWO,36572152560.0,shares_x_price,2026-02-06,Communication Services,0.265721497354628,7.0,False,0.0,0.0010693622183318167,0.012987012987012988,2026-03-31,2026-06-30
AMZN,2235762015459.4297,shares_x_price,2026-02-07,Consumer Cyclical,0.14437985042767787,1.0,True,0.07142857142857142,0.06537322145835732,0.012987012987012988,2026-03-31,2026-06-30
TSLA,1394966590052.0,shares_x_price,2026-01-30,Consumer Cyclical,0.13140553087697548,2.0,True,0.07142857142857142,0.04078853616257519,0.012987012987012988,2026-03-31,2026-06-30
HD,327578225642.7517,shares_x_price,2026-03-24,Consumer Cyclical,0.08037728947663836,3.0,False,0.0,0.00957831993825997,0.012987012987012988,2026-03-31,2026-06-30
MCD,221781128140.55414,shares_x_price,2025-11-17,Consumer Cyclical,-0.12434992096253561,4.0,False,0.0,0.006484834568690641,0.012987012987012988,2026-03-31,2026-06-30
BKNG,135714672763.94463,shares_x_price,2026-02-26,Consumer Cyclical,0.061012574092452754,5.0,False,0.0,0.003968269116479602,0.012987012987012988,2026-03-31,2026-06-30
LOW,132541609575.2048,shares_x_price,2026-03-27,Consumer Cyclical,-0.06234804501948055,6.0,False,0.0,0.0038754894015079156,0.012987012987012988,2026-03-31,2026-06-30
SBUX,102069882827.75879,shares_x_price,2026-01-29,Consumer Cyclical,0.1473263199029191,7.0,False,0.0,0.002984502379139172,0.012987012987012988,2026-03-31,2026-06-30
NKE,78193850841.86284,shares_x_price,2026-01-04,Consumer Cyclical,-0.2158781194694125,8.0,False,0.0,0.0022863721149303236,0.012987012987012988,2026-03-31,2026-06-30
ORLY,77400736061.45253,shares_x_price,2026-03-30,Consumer Cyclical,-0.002383287038475901,9.0,False,0.0,0.00226318160188683,0.012987012987012988,2026-03-31,2026-06-30
ABNB,75706621884.41144,shares_x_price,2026-02-14,Consumer Cyclical,0.13319613150785314,10.0,False,0.0,0.0022136460518123323,0.012987012987012988,2026-03-31,2026-06-30
ROST,70453767591.59888,shares_x_price,2025-12-11,Consumer Cyclical,-0.01552268141786084,11.0,False,0.0,0.002060053672749593,0.012987012987012988,2026-03-31,2026-06-30
CMG,42326116560.60028,shares_x_price,2026-02-10,Consumer Cyclical,0.06216812817288142,12.0,False,0.0,0.0012376069421770608,0.012987012987012988,2026-03-31,2026-06-30
WMT,990810173092.3434,shares_x_price,2026-03-19,Consumer Defensive,-0.08693156561406223,1.0,True,0.07142857142857142,0.028971085661569813,0.012987012987012988,2026-03-31,2026-06-30
COST,442284793951.73334,shares_x_price,2026-03-20,Consumer Defensive,-0.05981619413691741,2.0,True,0.07142857142857142,0.012932316401631463,0.012987012987012988,2026-03-31,2026-06-30
PG,337517799522.4759,shares_x_price,2026-01-24,Consumer Defensive,0.022875921771517094,3.0,False,0.0,0.009868951034033098,0.012987012987012988,2026-03-31,2026-06-30
MNST,70885496562.4664,shares_x_price,2026-03-30,Consumer Defensive,0.32652503396428334,4.0,False,0.0,0.002072677339055469,0.012987012987012988,2026-03-31,2026-06-30
V,582730670177.7283,shares_x_price,2026-02-04,Financial Services,0.13751081603376147,1.0,True,0.07142857142857142,0.017038924934180626,0.012987012987012988,2026-03-31,2026-06-30
MA,445915406962.1044,shares_x_price,2026-02-13,Financial Services,0.02966535514380997,2.0,True,0.07142857142857142,0.013038474779274266,0.012987012987012988,2026-03-31,2026-06-30
AXP,207687011775.76675,shares_x_price,2026-03-27,Financial Services,0.12179097364417091,3.0,False,0.0,0.006072725505201712,0.012987012987012988,2026-03-31,2026-06-30
BLK,149585854004.2207,shares_x_price,2026-03-06,Financial Services,0.005478251827147673,4.0,False,0.0,0.004373859602783324,0.012987012987012988,2026-03-31,2026-06-30
SPGI,128792948063.45216,shares_x_price,2026-02-12,Financial Services,-0.040278311923161114,5.0,False,0.0,0.0037658793099660985,0.012987012987012988,2026-03-31,2026-06-30
PYPL,42319537405.88252,shares_x_price,2026-02-05,Financial Services,-0.04217691875922869,6.0,False,0.0,0.0012374145690463793,0.012987012987012988,2026-03-31,2026-06-30
LLY,823211419606.7251,shares_x_price,2026-03-25,Healthcare,0.30629905692217285,1.0,True,0.07142857142857142,0.024070532583022004,0.012987012987012988,2026-03-31,2026-06-30
UNH,245608001951.0018,shares_x_price,2026-03-07,Healthcare,0.5447867840532896,2.0,True,0.07142857142857142,0.0071815274579607215,0.012987012987012988,2026-03-31,2026-06-30
AMGN,189670964738.95798,shares_x_price,2026-02-19,Healthcare,0.03696040750580676,3.0,False,0.0,0.005545939995564426,0.012987012987012988,2026-03-31,2026-06-30
GILD,172986558625.75488,shares_x_price,2026-03-25,Healthcare,-0.08753448712471446,4.0,False,0.0,0.005058091392628275,0.012987012987012988,2026-03-31,2026-06-30
ISRG,163729672846.62598,shares_x_price,2026-03-20,Healthcare,-0.137334863879378,5.0,False,0.0,0.004787421956494502,0.012987012987012988,2026-03-31,2026-06-30
DHR,134179814161.85445,shares_x_price,2026-03-27,Healthcare,0.0067254997085546275,6.0,False,0.0,0.003923390166659406,0.012987012987012988,2026-03-31,2026-06-30
SYK,125844794290.73978,shares_x_price,2026-03-27,Healthcare,-0.03928761565862249,7.0,False,0.0,0.0036796759000574573,0.012987012987012988,2026-03-31,2026-06-30
VRTX,113436429373.3023,shares_x_price,2026-02-18,Healthcare,0.11239754888918796,8.0,False,0.0,0.003316857862146986,0.012987012987012988,2026-03-31,2026-06-30
BSX,93257491729.25,shares_x_price,2026-03-24,Healthcare,-0.31984063258684015,9.0,False,0.0,0.0027268298760386622,0.012987012987012988,2026-03-31,2026-06-30
REGN,81683352456.46997,shares_x_price,2026-02-06,Healthcare,-0.1917693598383945,10.0,False,0.0,0.002388404424386181,0.012987012987012988,2026-03-31,2026-06-30
ELV,64611291264.25,shares_x_price,2026-03-30,Healthcare,0.32640003935851514,11.0,False,0.0,0.0018892208666763124,0.012987012987012988,2026-03-31,2026-06-30
CAT,331544835573.3748,shares_x_price,2026-02-17,Industrials,0.5059810698829055,1.0,True,0.07142857142857142,0.00969430279673977,0.012987012987012988,2026-03-31,2026-06-30
GE,299324531935.93823,shares_x_price,2026-03-19,Industrials,0.3170173984443698,2.0,True,0.07142857142857142,0.008752187745772317,0.012987012987012988,2026-03-31,2026-06-30
HON,143681778992.86908,shares_x_price,2026-03-11,Industrials,-0.05029456253612219,3.0,False,0.0,0.004201225663860031,0.012987012987012988,2026-03-31,2026-06-30
PH,112994084189.37671,shares_x_price,2026-01-31,Industrials,0.09504804445619386,4.0,False,0.0,0.0033039237799549403,0.012987012987012988,2026-03-31,2026-06-30
CTAS,67661399888.61989,shares_x_price,2026-03-21,Industrials,0.008291629856143512,5.0,False,0.0,0.001978405415476335,0.012987012987012988,2026-03-31,2026-06-30
NVDA,4238791851654.0527,shares_x_price,2026-02-28,Technology,0.1486421652885852,1.0,True,0.07142857142857142,0.12394140186567151,0.012987012987012988,2026-03-31,2026-06-30
AAPL,3730186540860.077,shares_x_price,2026-01-31,Technology,0.1412056783594866,2.0,True,0.07142857142857142,0.10906988719303369,0.012987012987012988,2026-03-31,2026-06-30
MSFT,2751243336721.5127,shares_x_price,2026-02-04,Technology,0.009881651622652532,3.0,False,0.0,0.08044578926275667,0.012987012987012988,2026-03-31,2026-06-30
AVGO,1467471699829.992,shares_x_price,2026-03-19,Technology,0.22240915541505824,4.0,False,0.0,0.04290857065891454,0.012987012987012988,2026-03-31,2026-06-30
ORCL,423095128815.3992,shares_x_price,2026-03-17,Technology,-0.00032734017412328065,5.0,False,0.0,0.012371214540165449,0.012987012987012988,2026-03-31,2026-06-30
MU,380993667659.9546,shares_x_price,2026-03-21,Technology,2.4166766121833048,6.0,False,0.0,0.011140176475825792,0.012987012987012988,2026-03-31,2026-06-30
PLTR,349854320085.55396,shares_x_price,2026-02-24,Technology,-0.20242002226856914,7.0,False,0.0,0.01022966835779976,0.012987012987012988,2026-03-31,2026-06-30
AMD,331674466053.4343,shares_x_price,2026-03-31,Technology,1.8555768277019151,8.0,False,0.0,0.009698093165313029,0.012987012987012988,2026-03-31,2026-06-30
CSCO,306565412673.8296,shares_x_price,2026-02-24,Technology,0.5220577834112272,9.0,False,0.0,0.00896390960917219,0.012987012987012988,2026-03-31,2026-06-30
AMAT,271247923223.2643,shares_x_price,2026-02-26,Technology,1.1179636047185229,10.0,False,0.0,0.007931233482088709,0.012987012987012988,2026-03-31,2026-06-30
LRCX,268363374399.7192,shares_x_price,2026-01-31,Technology,1.0295574756276347,11.0,False,0.0,0.007846889867810822,0.012987012987012988,2026-03-31,2026-06-30
KLAC,193463388865.97717,shares_x_price,2026-02-03,Technology,1.0517046548836606,12.0,False,0.0,0.005656829696975109,0.012987012987012988,2026-03-31,2026-06-30
TXN,176757359455.07727,shares_x_price,2026-03-10,Technology,0.5431365515055397,13.0,False,0.0,0.005168348833261997,0.012987012987012988,2026-03-31,2026-06-30
CRM,174909788284.30176,shares_x_price,2026-03-06,Technology,-0.15649463654997675,14.0,False,0.0,0.00511432623225526,0.012987012987012988,2026-03-31,2026-06-30
ADI,155317277659.40808,shares_x_price,2026-03-03,Technology,0.25183217048235385,15.0,False,0.0,0.004541445251565016,0.012987012987012988,2026-03-31,2026-06-30
APH,155311304529.86688,shares_x_price,2026-02-13,Technology,0.39759419400823415,16.0,False,0.0,0.004541270598485844,0.012987012987012988,2026-03-31,2026-06-30
ANET,154615019480.16678,shares_x_price,2026-02-24,Technology,0.3836130198061023,17.0,False,0.0,0.004520911366851419,0.012987012987012988,2026-03-31,2026-06-30
UBER,148040283357.20715,shares_x_price,2026-03-27,Technology,0.0031975998325839416,18.0,False,0.0,0.004328667434972928,0.012987012987012988,2026-03-31,2026-06-30
QCOM,137542846931.794,shares_x_price,2026-02-06,Technology,0.4402276797073639,19.0,False,0.0,0.004021724553110548,0.012987012987012988,2026-03-31,2026-06-30
PANW,130821125976.5625,shares_x_price,2026-03-18,Technology,1.1271205927780397,20.0,False,0.0,0.0038251828149697227,0.012987012987012988,2026-03-31,2026-06-30
INTU,120320146772.02014,shares_x_price,2026-03-06,Technology,-0.394498917565827,21.0,False,0.0,0.003518136342974318,0.012987012987012988,2026-03-31,2026-06-30
NOW,110315202301.79083,shares_x_price,2026-01-30,Technology,-0.0504065434589418,22.0,False,0.0,0.0032255938245808902,0.012987012987012988,2026-03-31,2026-06-30
ADBE,99088383016.92549,shares_x_price,2026-03-27,Technology,-0.15657395619507286,23.0,False,0.0,0.002897323937934819,0.012987012987012988,2026-03-31,2026-06-30
CRWD,99013477805.66254,shares_x_price,2026-03-10,Technology,0.9547142939219277,24.0,False,0.0,0.002895133724964736,0.012987012987012988,2026-03-31,2026-06-30
ADP,82175892843.64893,shares_x_price,2026-01-31,Technology,0.11058712989770525,25.0,False,0.0,0.002402806203996708,0.012987012987012988,2026-03-31,2026-06-30
CDNS,76717701587.0542,shares_x_price,2026-03-27,Technology,0.35070361650934356,26.0,False,0.0,0.002243209814348719,0.012987012987012988,2026-03-31,2026-06-30
SNPS,75950514569.52328,shares_x_price,2026-03-04,Technology,0.1250756531572046,27.0,False,0.0,0.0022207774237587396,0.012987012987012988,2026-03-31,2026-06-30
MSI,72279873119.34421,shares_x_price,2026-02-14,Technology,-0.040176309495279394,28.0,False,0.0,0.002113448622769394,0.012987012987012988,2026-03-31,2026-06-30
FTNT,60770923803.21356,shares_x_price,2026-03-04,Technology,0.8798334902406864,29.0,False,0.0,0.001776929312040425,0.012987012987012988,2026-03-31,2026-06-30
ADSK,50752798706.054695,shares_x_price,2026-03-06,Technology,-0.18788636956686078,30.0,False,0.0,0.0014840013948266984,0.012987012987012988,2026-03-31,2026-06-30
MCHP,34962762271.66287,shares_x_price,2026-02-07,Technology,0.41863083932952216,31.0,False,0.0,0.0010223039773361747,0.012987012987012988,2026-03-31,2026-06-30
WDAY,34168959518.432617,shares_x_price,2026-03-19,Technology,-0.05772783332591447,32.0,False,0.0,0.0009990933481089348,0.012987012987012988,2026-03-31,2026-06-30
GOOGL,4360833499527.8535,shares_x_price,2026-06-16,Communication Services,-0.03656952221088017,1.0,True,0.07142857142857142,0.10817746557043321,0.012987012987012988,2026-06-30,2026-09-30
META,1429868407134.2573,shares_x_price,2026-04-18,Communication Services,0.2884168965148919,2.0,True,0.07142857142857142,0.03547017798312259,0.012987012987012988,2026-06-30,2026-09-30
NFLX,300651021324.36865,shares_x_price,2026-04-23,Communication Services,-0.025490191259513684,3.0,False,0.0,0.007458130541226534,0.012987012987012988,2026-06-30,2026-09-30
TMUS,181518192558.7326,shares_x_price,2026-04-30,Communication Services,-0.022111622225627903,4.0,False,0.0,0.004502849748346404,0.012987012987012988,2026-06-30,2026-09-30
DIS,167139224560.0,shares_x_price,2026-05-06,Communication Services,0.08987014572341723,5.0,False,0.0,0.004146156396997477,0.012987012987012988,2026-06-30,2026-09-30
CMCSA,87698208348.9559,shares_x_price,2026-04-24,Communication Services,-0.10156891925027511,6.0,False,0.0,0.00217549464231666,0.012987012987012988,2026-06-30,2026-09-30
TTWO,46412951623.48643,shares_x_price,2026-05-26,Communication Services,-0.1699335805007346,7.0,False,0.0,0.0011513476670951758,0.012987012987012988,2026-06-30,2026-09-30
AMZN,2563849423582.529,shares_x_price,2026-05-05,Consumer Cyclical,0.04535536512834626,1.0,True,0.07142857142857142,0.06360039491932053,0.012987012987012988,2026-06-30,2026-09-30
TSLA,1579657483065.7192,shares_x_price,2026-04-24,Consumer Cyclical,-0.156419418902077,2.0,True,0.07142857142857142,0.03918593613031099,0.012987012987012988,2026-06-30,2026-09-30
HD,351663104104.6593,shares_x_price,2026-05-28,Consumer Cyclical,-0.18740364103204676,3.0,False,0.0,0.008723567029282878,0.012987012987012988,2026-06-30,2026-09-30
MCD,192056837011.65652,shares_x_price,2026-05-09,Consumer Cyclical,-0.13957492230816493,4.0,False,0.0,0.0047642777179280555,0.012987012987012988,2026-06-30,2026-09-30
BKNG,138114336689.17438,shares_x_price,2026-04-30,Consumer Cyclical,-0.08380034488987598,5.0,False,0.0,0.0034261475251449124,0.012987012987012988,2026-06-30,2026-09-30
LOW,123694893081.66505,shares_x_price,2026-05-30,Consumer Cyclical,-0.15901433006171173,6.0,False,0.0,0.0030684501114360357,0.012987012987012988,2026-06-30,2026-09-30
SBUX,116465945782.47069,shares_x_price,2026-04-30,Consumer Cyclical,-0.07525441245904707,7.0,False,0.0,0.0028891244853478707,0.012987012987012988,2026-06-30,2026-09-30
ABNB,84930558103.76657,shares_x_price,2026-05-13,Consumer Cyclical,0.1226414188988465,8.0,False,0.0,0.002106838641315387,0.012987012987012988,2026-06-30,2026-09-30
ORLY,76316368590.26474,shares_x_price,2026-05-12,Consumer Cyclical,-0.07253765817593749,9.0,False,0.0,0.001893149861494987,0.012987012987012988,2026-06-30,2026-09-30
ROST,68278253984.4923,shares_x_price,2026-06-04,Consumer Cyclical,0.09866610929270259,10.0,False,0.0,0.00169375154323512,0.012987012987012988,2026-06-30,2026-09-30
NKE,60790411574.82286,shares_x_price,2026-04-06,Consumer Cyclical,-0.12848899367170885,11.0,False,0.0,0.0015080036089109717,0.012987012987012988,2026-06-30,2026-09-30
CMG,43612956000.0,shares_x_price,2026-05-05,Consumer Cyclical,-0.060294095207663156,12.0,False,0.0,0.0010818892871341291,0.012987012987012988,2026-06-30,2026-09-30
WMT,901332062095.5913,shares_x_price,2026-06-01,Consumer Defensive,-0.08026855263015731,1.0,True,0.07142857142857142,0.022358986676613568,0.012987012987012988,2026-06-30,2026-09-30
COST,414861103785.3369,shares_x_price,2026-06-05,Consumer Defensive,-0.0253162083619507,2.0,True,0.07142857142857142,0.010291294720632926,0.012987012987012988,2026-06-30,2026-09-30
PG,341465752712.656,shares_x_price,2026-04-28,Consumer Defensive,-0.0018786055966092396,3.0,False,0.0,0.008470605381185678,0.012987012987012988,2026-06-30,2026-09-30
MNST,94006142219.3795,shares_x_price,2026-05-12,Consumer Defensive,-0.1339992146772021,4.0,False,0.0,0.0023319730538777063,0.012987012987012988,2026-06-30,2026-09-30
V,652469273377.6062,shares_x_price,2026-05-01,Financial Services,0.0492801959377005,1.0,True,0.07142857142857142,0.016185546264083122,0.012987012987012988,2026-06-30,2026-09-30
MA,453808646356.12854,shares_x_price,2026-05-05,Financial Services,0.07553429816897084,2.0,True,0.07142857142857142,0.011257450948785401,0.012987012987012988,2026-06-30,2026-09-30
AXP,230796919344.75,shares_x_price,2026-04-24,Financial Services,-0.09849977174687718,3.0,False,0.0,0.005725287562316222,0.012987012987012988,2026-06-30,2026-09-30
BLK,149266794083.85077,shares_x_price,2026-06-05,Financial Services,0.10624506021655034,4.0,False,0.0,0.0037028021087168257,0.012987012987012988,2026-06-30,2026-09-30
SPGI,120548957154.54102,shares_x_price,2026-04-30,Financial Services,0.026103659388016176,5.0,False,0.0,0.0029904101276852007,0.012987012987012988,2026-06-30,2026-09-30
PYPL,38089315456.93723,shares_x_price,2026-05-07,Financial Services,0.21954024128617955,6.0,False,0.0,0.0009448665288161799,0.012987012987012988,2026-06-30,2026-09-30
LLY,1069581442494.8469,shares_x_price,2026-05-05,Healthcare,-0.03392612736403411,1.0,True,0.07142857142857142,0.026532682268834137,0.012987012987012988,2026-06-30,2026-09-30
UNH,377452063068.81885,shares_x_price,2026-05-06,Healthcare,-0.11137236476171164,2.0,True,0.07142857142857142,0.009363303497264224,0.012987012987012988,2026-06-30,2026-09-30
AMGN,195439157545.5857,shares_x_price,2026-05-23,Healthcare,0.17080893236809436,3.0,False,0.0,0.004848181600785978,0.012987012987012988,2026-06-30,2026-09-30
GILD,156859933334.39532,shares_x_price,2026-05-09,Healthcare,0.18639772377190078,4.0,False,0.0,0.0038911620999745114,0.012987012987012988,2026-06-30,2026-09-30
ISRG,140843476412.5939,shares_x_price,2026-04-24,Healthcare,0.022505563196205225,5.0,False,0.0,0.0034938482109195656,0.012987012987012988,2026-06-30,2026-09-30
DHR,134816146007.03763,shares_x_price,2026-04-21,Healthcare,0.16517557319660625,6.0,False,0.0,0.003344330618124683,0.012987012987012988,2026-06-30,2026-09-30
VRTX,126072767574.79959,shares_x_price,2026-05-07,Healthcare,0.052503343859735985,7.0,False,0.0,0.0031274371000793127,0.012987012987012988,2026-06-30,2026-09-30
SYK,120697300904.17096,shares_x_price,2026-05-13,Healthcare,-0.12253175043829734,8.0,False,0.0,0.0029940900321965562,0.012987012987012988,2026-06-30,2026-09-30
ELV,83983209603.21716,shares_x_price,2026-04-24,Healthcare,0.009780263083227991,9.0,False,0.0,0.00208333814311648,0.012987012987012988,2026-06-30,2026-09-30
REGN,65371327709.68799,shares_x_price,2026-04-28,Healthcare,0.21749278039827669,10.0,False,0.0,0.0016216405770534306,0.012987012987012988,2026-06-30,2026-09-30
BSX,63437639493.3196,shares_x_price,2026-05-05,Healthcare,0.0227273011660567,11.0,False,0.0,0.0015736723410561626,0.012987012987012988,2026-06-30,2026-09-30
CAT,490484413941.62146,shares_x_price,2026-05-05,Industrials,-0.23721097930659385,1.0,True,0.07142857142857142,0.01216725215666881,0.012987012987012988,2026-06-30,2026-09-30
GE,390484179008.0309,shares_x_price,2026-04-21,Industrials,-0.16335516002858708,2.0,True,0.07142857142857142,0.00968658602421157,0.012987012987012988,2026-06-30,2026-09-30
PH,123327618193.02382,shares_x_price,2026-05-05,Industrials,-0.021240510170910887,3.0,False,0.0,0.0030593392690649217,0.012987012987012988,2026-06-30,2026-09-30
HON,70937464626.34416,shares_x_price,2026-06-26,Industrials,-0.055056070177659566,4.0,False,0.0,0.0017597175260419858,0.012987012987012988,2026-06-30,2026-09-30
CTAS,68055281453.15251,shares_x_price,2026-05-13,Industrials,0.14985127478944626,5.0,False,0.0,0.0016882203521601169,0.012987012987012988,2026-06-30,2026-09-30
NVDA,4846379801300.05,shares_x_price,2026-05-21,Technology,0.1426636192811035,1.0,True,0.07142857142857142,0.1202222199387208,0.012987012987012988,2026-06-30,2026-09-30
AAPL,4249933117013.1836,shares_x_price,2026-05-05,Technology,0.15187725271275543,2.0,True,0.07142857142857142,0.10542640380379446,0.012987012987012988,2026-06-30,2026-09-30
MSFT,2770954631674.859,shares_x_price,2026-05-01,Technology,0.37758185307855174,3.0,False,0.0,0.06873797160512868,0.012987012987012988,2026-06-30,2026-09-30
AVGO,1797175919794.5,shares_x_price,2026-06-10,Technology,-0.06861812521968758,4.0,False,0.0,0.04458182964532591,0.012987012987012988,2026-06-30,2026-09-30
MU,1303647264384.71,shares_x_price,2026-06-25,Technology,-0.07711775040218982,5.0,False,0.0,0.0323390601989815,0.012987012987012988,2026-06-30,2026-09-30
AMD,947232173410.9456,shares_x_price,2026-05-06,Technology,0.05310639866294431,6.0,False,0.0,0.023497612517759163,0.012987012987012988,2026-06-30,2026-09-30
AMAT,574032667890.0,shares_x_price,2026-05-23,Technology,-0.29194076994474516,7.0,False,0.0,0.0142398005275133,0.012987012987012988,2026-06-30,2026-09-30
LRCX,541896048078.0945,shares_x_price,2026-04-24,Technology,-0.2410887849225294,8.0,False,0.0,0.013442600156614273,0.012987012987012988,2026-06-30,2026-09-30
CSCO,462960912142.4088,shares_x_price,2026-05-20,Technology,-0.08026013829083178,9.0,False,0.0,0.011484487573112835,0.012987012987012988,2026-06-30,2026-09-30
ORCL,422133033840.4999,shares_x_price,2026-06-23,Technology,-0.059859028373616785,10.0,False,0.0,0.010471686602886207,0.012987012987012988,2026-06-30,2026-09-30
KLAC,394116282447.0804,shares_x_price,2026-06-12,Technology,-0.35318575054801027,11.0,False,0.0,0.009776686172444373,0.012987012987012988,2026-06-30,2026-09-30
PLTR,279694383966.9807,shares_x_price,2026-05-05,Technology,0.6032399587501314,12.0,False,0.0,0.006938267557132705,0.012987012987012988,2026-06-30,2026-09-30
PANW,277931291046.1426,shares_x_price,2026-06-04,Technology,0.16506366300617392,13.0,False,0.0,0.0068945312109130906,0.012987012987012988,2026-06-30,2026-09-30
TXN,271271364879.08868,shares_x_price,2026-04-28,Technology,-0.055510195932987894,14.0,False,0.0,0.006729321066174452,0.012987012987012988,2026-06-30,2026-09-30
APH,216914946352.9062,shares_x_price,2026-05-08,Technology,-0.04230098703227603,15.0,False,0.0,0.005380922968818796,0.012987012987012988,2026-06-30,2026-09-30
ANET,213907710275.72827,shares_x_price,2026-04-18,Technology,0.19843413283589295,16.0,False,0.0,0.00530632365718805,0.012987012987012988,2026-06-30,2026-09-30
QCOM,194768652923.58398,shares_x_price,2026-05-01,Technology,0.001361744607214943,17.0,False,0.0,0.00483154865878779,0.012987012987012988,2026-06-30,2026-09-30
CRWD,194268600463.77682,shares_x_price,2026-06-05,Technology,0.3876876846614563,18.0,False,0.0,0.004819144055915413,0.012987012987012988,2026-06-30,2026-09-30
ADI,193456366217.2754,shares_x_price,2026-05-20,Technology,0.0018850190771668718,19.0,False,0.0,0.004798995283382467,0.012987012987012988,2026-06-30,2026-09-30
UBER,146888832232.66623,shares_x_price,2026-05-08,Technology,-0.050582058490048154,20.0,False,0.0,0.0036438129530170795,0.012987012987012988,2026-06-30,2026-09-30
CRM,128304542999.26758,shares_x_price,2026-05-29,Technology,0.4679809098376899,21.0,False,0.0,0.003182799867120858,0.012987012987012988,2026-06-30,2026-09-30
FTNT,112549442248.03528,shares_x_price,2026-05-12,Technology,0.16365056756101737,22.0,False,0.0,0.0027919693368427196,0.012987012987012988,2026-06-30,2026-09-30
CDNS,103519263140.13673,shares_x_price,2026-05-05,Technology,-0.12024406906671292,23.0,False,0.0,0.00256796126828305,0.012987012987012988,2026-06-30,2026-09-30
NOW,102388256981.0791,shares_x_price,2026-04-24,Technology,0.34981865586788663,24.0,False,0.0,0.0025399048474532586,0.012987012987012988,2026-06-30,2026-09-30
ADP,89520491234.00778,shares_x_price,2026-05-02,Technology,0.1596854106245742,25.0,False,0.0,0.0022206992904828036,0.012987012987012988,2026-06-30,2026-09-30
SNPS,85413183905.18648,shares_x_price,2026-05-28,Technology,-0.024951251373246497,26.0,False,0.0,0.0021188109479907406,0.012987012987012988,2026-06-30,2026-09-30
ADBE,81495451698.3032,shares_x_price,2026-06-16,Technology,0.17032483387591046,27.0,False,0.0,0.0020216253202959026,0.012987012987012988,2026-06-30,2026-09-30
INTU,71393157000.0,shares_x_price,2026-05-21,Technology,0.06103951622658621,28.0,False,0.0,0.0017710217058661412,0.012987012987012988,2026-06-30,2026-09-30
MSI,68936306667.19928,shares_x_price,2026-05-09,Technology,0.07665294469770223,29.0,False,0.0,0.0017100755949180774,0.012987012987012988,2026-06-30,2026-09-30
MCHP,49437628772.90533,shares_x_price,2026-05-23,Technology,-0.142128242097726,30.0,False,0.0,0.0012263796324816932,0.012987012987012988,2026-06-30,2026-09-30
ADSK,41050859312.8015,shares_x_price,2026-05-08,Technology,0.07499229486868475,31.0,False,0.0,0.0010183323716505305,0.012987012987012988,2026-06-30,2026-09-30
WDAY,30234492846.958057,shares_x_price,2026-05-26,Technology,0.5557916154436098,32.0,False,0.0,0.0007500150623373792,0.012987012987012988,2026-06-30,2026-09-30
